seq,pro-growth
Sustaining economic growth and macroeconomic balances has proven challenging in the face of a sequence of economic shocks.,0.6230316162109375
"During 2021-2022, the economy experienced a strong rebound, with gross domestic product (GDP) fully recovering to pre-pandemic levels.",0.7163381576538086
"Growth in 2022 reached 4.8 percent as private consumption, exports, and investment expanded despite increasing energy and food prices.",0.7560379721901633
"Growth is expected to be moderate in 2023, despite another year of exceptional increase in tourism.",0.6108166521245783
"Yet, sustaining the pace of reforms has been challenging and rising inflation could dim Albaniaâs growth prospects.",0.2095597874034535
"Through more green, resilient, and inclusive development, Albania can ensure that growth gains are sustainable.",0.10308834639462558
"The sector directly supported 20 percent of the total employment in 2021, 1 recording a direct contribution of US$3 billion, accounting for about 17.4 percent of GDP 2 with an annual growth rate of 10â15 percent.",0.7660694989291105
"3 The economic contribution of the tourism sector through indirect multiplier effects is estimated at US$3.4 billion, which represents 26.2 percent of the GDP.4 The economic impact of COVID-19 has underscored the need for Albania to rebalance its approach to tourism development, as part of a strategy to build back better.",0.8563818498091265
"Accession to the EU and its continued commitment to a Green Deal are strong incentives for the country to boost its reform agenda including better stewardship of natural resources, environmental protection, and addressing of climate change.",0.11677028916098854
Towards Sustainable Tourism in Albaniaâs Vjosa River Region: An Analysis of the Key Constraints and Opportunities to Create More and Better Jobs in the Region around Europeâs Last Wild River.,0.7169947624206543
"With its unique natural assets and cultural heritage, the South Coastal Belt has distinctive potential for high- value tourism as a driver of local, regional, and national economic growth.",0.6464043097062544
"A recent World Bank study estimated the economic loss in Albania due to marine litter in 2017 at â¬1.74 million to the fishing fleet, and in the range of â¬1.73â5.62 million for beach cleaning.",0.0920268405567516
Realizing the Blue Economy Potential in Albania.,0.04186985167590054
"16 Fiscal transfers from the central government to the municipalities often cover the gap, but as the system is modernized, higher cost recovery will be required for investment and higher operational expenses.",0.91634446924383
"While there is no plan for construction waste minimization, reuse, and recycling, the Government intends to develop a circular economy approach with regard to the sector.",0.24124672196128152
"Albania has developed a strong regulatory framework for water supply and sanitation (WSS) service delivery, but most WSS utilities are trapped in a downward spiral of low revenue and low levels of service delivery.",0.5735276395624335
"The financial viability of most WSS utilities is very low, in part due to politically driven low tariff levels, which limits the overall availability of sector funding sources to improve and expand WSS service delivery.",0.9005125219171698
More investments are needed to expand the sewage network and wastewater treatment to cover a higher share of the population and bridge the urban-rural divide.,0.9376798109574751
"Investing in NBS can help wastewater treatment operators lower their operational costs, access new revenue streams, increase customer engagement, and provide public environmental goods and services.",0.8772834431041371
"The focus on pollution reduction and prevention measures will include investments in grey and green infrastructure and in human capital for behavior change to address (a) improved and integrated management of municipal waste â including plastic waste â to move towards a more circular economy in the Vlora South-Gjirokaster Waste Zone and (b) water pollution from point sources, specifically untreated sewage, and NPSs such as sediment and runoffs from manure in the Vjosa River Basin (Map 4.1, annex 4).",0.8592931574041193
It will deliver integrated investments that meet key priorities set forth in the GoAâs development strategies.,0.8263436230746183
"These include Albaniaâs National Strategy for Development and Integration and its objectives of European integration and sustainable use of resources and territorial development; the National Strategy for Sustainable Tourism Development (2019â2023) and its strategic goal for developing Albania as a hospitable, attractive, and authentic destination for sustainable development of the countryâs economic, natural, and social potentials; Albania 2030 Integrated Cross-Sectoral Plan for the Coastal Belt presenting a vision for the sustainable development of the Albanian coast until 2030; the National Integrated Waste Management Plan 2020â2035, being the main strategic plan for waste management in Albania; the Albanian National Strategy of the Water Supply Sector and sewerage 2020-2030 and the Strategic Policy Document and the National Sectoral Plan for solid waste.",0.6356243220242587
"JMP WASH data, used in the State of the Sector Report 2018 Update, also show higher levels of piped water coverage for rural and urban areas (which includes self-supply), as well as higher levels of basic and safely managed sanitation (due to a large share of on-site flush toilets).",0.49339168721979315
23 Negotiations and Investment Planning Support proposal.,0.11916698109019887
0 The World Bank Clean and Resilient Environment for Blue Sea Project (P176163) productivity and sustainability of the Vjosa River region.,0.3421752452850342
The project is aligned with the WBG Country Partnership Framework (CPF) (FY23-27) 26 which includes âimproved competitiveness of key sectorsâ as CPF Objective 1.2 and âimproved provision of municipal servicesâ as CPF Objective 2.3.,0.6198107979514382
The project approach integrates EU policy objectives of these directives by overlaying its investment activities in the South-West Coastal Belt of Albania and achieve Albaniaâs aspirations for clean and green development.,0.874690749428489
The dual focus on investments in solid waste and sewage encompasses the foremost defense against pressures on water bodies and coastal landscape on which the local economy depends.,0.46156844225796784
"177135-AL, discussed by the Board of Executive Directors on  27 A New Circular Economy Action Plan: For a Cleaner and More Competitive Europe, .",0.2876964048905806
"The project applies an integrated approach to SWM investments, considering circular economy principles, and supports a system that is more environmentally, financially, and operationally sustainable.",0.7930034290660511
"This component will finance consulting services, non-consulting services, goods, and training.",0.7422115152532404
Subcomponent 1.2: Environmental-Performance Based Investments for local pollution prevention (EUR 9.44 million (USD 10.00 million equivalent)) 33.,0.3906730738553134
This subcomponent will finance the EPBIs to municipalities in the Vlora South-Gjirokaster Waste Zone for improved municipal waste management.,0.5217954028736461
These local investments will support behavior change for cleaner and greener urban space and healthier coastal and aquatic ecosystems.,0.04309652610258623
"This component will finance construction works, consulting services, non-consulting services, goods, and training to operate and maintain sewer systems, trucks, and treatment plants.",0.9087605042891069
Subcomponent 2.1: Expansion of sanitation infrastructure (EUR 54.55 million (USD 57.81 million equivalent)) 37.,0.9132719039916992
This subcomponent will finance investments in infrastructure improvements in selected municipalities to improve sanitation services and reduce/control point source pollution of waterbodies within the Vjosa River Basin.,0.9180750413374468
"The project will support (i) the construction of selected sanitation facilities; (ii) rehabilitation, improvement, and expansion of sewers; (iii) provision and installation of on-site or decentralized sanitation solutions (such as individual systems not connected to a central wastewater treatment system); and (iv) provision of operational equipment, including vacuum trucks and tools for sewer network maintenance; (v) carrying out an assessment of pollutants and sludge quality; and (vi) provision, implementation and monitoring the Intra-Domiciliary Sanitation Investments (IDSI) for qualifying 29 households.",0.7023885466835715
Subcomponent 2.2: Improved sanitation facilities and management (EUR 0.96 million (USD 1.02 million equivalent)) 39.,0.8270726637406782
The project will support small-scale investments to prevent nutrient runoffs from agriculture and siltation from erosion in select locations of the Vjosa River Basin.,0.43124957518144086
"The small-scale investments promoting sustainable agriculture practices, livestock manure management, pasture regeneration, organic fertilization, composting, and improved farming practices, will engage farmers and local user groups from the villages in the watershed of the Vjosa River.",0.5632163394581188
"Summary of Project Costs, Financing, and Responsible Entity by Component Implementing Components Cost (EUR, millions) Agency (IA) Component 1: Promote Integrated and Circular Approaches for Protection of MoTE 13.03 Landscapes and Water Resources Subcomponent 1.1: Institutional support for sustainable performance, enhanced MoTE 1.04 monitoring and transition to circular economy Subcomponent 1.2: Environmental-Performance Based Investments for local MoTE 9.44 pollution prevention Subcomponent 1.3: Behavioral change support and dissemination for scaling up MoTE 2.55 Component 2: Reduce Water Pollution in the Vjosa River MoTE/AKUM 58.56 Subcomponent 2.1: Expansion of sanitation infrastructure AKUM 54.55 Subcomponent 2.2: Improved sanitation facilities and management AKUM 0.96 Subcomponent 2.3: Non-point source pollution prevention MoTE 3.05 Component 3: Project Management, Monitoring and Evaluation MoTE/AKUM 3.91 Subcomponent 3.1: Management and coordination activities by MoTE MoTE 2.39 Subcomponent 3.2: Management and coordination activities by AKUM AKUM 1.52 TOTAL 75.50 C. Project Beneficiaries 42.",0.3791237310929732
"The project activities are expected to directly benefit an estimated 138,800 people (5 percent of the Albanian population) through improved SWM and sanitation services.",0.8771227056329901
"An estimated 87,000 beneficiaries in selected municipalities will benefit from better SWM with increased collection, separation, and recycling of municipal waste.",0.4655544541098855
"An estimated 51,800 beneficiaries in selected municipalities will also benefit from gaining access to new and/or improved sanitation services.",0.797472433610396
"Institutional stakeholders, namely MoTE and AKUM, are expected to benefit, along with municipal governments, from better solid waste and sanitation management, monitoring and improved planning environment, an improved regulatory framework for operational and financial sustainability, and capacity building and training workshops.",0.6275425390763716
"The central problem statement the project tries to address is aquatic pollution from land-based sources (municipal waste, wastewater, sediment, and nutrients) damaging the economic development potential based on the natural assets of the South-West Coastal Belt of Albania.",0.8173924359408292
"Planned activities are expected to help reduce pollution at the landscape level, and in the long run, these outcomes will result in economic gains and enhance the well-being of Albanians, generate climate co-benefits for increased resilience, and support Albaniaâs transition to the circular economy and alignment with the EU acquis.",0.6364022601734508
"The WBG adds value by convening global experience, knowledge, sectors, and organizations to support investing in adequate solutions.",0.6018192551352761
"The project aims at coordinating and maximizing potential sources of finances, prioritizing grants for TA, building capacity, and piloting innovative pollution reduction approaches through the EPBI.",0.46834958683360706
The remaining activities are of a public sector nature and focus on creating the right environment for the implementation of pollution reduction strategies that are more efficient and environmentally sustainable and supporting priority investments that cannot be supported by the private sector.,0.8334438150579279
"To ensure the sustainability of public investments in the coastal areas of Albania, a consensus among various development partners and country stakeholders is essential.",0.5358967781066895
"To address this challenge, the project will make the best use of the resources and technical knowledge available to support implementation of NBS, for example, the World Bank and the Natural Capital Project 31 have together developed knowledge to enable rigorous NBS benefit assessment to inform projects across sectors.",0.4795214046131481
AKUM will establish a Project Coordination Unit (PCU) which will also manage the World Bank-funded Program-for-Results on National Water Supply and Sanitation Sector Modernization Program.,0.6819873723116788
"Moreover, project investments are complementary to the ongoing Albania Sustainable Growth (P178202) Development Policy Financing (DPF) which includes related prior actions on ban of single-use plastic bags and approval of an EPR.",0.620162617076527
"The financial viability of SWM and WSS are presently very low, in part due to politically driven low tariff levels, which limit the overall availability of funding sources to improve and expand service delivery.",0.8572024432095614
"With regard to 8 The World Bank Clean and Resilient Environment for Blue Sea Project (P176163) investments in WSS utilities, technical inputs for ERRU will be provided to update the regulatory framework on sanitation cost structure, including a framework for setting tariffs/fees for sanitation that reflect the costs of providing services and the payment capacity of users (Subcomponent 2.2).",0.8076764887029474
"Moreover, specific activities to support the overall sector reform are planned under the complementary National Water Supply and Sanitation Sector Modernization Program (P170891) program-for-results operation which includes as Result Area 2 âto improve the operational efficiency and financial performance of WSS utilities by supporting business planning and targeted investments.â The EPBI to the municipalities (Subcomponent 1.2) includes cost recovery as one of the three criteria monitored for reward, thus providing an incentive to improve financial sustainability.",0.8920320164073597
The economic cost-benefit analysis has been carried out to assess the economic viability of the proposed investments.,0.8624072508378462
"The project is expected to bring sizable economic and social benefits to the local communities, business, and industries by reducing pollution from land-based sources into the aquatic environment in selected areas of the South-West coastal belt of Albania.",0.900101054798473
Reduction of point and NPS sources through investments in wastewater treatment and other sanitation facilities would improve the public and ecosystems health by reducing the risk of diseases and protecting quality of surface and groundwater resources in the Vjosa river basin.,0.4491856748407537
"The cleaner environment will improve the aesthetics of the coastal area and provide additional opportunities for the development of tourism, increasing employment and incomes of the local population.",0.916277365251021
The package of proposed investments in improving municipal solid waste management and wastewater treatment and sanitation facilities in the project area was found to be economically viable with the project Economic Rate of Return (EIRR) estimated at 9.5 percent and the Net Present Value (NPV) of USD 22.1 million at a discount rate of 6 percent (see annex 6).,0.9200160286643289
The benefits quantified in the economic analysis capture only part of the project benefits and their total economic value estimated in this EA is considered conservative.,0.27858287637883966
"Using the shadow prices of carbon as recommended by the World Bank Guidance for a low- and high-level scenarios, it was estimated that the value of the GHG emissions reduction over the project lifetime constitutes between 3.8 percent (the low case) and 7.4 percent (the high case) of the project total net benefit, increasing the project NPV to USD 26.6 million and USD 31.2 million, and EIRR to 10.1 percent and 10.7 percent, respectively to the low and high case scenarios.",0.6195304610512473
"The project will improve the quality and reliability of important public services notably sewage water treatment, and collection and processing of solid waste, thus improving the environmental and socio-economic situation in the project area.",0.672240517356179
"Given that investment locations are not determined precisely, a Resettlement Policy Framework (RPF) to guide the project in dealing with restrictions to access, 1 The World Bank Clean and Resilient Environment for Blue Sea Project (P176163) or any economic and/or physical displacement will be prepared.",0.47390127182006836
"The 2 The World Bank Clean and Resilient Environment for Blue Sea Project (P176163) feasibility studies and engineering designs (financed under the IPF) of facilities and infrastructure for the projectâs investments will include building resilience to drought, flooding, and sea level rise where relevant.",0.8375579660589044
"Further increases in energy prices are a key risk to growth, as they could affect real disposable income, slow poverty reduction, and constrain fiscal space.",0.8825609900734641
"Moreover, as a small, open economy, Albania is highly exposed to external shocks, such as recession in Europe or further tightening of financing conditions in international capital markets beyond the current year.",0.25873253562233667
"These will be mitigated by the fact that project will strengthen the financial sustainability of waste management utilities through activities that support cost recovery, tariff setting, and collection studies and through technical inputs support to update the regulatory framework on sanitation cost structure, including a framework for setting tariffs/fees for sanitation.",0.7848242846402255
"Moreover, specific activities to support the overall sector reform are planned under the complementary National Water Supply and Sanitation Sector Modernization Program (P170891) program-for-results operation.",0.6850608478892933
"As the 2021 EU Commission Report on Albania recalls, Albaniaâs final EU accession depends on lasting, in-depth, and irreversible reforms across fundamental areas, starting with the rule of law and the functioning of democratic institutions.",0.23003963990644974
"Further, as part of project preparation, a pilot implementation of the decision tree framework for sanitation infrastructure has started for the municipality of Permet, which will allow for early implementation of activities.",0.5013953555714
"The risk will be further mitigated by the project through institutional development, and improved data management to ensure investments are sustainably planned, implemented, and operated.",0.9213224757801403
"Moreover, the central government has demonstrated a high level of political leadership and committed additional state budget allocations for investments and TA resources through the proposed project, the Albania Water Supply and Sanitation Sector Modernization Project (P170891), and the Albania Sustainable Growth (P178202) Development Policy Financing (DPF).",0.834965012290261
These will serve as an incentive for waste and water utilities to engage in reform and improve performance.,0.7700891494750977
"Moreover, the construction of planned infrastructure could affect private lands.",0.6893100305037065
"Project Management, Monitoring and Evaluation 8 The World Bank Clean and Resilient Environment for Blue Sea Project (P176163) Monitoring & Evaluation Plan: PDO Indicators by PDO Outcomes To reduce pollution from land-based sources into the aquatic environment Population covered by municipal waste collection service (Percentage) This indicator measures the number of people benefiting from municipal waste collection service out of the total Description number of people in the Vlora South â Gjirokaster waste zone.",0.5164128650318492
Responsibility for Data NEA/AKUM Collection Monitoring & Evaluation Plan: Intermediate Results Indicators by Components Component 1: Promote Integrated and Circular Approaches for protection of Landscapes and Water Resources Municipalities improving waste management service performance (Number) This indicator measures the improvement of municipal solid waste management in municipalities benefitting from environmental investments for local pollution prevention/reduction.,0.7957949204878374
"collection, recycling, transfer, and/or disposal costs) Frequency Yearly Data source Performance Monitoring Information System established at municipalities/ Project progress reports Methodology for Data Annual revenue from waste management (fee collection) as a percentage of the total cost of municipal solid waste Collection service delivery in selected municipalities that qualify for EPBI investments Responsibility for Data Municipalities/NEA Collection Municipal waste recycled (Metric tons/year) Description This indicator measures the weight of waste collected annually by municipalities that is then separated for recycling Frequency Yearly Data source Reports produced by the municipal wasterecycling centers Methodology for Data Total municipal waste collected and separated for further processing (recycling) is weighed at municipal waste recycling Collection centers Responsibility for Data Municipalities/NEA/ site operators Collection Municipalities with a Performance Monitoring Information Systems (MIS) for municipal solid waste that is operational and reporting on key KPIs (Number) This indicator measures the operationalization and effective adoption by targeted municipalities of the MIS set up by the Description project for monitoring municipal solid waste management.",0.6773098598827015
Frequency Twice during the life of the project (mid-term review and project completion Data source Communication from municipalities Methodology for Data Observation Collection Responsibility for Data MoTE/NEA and Municipalities Collection Component 2: Reduce Water Pollution in the Vjosa River New treatment plants for wastewater / sludge established and operational (Number) This indicator measures the extended coverage of wastewater / sludge treatment plants.,0.6881390051408247
Frequency Once at project completion Data source Project Completion report Methodology for Data Observation Collection Responsibility for Data MoTE/AKUM Collection Infrastructure integrating climate change related risks in the design (Percentage) This indicator measures the share of infrastructure financed or supported by the project that have been designed taking Description climate change risks into account Frequency Twice during the life of the project (mid-term review and project completion) Data source Project Progress Report Methodology for Data The ratio of facilities number considering climate resilience aspects in design toward total number of designed facilities Collection under the project will produce the indicator 0 The World Bank Clean and Resilient Environment for Blue Sea Project (P176163) Responsibility for Data MoTE/AKUM Collection On-site/decentralized sanitation solutions implemented and operational (Number) This indicator measures the number of individual sanitation solutions financed by the project.,0.7900445244529031
"The sanitation solutions Description are a combination of grey and green infrastructure, and will include new sanitation facilities for urban agglomerations as well as on-site or decentralized sanitation solutions.",0.7023842118003152
Frequency Twice during the life of the project (mid-term review and project completion) Data source Project Progress Report Methodology for Data Observation Collection Responsibility for Data AKUM Collection People provided with access to improved sanitation services (Number) CRI The indicator measures the cumulative number of people who benefited from improved sanitation facilities that have Description been constructed through operations supported by the World Bank.,0.9513551538640802
Frequency Twice during the life of the project (mid-term review and project completion) Data source Mid-Term and Final Beneficiaries Survey Methodology for Data Survey Collection Responsibility for Data AKUM Collection People provided with access to improved sanitation services - Female (RMS requirement) (Number) CRI The indicator measures the cumulative number of people (females) who benefited from improved sanitation facilities Description that have been constructed through operations supported by the World Bank.,0.9444008740511808
Frequency Twice during the life of the project (mid-term review and project completion) Data source Mid-Term and Final Beneficiaries Survey Methodology for Data Survey Collection Responsibility for Data AKUM Collection People provided with access to improved sanitation services - rural (Number) CRI The indicator measures the cumulative number of people (rural) who benefited from improved sanitation facilities that Description have been constructed through operations supported by the World Bank.,0.955215800892223
Frequency Twice during the life of the project (mid-term review and project completion) Data source Mid-Term and Final Beneficiaries Survey Methodology for Data Survey Collection Responsibility for Data AKUM Collection People provided with access to improved sanitation services - urban (Number) CRI The indicator measures the cumulative number of people (urban) who benefited from improved sanitation facilities that Description have been constructed through operations supported by the World Bank.,0.9548051140525124
Frequency Twice during the life of the project (mid-term review and project completion) Data source Mid-Term and Final Beneficiaries Survey Methodology for Data Survey Collection Responsibility for Data AKUM Collection People with access to safely managed sanitation services (Number) Description This indicator will measure the impact of the expansion of sanitation infrastructure supported by the project on the 1 The World Bank Clean and Resilient Environment for Blue Sea Project (P176163) population.,0.8984302173961293
Frequency Twice during the life of the project (mid-term review and project completion) Data source Mid-Term and Final Beneficiaries Survey Methodology for Data Survey Collection Responsibility for Data MoTE/AKUM Collection Municipalities with a GIS-based information system operational (Number) This indicator measures the number of municipalities benefitting from the improved monitoring of the provision of Description sanitation services and environmental protection.,0.8177224072543058
Frequency Twice during the life of the project (mid-term review and project completion) Data source Report from MoTE Methodology for Data The measurements are realized based on the assessments of volume of works derived from the certified situations by Collection assigned teams of experts Responsibility for Data MoTE/ Vjosa Park Administration Collection Share of activities that are designed and implemented through engagement of stakeholders and public (Percentage) This indicator measures the stakeholder engagement in the design and implementation of the project.,0.16045598550276322
AKUM will establish a Project Coordination Unit (PCU) which will also manage the World Bank-funded Program-for-Results on National Water Supply and Sanitation Sector Modernization Program.,0.6819873723116788
Municipal utilities will work with AKUM to develop higher technical capacities and to achieve economies of scale for service provision through the utility aggregation planned in the strategy.,0.8935630971735175
"Municipalities and municipal utilities in the Vjosa River Basin will assess current needs, participate in project planning, and monitor progress toward the achievement of specific sanitation targets in their territories (Component 2).",0.49340261112559924
"The last Public Expenditure and Financial Accountability assessment for Albania, from 2016, concluded that Albania has advanced in some areas such as budget credibility, elements of fiscal transparency, monitoring of expenditure arrears, and procurement.",0.35254211859269574
Local investment programs.,0.6891901709816672
The projectâs total value is US$80 million.,0.6374452330849387
"Works will total US$49.7 million, followed by goods and non-consulting services in the amount of US$13.",0.6084397489374335
0 The World Bank Clean and Resilient Environment for Blue Sea Project (P176163) 10 million and consultancy services in the amount of US12.38 million.,0.5346348068930886
The project will also include two investment schemes in the amount of US$9.42 million.,0.9090594378384677
Experience from MoTE and AKUM highlighted both local and foreign construction enterprises have interest in participating in similar biddings (usually 4â6 bidders expressed interest in each tender of similar works).,0.47741417451338336
Works required under the project include the construction of six new WWTPs for urban agglomerations in the priority municipalities.,0.35582746158946643
Implementation of investments scheme.,0.6994292085820978
"Investments scheme will be provided (i) under Component 1 through EPBIs to municipalities in the project area which commit to improved environmental services and (ii) under Component 2, through IDSIs to qualifying households.",0.14180573550137607
AKUM also has experience in implementing World Bank projects (Water Sector Investment Project which was completed in March 2020 and the Program-for-Results on National Water Supply and Sanitation Sector Modernization Program (P170891) which became effective in May 2023).,0.9131609309803356
"The majority of activities to be implemented by AKUM are works contracts, not complex by nature of investment but spread across different municipalities.",0.47195607965642755
"Project Climate co-benefits by Components Components Climate Adaptation Climate Mitigation Component 1: â¢ Local investments and technical â¢ The project will support reforms in Promote Integrated support for behavior change SWM that help reduce sectoral and Circular incentives and to support the GHG emissions (for example, Approaches for adoption of waste separation and improved data management and Protection of improved sanitation will facilitate smart monitoring for improved Landscapes and Water the transition from a climate- performance).",0.8082706278020685
6 The World Bank Clean and Resilient Environment for Blue Sea Project (P176163) Components Climate Adaptation Climate Mitigation Component 2: Reduce â¢ All investments will consider â¢ Improved efficiency in wastewater Water Pollution in the climate-change-related risks to management service provision will Vjosa River ensure climate resilience of planned contribute to reducing the sector infrastructure.,0.7544273029674183
"maintenance and operation, â¢ Construction of planned including smart lighting, efficient infrastructure will adhere to design electricity measures, and building principles that ensure climate envelope design considerations.",0.08741734244606712
The committees will ensure local citizensâ feedback and suggestions are addressed by the infrastructure improvements and will enable participatory monitoring of sanitation solution constructions.,0.14390271360223944
Rapid and frequent citizen â¢ Collect data on beneficiariesâ perceptions on infrastructure satisfaction surveysâ improvements and the EPBIsâif they reflect their needs.,0.622487024827437
"Improving Human Endowments (health, education, and social protection) Women are more affected by the lack of Under the Intra-Domiciliary Sanitation Investments wastewater treatment and by an inoperative (IDSIs) (annex 5 paragraph 23) for improved sewerage system due to their domestic and sanitation facilities, project investments will increase health and hygiene needs.",0.720124981620095
"The project applies an integrated approach to SWM investments, considering circular economy principles, and support for more sustainable system environmentally, financially, and operationally as the waste management system modernizes.",0.8141582662409003
"This component will finance consulting services, non-consulting services, goods, and training.",0.7422115152532404
"Waste Zones and Regional Waste Management Facilities in Albania Subcomponent 1.1: Institutional support for sustainable performance, enhanced monitoring and transition to circular economy (EUR 1.04 million (USD 1.10 million equivalent)) 3.",0.020613105459646744
Subcomponent 1.2: Environmental-Performance Based Investments for local pollution prevention (EUR 9.44 million (USD 10.0 million equivalent)) 5.,0.5684813586148348
"Municipalities will receive local investment upon measurable and sustained improvements on solid waste collection, increased solid waste service coverage levels, and/or cost recovery.",0.39088747718117456
These local investments will support behavior change for cleaner and greener urban space and healthier coastal and aquatic ecosystems.,0.04309652610258623
The following additional factors will be used for municipality prioritization: (i) Development of a waste management investment plan (ii) Adequate number of technical waste management staff for planning and operations as well as data management and monitoring functions 7 The World Bank Clean and Resilient Environment for Blue Sea Project (P176163) (iii) Development of a capacity-building plan to support improvements of targeted key performance indicators (KPIs) (iv) Budget allocation and investments in SWM and circular economy over the past four years.,0.8837613192471591
The anticipated design of the program is as follows: Annual Administrative Arrangements â¢ MoTE should publish performance guidelines for the calendar year and the formula that will be used in the subsequent year to determine performance-based investment allocations.,0.4035954475402832
"â¢ MoTE should verify results, prepare a monitoring report on the performance of municipalities under the performance-based investment framework, and recommend the investment allocation for each municipality.",0.7935612418434836
It should publish the monitoring report on the performance of municipalities under the performance-based investment framework.,0.15461140329187567
"Based on the investment plan prepared by the municipalities, the PMT will procure the goods or works up to the allocated amount under EPBI.",0.847479993646795
Performance Targets and Local Investment Allocation Formula â¢ Targets under the performance-based investment framework should align with the indicators in the National Waste Management Strategy as well as the Waste Management Plans which have been defined and implemented in some municipalities.,0.6244441379200328
8 The World Bank Clean and Resilient Environment for Blue Sea Project (P176163) â¢ Differentiated financial incentives for larger versus smaller municipalities would occur since service provision costs would differ.,0.711761084469882
"Collection coverage Incremental If local government improves = quantity of waste collected/quantity of waste generated performance performance or remains a high performer, an incentive will be (Measuring Indicator 5 in the National Waste Management granted.",0.23084623163396661
"Cost recovery Incremental If local government improves = annual revenues from waste management/operating costs performance performance or remains a high of waste collection performer, an incentive will be granted.",0.5689896236766468
"To ensure the appropriate enabling environment for municipalities to achieve performance improvements through EPBI, the project will support a set of upfront investments during the first two years of project implementation to underpin solid waste service delivery by participating municipalities.",0.020905260335315357
"Given the importance of behavior change for source separation and plastics recycling in areas of high population and tourism, solar compaction bins will be made available for selected EPBI-participating municipalities in need of appropriate solutions for managing peak volumes of waste generation in an eco-friendly manner, and/or for other municipalities benefiting from investments in recycling supported by other development partners.",0.7062207568775524
"This component will finance construction works, consulting services, non-consulting services, goods, and training.",0.8980850739912554
"Municipalities and municipal utilities in the Vjosa River Basin will play an instrumental role in this project by assessing current needs, participating in project planning, and monitoring progress toward the achievement of specific sanitation targets in their territories.",0.18642655285921964
Municipal utilities will work with AKUM to achieve economies of scale for service provision and develop higher technical capacities.,0.8897799578579989
Subcomponent 2.1: Expansion of sanitation infrastructure (EUR 54.55 million (USD 57.81 million equivalent)) 14.,0.9144325256347656
"Under this subcomponent, the project will finance investments in infrastructure improvements in selected municipalities to improve sanitation services and reduce/control point source pollution of waterbodies within the Vjosa River Basin (namely Vjosa and Drinos Rivers as well as groundwater).",0.9244483600963246
The project will support (i) the construction of selected 42World Bank.,0.35030367157676
"1 The World Bank Clean and Resilient Environment for Blue Sea Project (P176163) sanitation facilities for urban agglomerations in the prioritized municipalities; (ii) rehabilitation, improvement, and expansion of sewers to benefit up to 11,000 inhabitants which would allow wastewater generated by 30,000 inhabitants to be properly treated before being discharged to the water bodies; (iii) provision and installation of on-site or decentralized sanitation solutions (such individual systems not connected to a central wastewater treatment system) to benefit 8,000 inhabitants; and (iv) provision of operational equipment, including vacuum trucks and tools for sewer network maintenance; (v) carrying out an assessment of pollutants and sludge quality; and (vi) Intra-Domiciliary Sanitation Investments (IDSI) for qualifying 43 households.",0.9194882999766957
"The GoA through AKUM will prepare the TOR to engage a consulting firm to have detailed designs for all benefitting municipalities following the framework agreed; these services will be included in the advanced procurement package, which will be procured by July 2023 to ensure delivery of detailed designs by the first year of project implementation.",0.310451247475364
The committees will ensure local citizensâ feedback and suggestions are addressed by the infrastructure improvements and will enable participatory monitoring of sanitation solution constructions.,0.14390271360223944
"The project will also support IDSIs for qualifying households to support the transition from improved 44 sanitation systems to safely managed 45 sanitation systems by connecting existing sanitary infrastructure to new or rehabilitated networks or to an improved on-site sanitation system (for example, improved septic tanks).",0.9367109645496715
"To incentivize households to move up in the sanitation ladder and control the amount of organic load and nutrients being discharged to the water bodies, the project will provide investments to the households that agree on transitioning to a safely managed system.",0.7920452464710582
AKUM and the municipalities will determine the areas where sewer systems will be rehabilitated and expanded according to the definition of âagglomerationsâ following EU Directive (91/271/EEC).,0.5757632689042524
"This is an extremely ambitious target and, therefore, justifies the establishment of a local investment program to incentivize vulnerable households to connect.",0.7298946380615234
Subcomponent 2.2: Improved sanitation facilities and management (EUR 0.96 million (USD 1.02 million equivalent)) 23.,0.8221398266878995
"The project will provide support to AKUM, ERRU, and the regional utilities in the development of institutional, policy and regulatory frameworks on sewage management and sanitation services that will be required to carry out their mandates for improved sewage management and sanitation service provision; coordination between different agencies and alignment of relevant policies.",0.20731078494678845
"Support will include (i) technical assistance to carry out studies to develop a strategy for sanitation services and regional/municipal water and sanitation plans; (ii) technical assistance to strengthen planning for nature- based solutions to reduce water pollution; (iii) assistance for regional/municipal water and sanitation plans and for regional utility aggregation; (iv) training to operate and maintain sewer systems, trucks and treatment plants (the training will be gender friendly); (v) designing and implementing a unified information system to monitor the provision of sanitation service and environmental protection; and (vi) technical assistance to carry out studies to support the update of a regulatory framework on sanitation cost structure.",0.8769474896517667
The project will support small-scale investments for reducing NPS pollution in the watershed of Vjosa to prevent nutrient runoffs from agriculture and siltation by erosion in select locations of the Vjosa river Basin.,0.2635422403162176
"The small-scale investments promoting sustainable agriculture practices, livestock manure management, pasture regeneration, organic fertilization, composting, and improved farming practices, will engage farmers and local user groups from the villages in the watershed of the Vjosa River.",0.5632163394581188
"While the definition of the territory for the national park and its zoning are yet to be developed, the prospects for restoring and expanding the 4 The World Bank Clean and Resilient Environment for Blue Sea Project (P176163) wetlands close to the river delta and in the lower plains of tributaries seems realistic in Shushica and Drinos.",0.6524193070151589
"The project is expected to bring sizable economic and social benefits to the local communities, business, and industries by reducing pollution from land-based sources into the aquatic environment in selected areas of the South- West coastal belt of Albania.",0.900101054798473
An economic analysis (EA) was carried out to assess the economic viability of the project investments as the project will be implemented in the public sector with the use of public financing resources.,0.8662321784279563
The proposed investments have been evaluated by the economic internal rate of return (EIRR) and the net present value (NPV) calculated at a discount rate of 6 percent as recommended by the World Bank Guidance 47.,0.9130489175969904
"The economic analysis of the project investments uses economic project costs that exclude taxes, duties and price contingencies.",0.18401614102450284
Estimated project benefits.,0.8442836241288618
Reduction of and reduction of point and non-point pollution sources through investments in wastewater treatment and other sanitation facilities would improve the public and ecosystems health by reducing the risk of diseases and protecting quality of surface and groundwater resources in the Vjosa river basin.,0.5152641209689054
"The cleaner environments will improve the aesthetics of the coastal area and provide additional opportunities for the development of tourism, increasing employment and incomes of the local population.",0.8794703917069868
The flow of economic benefits in the âwith the projectâ situation considered in this EA comes from the implementation of investments in Component 1 and 2.,0.8652419176968661
Discounting Costs and Benefits in Economic Analysis of World Bank Projects.,0.9324712753295898
The project will also establish a performanceâbased investment system to users that agree on transitioning to better management systems.,0.7392013723200018
"Benefits of Component 1 investments in municipal solid waste management are expected to result in the additional collection and recycling of 2,500 tons of municipal waste a year in the Vlora South Girokaster.",0.5914450125260786
Investments in the local communities will support behavior change for cleaner and greener urban space and healthier coastal and aquatic ecosystems.,0.4481578306718306
The estimated project benefits of Component 1 investments included the economic value of the increased quantities of the recycled and reused materials as well as the increased value of land and properties in the vicinity of the municipalities and rural agglomerations benefiting from project.,0.8430362181230024
"Estimated benefits of the EBPIs implementation included the reduced burden from diarrheal morbidity and productivity losses due to poor sanitation for over 8,600 people, and increased value of housing with improved on-site sanitation, assumed equivalent to the amount of investment made.",0.9043899015946821
"Component 2 investments will support the construction of six wastewater/sludge treatment (WWT) plants that are expected improve the quality of recreational water, reduce the negative impacts on the environment due to water and ecosystem degradation, and contribute to the reduction of GHG emissions.",0.2647164084694602
"The improved wastewater treatment in the area is also expected to reduce the negative effects of untreated wastewater on agricultural productivity, the market value of crops, the number of tourists visiting the area (or willingness to pay for tourist services) and the quality and market value of fish and shellfish catches.",0.00013589497062970292
The applied approach to the estimation of benefits of investments in wastewater treatment plants is based on determining the economic damage associated with certain water pollutants to the environment.,0.6977877183393999
"This will result in the total pollutant load reduction of 2,060 ton/year with the estimated annual economic value of $3.95 million.",0.5556390502236106
"In addition to the construction of new WWTPs to benefit 30,100 people living in urban agglomerations, Component 2 investments will also finance new sewers connections for 10,300 people.",0.9451685818758878
"Additionally, 11,531 people living outside the urban agglomerations will gain access to improved on-site or decentralized sanitation solutions such as individual septic tanks or mini treatment plants for small groups or households.",0.46880015459927643
"Together with the support envisaged by EBPIs, the total of about 20,000 people will benefit from the improved on-site sanitation solutions as a result of the project implementation.",0.7537695277820934
The estimated benefits from the on-site sanitation 7 The World Bank Clean and Resilient Environment for Blue Sea Project (P176163) investments include reduced burden from morbidity with diarrheal diseases by at least 15 percent 48.,0.2830809246410023
The reduced morbidity burden is estimated as economic value of avoided medical treatment cost as well as avoided productivity losses due to reduced days of sickness and caretaker time required.,0.7112034017389471
The on-site sanitation interventions will also increase the value of the housing provided with improved sanitation solutions.,0.398835919120095
"Augmenting the impact of investments in new sanitation infrastructure, the project will also finance the implementation of NBS integrated solutions for further prevention of water pollution in selected locations in the Vjosa river basin.",0.8684357729825106
The restoration of 200 ha of wetlands will further reduce the TN and TP pollutants load in the river with the estimated economic benefit of $2.05 million/year.,0.8425973545421254
"The project area is in the South Albaniaâs Coastal Belt that has its distinctive potential for high value tourism as a driver of local, regional, and national economic growth.",0.6687501127069647
"There is a mutually reinforcing relationship between the cleaner environment, better sanitation and water and wastewater infrastructure, and the development of tourism.",0.4279464808377353
"The research results based on worldwide data showed that a 1% increase in the population with access to improved sanitation is associated with a 2.6 % increase in the number of tourist arrivals, confirming therefore that improved sanitation is an important aspect of supporting tourism development.",0.7396783828735352
"Specifically, it showed that a 1% increase in environmental expenditure supports an increase of 2% in international tourism.",0.5248778083107688
"However, in turn, increasing tourism also increases a pressure on the environmental resources and local water and sanitation infrastructure.",0.607033599506725
The potential tourism-related economic benefits of improved sanitation and wastewater treatment in the project area have been assessed within the project economic analysis.,0.9397374066439542
"It was assumed that the necessary investments in touristic infrastructure to support the tourism increase are funded by the PIUTD and other government investment activities in the area, outside of the CARE project.",0.9161103855479847
It is estimated that the improved environmental situation in the area due to the project investments will result in the economic benefit of tourism increase at $4.3 million/year.,0.8534915230490945
49World Bank Project for Urban and Tourist Development in Albania.,0.559923605485396
"According to these calculations, the value of the GHG emissions reduction over the project lifetime constitutes between 3.8 percent (the low case) and 7.4 percent (the high case) of the project total benefit, slightly increasing the total net project benefits and the project economic efficiency indicators (see Table 4.2).",0.3957731940529563
Economic cost benefit analysis has been conducted for the total package of investments as well as separately for each of the two main investment components on (i) improving solid waste management and (ii) wastewater treatment and sanitation improvement.,0.9101891951127485
In all cases the proposed investments were found to be economically feasible with the EIRR exceeding the threshold of 6% of opportunity cost of capital.,0.8587895306673917
"Results of the project economic analysis demonstrate that the proposed package of investments is economically viable, with the project NPV estimated at 22.1 million and EIRR â at 9.5 % (without accounting for GHG emissions reduction co-benefits).",0.9426251324740323
"The project withstands the cost overrun by 30 percent or the benefits reduction by 20 percent, with the NPV remaining positive and the EIRR still holding above the 6% threshold.",0.8485878164117987
Summary of EA results with and without carbon value accounting Investments W/O accounting for value W/accounting for value of W/accounting for value of of GHG emission reduction GHG emission reduction â GHG emission reduction â LOW case HIGH case NPV ($ million) EIRR NPV ($ million) EIRR NPV ($million) EIRR Project total (with project 22.1 9.5% 26.6 10.1% 31.2 10.7% total investment cost) 17.,0.7765782096169211
The benefits quantified in the economic analysis capture only part of the project benefits and their total economic value estimated in this EA is therefore considered to be conservative.,0.07820884747938676
"The project will improve the quality and reliability of such important public services as sewerage water treatment, and collection and processing of solid waste this improving the environmental and socio-economic situation in the project area.",0.2996186776594682
"To ensure a sustainability of the project results into the future, the current structure of tariffs for the sewerage and solid waste management services will need to be assessed towards the possibility of higher recovery of O&M cost and increasing the role of the private sector in the services provision.",0.13371367888017135
"With a gross domestic product (GDP) of US$614 billion, Argentina was the third-largest economy in Latin America in 2022.",0.7005339102311567
"The high frequency of economic crises in recent decadesâthe economy has been in recession during 21 of the past 50 yearsâhas resulted in an average annual growth rate of 1.8 percent, well below the world average of 3.6 percent and the region average of 3.2 percent.",0.7275332537564364
"Decades of underinvestment have led to sizeable gaps in capital stock relative to comparable countries, although capital spending as a percentage of GDP has improved in recent years.",0.6501988931135698
"The economy recovered from the Coronavirus Disease (COVID) crisis at a fast pace, reaching pre-pandemic activity levels by mid-2021.",0.6584234671159224
"Argentinaâs economy grew by 10.4 percent in 2021 and 5.2 percent in 2022, the largest increase in GDP since the 2010-2011 biennium, after the global financial crisis.",0.7279506163163618
"Higher commodity prices and trading partnersâ growth, notably Brazilâs, combined with public investment led to a robust growth recovery in 2021 and the beginning of 2022.",0.8385714617642489
"However, since 2022 increasing macro imbalances and a more turbulent global context, started to slow down the pace of GDP growth.",0.2243268056349321
"Climate change will particularly affect the Argentinian energy sector and its climate resilience, as higher temperatures and extreme weather events will impact power generation, especially clean energy sources such as hydro, solar and wind.2 Higher demand resulting from economic growth, industrial expansion, urbanization, and population growth will also challenge existing power supply systems.",0.7707151066173207
Key investments in both energy efficiency and supply for lower income households and communities will need to be scaled up to reduce and satisfy the growing demand and Argentinaâs development needs.,0.9237838224931196
"In March 2022, Argentine authorities reached an agreement with the IMF, on an Extended Fund Facility (EFF) program for a period of 30 months and an amount of US$45 billion, to address the economyâs macroeconomic imbalances and set the basis for sustainable growth.",0.6267065568403765
This amount covers the remaining obligations under the 2018 SBA (US$40.5 billion) and provided a small net financing support for reserves accumulation (US$4.5 billion).,0.420564434745095
"The program sets a gradual fiscal consolidation path toward a zero primary deficit in 2025 (from 3 percent in 2021 to 2.5 percent of GDP in 2022, 1.9 percent in 2023, and 0.9 percent in 2024), a reduction of monetary financing of the deficit (eliminated by 2024), and the framework for monetary policy involving positive real interest rates, as part of a strategy to fight inflation.",0.6732986190102317
"According to the IMF statement, prudent macroeconomic management in the second half of 2022 supported stability and helped secure program targets through end-2022 with some margin.",0.7519764466719194
"While fiscal targets have been met so far, a still sizable fiscal deficit continues to pressure monetary policy, given limited access to capital markets.",0.22154569625854492
"A severe drought is expected to strongly affect agricultural production in 2023, reducing exports and fiscal revenues while limiting the capacity of the Central Bank to accumulate international reserves.",0.8926793878728693
"In this context, the government is increasing efforts towards a gradual macroeconomic stabilization program that contains a broad set of economic policies.",0.441256046295166
"To reduce the monetary financing of the fiscal deficit and the associated persistent and high inflation, the government has adopted measures to reduce the cost of subsidies and improve their targeting, especially in the costly energy sector.",0.7102565331892534
 The World Bank Climate Resilient Infrastructure for Urban Flood Risk Management (P178534) by the Bank indicates how the countryâs macroeconomic volatility has created challenges for investments in climate change adaptation and mitigation (Box 1.),0.6745661388744008
Argentinaâs Country Climate and Development Report The CCDR published by the Bank describes how Argentinaâs macroeconomic volatility has hampered long -term economic growth and created challenges for investments in climate change adaptation and mitigation.,0.23234120282259854
"Buildi ng resilience to climate shocks not only would lead to more inclusive and sustainable growth, but it would also accelerate the countryâs transition to a low-carbon economy.",0.8393867666071112
Investing in flood risk reduction will have macroeconomic impacts and urban flood mitigation infrastructure will reduce asset and welfare losses.,0.8043288317593661
"Reduced exposure and vulnerability of urban areas to floods can greatly benefit assets and well-being, bringing macroeconomic stability, which is pivotal for economic growth.",0.763936389576305
This reached up to US$22.5 billion of economic losses since 1980 for the populations living in the areas affected.,0.5845786007967863
"Climate change adds further stress to the existing infrastructure, and without proper planning and investments in risk management, floods will have a larger impact on residents and the economy.",0.8006112358786843
Thorough planning and design of infrastructure require an integrated river basin management approach.,0.07310268553820523
"As urban areas face a wider range of shocks and stresses, it is important to promote urban development and sustainability, as well as foster climate resilience in metropolitan areas.",0.8398495587435636
"Although urban flood hazard is considered high in Argentina,18 few cities have truly integrated water management plans to properly prioritize investments.",0.9074377580122515
"Some provinces have prioritized investments, and other provinces are carrying out studies, often financed by the national government, to identify the required investments to reduce flood risks in an integrated manner.",0.7089090780778364
"For the provinces of Buenos Aires and Santa Fe, two of the most affected provinces, the investment needs to reduce flood risks amount to more than US$3.4 billion alone.",0.6324494101784446
" The World Bank Climate Resilient Infrastructure for Urban Flood Risk Management (P178534) in Argentina started to explore the potential of green-blue infrastructure,20 which uses ecosystems, soil permeability, and the natural retention of runoff to enhance infiltration or evapotranspiration processes, thus reducing surface flows.21 Those well-designed, implemented and maintained, green-blue infrastructure provides multiple benefits across environmental, social, economic, and public health sectors including improvement of habitat connectivity, enhancement of air quality, support of carbon sequestration, promotion of community identity and a sense of well- being, and reduction of energy consumption.",0.886142297224565
"Cities still have âtheir backs turned to waterâ but are looking for opportunities to achieve a paradigm shift from water as a risk and nuisance to living with water and optimizing the added value (economic, social, and environmental) in urban development.",0.7312796332619407
"The Multiphase Programmatic Approach (MPA) aligns with the 2022 National Plan of Public Works (PNOP), which aims to transform Argentinaâs productive and development matrix by creating jobs and promoting sustainable use of resources, enhancing local capabilities, and reducing regional inequalities.",0.7440000880848278
"The PNOPâs 10-year time frame is well aligned with the MPA and is organized around four axes: (i) Connectivity and Road Infrastructure, (ii) Water Resources Management, (iii) Urban and Rural Infrastructure, and (iv) Care Infrastructure.",0.7144077907909047
"The PNOP reinforces that mitigation and adaptation of hazardsâ impacts are to be achieved proactively through infrastructure development (flood protection infrastructure, dams and retention areas, channels, and dikes, among others), early warning systems enhanced by radar networks, emergency and contingency plans, and river basin management plans.",0.7166226993907582
"The MPA would support the 20 Green infrastructure (also called natural infrastructure, or engineering with nature) intentionally and strategically preserves, enhances, or restores elements of a natural system, such as streams, wetlands and can also include linear parks with flood plains, bioswales and wadis, or green roofs.",0.09677572683854536
"Focus area (i) âsupporting inclusive recoveryâ, which includes improving living conditions reminiscent of the type of interventions to be funded under the MPA, mitigating the impacts of flooding, and improving urban areas with green/blue interventions providing better urban spaces in selected cities and reducing the vulnerability of population with improved strategies, plans, and norms.",0.8195723620328036
"In line with GRID, this project will systemically and simultaneously address the interlinkages between âPlanet, People and Economyâ, challenges of urban poverty, and climate change through targeted investments in flood risk management in combination with urban upgrading.",0.2287531766024503
"The proposed MPA for a total of US$900 million includes a three-phase overlapping approach, with each phase using the Investment Project Financing (IPF) instrument, in agreement with the government.",0.5306402986699884
The IPF is the optimal instrument to address the need to invest in flood risk reduction infrastructure and support the government to reduce the populationâs vulnerability to climate hazards.,0.782237399708141
"The Program Development Objective (PrDO) will be achieved by (i) efficiently blending and developing green- blue, and grey infrastructure, as well as non-structural interventions, (ii) improving flood risk multi-level governance,28 and (iii) increasing the capacity to manage flood risk through an integrated river basin planning approach.",0.744046991521662
 The World Bank Climate Resilient Infrastructure for Urban Flood Risk Management (P178534)  The World Bank Climate Resilient Infrastructure for Urban Flood Risk Management (P178534) 33.,0.20052073218605734
"This will lead to a strong portfolio for the second and third phases while including other provinces and moving toward a country wide approach optimizing the efficiency of the projects using lessons learned and increased capacity at national, provincial, and local levels.",0.621062928980047
"MPA Framework To increase the number of people with reduced flood risk and benefiting from improved PrDO: integrated flood risk management in Argentina Sequential Estimated Estimated Project Phaseâs IPF or IBRD, IDA, Estimated Approval Phase or Amount E&S Risk ID Proposed PDO PforR Other Date Simultaneous ($ million) Rating (i) To reduce flood risk in selected cities and improve integrated I P178534 -- urban flood risk IPF 200.00 IBRD April 2023 Moderate management in Argentina, and act effectively in case of an Eligible Crisis or 31 INDEC (2010).",0.27971545132723724
"Those will include technical aspects of infrastructure, construction techniques, procurement process, strengthen capacity of local contractors, efficient balances between grey-green-blue-infrastructure, active social participation in decision making processes to increase awareness of benefits and avoid the ânot in my back yardâ phenomena,34 non- structural measures to reduce vulnerability, conflicting competences of national, provincial, and municipal levels, O&M arrangements, etc.",0.8464006077159535
"Based on the Water Security Diagnostic for Argentina and lessons learned the learning agenda will initially focus on aspects related to (i) improving the institutional framework and strengthen water governance, (ii) how infrastructure to reduce flood risk can be made more resilient, (iii) strengthening the basic needs for improved sustainability and (iv) how to increase citizens engagement and close the gender gaps that are related to flood risk management and the added value of water in urban development.",0.2159201448613947
Expand resilient infrastructure.,0.917026779868386
 The World Bank Climate Resilient Infrastructure for Urban Flood Risk Management (P178534) infrastructure implementation will allow to âtestâ the performance (benefits and challenges) of interventions before rolling them out or scaling them in subsequent phases.,0.8296306783502753
"Phase I will also provide important input on how integrating water in urban development can increase the added value of water (economic, social, and environmental) in urban upgrading processes.",0.5029739900068804
"The project, as the first phase of the MPA, focusses initially on no-regret actions ready to be implemented in cities located in the most flood affected regions of Argentina.",0.22585756128484552
Structural interventions under this Project focus on (i) rehabilitating/constructing defense works in urban areas with high vulnerability to flooding damage; and (ii) pluvial drainage works to reduce the areas and communities affected by storms.,0.36863400719382544
"This subcomponent will carry out demand-driven no-regret interventions consisting of rehabilitation, upgrading, reconstruction, or construction of new grey hydraulic infrastructure for urban drainage and flood risk mitigation (e.g., primary drainage channels, secondary and tertiary drainage networks, flow control infrastructure, storage areas, defenses, embankments, and pumping stations among others).",0.9130234284834429
"Within the comprehensive matrix of green-blue infrastructure options, this Subcomponent will include the development of retention areas, linear parks, green roofs, and permeable pavements among others.",0.909060304815119
"Furthermore, these solutions could support the creation of recreational areas and urban green corridors adding to the integration, maintenance, and recovery of urban biodiversity.",0.6390532146800648
"This component will also focus on non-structural measures including the development of urban flood risk management plans and strategies, environmental assessments, urban development and solid waste management plans, the revision of legal frameworks, development of early warning systems, and any other tool necessary to strengthen the capacity to operate and maintain the infrastructure for improved urban flood risk management.",0.6548912741921165
"Having benchmarked data readily available is critical for stimulating change and empowering sub-national entities (such as provincial and municipal water resources/flood management agencies/ministries/secretariats/departments)35 outside of the 35Examples of such positions are: Director of Water Infrastructure, Director of Public Works, Director of Water Policy, Responsible for Water Resources Monitoring, Responsible for Watershed Management, Responsible for Water Projects, etc.",0.14863781495527786
Component 2 will also focus on strengthening policymakersâ capacity for integrated urban flood risk management using a river basin approach to increase efficiency and allow for better prioritization.,0.5312819480895996
"Overall, activities executed under this component aim to support authorities by strengthening their institutional capacity, identifying roles and responsibilities, that ultimately facilitate the development and execution of investments in later phases of the MPA.",0.04850708354603161
"With interventions improving the management of urban flood risks, for example, through better planning, prioritization, and more efficient interventions, the people living in the selected cities will benefit from the Project.",0.7849885767156427
"Project Beneficiaries BENEFICIARIES BENEFICIARIES STATUS PROVINCE CITY ACTIVITIES from Reduced from Reduced Flood Exposure Flood Impacts Component 1 Urban drainage and flood Formosa PiranÃ© defense 20,000 65,000 Piraneâs Water Park.",0.6767619739879261
"Improvement, channeling, Shortlisted Misiones and landscaping of public 276,000 TBC Posadas areas (Stage 1).",0.725041086023504
" The World Bank Climate Resilient Infrastructure for Urban Flood Risk Management (P178534) Plan Sustainable drainage and Clorinda water management Master 54,000 Plan D. Rationale for Bank Involvement and Role of Partners 52.",0.21803045272827148
"With a long track record of supporting the sector with bold interventions, including over 20 years of engagement in mitigating flood risks, support in addressing the poor environmental conditions of the Matanza-Riachuelo river basin, and expanding water supply and sanitation services in low-income northern provinces (Norte Grande Region), the Bank is a trusted partner in the sector, helping the government overcome technical, institutional, financial, and legal challenges, among others.",0.0988049723885276
"The Bank supports infrastructure investments and provides global technical expertise to encompass institutional development, environmental management, and citizen engagement, assisting the government toward the 2030 agenda and pursuing the SDGs.",0.8207084482366388
"Projects managed by the  The World Bank Climate Resilient Infrastructure for Urban Flood Risk Management (P178534) Bank, in and outside the region, have shown that using a more holistic approach that considers the river basin as a starting point and integrates interventions in urban development plans will result in more efficient strategies and interventions.",0.7902341322465376
Selected cities already have strong programs on participatory planning and inclusion of communities to improve awareness and create a sense of ownership.,0.1295988126234575
"It is expected that additional interventions (in other cities) will become eligible for financing using criteria such as cost effectiveness, impact on poor and vulnerability factors of communities.",0.2932112216949463
"Improvement of urban drainage and flood defense systems including pumping stations of the city of PiranÃ©, Formosa (US$22 million).",0.5049632679332386
"Improvement of the existing hydraulic conditions of the Canal Alvarado and the integration of the works in urban development in San Salvador de Jujuy, Jujuy (US$8.8 million).",0.869988268071955
"This activity will address issues resulting from uncontrolled urban sprawl, which has led to the expansion of vulnerable settlements along the canal.",0.5630586364052512
"c. Rehabilitation of Canal Alvear and secondary drainage network in the city of Salta, Salta (US$23.4 million).",0.6456880135969683
The main part of the intervention41 seeks to rehabilitate and upgrade the existing tunneled section of the Canal Alvear and its secondary network draining to the Canal-Alvear basin to increase the capacity in the face of climate change.,0.009220518171787262
"d. Improvement of the Arribalzaga street drainage network, and rehabilitation of Canal Soberania, Resistencia, Chaco (US$18.3 million).",0.6020572835748846
"Interventions considered to reduce impact are (i) rehabilitation of the existing Canal Soberania (10Km) including the construction of a linear park to retain water, and (ii) improvement of the drainage system located in the Avenida Arribalzaga including tunneled drainage and green interventions like rain gardens to reduce the peak flows toward the drainage system.42 Expected 41 The tunneled section and secondary drainage network are estimated at 80 percent of the costs and 20 percent of the costs will be related to green interventions.",0.7204164591702548
" The World Bank Climate Resilient Infrastructure for Urban Flood Risk Management (P178534) beneficiaries from reduced flood exposure are 15,000 people, and beneficiaries from reduced flood impacts amount to 291,000 people.",0.24291554364291104
"Previous Bank-financed operations have shown that flood risk management interventions such as the ones to be financed under this project are economically feasible, showing positive Economic Internal Rates of Return (EIRR) and benefit-cost ratios (B/C) larger than 1.",0.9041243466463956
"As a result of limited data, it is often the case, that only a partial economic assessment of structural flood mitigation measures can be carried out, leaving out the valuation of additional benefits and underestimating the positive impacts of these types of investments.",0.2521308118646795
"Other benefits, associated with the regularization of informal urban settlements, and those linked with green and blue infrastructure, like improved air quality, GHGs emissions reduction, increase of recreational areas, reduction of the heat islands effect, creation of new local socioeconomic opportunities, and tourism, have also been partially considered.",0.28595454042608087
Economic analysis shows that the project is economically feasible presenting B/C ratios larger than 1 and positive EIRR.,0.7642678347500887
"After performing a sensitivity analysis, considering alternative cost scenarios and discount rates (between four and twelve percent) the interventions continue to be economically feasible, depicting their robustness.",0.8784637451171875
"In the case of PiranÃ©, benefits were estimated using avoided damage method, and the  The World Bank Climate Resilient Infrastructure for Urban Flood Risk Management (P178534) results show an EIRR of 17.4 percent with a four percent discount rate for the base scenario.",0.8911027041348544
"In the case of San Salvador de Jujuy, benefits were estimated using a combination of avoided damage and hedonic prices methods.",0.22432496330954813
"In particular, âtransparency of public finances performanceâ is advanced, and âpolicy-based fiscal strategy and budgetingâ pillar shows solid performance, with âbudget reliabilityâ and âaccounting and reportingâ pillars reflecting slightly above basic level of performance.",0.6406216621398926
"The project will be located in urban and peri-urban areas in the Norte Grande Region, the provinces of Santa Fe and Buenos Aires.",0.0028749694201079283
"Project Development Objective Indicators RESULT_FRAME_TBL_ PD O Indicator Name PBC Baseline End Target To reduce flood risk in selected cities and improve integrated urban flood risk management in Argent Number of people with reduced flood exposure as a result of 0.00 123,000.00 Project interventions (Number) Number of cities that adopted improved integrated urban flood 0.00 10.00 risk management practices as a result of the Project (Number) Number of people with reduced flood impacts as a result of 0.00 818,000.00 Project interventions (Number) PDO Table SPACE  The World Bank Climate Resilient Infrastructure for Urban Flood Risk Management (P178534) Intermediate Results Indicators by Components RESULT_FRAME_TBL_ IO Indicator Name PBC Baseline End Target C1 - Climate reslient infrastructure for flood risk mitigation and adaptation in selected cities Operation and management plans prepared for project interventions (Percentage) 0.00 100.00 Number of cities with integration of green and/or blue 0.00 5.00 interventions as a result of project's activities (Number) Creation of new public space as a result of green/blue 0.00 30.00 interventions (Hectare(Ha)) Subprojects that have incorporated feedback received on the 0.00 30.00 beneficiaries participation process (Percentage) C2 - Capacity building and vulnerability reduction Events organized to engage civil society in flood-risk resilience, 0.00 10.00 awareness, preparedness and management (Number) Development and endorsement of urban water management strategies and plans at watershed scale (Number) 0.00 3.00 Officials and practitioners trained on increased resilience for 0.00 150.00 flood-risk preparedness (Number) C3 - Project Management Grievances responded and/or resolved within the stipulated 0.00 100.00 service standards for response times (Percentage) Change in percentage (increase) of the share of women in subnational organizations participating in water management 0.00 5.00 decisions (Percentage) IO Table SPACE UL Table SPACE  The World Bank Climate Resilient Infrastructure for Urban Flood Risk Management (P178534) Monitoring & Evaluation Plan: PDO Indicators Methodology for Data Responsibility for Data Indicator Name Definition/Description Frequency Datasource Collection Collection The indicator will be This comprises the total calculated by adding the number of beneficiaries number of beneficiaries Number of people with reduced flood Supervision from reduced flood Biannual of reduced exposure to Execution Entity exposure as a result of Project reports exposure from floods as a result of interventions interventions of interventions Component 1. under Component 1.",0.7810522426258434
"Hydraulic model Cities already include: (i) calculation of volumen PiranÃ© parque de agua, (ii) retained, according to Canal Soberania Number of cities with integration of green Supervision permeability (Resistencia), (iii) Salta Biannual Executing Entity and/or blue interventions as a result of reports parameters, runoff, and Linear Park Canal Oeste project's activities slopes for a before and and cities where integrated after interventions flood risk management scenario plans will be developed.",0.43048628893765534
Pre-identified actions Addition of the number include plans for of plans for sustainable sustainable drainage and drainage and water water management for the management completed Development and endorsement of urban Supervision cities of Clorinda and Biannual and endorsed Executing Entity water management strategies and plans reports Formosa.,0.5990089503201571
"For instance, if the baseline is 30 %, the expected average increase for the end target will be 31.5 per cent (30% + (30%*5%)=31.5%) ME IO Table SPACE .",0.6883709213950417
"Each project will be supported by complete technical designs considering climate change effects, proof of its economic feasibility, financial sustainability, as well as adequate environmental and social management.",0.08305906707590277
"Rehabilitation of Canal Alvarado, San Salvador de Jujuy secondary and tertiary drainage, 23,000 234,000 Jujuy and green interventions Rehabilitation of Alvear Identified Channel.",0.019682167605920273
"Improvement, channeling, and Misiones landscaping of public areas 276,000 TBC Shortlisted Posadas (Stage 1).",0.5842745520851829
"Tucuman TBC TBC TBC TBC Component 2 Sustainable drainage and water Formosa N/A 222,000 management Master Plan Identified Formosa Sustainable drainage and water Clorinda N/A 54,000 management Master Plan  The World Bank Climate Resilient Infrastructure for Urban Flood Risk Management (P178534) Salta: Rehabilitation of Canal Alvear and drainage network in the city (Caseros-Alvear river basin) 2.",0.8380531831221147
"Additionally, urban growth was not accompanied by the necessary urban drainage infrastructure works, causing the existing systems to become less efficient and resulting in exacerbated flooding episodes after rainfall events.",0.8099147623235529
"c. The current drainage system lacks development and maintenance, especially the secondary drainage network that no longer has the capacity to drain sufficient storm water.",0.16193849390203302
"Works will involve the opening of the drainage tunnel or emissary to be rebuilt with reinforced concrete, improvement of the secondary drainage system and construction of rain gardens to reduce the peak discharge.",0.3333831050179221
 The World Bank Climate Resilient Infrastructure for Urban Flood Risk Management (P178534) San Salvador de Jujuy: Development of Canal Alvarado 7.,0.5731863975524902
Fast urban development with limited consideration of criteria related to storm water drainage resulted in insufficient drainage capacity and flooding exacerbated by improper solid waste management.,0.1883406855843284
"Proposed works in San Salvador de Jujuy to adapt to climate change and reduce flood risks include (i) the construction of a new Canal (2.5Km), (ii) the consolidation of the surface runoff stormwater drainage network (4867m of gutter systems and 468m2 of channels), and (iii) the planting of Squares, Parks, and Green Corridors along the Canal as a complement to grey infrastructure and to increase water retention in the focus areas.",0.952730959111994
These hydrological  The World Bank Climate Resilient Infrastructure for Urban Flood Risk Management (P178534) challenges are aggravated given the existing urban morphology and rail infrastructure that cut across the river basin.,0.7956027117642489
"with cohesive material; (ii) building the East Defense for flood risk mitigation (5,600 meters long); (iii) Constructing the East/Matadero pumping station (evacuation capacity of 3 mÂ/s) and a 12 Ha reservoir (storage capacity of 100,000 m3); (iv) reconditioning existing reservoirs at the Obrero, Evita, and 20 de Junio neighborhoods; (v) reconditioning of existing pumping stations at Obrero and Evita neighborhoods (0.5 m 3/s evacuation capacity); (vi) implementing 13 km of concrete - lining in existing canals and 4.5 km of reinforced concrete conducts; and (vii) reconditioning of existing 4 km of urban canals, 3 km of rural canals and gutters.",0.5203264409845526
"Expected beneficiaries are around 20,000 beneficiaries reduced flood exposure corresponding to population living in the urban center of PiranÃ©, while the whole population of PiranÃ©, 65,000 beneficiaries from reduced flood impacts, are expected to benefit from reduction in disturbances of circulation and economic activities as well as from the use of the Water Park.",0.7470365871082653
"However, all works will complement existing schemes, including pumping stations with evacuation capacities of less than 10m3/s and less than 5 Km long drainage pluvial systems.",0.37195236032659357
"Expected beneficiaries from reduced flood exposure are estimated at 15,000, corresponding to the population living in La Rubita neighborhood, while beneficiaries from reduced flood impacts ascend to 291,000.",0.2561212886463512
"So far, most pre-identified interventions under the Project are based on conventional âgreyâ infrastructure, predominantly stormwater drainage networks, and concrete defenses along rivers and streams.",0.31148253787647595
Sub- component 1.2 in innovative interventions aims to support the development and inclusion of green-blue infrastructure in urban and peri-urban settings.,0.7340631484985352
"Green- blue infrastructure improves habitat connectivity, enhances air quality, supports carbon sequestration, promotes community identity and well-being, and reduces energy consumption.",0.22152768481861462
"In Resistencia, the identified intervention focuses on developing a linear park along Canal Soberania Nacional (cost yet to be determined).",0.5926737785339355
"(ii) Regarding the quality of the designs of the works to be financed by the Project, it would be recommended; a)  The World Bank Climate Resilient Infrastructure for Urban Flood Risk Management (P178534) to contract consulting firms as needed, whose terms of references include mechanisms for the participation of the beneficiary jurisdictions to promote ownership; b) hire under SIPH qualified specialists to overview works designs developed by provinces or other beneficiary jurisdictions.",0.7041631178422407
The Borrowerâs team have developed with close support from the Bank a Project Procurement Strategy for Development (PPSD) identifying the procurement arrangements that will ensure the delivery of value for money while efficiently achieving the PDO.,0.6876692338423296
"The cost-benefit analysis takes into consideration the stream of expected benefits over a 30-year horizon, together with the interventionsâ total capital and annual O&M costs.",0.8526991930874911
"The costs and benefits are discounted at a rate of 4 percent in the base scenario, and the feasibility is assessed with Net Present Value (NVP), Economic Internal Rate of Return (EIRR), and benefit- cost ratio.",0.9213240363381126
The World Bank forecasts a 2.1 percent real GDP growth rate for Argentina in 2023.,0.7191881699995561
"Hence, if such positive externalities were to be accounted for, results are expected to show greater economic benefits.",0.1358949921347878
Indirect benefits acco unted for were: (i) avoided schoolsâ 50 World Bank (2016).,0.1899775808507746
Discounting Costs and Benefits in Economic Analysis of World Bank Projects.,0.9324712753295898
"5 Project sensitivity economic analysis scenarios (US$ 000) Scenarios Costs Benefits NPV B/C ratio PiranÃ© a) Exchange Rate on April 10 (224) EIRR 17.4% Discount Rate 12% $ 24,950 $ 33,360 $ 8,410 1.3 Discount Rate 6% $ 27,495 $ 56,829 $ 29,335 2.1 Discount Rate 4% $ 28,229 $ 70,368 $ 42,139 2.5 Alvarado a) Exchange Rate on April 10 (224) EIRR 12.1% Discount Rate 12% $ 9,260 $ 9,354 $ 94 1.0 Discount Rate 6% $ 9,886 $ 16,110 $ 6,224 1.6 Discount Rate 4% $ 9,950 $ 20,066 $ 10,116 2.0 7.",0.7862387570467863
"NVP Benefit Cost Benefit/Cost Discount rate scenario EIRR (US$million) (US$million) (US$million) Ratio 4 percent (base scenario) 42,12 70,37 28,23 2.5 6 percent 17,4 % 29,33 56,83 27,5 2.1 12 percent 8,41 33,36 24,95 1.3 Economic Analysis for Canal Alvarado, San Salvador de Jujuy (Jujuy) 8.",0.9009538997303356
Canal Alvarado presents four objectives: (i) flood risk mitigation; (ii) Increase in sustainable mobility share; (iii) urban improvement; (i) increase access to public spaces.,0.09114501693032005
 The World Bank Climate Resilient Infrastructure for Urban Flood Risk Management (P178534) (ii) Promotion of sustainable mobility â¢ Reduced travel time Hedonic prices â¢ Increased road safety (iii) Urban improvement â¢ Dominial regularization Hedonic prices â¢ Access to basic services (iv) Access to public spaces â¢ Recreation and safety improvement Hedonic prices * Only beneficiaries from reduced flood exposure were considered 9.,0.7881885008378462
"NVP Benefit Cost Benefit/Cost Discount rate scenario EIRR (US$million) (US$million) (US$million) Ratio 4 percent (base scenario) 10,12 20.07 9.95 2 6 percent 12.1 % 6,22 16.11 9.89 1.6 12 percent 0.05 9.35 9.26 1  The World Bank Climate Resilient Infrastructure for Urban Flood Risk Management (P178534) ANNEX IV: Implementation and Support Plan 1.",0.8901759927923029
"Resource Time Focus Skills Needed Estimate Year 1 â¢ Technical and procurement review of â¢ Technical Supervision bidding documents â¢ Bank procurement budget â¢ Procurement training â¢ Bank safeguards â¢ Environmental and social standards â¢ Financial protection against disasters training â¢ Development of the financial protection strategy â¢ Inter-institutional council Year 2â4 â¢ Supervision and management of â¢ Technical/construction experts Supervision construction contracts â¢ Bank procurement budget â¢ Environmental, social and health and â¢ Financial Management safety monitoring â¢ Monitoring & Evaluation â¢ Financial and procurement management â¢ Social â¢ Environmental Management â¢ Health and Safety Closing â¢ Drawing lessons learned and â¢ M&E Supervision mainstreaming good practices â¢ Technical budget Table A4.2.10 Skills mix required.",0.2412139285694469
"After a decade of rapid growth and social progress up to 2013, Brazilâs economy first stumbled and then fell into deep recession.",0.6117427565834739
The sound macro policies and a favorable external environment that characterized this period contributed to fast economic and social progress.,0.44813134453513404
"While external factors triggered the slowdown, an expansionary policy response led to rapidly rising fiscal disequilibria and, with rising domestic political uncertainty, a loss of confidence and sharp drop in investment.",0.7852426875721324
"The economic recovery has remained weak with 1 percent growth in 2017, 1.3 percent growth in 2018, and 2.5 percent growth projected in 2019.",0.664290038022128
"With on-going tepid economic growth, poverty is estimated to have leveled off at 20.6 percent.",0.4812214591286399
"To address unsustainable debt dynamics the government adopted a constitutional amendment to limit public expenditure growth that entails an accumulated adjustment of 5 percentage points of GDP for the period 2019-2026 and that would stabilize debt at around 89 percent of GDP by 2026, to start declining afterwards.",0.5795822143554688
Brazil will also need to accelerate its productivity growth and infrastructure development.,0.7435411973433061
"The average per capita income has risen by just 0.7 percent per year since the mid-1990s, one tenth of the rate in China and only one half of the average in OECD countries.",0.6161818504333496
Brazil also posts one of the lowest investment levels in infrastructure (2.1 percent of GDP) when compared to its peers and the quality of this investment is low.,0.7255071293223988
Accelerating productivity growth remains a key priority for the country given that the demographic transition is over and there will be limited space for public sector led growth.,0.8719838749278676
"Reforms could focus on boosting market competition, access to external markets, cheaper inputs and technologies, and simplification of the tax system.",0.9345738671042703
"Higher levels of investment in infrastructure will also be needed to ensure adequate maintenance of existing infrastructure stock, removing bottlenecks and expanding access to social services.",0.9497119730169122
"This calls for improving planning capacity at government level, strengthening regulatory environment and leveraging private resources to finance investments.",0.9454962123524059
"The global economic crisis has impacted the economy of the state,  The World Bank CearÃ¡ Water Security and Governance (P165055) which contracted in 2015 and 2016 and is very slowly recovering1.",0.3957457108931108
"The Metropolitan Region of Fortaleza (MRF), which contains the State capital and other 18 municipalities 2 is the sixth largest urban agglomeration in the country with 4 million inhabitants or almost half of Cearaâs population and delivers 50 percent of CearÃ¡âs GDP3.",0.30523018403486774
"The semi-arid Northeast region with 28 percent of the Brazilian population has only 4 percent of the water resources, while the South and Southeast regions where 56 percent of the population live and are home to large urban metropolises and robust industrial development, confront continuous water scarcity due to mismanagement, over-exploitation, and pollution.",0.04786735773086548
Water has supported key drivers of economic growth and has been key to reduce poverty and promote shared prosperity through more equitable and widespread provision of water supply and sanitation (WSS) services to a growing population.,0.9037851853804155
"The third quarter of 2018 showed signs of recovery, with an increase of 1.48 percent, compared to the same period in 2017.",0.5512901219454679
The semi-arid Northeast Region could see an average increase of 0.5 to 1 degree Celsius in temperature and a decrease in 20 percent of rainfall by 2040.,0.6788050044666637
"The Bank is supporting CAGECE in increasing the efficiency of the sanitation system of Fortaleza through a lending operation15, which finances household connections in low-income areas and a comprehensive campaign to non-poor users to connect.",0.8407555493441495
"Besides providing incentives for responsible water use through a contingency tariff, with additional charges for water consumption above established targets, CAGECE has been working on a design, build and operate contract for a seawater desalination plant to increase water security to the municipalities within the MRF.",0.1902881318872625
CAGECE is working in line with the maximizing finance for development (MFD) approach.,0.1868504827672785
"In addition to the proposed desalination plant, CAGECE is seeking partnering with the private sector to increase services coverage.",0.733112248507413
The company has also engaged with the Brazilian National Economic and Social Development Bank (BNDES) in the assessment of other possible public-private-partnership (PPP) arrangements.,0.29143320430408826
"However, as public sector investment capacity is reducing as a result of tighter fiscal situation, CAGECE will need to increasingly rely on its own cash generation capacity to finance needed investments.",0.9295962073586204
"To this end, CAGECE also needs to increase its credit worthiness, through a series of measures comprising, among others, efficiency gains, cost reduction and increasing revenues from tariffs.",0.8770438974553888
"The World Bank has been supporting the State in the implementation of RWSS activities for more than fifteen years through several Investment Project Financing (IPF) operations, including the second phase of SÃ£o JosÃ© III Project 17.",0.6765643466602672
"Currently, the Bank is supporting preparedness plan for drought in the MRF and increased capacity of water-related institutions to sustain water sources for agriculture and build resilience in water resource management through the use of tools and monitoring systems18.",0.22562287070534445
"As result of the prolonged drought, in 2018, the State prepared a Strategic Action Plan (Plano de AÃ§Ãµes EstratÃ©gicas), that establishes a set of water sector priorities, including expanding water infrastructure and improving water management and governance.",0.7442491704767401
The proposed Project will support the implementation of a number of priority investments under the Strategic Action Plan.,0.13065218925476074
"As stated in the CPF, âthe third requirement for improved livelihoods and economic opportunities is the smarter management of Brazilâs natural resources and the better mitigation of environmental pollution and the risk of natural disasters.â Water management is defined as one of the principal issues in natural resource management standing out and affecting the bottom-forty (B40) directly and indirectly through its effects on growth and incomes.",0.4931860403581099
"Also, the CPF states that âpricing policies need to be reviewed to improve incentives for conservation of water and other natural resources and encourage investments in improved quality and resilience of service provisionâ.",0.5443181991577148
"As stated in Objective 3.2 of the CPF (Provide more inclusive and sustainable urban services), âWhile Brazilian cities have become engines of economic growth, their competitiveness is below similar-sized cities in East Asia, Europe, and the U.S. Further, many cities face tremendous challenges in terms of reducing water and air pollution, improving the quality of the urban environment, reducing disaster risks, and addressing problems of water scarcity and lack of access to basic servicesâ.",0.7259544459256259
"As mentioned in the CPF, the Bank will continue to invest in water and sanitation to foster resilience against the increased variability of water supply, while also focusing on pricing policies to ensure that water charges reflect provision costs; and the support from the Bank will be embedded in the broader context of water resource management and protection of scarce water resources, representing key areas of the proposed Project.",0.14906363053755325
"The proposed Project's Development Objective (PDO) is to strengthen capacity for water resources management in the Borrowerâs territory, improve reliability of water services in selected municipalities, and improve operational efficiency of water services in the city of Fortaleza.",0.3133628585121848
Increasing Water Security (US$149.93 million; US$34.97 million counterpart funds) .,0.8065284382213246
"This component aims at increasing water security through improved water resources management, expanded bulk water infrastructure and specific investments to ensure the safety of Project-related dams.",0.8424883755770597
"This sub-component will support the construction of the BanabuiÃº â SertÃ£o Central Pipeline System to supply treated water from the BanabuiÃº Dam reservoir 24 to selected municipalities, districts and rural areas in the BanabuiÃº and middle Jaguaribe river basins through the construction of an approximately 670km pipeline network and a treatment station near the source.",0.5219000469554554
"The Pipeline System will be the first investment implemented as part of the Stateâs Malha DâÃ¡gua project25, which aims at increasing water supply reliability in quantity and quality and water storage management efficiency by placing water intakes inside the reservoirs, thereby, reducing the flows released from these reservoirs for river perenization and consequent losses to infiltration and other uses.",0.5789253494956277
"25 The complete Malha DâÃ¡gua project comprises the construction of 4,500 km of treated water pipeline network for a total estimated investment of US$1.4 billion that would benefit 6.3 million people in the next 25 years.",0.9233267524025657
Implementation will follow a design and build approach in line with the MFD bringing the private sector through performance-based contracts.,0.9173544970425692
"This set of activities includes the preparation of: (i) CAGECEâs organization restructuring plan focusing on improving corporate governance through a broader approach, using the turnaround framework for a performance improvement plan, from short to long term; (ii) economic and social studies to revise CAGECEâS tariff structure with the objective of providing CAGECE with a new tariff structure26 by level of water consumption able to cover its operational and investment costs; and (iii) guidelines for improved infrastructure asset management processes.",0.8576255278153853
"Activities are in line with the MFD approach, especially with the preparation of a turnaround plan and development of a proposal for reforming tariffs and subsidies.",0.5498282259160822
"Better corporate governance and improved, operational efficiency will enable adequate maintenance of water infrastructure, thereby contributing to the sectorâs resilience to climate change.",0.4956277067011053
Strengthening Public Sector Management (US$8.62 million) .,0.8781319531527433
"Better water governanceâbased on historical data, hydrological and economic models and forecasts of key climate variablesâwill indirectly contribute to a higher supply of water and a more efficient use and allocation, thereby further contributing to the water sectorâs resilience to droughts.",0.41540939157659357
"26The current tariff structure was designed in the 1970âs and is based on Increasing Black Tariff (IBT) model with cross-subsidies between consumption level, category of users and municipalities, with a limited social tariff rule.",0.07237169959328392
"(b) Improving public sector investments and management, through the optimization, strengthening and modernization of ARCEâs management and regulatory activities; supporting Secretariat of Economic Development and Laborâs (Secretaria de Desenvolvimento EconÃ´mico e Trabalho â SEDET) ability to assess the efficiency of water usage in the agricultural sector; the preparation of the State Water Supply and Sanitation Plan; and the implementation of a Public Investment Management System (PMIS) in SEPLAG to support decision making throughout the entire public investment cycle.27 (c) Improving accountability in public investment, through the development and implementation of a contract management system in the State General Controller (Controladoria Geral do Estado â CGE) to assess performance and compliance across the State; and a public works management system that will enhance the State Court of Accountsâ (Tribunal de Contas do Estado â TCE) ability to monitor water infrastructure works.",0.8851117220791903
"It is estimated that roughly 120,000 people, half of which are women, living in the urban areas of the nine municipalities (including the districts supplied by the BanabuiÃº â SertÃ£o Central Pipeline System located in the interior of CearÃ¡) will benefit from a more reliable water supply due to the water infrastructure investments.",0.9199240424416282
"Project beneficiaries also include existing CACEGEâs users in the city of Fortaleza, who will benefit from the efficiency improvements to be pursued in the Fortaleza water supply system.",0.27345340902155096
"At the same time, the improved efficiency will benefit the total population being served by the system, 2.6 million people, by increasing water 27The World Bankâs PforR financed the development of the methodology behind the PMIS and successfully piloted it in the water sector ( CinturÃ£o das Ãguas do CearÃ¡).",0.1489196473901922
"The technical assistance activities focused on improving water resources management and strengthening the public sector will benefit the whole State population, around 9 million people.",0.46227312088012695
"The construction of the BanabuiÃº â SertÃ£o Central Pipeline System will increase the number of days of reliable access to water in the nine beneficiary municipalities, increasing continuity of water supply from 70 to 90 percent.",0.35157383571971546
"The World Bank is also uniquely positioned to support water resources management and water supply infrastructure investments and reforms due to its strong local presence, specialized staff, and considerable experience implementing water projects in the Northeast region of Brazil.",0.7037610574202104
"From a multisectoral perspective, between 2003-2019, the World Bank supported the State on several key areas of social and human development, service delivery, leveraging the greatest possible benefit for government actions and enhancing public sector management capacity in a scenario of high debt services commitments.",0.3325477513399991
"Due to this successful and long-term partnership, the Government of the State of CearÃ¡ has expressed interest in carrying out a new credit operation based on the Investment Project Financing (IPF) instrument, with focus on water security and governance.",0.7358768636530096
"Based on worldwide analytical work and project experience, this Project will support the State of CearÃ¡ on increasing resilience, addressing these crucial development issues in a holistic way: (a) improving management of scarce water resources;(b) increasing efficiency of urban water services; and (c) providing new water infrastructure to provide people with reliable water sources.",0.7416516217318448
"The Government of CearÃ¡ has continuously expanded and reinforced its water system over the last decades , mostly through World Bank-financed projects.",0.8044692819768732
"It helps manage expectations, facilitates ownership and trust, and supports accountability mechanisms.",0.25642126256769354
Sustainability of water investments supported by the Project relies on the financial and economic sustainability and technical capacity of beneficiary utility to efficiently operate and maintain built infrastructure and to bear at least the O&M costs.,0.8740932291204279
The investment cost will be covered by the State and it is not expected to be recovered from the tariff.,0.542842301455411
"The Project will assist CAGECE in improving its financial and technical performance through technical assistance towards improving commercial efficiency, increasing operational efficiency, and being better prepared to plan and manage service delivery and operation of water infrastructure, especially with the use of the Utility Turnaround Framework.",0.5116555040532892
"The public good nature of climate change adaptation interventions related to more reliable supply of water, coupled with the large capital outlays required for their construction, justifies public financing of these investments.",0.5536778189919211
"This Project will contribute to this aim by revising and supporting the application of new tariff structure, setting the stage for the most direct beneficiaries of infrastructure investments to start paying for these services.",0.8908601240678267
"Based on the Stateâs vulnerability to droughts, which will be exacerbated by climate change, the Project activities have been prioritized to focus on actions to support expansion of water infrastructure and strengthening water resources and public-sector management They are based on a comprehensive strategic planning exercise led by SRH, covering water resources planning, climate forecasting, infrastructure, and water governance.",0.886787241155451
"The proposed investments to increase the reliability of water supply to municipalities in the BanabuiÃº and middle Jaguaribe river basins were defined based on a detailed concept study of the Malha DâÃ¡gua project carried out by SRH, which proposed a series of treated water supply pipeline systems, using reliable water sources for ensuring human supply to urban centers in the whole State of CearÃ¡.",0.49490759589455346
"The decision to invest in water losses reduction was driven by the need to improve efficiency of water services provision to the city of Fortaleza, which relies on inter-basin transfers.",0.6220368472012606
"The financial and economic analyses focus on Projectâs subcomponents with specific investments, which benefits could be quantified.",0.9014944596724077
The economic analysis assesses all Projectâs investments excluding activities aimed at building capacity or improving knowledge and technical expertise.,0.9421858354048296
Costs and benefits were expressed in constant prices as of 2018 at an exchange rate of 3.72 Reais per US dollar.,0.2779828201640736
The net present value (NPV) of net benefits reaches US$59 million with a benefit to cost ratio of 1.42.,0.9406659386374734
The Internal Economic Rate of Return (IERR) for the Project reaches 14.5 percent.,0.8838662234219637
"The financial analysis of CAGECE shows that in the year 2017, the company obtained net revenues from services rendered reaching R$1.16 billion (US$311.8 million) and in the year 2016, net revenues amounted of R$1.06 billion (US$284.9 million).",0.8574880253184926
"Gross revenues, or revenues before taxes in 2017 were estimated at R$941.89 million (US$253.2 million) for water supply services and R$335.75 million (US$90.2 million) for sanitation services.",0.8321249701760032
"In 2016, gross revenues were R$869.88 million (US$233.8 million) for water supply services and R$298.07 million (US$80.3 million) for sanitation services.",0.8809374028986151
"For the 2017-2018 period, CAGECEâs Net Operating Revenues (NOR) from water supply and sanitation services totaled R$981.5 million (US$263.8 million), up 17.8 percent compared to the same period of 2016-2017.",0.8817151676524769
"CAGECE is tackling losses based on reviewing accounts receivable and other receivables and contractual assets for an amount equal to the expected credit loss, to ultimately improve its financial position based on increasing operating margins vis-a-vis debt and liabilities.",0.6471714106473055
"In addition to the investments that CAGECE undertakes for Fortaleza, the State transferred to the Municipal Government, 22 percent of its shares with the right to  The World Bank CearÃ¡ Water Security and Governance (P165055) vote on water and sanitation issues.",0.19150894338434393
"The works for the expansion of the water infrastructure will take place in the BanabuiÃº and middle Jaguaribe river basins and will supply treated water to the urban areas of nine municipalities, 37 districts and selected rural areas.",0.30918088826266205
"RESULTS FRAMEWORK AND MONITORING Results Framework COUNTRY: Brazil CearÃ¡ Water Security and Governance Project Development Objectives(s) The proposed Project's Development Objective (PDO) is to strengthen capacity for water resources management in the Borrower's territory, improve reliability of water services in selected municipalities, and improve operational efficiency of water services in the city of Fortaleza.",0.6646669127724387
"Project Development Objective Indicators RESULT_FRAME_T BL_ PD O Indicator Name DLI Baseline End Target Strengthen capacity for water resources management Percentage of strategic water users regularized (Percentage) 0.00 80.00 Improve reliability of water services in select municipalities Continuity of water systems supplied with water from Banabuiu - 70.00 90.00 Sertao Central pipeline system (Percentage) People benefiting from more reliable water services (Number) 0.00 118,490.00 Women benefiting from more reliable water services (Number) 0.00 61,615.00 Improve operational efficiency of water services in the city of Fortaleza Reduction in Non Revenue Water in the city of Fortaleza 469.00 317.00 (litters/connection.day) (Number) PDO Table SPACE  The World Bank CearÃ¡ Water Security and Governance (P165055) Intermediate Results Indicators by Components RESULT_FRAME_T BL_ IO Indicator Name DLI Baseline Intermediate Targets End Target 1 2 3 4 Increasing Water Security Climate Forecast System Climate Forecast System Climate forecast system generated information Climate Forecast System based on two global information available to being used to calculate strengthened (Text) climate models on the public.",0.8637384934858843
"Percentage of registered large users that have macro 7.00 75.00 metering (Percentage) Increased water treatment capacity in the Banabuiu 0.00 1,900 m3/h Sertao Central pipeline system region (Text) Reduction of the time lost from For women â 3.48 routine activities because of days/year Gap reduction by 20% waterborne and For men - 3.15 days/year gastrointestinal diseases (Text) Reduction of time spent with For women - 18.1 household workloads hours/week Gap reduction by 10% (including fetching water to the household) (Text) For men - 10.5 hour/week Beneficiariesâ Level of satisfaction with the provision 0.00 70.00 of water services (Percentage) Complaints and inquiries received through the Grievance Redress Mechanism 0.00 90.00 that are registered and addressed (Percentage)  The World Bank CearÃ¡ Water Security and Governance (P165055) RESULT_FRAME_T BL_ IO Indicator Name DLI Baseline Intermediate Targets End Target 1 2 3 4 GaviÃ£o Dam Safety Periodic Review and GaviÃ£o and BanabuiÃº complementary studies Dam Safety Plans GaviÃ£o and BanabuiÃº for BanabuiÃº dam contracted Dam Safety Plans Improve safety conditions of contracted.",0.22142551162026144
"Improving the Efficiency of Water Services Number of District Metering Areas created in Fortaleza 0.00 9.00 18.00 44.00 (Number) Water tariff structure revision Water tariff structure Proposed tariff structure proposal finalized, approved by Water tariff structure Water tariff structure the Adminstration Council and Tarif structure not revision study approved revision presented and revision study revision proposal presented to the regulatory revised.",0.004918999631296505
Strengthening Public Sector Management Public Investment 10% of Secretariat of System 100% 20% of new water Management System Agrarian Development implemented and operational No system implemented and made resources related projects (SDA) new projcts available to all users.,0.8665318055586382
"People benefiting from Estimated beneficiary more reliable water services population at the end measured on a basis of Project of the Project was uninterrupted water supply People benefiting from more reliable Year 7 progress calculated based IPECE (except for maintenance) water services reports on annual population following the National water growth quality standards (Ministry geometric mean rate of Health PRC n. 05 of Sep. in the municipalities 28, 2017, Annex XX).",0.860333962873979
"People benefiting from Estimated beneficiary more reliable water services population at the end measured on a basis of of the Project was Project uninterrupted water supply calculated based Women benefiting from more reliable Year 7 progress IPECE (except for maintenance) on annual population water services reports following the National water growth quality standards (Ministry geometric mean rate of Health PRC n. 05 of Sep. in the municipalities 28, 2017, Annex XX).",0.7670334035700018
Calculation will be done Reduction in Non Revenue Project using the formula: IPL = CAGECE Business Unit Reduction in Non Revenue Water in the Water based on the creation Montlhy Progress (Loss) / (No.,0.1548194018277255
Increased water treatment capacity in the Capacity refers to CAGECE's Single Project Target achievement will SRH / CAGECE Banabuiu Sertao Central pipeline system water treatment stations in measurem progress be verified after the  The World Bank CearÃ¡ Water Security and Governance (P165055) region the municipalities of ent upon reports.,0.3419938087463379
"construction and Senador Pompeu (110 operation Target operation of the water m3/h), Piquet Carneiro (110 of the calculated treatment station.",0.09475145556709984
"Project Target 2 refers to the progress cadaster and analysis Public Investment Management System Yearly SEPLAG report by the system of new implemented and operational SDA projects and water resources (SRH, COGERH, FUNCEME) projects.",0.5957254062999379
decision making and strengthening the State's economic growth.,0.2559995651245117
"ï§ Execution of the following activity under Component 3: development of a Public Investment Management SEPLAG System (PMIS), which would help make better informed decisions throughout the entire public investment cycle (proposal, design, implementation and evaluation), as well as improve the management and monitoring of investments.",0.8497851978648793
"ï§ Execution of the following activities under Component 3: (i) establishment of a dedicated group that would IPECE provide technical support in designing policies in the water and agribusiness sectors through on-demand research; (ii) capacity building activities, including for data analysis, particularly in those institutions that directly work in or with the water sector; and (iii) assess the efficiency of water usage in the agricultural sector in five basins of CearÃ¡, helping prioritize agricultural activities (with technical support from SEDET); ï§ Support the Project Management Unit; ï§ Management of the contracts related to the activities above; ï§ Preparation and submission to the PMU of the reports related to the progress of the contracts;  The World Bank CearÃ¡ Water Security and Governance (P165055) ï§ Compliance with the Project Operational Manual and Procurement Plan.",0.3495575731450861
"To fulfill their mandate, the State annual budget law (LOA) includes a capital increase for the respective companies, which are transferred annually to each entity, through their line Secretariats.",0.36632082679054956
"The amount of USD 500,000 is expected to finance three contracts to develop the TCE-CEâs IT system and buy equipment.",0.9283972653475675
Procurement of works.,0.12023199688304555
"Procurement of works are expected under the project, including one large Water Treatment and Distribution Plant estimated at US$132 million and smaller water loss control interventions.",0.01977404003793543
Procurement of goods.,0.6914703629233621
"Consulting services under the Project will include works supervision, engineering designs, studies, IT systemsâ development, etc.",0.0767862309109081
Increasing Water Security (US$149.93 million; US$34.97 million counterpart funds) .,0.8065284382213246
"This component aims at contributing to increase water security through improved water resources management, expanded water infrastructure and specific investments to ensure the safety of Project-related dams.",0.8517343347722833
"According to the law, water charge aims to encourage the rational water use, obtain financial resources for program financing, cover water resources management systems and associated interventions contemplated in the Water Resources State Plan and in the River Basin Plans.",0.5972818027843129
"urban supply, industries, irrigated perimeters), fostering the right assessment of volumes produced and volumes delivered.",0.9027830470692028
"This sub-component will support the construction of the BanabuiÃº â SertÃ£o Central Pipeline System to supply treated water from the BanabuiÃº Dam reservoir48 to selected municipalities, districts and rural areas in the BanabuiÃº and middle Jaguaribe river basins through the construction of an approximately 670km pipeline network and a treatment station near the source.",0.5406174659729004
"The Pipeline System will be the first investment implemented as part of the Stateâs Malha DâÃ¡gua project, which aims at increasing water supply reliability in quantity and quality and water storage management efficiency by placing water intakes inside the reservoirs, thereby, reducing the flows released from these reservoirs for river perenization and consequent losses to infiltration and other uses.",0.6622262868014249
"The goal of the Malha DâÃ¡gua is to increase the water security of the State, guaranteeing qualitative and quantitative conditions of water supply to urban centers and complementarily to rural communities located alongside the pipeline systems to be implemented.",0.6075302470814098
It comprises the construction of 4500 km of treated water pipeline network for a total estimated investment of US$1.4 billion that will benefit 6.3 million people in the next 25 years.,0.9116849899291992
It includes a pipeline system of approximately 670km for supplying water to the urban areas of the nine municipalities and additional extensions to 37 existing districts as listed in Table A2.1.,0.4449399167841131
"Although the focus of the project is the urban population, and therefore does not contemplate the construction of pipeline systems for the rural population, the project will consider in its dimensioning the entire population of the municipality, to allow, in the future, the integration with other supply systems, serving as a water source.",0.8490063927390359
â Municipalities (urban centers and districts) to be supplied by BanabuiÃº - SertÃ£o Central Pipeline System Municipalities Urban Centers and Districts Municipalities Urban Centers and Districts Main urban center Main urban center BanabuiÃº District of Laranjeiras District of CapitÃ£o Mor Main urban center Pedra Branca District of MineirolÃ¢ndia District of Aurora District of Santa Cruz do BanabuiÃº Dep.,0.280367374420166
Implementation will follow a design and build approach in line with the MFD approach bringing the private sector through performance- based contracts.,0.8760619597001509
"This set of activities includes the preparation of (i) CAGECEâs organization restructuring plan focusing on improving corporate governance through a broader approach, using the turnaround framework (see Figure A2.2) for a performance improvement plan, from short to long term; (ii) economic and social studies to revise CAGECEâS tariff structure with the objective of providing CAGECE with a new tariff structure52 by level of water consumption able to cover its operational and investment costs; and (iii) guidelines for improved infrastructure asset management processes.",0.8807853351939808
"Activities are in line with the MFD approach, especially with the preparation of a turnaround plan and development of a proposal for reforming the current tariff and subsidies.",0.6246447563171387
"Better corporate governance and improved, sustainable operational efficiency will further reduce NRW and enable adequate maintenance of water infrastructure, thereby contributing to the sectorâs resilience to climate change.",0.19500277259133078
"52The current tariff structure was designed in the 1970âs and is based on Increasing Black Tariff (IBT) model with cross-subsidies between consumption level, category of users and municipalities, with a limited social tariff rule.",0.03291300751946189
Strengthening Public Sector Management (US$8.62 million) .,0.8781319531527433
"Better water governanceâbased on historical data, hydrological and economic models and forecasts of key climate variablesâwill indirectly contribute to a higher supply of water and a more efficient use and allocation, thereby further contributing to the water sectorâs resilience to droughts.",0.41540939157659357
Improving public sector investments and management.,0.9217584783380682
"It will also finance a program in the Secretariat of Economic Development and Laborâs (Secretaria de Desenvolvimento EconÃ´mico e Trabalho â SEDET) to assess the efficiency of water usage in the agricultural sector in five basins of CearÃ¡, helping prioritize agricultural activities; as well as the preparation of the State Water Supply and Sanitation Plan, including urban and rural water supply.",0.5889139608903364
"It will also include the implementation of a Public Investment Management System (PMIS) to support decision making throughout the entire public investment cycle (proposal, design, implementation and evaluation), as well as improve the management and monitoring of investments.54 46.",0.8691713159734552
Improving accountability in public investment.,0.6554828557101163
 The World Bank CearÃ¡ Water Security and Governance (P165055) ANNEX 3: Economic and Financial Analysis COUNTRY: Brazil CearÃ¡ Water Security and Governance Rationale for Public Sector Investment 1.,0.12854959748008035
"The Project interventions will invest in the BanabuiÃº and middle Jaguaribe river basins, by constructing a transmission pipeline and a Water Treatment Plant (WTP).",0.9246729937466708
Public investments by the state are necessary for strengthening water security because of the limited financial return on these investments.,0.3905422037298029
"The cost-benefit analysis focuses on projectâs subcomponents with investments, which benefits can be quantified, namely, interventions that will lead to strengthen water resources management in the State, improve reliability of water services in selected municipalities, and improve the operational efficiency of water services in metropolitan areas of Fortaleza.",0.8847634575583718
The economic analysis compares the stream of costs and benefits âwith projectâ and âwithout projectâ scenarios.,0.8769232143055309
"âWithout projectâ scenario is characterized by: (i) lower reservoir water levels due to recurrent droughts particularly in smaller reservoirs; (ii) increased pollution of smaller reservoirs particularly during dry years; (iii) increased number of conflicts with farmers during dry years, making difficult to enforce restrictions on water use; (iv) substantial water losses resulting from evapotranspiration and infiltration by using rivers as means to transfer water to urban areas; and (v) increased reliance on âcarros-pipaâ or water-trucks to transport water far away from the sources.",0.3759096752513539
The analysis includes the streams of costs and benefits during the Projectâs lifetime estimated at 25 years.,0.5319648655978116
"Making water available at lower cost is critical to reduce the burden of water purchases from tankers: an average of 5.0 m 3 of consumption per household per month (equivalent to 40 liters per capita per day) at a unit cost of US$11.1/m 3 represents an expenditure of US$55.5, equivalent to 15 percent of average salary in BanabuiÃº municipality in CearÃ¡ (R$2,070 or US$556).",0.025485030629418114
"Hence, the Project will provide benefits in the form of consumer surplus56 moving from truckers to piped water services (adjusted with the connection charges).",0.06885811957446011
"The additional volume of treated bulk water will be sold to urban users, and the tariff of US$2.2/m 3 is used as a proxy of the economic value of water.",0.1578935276378285
"COGERH will also obtain benefits since the Project will increase average water storage by not having to rely on rivers to transfer water, estimated at 16.6 million m 3 valued at US$0.20/m3 â the cost of the next water alternative.",0.6504802703857422
The implementation of the measures to reduce water losses in Fortaleza will bring efficiency gains from total supply reaching 295.99 lit/sec or 9.3 million m 3 of treated water per year valued at US$0.5/m3.,0.568252606825395
The analysis includes the investment costs associated with the construction of the BananuiÃº â SertÃ£o Central Pipeline System57 and measures to improve systemâs distribution efficiency by tackling commercial and physical losses.,0.6826646544716575
The analysis includes the O&M cost of the BanabuiÃº-SertÃ£o Central system estimated at US$0.3/m 3 and incremental O&M cost of the water loss reduction program estimated at 5 percent of the investment cost.,0.7694521817294034
The net present value (NPV) of net benefits reaches US$59 million with a benefit to cost ratio of 1.42.,0.9406659386374734
"Overall NPV of costs (capital, operation and maintenance costs) reaches US$140 million, and NPV of benefits reaches US$199 million.",0.9146520441228693
The Internal Economic Rate of Return (IERR) for the Project reaches 14.5 percent.,0.8838662234219637
"Using a more conservative discount rate of 6 percent, the NPV of the Project reaches US$193 million.",0.7002293413335626
The Project also yields positive NPV of net benefits under a 30 percent benefits reduction (US$0.65 million) and a 30 percent Most of this population already has access to water distribution services of some kind but depends heavily on water trucks.,0.9172332937067206
"57 This important infrastructure is part of the Malha dâÃgua project, a 1.4 billion US dollar investment.",0.9027480212124911
 The World Bank CearÃ¡ Water Security and Governance (P165055) investment cost overrun (US$46 million); and satisfactory IERRs (between 11.1 and 10.0 percent).,0.8733126033436168
"Thus, the NPV with health benefits increases from US$59 million to US$62 million.",0.687886281446977
The average values between low and high prices are applied to the GHG emissions assuming a growth rate of 2.26 percent per year for the lifetime of the Project.,0.6856076934120872
"Accounting for the GHG emission, the NPV of the Project increases from US$59 million to US$60.5 million.",0.7474903626875444
"By adding both the GHG estimates and health benefits, the NPV of the Projects reaches US$69.5 million.",0.7429543408480558
Sensitivity of Project Adding Health and GHG benefits NPV Total (US$ million) ERR Baseline 59.0 14.5% Adding health benefits 62.1 14.7% Adding GHG estimates 60.5 14.6% Adding GHG + Health Benefits 61.9 14.7% 14.,0.8757028579711914
The Projectâs economic efficiency is reduced if implementation of the main works of subcomponent 1.2 are delayed or postponed.,0.434495362368497
"In addition, COGERH and CAGECE would need to improve coordination to maximize the returns of the Project in terms of water management and resilience against scarcity, water infrastructure delivery, and water and sanitation services.",0.8040926673195579
" The World Bank CearÃ¡ Water Security and Governance (P165055) institutions, and many water management attributions continue under the state's or other agencies purview: water rights and permits, bulk water pricing, planning, operation and maintenance of hydraulic infrastructure, groundwater management, and control.",0.5655039873990145
"In the year 2017, CAGECE obtained net revenues from services rendered reaching R$1.16 billion (US$311.8 million) and in 2016 in the amount of R$1.06 billion (US$284.9 million).",0.7966856522993608
"Gross revenue, or revenue before taxes in 2017 was R$941.89 million (US$253.2 million) for water supply services and R$335.75 million (US$ 90.2 million) for sanitation services.",0.8645858764648438
"In 2016, it was R$869.88 million (US$233.8 million) with water supply and R$298.07 million (US$80.3 million) with sewage services.",0.9116513512351296
"The increase in gross revenue took place under the following contextual factors61: ï· In the third quarter of 2016, there was an increase of the consumption contingencies, from 10 percent to 20 percent (Contingency Tariff --established during drought periods).",0.8801602450284091
"This led to a 20 percent increase of the average water tariff, aiming at managing demand in the face of scarcity of water resources; ï· The application of an ordinary revision of 17.23 percent in water and sewage tariffs was performed in two steps.",0.29369183020158246
The objective of this review was to achieve the average tariff of R$3.55 per cubic meter (US$0.95 per cubic meter).,0.6950186382640492
"For the 2017-2018 period, CAGECEâs Net Operating Revenues (NOR) from water and sewage totaled R$981.5 million (US$263.8 million), up 17.8 percent compared to the same period of 2016-2017.",0.7953341223976829
CAGECE is also showing an increase in net revenues over the last year.,0.7215870510448109
Net revenues for the third quarter of 2018 had an increase of R$65.6 million (US$17.6 million) compared to the same period in 2017.,0.7342233657836914
"Tariffs have been adjusted to deal with the drought through water availability contingencies, which has improved CAGECEâs finances and obtain a positive trajectory of revenues against the relatively small change in costs and expenses.",0.8822525197809393
"The Company is tackling losses by reviewing accounts receivable and other receivables and contractual assets for an amount equal to the expected credit loss, to ultimately improve its financial position based on increasing operating margins vis-a-vis debt and liabilities.",0.37587967785921966
The financial leverage ratio for 2017 was 13 percent and reduced due to stable financial indicators to 10 percent for 201862.,0.7906488071788441
This indicates that the company has margin to inject debt for capital investments without threatening a substantial decline in operating margins.,0.40726822072809393
"Simultaneously, the share of the Brazilian population with access to wastewater services rose from 38.4% to 51.9%, giving access to sewage systems to more 40.6 million people, which means an increase of 64.2% in the number of Brazilians served.",0.6228354627435858
"Average earnings from jobs according to grades completed â according to access to sanitation, access to sanitation, 2016 (Brazilian Reais) 2016 (Brazil, 2013) Source: Instituto Trata Brasil, based on data from PNADC 2016 (IBGE: 2017) 69 According with the analysis made by Instituto Trata Brasil (2018), information from PNADC 2016 corroborate these trends.",0.458296689120206
"Over the past four decades, China has experienced an extraordinary period of economic growth averaging over 10 percent per year, with a 25-fold increase in per capita income.1 The Government announced on , that it had reached its goal of eliminating rural extreme poverty.2 However, such rapid growth has resulted in challenges of pollution and inefficiencies in resource use.",0.6866866025057706
"Recognizing these challenges, transitioning to a more balanced and sustainable economic growth model has become a key policy priority.",0.6928950656544078
"China's 13th Five Year Plan (FYP) (2016â2020) emphasized the need for high-quality green development based on productivity and innovation, rebalancing of growth toward consumption and services, and increased stringency of environmental regulations.8 Central government funding of environmental protection and pollution control increased to US$35.7 billion by 2019, five times more than in 2017.9 China saw a slowdown in the growth of greenhouse gas (GHG) emissions, reduced local air and water pollution,10 improved resource efficiency, and enhanced land management during this period.11 The 14th FYP (2021â2025), released in March 2021, reflected a strengthening of ambitions, including planned reductions in GHG emission intensity and improved water pollution and land management, and references the importance of climate change adaptation.",0.9092442772605203
 âImprovements in Ecosystem Services from Investments in Natural Capital.â Science 352: 1455â1459 (link).,0.1527793840928511
"Over 200 billion cubic meters of water are drawn from the basin annually, supporting industry and providing drinking water for almost 600 million people.22 The YREB is an important manufacturing hub, lying at the heart of global supply chains, and is one of the worldâs busiest inland waterways for freight traffic.",0.8358217586170543
"In 2018, the GDP generated in the YREB was estimated at US$5.7 trillion (CNY 40.3 trillion), accounting for 45 percent of national GDP.23 If the YREB were a country, it would be the third-largest economy in the world.24 5.",0.2977409362792969
"A 10â21 percent increase in runoff is forecast for 2041â2070 relative to 1970â2000, 38 which is likely to exacerbate flooding and associated economic costs39 and increase the levels and variations in water pollution (including plastic debris) due to more intense precipitation and floods events resulting in spikes in runoff.",0.41722765835848724
"Significant public and private infrastructure investments have resulted in improved water quality in the Yangtze River Basin; however, further improvements will require institutional measures.",0.8105263276533647
The proportion of major river basins meeting drinking water standards (class IâIII) increased from 61 percent in 2011 to 83 percent in 2020.,0.6654325832020153
"Total phosphorus levels, for example, remain above national standards in some water quality monitoring sections.42 The portion of lakes and reservoirs in the Yangtze River Basin exhibiting âmoderateâ eutrophication43 increased from 31 percent in 2009 to 42 percent in 2018.44 While further infrastructure investments are needed for the control and treatment of point and non-point sources of pollution in specific locations, broader and sustained improvements will require improvements in institutions and management 38 CWR.",0.940884069962935
"39 Floods in 2020, for example, affected 63 million people and caused estimated economic costs of US$26 billion.",0.012788914821364662
"The law calls for local governments to establish water quality baselines, prepare total phosphorus pollution control plans, reduce pollutant discharge through investments in wastewater treatment facilities and piped networks, and control agricultural NPS pollution, including through the promotion of organic fertilizers and control of agricultural plastic film.",0.7557402524081144
"â¢ Marine plastics: The Yangtze River is estimated to be one of the worldâs largest single riverine sources of plastics, which affect marine ecosystems and wildlife via entanglement and indigestion and ecotoxicity.56 The Program builds on an increasing portfolio of World Bank-financed projects supporting the collection and removal of plastic waste,57 including agricultural plastic films that commonly ends up in waterways.58 The Program will support the development of implementation plans for plastic pollution management in demonstration provinces for longer-term institutionalized impact.",0.1767573356628418
"The PforR instrument leverages significant resources under existing Government programs, providing for impact beyond traditional Investment Project Financing (IPF).",0.8688338886607777
"The PforR focuses on a subset of activities where the Government wants to enhance efficiency, effectiveness, and impact of expenditure by linking the disbursement of funds to the achievement of specific results.",0.41718643361871893
Early support in the water sector focused on infrastructure and rural development.,0.5647412646900524
"The Yangtze River Basin Water Resources Project (P003596), for example, approved in 1995, supported multi- purpose dam construction, flood management measures, and the rehabilitation and construction of irrigation schemes with capacity building.",0.8919262452559038
World Bank Financing and Number of Projects by Province infrastructure and sustainable rural development.,0.9033049670132723
The YRPERP will build on China's now considerable capacity for infrastructure development by focusing on contemporary challenges of inter-jurisdictional cooperation and cross-sectoral coordination.,0.4271551045504483
"63Eco-compensation programs aim to financially incentivize improved land and water management by sub-national governments, firms, or households.",0.8052026575261896
"To support the Dongting Lake Basin Plan, the implementation plan70 includes specific targets, including that by 2025: (a) 95 percent of rivers and waterbodies will reach water quality of Grade III, and the level of total phosphorous will be reduced by 10 percent relative to 2018; (b) the utilization rate of animal manure will remain at least 75 percent, and fertilizer consumption will remain at zero growth relative to 2020; (c) the coverage rate of rural wastewater treatment facilities will reach 90 percent, and the coverage rate of rural solid waste collection and treatment will reach 100 percent; and, (d) the area of wetland restoration will reach 1 million mu (66,000 ha).",0.34596716273914685
"The Program contributes to a long-term vision of an economically productive, ecologically sustainable, and climate resilient Yangtze River Basin (Figure 3).",0.3359345089305531
"These plans will incorporate climate considerations (for example, flood risks) in their infrastructure investment recommendations.",0.5832877592606978
 The World Bank Yangtze River Protection and Ecological Restoration Program (P171644) activities that involve the procurement of: (a) works estimated to cost US$75 million equivalent or more per contract; (b) goods and non-consulting services estimated to cost US$50 million equivalent or more per contract; or (c) consulting services estimated to cost US$20 million equivalent or more per contract.,0.0216362787918611
"Program Financing (2022â2026) Central (IPF) Jiangxi (PforR) Hunan (PforR) Total Amount Amount Amount Amount Source % of % of % of % of (US$, millions, (US$, millions, (US$, millions, (US$, millions, Total Total Total Total equiv.)",0.5192936116998846
"Government 0 0 2,519 92.77 3,607 94.84 6,126 93.87 IBRD 7.5 100 196.25 7.23 196.25 5.16 400 6.13 Total program 7.580 0.12 2,715.25 41.60 3,803.25 58.28 6,526 100 financing D. Program Development Objective(s) (PDO) and PDO Level Results Indicators 29.",0.2024737704883922
"The engagement of public institutes established practice in World Bank financed projects in China, including in the GEF Mainstreaming Integrated Water and Environment Management Project (P145897), Economic Transformation and Institutional Capacity Building Project (P144270), Building a Modern Fiscal System Technical Assistance Project (P154694), Yunnan Highway Asset Management Project (P132621), and Guangdong Compulsory Education Project (P154621).",0.5552190867337313
Both Jiangxi and Hunan Provinces have indicated that they would like to apply for a 25 percent advance payment (US$49.0625 million for Jiangxi Province and EUR 42.125 million for Hunan Province) under the PforR.,0.492143761027943
Design of the mechanism was financed through the World Bank TA project âPromoting Economic Reform and Capacity Building â.,0.31226288188587537
"Article 47 requires county governments to make plans for the construction of centralized sewage treatment facilities and supporting sewer networks, to improve sewage collection and treatment capacities, and also emphasizes the need to clarify responsibilities and implement unified management.",0.23737443577159534
Key lessons were derived from the following: â¢ The Danube Water Program (P159654) illustrates the importance of institutional and policy support for strong utilities and sustainable water and wastewater services.,0.6333969723094593
"â¢ The Nile Basin Program (P156765) highlights the benefits of investing in data and information to support infrastructure planning and development, as well as capacity building, in managing joint development of shared water resources.",0.925489685752175
The World Bank has been investing in the countries of the region for more than 20 years under a shared vision to cooperatively and jointly develop shared water resources.,0.39380494031039154
"Regional norms and processes have been established to share information and conduct joint modelling to inform the prioritization, planning, and implementation of investment projects across the basin.",0.6939730644226074
"â¢ The Framework for Adaptation to Climate Change in the Water Sector in Mexico (P120134) was a Development Policy Loan supporting the government's efforts to mainstream adaptation to climate change in the water sector by strengthening institutions, creating water banks, regulations, and monitoring capacity in integrated water resources management, as well as incentives to improve data collection and flows of information; establish watershed management programs to improve water quality at sub-national levels; improve the productivity of irrigation; and, strengthen wastewater treatment to improve water quality for groundwater recharge.",0.2524959390813654
The Chinese experience in complementing infrastructure-led water sector development with inter-jurisdictional institutions for sustainable water management will be valuable for World Bank clients looking to make a similar transition as their development needs evolve.,0.15154628320173782
"An estimated CNY 14 billion (US$2 billion) has been invested through the RBECP from 2016 to 2020 (averaging around US$400 million annually), including approximately US$1.4 billion from the central government through the National Key Ecological Zone Program (NKEZP) supplemented through general provincial budget allocations and county contributions.",0.8003137761896307
"These funds increased substantially from 2016 to 2018 and stabilized in 2019 and 2020, despite the impacts of tax cuts and COVID-19 on fiscal revenues.",0.7195933515375311
"According to the Jiangxi Provincial Department of Finance, the RBECP funds will reach CNY 3,275 million (US$500 million) in 2021 and will be maintained at least at this level during the 14th FYP period and beyond, based on which it is estimated that the RBECP funds for 2022 to 2026 will amount to CNY 16,375 million (US$2,519 million).",0.3198660070245916
The total funding increased significantly from CNY 4.3 billion in 2018 to CNY 4.8 billion in 2019 and CNY 4.9 billion in 2020.,0.4724165743047541
This indicates that the source of funds for the Government program in Hunan Province is stable and guaranteed.,0.012449203567071394
"Provincial commitments toward implementation of the Government program under the 14th FYP (2021 to 2025) amount to CNY 37.12 billion (US$5.73 billion), of which CNY 7.41 billion (US$1.14 billion) is allocated toward investments in water supply protection, CNY 21.99 billion (US$3.40 billion) invested in water pollution prevention and treatment, and CNY 7.72 billion (US$1.19 billion) invested in water ecological protection and restoration, providing an adequate basis for this PforR.",0.901857462796298
"While the economic downturn in the wake of the COVID-19 pandemic negatively impacted Government finances, revenues are estimated to have recovered alongside economic activity in 2021.",0.7194021398370917
"To estimate the Programâs economic benefits, benefit transfer from available environmental valuation research in China was used.",0.27803403680974786
These studies utilize the contingent valuation method92 (CVM) to capture the broad range of benefits (both use and non-use economic values) that are expected.,0.32302997329018335
"Benefit estimates are incorporated into a simple benefit-cost analysis (BCA), applied at the sub-basin level for Poyang Lake and Dongting Lake Basins.",0.5742403810674493
"A 15-year period of analysis was used, with benefits starting in Year 5 of and increasing to their full value within two years.",0.4591518315401944
"Across scenarios, the program is economically robust at both 6 and 12 percent discount rates.",0.5815981518138539
"Economic Rate of Return (ERR) and Net Present Value (NPV) by Basin ERR (%) NPV @ 6% (US$, millions) Poyang Lake Basin 15.7 1,957 Dongting Lake Basin 18.3 3,684 GHG Emissions Mitigation 64.",0.8778356205333363
"They provide reasonable assurance that the Programâs financing proceeds will be used for the intended purposes, with due attention to the principles of economy, efficiency, effectiveness, transparency, and accountability.",0.7347646193070845
"Although the laws could be modernized and aligned to modern principles such as âvalue for moneyâ and âfit for purposeâ, both offer a fair playing field for bidders and promote transparency and competitiveness.",0.7312444340098988
"To avoid substantial deviation between contract price and  The World Bank Yangtze River Protection and Ecological Restoration Program (P171644) the prevailing market price level, the PPMO is required to regularly update the cost estimate by taking account of market variants in a timely manner to ensure realistic value for money is being achieved.",0.4002996358004483
"This could be achieved by (a) providing training on chemical fertilizer use and agricultural waste management to farmers; (b) establishing a sustainable incentive mechanism to increase collection rate, in which the existing jobholders should be appropriately considered, for example, the village cleaners; (c) enhancing the OHS management of the enterprises involved in the Program activities; and (d) establishing a social impacts and risks screening, public participation, monitoring, and reporting mechanism.",0.6661853356794878
"Reduced pollutant loads entering waterways in No Yes demonstration counties (Yes/No) Number of wastewater Number of wastewater management strategies Number of wastewater Number of wastewater Number of wastewater Number of wastewater management strategies management strategies management strategies management strategies management strategies issued: Jiangxi: 0; Hunan: issued: Jiangxi: 0; Hunan: 0 issued: Jiangxi: 3; issued: Jiangxi: 3; issued: Jiangxi: 0; Hunan:issued: Jiangxi: 0; Hunan: 0 10.1 Improved township Hunan:1 Number of Hunan:3; Number of 0 Number of integration 0 Number of integration Number of integration Number of integration domestic wastewater service DLI 3 integration arrangement integration arrangement arrangement arrangement arrangement established: arrangement established: systems (Text) established: Jiangxi: 2; established: Jiangxi: 2; established: Jiangxi: 2; established: Jiangxi: 0; Jiangxi: 0; Hunan: 0 Jiangxi: 0; Hunan: 0 Hunan: 1COD Reduced Hunan: 0 COD Reduced Hunan: 1 COD Reduced Hunan: 2 COD Reduced COD Reduced (tons): (tons): Jiangxi: 3,931.98; (tons): Jiangxi: 4,082.87; (tons): Jiangxi: 4,307.88; (tons): Jiangxi: 4,440.17; COD Reduced (tons): Jiangxi: 3603.15; Hunan: Hunan: 3,451 Hunan: 4,480 Hunan: 4,982 Hunan: 5,356 Jiangxi: 4,573.56; Hunan: 2,753 6,151 10.2 Plastic waste (agricultural film) prevented from entering DLI 4 0.00 592.60 1,324.67 2,102.17 2,917.22 3,754.74 water bodies (Metric ton)  The World Bank Yangtze River Protection and Ecological Restoration Program (P171644) RESULT_FRAM E_TBL_IO Indicator Name DLI Baseline Intermediate Targets End Target 1 2 3 4 10.3 Demonstration counties meeting annual targets for DLI 5 0.00 10.00 10.00 10.00 10.00 10.00 manure utilization (Number) .",0.7934857281771573
"PDARA pollution control and reduction action plan (2022) (6) Provincial implementation plan for agricultural plastic film collection (2023) Jiangxi: (1) Gan River Basin Water Ecology and Environment Management Regulation (2024) (2) Provincial Implementation Plan for Strengthening Plastic Pollution Management (2020) (3) Measures to accelerate the green transformation of express delivery packaging (2021) (4) Provincial Domestic Solid Waste Management Regulations (2022)  The World Bank Yangtze River Protection and Ecological Restoration Program (P171644) (5) Provincial River/Lake (Reservoir) Health Evaluation Guidelines (2021) (6) Provincial M&E protocol for agricultural plastic film collection (2023) RCOs develop and disseminate public engagement manual to guide the implementation and evaluation of public awareness raising activities Semi-annual and campaigns, public report on Manual publicly Provincial PMOs and 3.",0.5198088559237394
"River Chief System Platforms Integrated (Hunan) Type of DLI Scalability Unit of Measure Total Allocated Amount (USD) As % of Total Financing Amount Output Yes Number 40,443,557.00 10.11 Period Value Allocated Amount (USD) Formula Baseline 30.00 2022 68.00 7,919,881.00 US$116,468.8 for each platform connected to the provincial platform 2023 68.00 7,919,881.00 US$116,468.8 for each platform connected to the provincial platform 2024 137.00 8,201,265.00 US$547,492 for the provincial platform connected to basin one; US$56,277.745 for each functional connection maintained 2025 137.00 8,201,265.00 US$547,492 for maintaining the provincial platform connected with the basin one; US$56,278 for each functional connection maintained  The World Bank Yangtze River Protection and Ecological Restoration Program (P171644) 2026 137.00 8,201,265.00 US$547,492 for maintaining the provincial platform connected with the basin one; US$56,278 for each functional connection maintained D LI_TBL_M ATRIX DLI 2 DLI 2a.",0.43496292287653143
"Improved water environment management system in the demonstration sub-basins (Hunan) Type of DLI Scalability Unit of Measure Total Allocated Amount (USD) As % of Total Financing Amount Outcome No Text 39,599,408.00 9.90 Period Value Allocated Amount (USD) Formula Baseline No 2022 Integrated Water and Environment Management 12,811,573.00 US$12,811,572.7 for the approval of Plan covering, among others, for the Yuan River the integrated water and basin approved environment management plan for the Yuan River basin 2023 Technical guidelines for data connection under 12,811,573.00 US$12,811,572.7 for the issuance of the river chief system Information platform the technical guidelines for data issued sharing under the river chief system Information platform 2024 The Ecological Flow Requirements at approved 4,658,754.00 US$4,658,753.71 per year control sections on the mainstream and major tributaries of the Yuan River have been complied with for at least 90% of the days of the CY (excluding the days of Eligible Emergencies) 2025 The Ecological Flow Requirements at approved 4,658,754.00 US$4,658,753.71 per year control sections on the mainstream and major  The World Bank Yangtze River Protection and Ecological Restoration Program (P171644) tributaries of the Yuan River have been complied with for at least 90% of the days of the CY (excluding the days of Eligible Emergencies) 2026 The Ecological Flow Requirements at approved 4,658,754.00 US$4,658,753.71 per year control sections on the mainstream and major tributaries of the Yuan River have been complied with for at least 90% of the days of the CY (excluding the days of Eligible Emergencies) D LI_TBL_M ATRIX DLI 3 DLI 3-1a.",0.3775609189813787
"Improved township municipal wastewater service system (Hunan) Type of DLI Scalability Unit of Measure Total Allocated Amount (USD) As % of Total Financing Amount Outcome Yes Text 57,722,424.00 14.43 Period Value Allocated Amount (USD) Formula Baseline 0 Integrated Wastewater Management Strategy issued; 0 Wastewater Plant and Network Integration Arrangement Established; 2753 tons of COD reduced 2022 1 Integrated Wastewater Management Strategy 9,423,052.00 US$1886.80 per ton of COD issued; 1 Wastewater Plant and Network reduced; US$1.46m for one strategy Integration Arrangement Established; 3451 tons issued; US$1.46m for one of COD reduced at township-level wastewater integration arrangement established treatment plants in the Demonstration Counties 2023 3 Integrated Wastewater Management Strategy 12,820,424.00 US$1886.80 per ton of COD issued; 4480 tons of COD reduced at township- reduced; US$1.46m for one strategy level wastewater treatment plants in the issued; US$1.46m for one Demonstration Counties integration arrangement established  The World Bank Yangtze River Protection and Ecological Restoration Program (P171644) 2024 1 Wastewater Plant and Network Integration 10,855,874.00 US$1886.80 per ton of COD Arrangement Established; 4982 tons of COD reduced; US $1.46m for one reduced at township-level wastewater treatment strategy issued; US$1.46m for one plants in the Demonstration Counties integration arrangement established 2025 2 Wastewater Plant and Network Integration 13,017,396.00 US$1886.80 per ton of COD Arrangement Established; 5356 tons of COD reduced; US $1.46m for one reduced at township-level wastewater treatment strategy issued; US$1.46m for one plants in the Demonstration Counties integration arrangement established 2026 6151 tons of COD reduced at township-level 11,605,678.00 US$1886.80 per ton of COD wastewater treatment plants in the reduced; US$1.46m for one strategy Demonstration Counties issued; US$1.46m for one integration arrangement established D LI_TBL_M ATRIX DLI 4 DLI 3-2a.",0.846074104309082
"River Chief System Platforms Integrated (Jiangxi) Type of DLI Scalability Unit of Measure Total Allocated Amount (USD) As % of Total Financing Amount Output Yes Number 39,830,114.00 9.96 Period Value Allocated Amount (USD) Formula Baseline 50.00 2022 58.00 7,847,400.00 US$135,300 for each functional connection established or maintained 2023 65.00 7,847,255.00 US$120,727 for each functional connection established or maintained 2024 86.00 8,045,103.00 US$197,903 for provincial platform connected to basin platform; US$92,320 for each functional platform connected or maintained 2025 98.00 8,045,200.00 US$197,900 for the maintenance of the provincial with the basin connection US$80,900 for maintaining county connections 2026 112.00 8,045,156.00 US$197,900 for maintenance of the connection of the provincial with the basin platform; US$70,696 for maintaining county connections  The World Bank Yangtze River Protection and Ecological Restoration Program (P171644) D LI_TBL_M ATRIX DLI 7 DLI 2b.",0.5045709176497026
"Improved water environment management system in the demonstration sub-basins (Jiangxi) Type of DLI Scalability Unit of Measure Total Allocated Amount (USD) As % of Total Financing Amount Outcome No Text 39,000,000.00 9.75 Period Value Allocated Amount (USD) Formula Baseline No 2022 Integrated water and environment management 12,000,000.00 US$12 million for the approval of plan for Gan River basin approved the Integrated water and environment management plan for Gan River Basin 2023 A water environment information platform for 12,000,000.00 US$12 million for the establishment the Gan River basin established of water environment information platform for the Gan River basin 2024 The Ecological Flow Requirements at approved 5,000,000.00 US$5 million per year control sections on the mainstream and major tributaries of the Gan River have been complied with for at least 90% of the days of the CY (excluding the days of Eligible Emergencies) 2025 The Ecological Flow Requirements at approved 5,000,000.00 US$5 million per year control sections on the mainstream and major tributaries of the Gan River have been complied with for at least 90% of the days of the CY (excluding the days of Eligible Emergencies) 2026 The Ecological Flow Requirements at approved 5,000,000.00 US$5 million per year control sections on the mainstream and major  The World Bank Yangtze River Protection and Ecological Restoration Program (P171644) tributaries of the Gan River have been complied with for at least 90% of the days of the CY (excluding the days of Eligible Emergencies) D LI_TBL_M ATRIX DLI 8 DLI 3-1b.",0.3709968220103871
"Improved township municipal wastewater service system (Jiangxi) Type of DLI Scalability Unit of Measure Total Allocated Amount (USD) As % of Total Financing Amount Outcome Yes Text 58,940,212.00 14.74 Period Value Allocated Amount (USD) Formula Baseline 0 Integrated Wastewater Management Strategy issued; 0 Wastewater Plant and Network Integration Arrangement Established; 3603.15 tons of COD reduced at township-level wastewater treatment plants 2022 3 Integrated Wastewater Management Strategy 13,650,356.00 US$2,200 per ton of COD reduced; issued; 2 Wastewater Plant and Network US$1m per county issuing a Integration Arrangement Established; 3,931.98 strategy; US$1m per county tons of COD reduced at township-level establishing an integration wastewater treatment plants arrangement 2023 3 Integrated Wastewater Management Strategy 13,982,314.00 US$2,200 per ton of COD reduced; issued; 2 Wastewater Plant and Network US$1m per county issuing a Integration Arrangement Established; 4,082.87 strategy; US$1m per county tons of COD reduced at township-level establishing an integration wastewater treatment plants arrangement 2024 2 Wastewater Plant and Network Integration 11,477,336.00 US$2,200 per ton of COD reduced; Arrangement Established; 4,307.88 tons of COD US$1m per county issuing a reduced at township-level wastewater treatment strategy; US$1m per county establishing an integration  The World Bank Yangtze River Protection and Ecological Restoration Program (P171644) plants arrangement 2025 4,440.17 tons of COD reduced at township-level 9,768,374.00 US$2,200 per ton of COD reduced; wastewater treatment plants US$1m per county issuing a strategy; US$1m per county establishing an integration arrangement 2026 4,573.56 tons of COD reduced at township-level 10,061,832.00 US$2,200 per ton of COD reduced; wastewater treatment plants US$1m per county issuing a strategy; US$1m per county establishing an integration arrangement D LI_TBL_M ATRIX DLI 9 DLI 3-2b.",0.8546224940906871
"Improved township municipal wastewater service system (Hunan) Improved wastewater service system is defined by: (1) the issuance of integrated wastewater management strategy by each demonstration county; such strategy will need to set out institutional arrangements, financial sustainability, performance- Description based measures for integrated operation and maintenance, including considerations on employment equity and a workforce roadmap for addressing gender gaps, measures to increase climate resilience and promote low-carbon  The World Bank Yangtze River Protection and Ecological Restoration Program (P171644) technologies (2) COD Reduced at township-level WWTPs will be measured by influent COD minus discharged COD at the WWTPs (3) Wastewater Treatment Plant and Network Integration Arrangement established.",0.8496245470913973
"Improved township municipal wastewater service system (Jiangxi) Improved wastewater service system is defined by: (1) Integrated wastewater management strategy means a county-level strategy, acceptable to the Bank, to be issued by each Demonstration County, that sets out institutional arrangements, Description financial sustainability, performance based measures for integrated operation and maintenance, including considerations on employment equity and a workforce roadmap for addressing gender gaps, measures to increase climate resilience and promote low-carbon technologies (2) COD Reduced measured by influent COD minus discharged COD at WWTPs (3)  The World Bank Yangtze River Protection and Ecological Restoration Program (P171644) Wastewater Treatment Plant and Network Integration Arrangement means an arrangement, acceptable to the Bank, to be established by each Demonstration County in the form of a contract, an agreement or such other instrument set forth in the Program Implementation Plan, specifying the roles, responsibilities and performance standards for the provision of integrated wastewater services by service provider(s) assigned with the operation and maintenance of the wastewater treatment plants and/or the sewage network.",0.8413841941139915
"An expected US$6,126 million (93.87 percent) will be funded by the Government and US$400 million (6.13 percent) will be financed by IBRD loan (see Section II.C).",0.008435988290743395
"The amounts grew substantially from 2016 to 2018 and stabilized in 2019 and 2020, despite the negative impacts of tax cuts and COVID-19 on fiscal revenue.",0.69861008904197
"According to officials from the Jiangxi PDF, the RBECP funds will reach CNY 3,275 million in 2021 and at least maintain this level during the 14th FYP period and beyond.",0.34310930425470526
"Total funding (CNY, millions) 2,091 2,690 3,125 3,118 3,125 16,375 % of total general public budget 0.97 1.20 1.32 1.25 1.25 2.00 revenue % of GDP 0.11 0.13 0.14 0.13 0.12 0.13 Source: Jiangxi Provincial Department of Finance.",0.5262990864840421
The total funding increased significantly from CNY 4.3 billion in 2018 to CNY 4.9 billion in 2020.,0.54930119080977
This suggests that the source of funds for the Government program in Hunan Province is relatively stable and guaranteed.,0.37155710567127576
"Scale of Water Environmental Management Funds in Hunan Province (2018â2026) 2018 2019 2020 2022â2026 (Estimated) Total funding (CNY, millions) 4,300 4,807 4,961 23,446 % of total general public budget revenue 1.50 1.60 1.65 1.58 % of GDP 0.12 0.12 0.12 0.12 Table 3.3.",0.8003087477250532
"Funding Sources for Water Environmental Management in Hunan 2018â2020 (CNY, millions) 2018 2019 2020 Funding Source Agency 4,299.6 4,807.43 4,960.66 Wastewater and Waste (including sludge management) DHURD 516.91 708.29 598.78 Rural Environment Improvement (including rural waste and DARA 1,857.12 1,315.24 969.61 wastewater management) Water pollution control and reduction DWR 1,146.48 1,744.31 2,412.22 Livestock and Poultry Breeding Pollution Management DARA 779.09 1,039.59 980.05 10.",0.20893877202814276
"Provincial commitments toward implementation of the Government program under the 14th FYP (2021 to 2025) amount to CNY 37.12 billion (US$5.74 billion), of which CNY 7.41 billion (US$1.14 billion) is allocated toward investments in water supply protection, CNY 21.99 billion (US$3.40 billion) invested in water pollution prevention and treatment, and CNY 7.72 billion (US$1.19 billion) invested in water ecological protection and restoration, providing an adequate basis for this PforR.",0.902842868458141
Program expenditure efficiency focuses on whether the Program expenditures can achieve the desired targets and realize value for money.,0.442717508836226
"Therefore, the funding allocation rule provides a strong incentive for the counties to achieve the desirable objectives set by the provincial government and helps ensure value for money.",0.817879243330522
"According to self-reviewed reports from 76 counties in 9 municipalities in Jiangxi Province in 2018, the amount of the RBECP allocated to each county (cities, districts) has a significant negative correlation with its economic development level and with the level of local government financial resources (see Figure 3.2).",0.06919676065444946
"The less developed the local economy is, and the less its fiscal revenues are, the greater the amount of RBECP allocated.",0.4458308653397994
"Allocated RBECP and GDP (left), Total Fiscal Revenue (right) by County in 2018 1.6 12 1.4 River basin ecological compensation fund 10 River basin ecological compensation fund 1.2 income/Total fiscal revenueï¼%ï¼ 8 1 income/GDPï¼%ï¼ 0.8 6 0.6 4 0.4 2 0.2 0 0 0 5 10 15 -2 -0.2 0 20 40 60 80 -0.4 -4 GDPï¼billionï¼ Total fiscal revenueï¼billionï¼ Source: World Bank team based on data from Jiangxi and Hunan PDFs.",0.9188112779097124
"Financial Situation in Terms of General Public Budget, Jiangxi (CNY, billions) CNY, billions As Percentage of GDP (%) 2016 2017 2018 2019 2020 2016 2017 2018 2019 2020 Expenditure 60.85 63.70 73.73 69.81 86.98 3.31 3.15 3.25 2.83 3.39 Revenue 14.66 24.88 27.98 28.98 29.29 0.80 1.23 1.23 1.17 1.14 Tax 4.05 11.74 13.91 14.26 14.11 0.22 0.58 0.61 0.58 0.55 Non-tax 10.61 13.14 14.07 14.72 15.17 0.58 0.65 0.62 0.60 0.59 Transfer from upper-level govts 213.33 231.06 244.82 269.04 224.97 11.60 11.43 10.78 10.91 8.76 Tax rebate 20.44 25.96 25.96 25.96 â 1.11 1.28 1.14 1.05 â General transfer 128.81 138.02 150.21 224.24 â 7.00 6.83 6.61 9.09 â Earmarked transfer 65.34 68.86 69.92 22.55 â 3.55 3.41 3.08 0.91 â (-) Transfer to upper-level government 1.26 1.76 1.26 3.70 2.21 0.07 0.09 0.06 0.15 0.09 Transfer from lower-level govts â179.44 â208.34 â216.45 â238.24 â192.63 â9.76 â10.31 â9.53 â9.66 â7.50 Transfer from cities and counties 8.41 4.98 5.05 9.82 6.91 0.46 0.25 0.22 0.40 0.27 (-) Transfer to lower-level 187.85 213.32 221.50 248.06 199.54 10.22 10.55 9.75 10.06 7.77 governments Transfer from general fund budget and 1.54 1.72 4.92 6.76 â 0.08 0.09 0.22 0.27 â others Overall balance â10.76 â14.38 â12.46 â3.26 â â0.59 â0.71 â0.55 â0.13 â Change in cash balance 4.69 4.22 3.01 â0.73 â 0.25 0.21 0.13 â0.03 â Withdrawal from reserve â0.71 1.54 0.92 â3.73 â â0.04 0.08 0.04 â0.15 â Financing 6.78 8.62 8.53 7.73 â 0.37 0.43 0.38 0.31 â Borrowing 64.77 53.82 53.15 42.03 36.60 3.52 2.66 2.34 1.70 1.42 Debt amortization 57.99 45.20 44.62 34.31 â 3.15 2.24 1.96 1.39 â Notes and Source: Jiangxi PDF.",0.8358975323763761
"Table 3.6: Financial Situation in terms of General Public Budget, Hunan (CNY Billion) Billion CNY As Percentage of GDP (%) 2016 2017 2018 2019 2016 2017 2018 2019 Expenditure 55.69 63.82 75.12 79.55 1.81 1.89 2.07 1.99 Revenue 42.31 48.12 51.44 51.93 1.37 1.42 1.42 1.30 Tax 32.08 34.59 38.14 37.83 1.04 1.02 1.05 0.95 Non-tax 10.23 13.53 13.30 14.10 0.33 0.40 0.37 0.35 Transfer from Upper-Level Governments 310.28 325.53 346.61 362.69 10.06 9.62 9.54 9.09 Tax Rebate 27.55 30.93 30.94 30.93 0.89 0.91 0.85 0.78 General Transfer 181.62 196.18 214.21 307.71 5.89 5.80 5.90 7.71 Earmarked Transfer 104.30 101.94 104.19 30.73 3.38 3.01 2.87 0.77 (-) Transfer to Upper-level Government 3.19 3.52 2.73 6.68 0.10 0.10 0.08 0.17 Transfer from Lower-Level Governments -316.92 -323.14 -336.83 -355.08 -10.27 -9.55 -9.27 -8.90  The World Bank Yangtze River Protection and Ecological Restoration Program (P171644) Billion CNY As Percentage of GDP (%) 2016 2017 2018 2019 2016 2017 2018 2019 Transfer from cities and counties 6.46 6.23 11.44 11.10 0.21 0.18 0.31 0.28 (-) Transfer to Lower-Level Governments 323.38 329.37 348.27 366.18 10.48 9.74 9.59 9.18 Transfer from GFB and Others 3.51 1.83 0.30 0.35 0.11 0.05 0.01 0.01 Overall Balance -16.51 -11.48 -13.60 -19.66 -0.54 -0.34 -0.37 -0.49 Change in cash balance 1.42 -3.96 -1.44 -1.07 0.05 -0.12 -0.04 -0.03 Withdrawal from Reserve -2.13 -1.31 -1.97 2.84 -0.07 -0.04 -0.05 0.07 Financing 17.22 16.75 17.01 19.89 0.56 0.50 0.47 0.50 Borrowing 186.90 119.24 110.20 122.22 6.06 3.52 3.03 3.06 Debt Amortization 169.68 102.49 93.19 102.33 5.50 3.03 2.57 2.57 Notes and source: Department of Finance, Hunan Province.",0.7366510738026012
102 Design of the basin-wide RCS coordination mechanism was supported through the World Bank-financed TA project âPromoting Economic Reform and Capacity Buildingâ and its establishment included as part of the CWRCâs plan during the 14th FYP period for implementing the Yangtze River Protection Law.,0.47349132191051135
China has invested substantially in its wastewater infrastructure systems since 1996 and achieved nearly universal coverage.,0.5757812586697665
The emphasis of Chinaâs wastewater treatment now is to improve the quality of services as well as the efficiency of investment by enhancing financial viability and leveraging private sector participation.,0.887672250921076
"Actions include: (1) Development of integrated wastewater management strategy in demonstration counties, including financial sustainability, integrated O&M, employment equity, workforce roadmap for women and climate resilience and low-carbon technologies; (2) Increased COD reduction (influent COD minus discharged COD) at township-level wastewater treatment plants; and (3) Integrated institution agreements: one entity responsible for O&M of sewer network and wastewater treatment plants.",0.6895897171714089
"The Yangtze River Basin reportedly transmits the largest total volume of marine plastics of any of the worldâs rivers, with an estimated 0.33 (range 0.31â0.48) million tons of plastic discharged into the East China Sea annually.114 The Government is tackling the plastic pollution issue through investments in solid waste management, bans on the import of waste recycling materials, bans on some single- use plastic items, regulations on the use of agricultural plastic film, improved monitoring, reporting and supervision, and promotion of eco-design and material recycling, among other measures.",0.7399806976318359
"The two main challenges are to provide adequate financial incentives to farmers for collection, and to establish financially sustainable channels for recycling.",0.8031996813687411
"The 14th Five-Year Period calls for (a) further increasing the resource utilization rate to 85 percent; (b) establishing a system of animal waste treatment, processing, and returning to the field as fertilizer; and (c) attracting private financing through innovative modes, including public-private partnership and other mechanisms.",0.7916828502308239
Public sector financing is justified by expected positive externalities in line with the Program's focus on public goods.,0.15064788948405872
"Specific private sector actors do not capture the economic benefits of most Program outcomes, limiting the possibility for private financing for many activities (that is, benefits are diffuse and public).",0.8834961110895331
"The Program will develop institutional systems, which will sustain and scale the activities delivering these benefits beyond the Programâs life, with a focus on increasing transparency and efficiency in achieving these outcomes relative to a âno Programâ scenario.",0.583555048162287
"The PforR will provide value-add by focusing on a subset of activities where the Government wants to enhance efficiency, effectiveness, and impact of expenditure.",0.7935912392356179
"This economic assessment uses a simple BCA based on benefit transfer, applied at the sub-basin level for Poyang Lake and Dongting Lake Basins.",0.30559214678677643
"To estimate the programâs economic benefits, benefit transfer from available environmental valuation research in China was used.",0.27803403680974786
These studies utilize the contingent valuation method125 (CVM) to capture the broad range of benefits (both use and non-use economic values) that are expected.,0.32521872086958453
The lower identified estimate was used for a conservative approximation (0.55 percent of household income) of the values Jiangxi and Huanan residents place on improving water quality in these two basins.,0.2060491605238481
"Estimation of Annual WTP Value and Government program Cost130 WTP (0.55% of Government Provincial Population Annual Per Capita Gross income) program Cost (Million) Income (US$) (US$, millions, annual) (US$, millions, total) Jiangxi (Poyang Lake 40.90 5,172 1,163 2,714 Basin) Hunan (Dongting Lake 67.10 5,700 2,104 3,802 Basin) 44.",0.899915175004439
Net economic benefits are positive under a range of discount rates based on conservative assumptions.,0.942600510337136
"Overall program benefits have been projected with the assumptions that (a) investment will be completed within 5 years; (b) benefits will accrue starting from year 5 for a total of 15 years, with full benefits being reached from year 7 onward; (c) operating and maintenance costs of infrastructure and other recurrent costs will be 10 percent of the total program investment cost; and (d) discount rates are 6 and 12 percent131 (Table 3.10).",0.9273048747669567
"ERR and NPV of Water and Ecology Improvements in Program Sub-basins Based on Benefit-Transfer (US$, millions) ERR (%) NPV @ 6% NPV @ 12% Poyang Lake Basin (lower estimate) 15.7 1,957 1,590 Dongting Lake Basin (lower estimate) 18.3 3,684 752 126 Day, B. and Mourato, S. (1998).",0.8548261469060724
Technical Note on Discounting Costs and Benefits in Economic Analysis of World Bank Projects.,0.9206462339921431
The discount rate is recommended to be 6 percent for investments with long-term unquantified social and environmental benefits.,0.745520678433505
"This calculation represents the net present value (at lower and upper bound prices) of the quantified emissions mitigation at a 6 percent discount rate, over 15 years consistent with the economic analysis.",0.3040259968150746
"The systems can reasonably assure that the Programâs financing proceeds will be used for the intended purposes, with due attention to the principles of economy, efficiency, effectiveness, transparency, and accountability.",0.7351979342373934
"Jiangxi Province integrated fiscal transfers from the central government, budgetary funds from local governments and the market, and established Jiangxiâs River Basin Ecological Compensation Fund s ince 2016 (the Program the Bank will finance).",0.30222511291503906
"TBL focuses on construction related works, goods, and consulting services, while GPL focuses on fiscal budget funds financed purchasing activities carried out by government departments, institutions, and organizations.",0.3531027273698287
Multiple-year program budgeting should be prepared to ensure program funds could be secured and county government could prioritize its investment to enhance the efficiency of its scarce financing resources.,0.9216564351862128
"Although the laws could be modernized and aligned to modern principles such as âvalue for moneyâ and âfit for  The World Bank Yangtze River Protection and Ecological Restoration Program (P171644) purposeâ, both offer a fair playing field for bidders and promote transparency and competitiveness.",0.8277534138072621
"The financing sources of the Program are quite comprehensive, PIP: Multiple-year program budgeting should be prepared to ensure integrating funds from very broad sources, and some of them are Program funds could be secured and the county government could one-time compensation funds; budget quota was distributed to prioritize its investment to enhance the efficiency of its scarce financing counties/cities in batches and some Program funds were delivered in resources; provincial entities should revisit their budget quota 136   The World Bank Yangtze River Protection and Ecological Restoration Program (P171644) Risk Mitigation Action the second half of the year or even the year-end, which prevents the distribution and take actions to ensure the budget quota could be county government from including the entire Program funds in its distributed to the county/city in advance.",0.8873295350508257
questionable as to whether it offers value for money as the price is predetermined and bidders canât offer a lower price.,0.21599180048162286
"(b) Hunan provincial (and county) agriculture and rural affairs bureau should establish a sustainable incentive mechanism to increase the collection rate of agricultural plastics, in which the existing jobholders should be appropriately considered, for example, the village cleaners.",0.829299579967152
"The engagement of public institutes established practice in World Bank-financed projects in China, including in the GEF Mainstreaming Integrated Water and Environment Management Project (P145897), Economic Transformation and Institutional Capacity Building Project (P144270), Building a Modern Fiscal System Technical Assistance Project (P154694), Yunnan Highway Asset Management Project (P132621), and Guangdong Compulsory Education Project (P154621).",0.4867879260670055
"140The Economic Transformation and Institutional Capacity Building Project (P144270) provided financing for TA on a range of priority reform areas, including river basin management.",0.849796555259011
"The Central Basin IPF is not anticipated to support any physical activities, directly draft policies or regulations, or support feasibility studies/technical designs for future investment projects.",0.8247769962657582
"For example, there could be construction/operation nuisance and community health and safety risks from civil works of physical investment projects following the TA recommendations, such as wastewater and solid waste collection and treatment facilities, sampling and monitoring stations, ecological remediation and river/lake connection works, and so on.",0.5897371552207253
"The Basin IPF would finance TA, goods and non-consulting services, and incremental operating expenses.",0.7897693460637872
"The PPSD states how procurement activities will help the project achieve its development objective and deliver best value for money using the fit-for-purpose procurement and risk-managed approach, giving due consideration to specific project needs and to the countryâs operational and market context.",0.6831693649291992
