seq,pro-growth
Sustaining economic growth and macroeconomic balances has proven challenging in the face of a sequence of economic shocks.,0.6230316162109375
"During 2021-2022, the economy experienced a strong rebound, with gross domestic product (GDP) fully recovering to pre-pandemic levels.",0.7163381576538086
"Growth in 2022 reached 4.8 percent as private consumption, exports, and investment expanded despite increasing energy and food prices.",0.7560379721901633
"Growth is expected to be moderate in 2023, despite another year of exceptional increase in tourism.",0.6108166521245783
"Yet, sustaining the pace of reforms has been challenging and rising inflation could dim Albaniaâs growth prospects.",0.2095597874034535
"Through more green, resilient, and inclusive development, Albania can ensure that growth gains are sustainable.",0.10308834639462558
"The sector directly supported 20 percent of the total employment in 2021, 1 recording a direct contribution of US$3 billion, accounting for about 17.4 percent of GDP 2 with an annual growth rate of 10â15 percent.",0.7660694989291105
"3 The economic contribution of the tourism sector through indirect multiplier effects is estimated at US$3.4 billion, which represents 26.2 percent of the GDP.4 The economic impact of COVID-19 has underscored the need for Albania to rebalance its approach to tourism development, as part of a strategy to build back better.",0.8563818498091265
"Accession to the EU and its continued commitment to a Green Deal are strong incentives for the country to boost its reform agenda including better stewardship of natural resources, environmental protection, and addressing of climate change.",0.11677028916098854
Towards Sustainable Tourism in Albaniaâs Vjosa River Region: An Analysis of the Key Constraints and Opportunities to Create More and Better Jobs in the Region around Europeâs Last Wild River.,0.7169947624206543
"With its unique natural assets and cultural heritage, the South Coastal Belt has distinctive potential for high- value tourism as a driver of local, regional, and national economic growth.",0.6464043097062544
"A recent World Bank study estimated the economic loss in Albania due to marine litter in 2017 at â¬1.74 million to the fishing fleet, and in the range of â¬1.73â5.62 million for beach cleaning.",0.0920268405567516
Realizing the Blue Economy Potential in Albania.,0.04186985167590054
"16 Fiscal transfers from the central government to the municipalities often cover the gap, but as the system is modernized, higher cost recovery will be required for investment and higher operational expenses.",0.91634446924383
"While there is no plan for construction waste minimization, reuse, and recycling, the Government intends to develop a circular economy approach with regard to the sector.",0.24124672196128152
"Albania has developed a strong regulatory framework for water supply and sanitation (WSS) service delivery, but most WSS utilities are trapped in a downward spiral of low revenue and low levels of service delivery.",0.5735276395624335
"The financial viability of most WSS utilities is very low, in part due to politically driven low tariff levels, which limits the overall availability of sector funding sources to improve and expand WSS service delivery.",0.9005125219171698
More investments are needed to expand the sewage network and wastewater treatment to cover a higher share of the population and bridge the urban-rural divide.,0.9376798109574751
"Investing in NBS can help wastewater treatment operators lower their operational costs, access new revenue streams, increase customer engagement, and provide public environmental goods and services.",0.8772834431041371
"The focus on pollution reduction and prevention measures will include investments in grey and green infrastructure and in human capital for behavior change to address (a) improved and integrated management of municipal waste â including plastic waste â to move towards a more circular economy in the Vlora South-Gjirokaster Waste Zone and (b) water pollution from point sources, specifically untreated sewage, and NPSs such as sediment and runoffs from manure in the Vjosa River Basin (Map 4.1, annex 4).",0.8592931574041193
It will deliver integrated investments that meet key priorities set forth in the GoAâs development strategies.,0.8263436230746183
"These include Albaniaâs National Strategy for Development and Integration and its objectives of European integration and sustainable use of resources and territorial development; the National Strategy for Sustainable Tourism Development (2019â2023) and its strategic goal for developing Albania as a hospitable, attractive, and authentic destination for sustainable development of the countryâs economic, natural, and social potentials; Albania 2030 Integrated Cross-Sectoral Plan for the Coastal Belt presenting a vision for the sustainable development of the Albanian coast until 2030; the National Integrated Waste Management Plan 2020â2035, being the main strategic plan for waste management in Albania; the Albanian National Strategy of the Water Supply Sector and sewerage 2020-2030 and the Strategic Policy Document and the National Sectoral Plan for solid waste.",0.6356243220242587
"JMP WASH data, used in the State of the Sector Report 2018 Update, also show higher levels of piped water coverage for rural and urban areas (which includes self-supply), as well as higher levels of basic and safely managed sanitation (due to a large share of on-site flush toilets).",0.49339168721979315
23 Negotiations and Investment Planning Support proposal.,0.11916698109019887
0 The World Bank Clean and Resilient Environment for Blue Sea Project (P176163) productivity and sustainability of the Vjosa River region.,0.3421752452850342
The project is aligned with the WBG Country Partnership Framework (CPF) (FY23-27) 26 which includes âimproved competitiveness of key sectorsâ as CPF Objective 1.2 and âimproved provision of municipal servicesâ as CPF Objective 2.3.,0.6198107979514382
The project approach integrates EU policy objectives of these directives by overlaying its investment activities in the South-West Coastal Belt of Albania and achieve Albaniaâs aspirations for clean and green development.,0.874690749428489
The dual focus on investments in solid waste and sewage encompasses the foremost defense against pressures on water bodies and coastal landscape on which the local economy depends.,0.46156844225796784
"177135-AL, discussed by the Board of Executive Directors on  27 A New Circular Economy Action Plan: For a Cleaner and More Competitive Europe, .",0.2876964048905806
"The project applies an integrated approach to SWM investments, considering circular economy principles, and supports a system that is more environmentally, financially, and operationally sustainable.",0.7930034290660511
"This component will finance consulting services, non-consulting services, goods, and training.",0.7422115152532404
Subcomponent 1.2: Environmental-Performance Based Investments for local pollution prevention (EUR 9.44 million (USD 10.00 million equivalent)) 33.,0.3906730738553134
This subcomponent will finance the EPBIs to municipalities in the Vlora South-Gjirokaster Waste Zone for improved municipal waste management.,0.5217954028736461
These local investments will support behavior change for cleaner and greener urban space and healthier coastal and aquatic ecosystems.,0.04309652610258623
"This component will finance construction works, consulting services, non-consulting services, goods, and training to operate and maintain sewer systems, trucks, and treatment plants.",0.9087605042891069
Subcomponent 2.1: Expansion of sanitation infrastructure (EUR 54.55 million (USD 57.81 million equivalent)) 37.,0.9132719039916992
This subcomponent will finance investments in infrastructure improvements in selected municipalities to improve sanitation services and reduce/control point source pollution of waterbodies within the Vjosa River Basin.,0.9180750413374468
"The project will support (i) the construction of selected sanitation facilities; (ii) rehabilitation, improvement, and expansion of sewers; (iii) provision and installation of on-site or decentralized sanitation solutions (such as individual systems not connected to a central wastewater treatment system); and (iv) provision of operational equipment, including vacuum trucks and tools for sewer network maintenance; (v) carrying out an assessment of pollutants and sludge quality; and (vi) provision, implementation and monitoring the Intra-Domiciliary Sanitation Investments (IDSI) for qualifying 29 households.",0.7023885466835715
Subcomponent 2.2: Improved sanitation facilities and management (EUR 0.96 million (USD 1.02 million equivalent)) 39.,0.8270726637406782
The project will support small-scale investments to prevent nutrient runoffs from agriculture and siltation from erosion in select locations of the Vjosa River Basin.,0.43124957518144086
"The small-scale investments promoting sustainable agriculture practices, livestock manure management, pasture regeneration, organic fertilization, composting, and improved farming practices, will engage farmers and local user groups from the villages in the watershed of the Vjosa River.",0.5632163394581188
"Summary of Project Costs, Financing, and Responsible Entity by Component Implementing Components Cost (EUR, millions) Agency (IA) Component 1: Promote Integrated and Circular Approaches for Protection of MoTE 13.03 Landscapes and Water Resources Subcomponent 1.1: Institutional support for sustainable performance, enhanced MoTE 1.04 monitoring and transition to circular economy Subcomponent 1.2: Environmental-Performance Based Investments for local MoTE 9.44 pollution prevention Subcomponent 1.3: Behavioral change support and dissemination for scaling up MoTE 2.55 Component 2: Reduce Water Pollution in the Vjosa River MoTE/AKUM 58.56 Subcomponent 2.1: Expansion of sanitation infrastructure AKUM 54.55 Subcomponent 2.2: Improved sanitation facilities and management AKUM 0.96 Subcomponent 2.3: Non-point source pollution prevention MoTE 3.05 Component 3: Project Management, Monitoring and Evaluation MoTE/AKUM 3.91 Subcomponent 3.1: Management and coordination activities by MoTE MoTE 2.39 Subcomponent 3.2: Management and coordination activities by AKUM AKUM 1.52 TOTAL 75.50 C. Project Beneficiaries 42.",0.3791237310929732
"The project activities are expected to directly benefit an estimated 138,800 people (5 percent of the Albanian population) through improved SWM and sanitation services.",0.8771227056329901
"An estimated 87,000 beneficiaries in selected municipalities will benefit from better SWM with increased collection, separation, and recycling of municipal waste.",0.4655544541098855
"An estimated 51,800 beneficiaries in selected municipalities will also benefit from gaining access to new and/or improved sanitation services.",0.797472433610396
"Institutional stakeholders, namely MoTE and AKUM, are expected to benefit, along with municipal governments, from better solid waste and sanitation management, monitoring and improved planning environment, an improved regulatory framework for operational and financial sustainability, and capacity building and training workshops.",0.6275425390763716
"The central problem statement the project tries to address is aquatic pollution from land-based sources (municipal waste, wastewater, sediment, and nutrients) damaging the economic development potential based on the natural assets of the South-West Coastal Belt of Albania.",0.8173924359408292
"Planned activities are expected to help reduce pollution at the landscape level, and in the long run, these outcomes will result in economic gains and enhance the well-being of Albanians, generate climate co-benefits for increased resilience, and support Albaniaâs transition to the circular economy and alignment with the EU acquis.",0.6364022601734508
"The WBG adds value by convening global experience, knowledge, sectors, and organizations to support investing in adequate solutions.",0.6018192551352761
"The project aims at coordinating and maximizing potential sources of finances, prioritizing grants for TA, building capacity, and piloting innovative pollution reduction approaches through the EPBI.",0.46834958683360706
The remaining activities are of a public sector nature and focus on creating the right environment for the implementation of pollution reduction strategies that are more efficient and environmentally sustainable and supporting priority investments that cannot be supported by the private sector.,0.8334438150579279
"To ensure the sustainability of public investments in the coastal areas of Albania, a consensus among various development partners and country stakeholders is essential.",0.5358967781066895
"To address this challenge, the project will make the best use of the resources and technical knowledge available to support implementation of NBS, for example, the World Bank and the Natural Capital Project 31 have together developed knowledge to enable rigorous NBS benefit assessment to inform projects across sectors.",0.4795214046131481
AKUM will establish a Project Coordination Unit (PCU) which will also manage the World Bank-funded Program-for-Results on National Water Supply and Sanitation Sector Modernization Program.,0.6819873723116788
"Moreover, project investments are complementary to the ongoing Albania Sustainable Growth (P178202) Development Policy Financing (DPF) which includes related prior actions on ban of single-use plastic bags and approval of an EPR.",0.620162617076527
"The financial viability of SWM and WSS are presently very low, in part due to politically driven low tariff levels, which limit the overall availability of funding sources to improve and expand service delivery.",0.8572024432095614
"With regard to 8 The World Bank Clean and Resilient Environment for Blue Sea Project (P176163) investments in WSS utilities, technical inputs for ERRU will be provided to update the regulatory framework on sanitation cost structure, including a framework for setting tariffs/fees for sanitation that reflect the costs of providing services and the payment capacity of users (Subcomponent 2.2).",0.8076764887029474
"Moreover, specific activities to support the overall sector reform are planned under the complementary National Water Supply and Sanitation Sector Modernization Program (P170891) program-for-results operation which includes as Result Area 2 âto improve the operational efficiency and financial performance of WSS utilities by supporting business planning and targeted investments.â The EPBI to the municipalities (Subcomponent 1.2) includes cost recovery as one of the three criteria monitored for reward, thus providing an incentive to improve financial sustainability.",0.8920320164073597
The economic cost-benefit analysis has been carried out to assess the economic viability of the proposed investments.,0.8624072508378462
"The project is expected to bring sizable economic and social benefits to the local communities, business, and industries by reducing pollution from land-based sources into the aquatic environment in selected areas of the South-West coastal belt of Albania.",0.900101054798473
Reduction of point and NPS sources through investments in wastewater treatment and other sanitation facilities would improve the public and ecosystems health by reducing the risk of diseases and protecting quality of surface and groundwater resources in the Vjosa river basin.,0.4491856748407537
"The cleaner environment will improve the aesthetics of the coastal area and provide additional opportunities for the development of tourism, increasing employment and incomes of the local population.",0.916277365251021
The package of proposed investments in improving municipal solid waste management and wastewater treatment and sanitation facilities in the project area was found to be economically viable with the project Economic Rate of Return (EIRR) estimated at 9.5 percent and the Net Present Value (NPV) of USD 22.1 million at a discount rate of 6 percent (see annex 6).,0.9200160286643289
The benefits quantified in the economic analysis capture only part of the project benefits and their total economic value estimated in this EA is considered conservative.,0.27858287637883966
"Using the shadow prices of carbon as recommended by the World Bank Guidance for a low- and high-level scenarios, it was estimated that the value of the GHG emissions reduction over the project lifetime constitutes between 3.8 percent (the low case) and 7.4 percent (the high case) of the project total net benefit, increasing the project NPV to USD 26.6 million and USD 31.2 million, and EIRR to 10.1 percent and 10.7 percent, respectively to the low and high case scenarios.",0.6195304610512473
"The project will improve the quality and reliability of important public services notably sewage water treatment, and collection and processing of solid waste, thus improving the environmental and socio-economic situation in the project area.",0.672240517356179
"Given that investment locations are not determined precisely, a Resettlement Policy Framework (RPF) to guide the project in dealing with restrictions to access, 1 The World Bank Clean and Resilient Environment for Blue Sea Project (P176163) or any economic and/or physical displacement will be prepared.",0.47390127182006836
"The 2 The World Bank Clean and Resilient Environment for Blue Sea Project (P176163) feasibility studies and engineering designs (financed under the IPF) of facilities and infrastructure for the projectâs investments will include building resilience to drought, flooding, and sea level rise where relevant.",0.8375579660589044
"Further increases in energy prices are a key risk to growth, as they could affect real disposable income, slow poverty reduction, and constrain fiscal space.",0.8825609900734641
"Moreover, as a small, open economy, Albania is highly exposed to external shocks, such as recession in Europe or further tightening of financing conditions in international capital markets beyond the current year.",0.25873253562233667
"These will be mitigated by the fact that project will strengthen the financial sustainability of waste management utilities through activities that support cost recovery, tariff setting, and collection studies and through technical inputs support to update the regulatory framework on sanitation cost structure, including a framework for setting tariffs/fees for sanitation.",0.7848242846402255
"Moreover, specific activities to support the overall sector reform are planned under the complementary National Water Supply and Sanitation Sector Modernization Program (P170891) program-for-results operation.",0.6850608478892933
"As the 2021 EU Commission Report on Albania recalls, Albaniaâs final EU accession depends on lasting, in-depth, and irreversible reforms across fundamental areas, starting with the rule of law and the functioning of democratic institutions.",0.23003963990644974
"Further, as part of project preparation, a pilot implementation of the decision tree framework for sanitation infrastructure has started for the municipality of Permet, which will allow for early implementation of activities.",0.5013953555714
"The risk will be further mitigated by the project through institutional development, and improved data management to ensure investments are sustainably planned, implemented, and operated.",0.9213224757801403
"Moreover, the central government has demonstrated a high level of political leadership and committed additional state budget allocations for investments and TA resources through the proposed project, the Albania Water Supply and Sanitation Sector Modernization Project (P170891), and the Albania Sustainable Growth (P178202) Development Policy Financing (DPF).",0.834965012290261
These will serve as an incentive for waste and water utilities to engage in reform and improve performance.,0.7700891494750977
"Moreover, the construction of planned infrastructure could affect private lands.",0.6893100305037065
"Project Management, Monitoring and Evaluation 8 The World Bank Clean and Resilient Environment for Blue Sea Project (P176163) Monitoring & Evaluation Plan: PDO Indicators by PDO Outcomes To reduce pollution from land-based sources into the aquatic environment Population covered by municipal waste collection service (Percentage) This indicator measures the number of people benefiting from municipal waste collection service out of the total Description number of people in the Vlora South â Gjirokaster waste zone.",0.5164128650318492
Responsibility for Data NEA/AKUM Collection Monitoring & Evaluation Plan: Intermediate Results Indicators by Components Component 1: Promote Integrated and Circular Approaches for protection of Landscapes and Water Resources Municipalities improving waste management service performance (Number) This indicator measures the improvement of municipal solid waste management in municipalities benefitting from environmental investments for local pollution prevention/reduction.,0.7957949204878374
"collection, recycling, transfer, and/or disposal costs) Frequency Yearly Data source Performance Monitoring Information System established at municipalities/ Project progress reports Methodology for Data Annual revenue from waste management (fee collection) as a percentage of the total cost of municipal solid waste Collection service delivery in selected municipalities that qualify for EPBI investments Responsibility for Data Municipalities/NEA Collection Municipal waste recycled (Metric tons/year) Description This indicator measures the weight of waste collected annually by municipalities that is then separated for recycling Frequency Yearly Data source Reports produced by the municipal wasterecycling centers Methodology for Data Total municipal waste collected and separated for further processing (recycling) is weighed at municipal waste recycling Collection centers Responsibility for Data Municipalities/NEA/ site operators Collection Municipalities with a Performance Monitoring Information Systems (MIS) for municipal solid waste that is operational and reporting on key KPIs (Number) This indicator measures the operationalization and effective adoption by targeted municipalities of the MIS set up by the Description project for monitoring municipal solid waste management.",0.6773098598827015
Frequency Twice during the life of the project (mid-term review and project completion Data source Communication from municipalities Methodology for Data Observation Collection Responsibility for Data MoTE/NEA and Municipalities Collection Component 2: Reduce Water Pollution in the Vjosa River New treatment plants for wastewater / sludge established and operational (Number) This indicator measures the extended coverage of wastewater / sludge treatment plants.,0.6881390051408247
Frequency Once at project completion Data source Project Completion report Methodology for Data Observation Collection Responsibility for Data MoTE/AKUM Collection Infrastructure integrating climate change related risks in the design (Percentage) This indicator measures the share of infrastructure financed or supported by the project that have been designed taking Description climate change risks into account Frequency Twice during the life of the project (mid-term review and project completion) Data source Project Progress Report Methodology for Data The ratio of facilities number considering climate resilience aspects in design toward total number of designed facilities Collection under the project will produce the indicator 0 The World Bank Clean and Resilient Environment for Blue Sea Project (P176163) Responsibility for Data MoTE/AKUM Collection On-site/decentralized sanitation solutions implemented and operational (Number) This indicator measures the number of individual sanitation solutions financed by the project.,0.7900445244529031
"The sanitation solutions Description are a combination of grey and green infrastructure, and will include new sanitation facilities for urban agglomerations as well as on-site or decentralized sanitation solutions.",0.7023842118003152
Frequency Twice during the life of the project (mid-term review and project completion) Data source Project Progress Report Methodology for Data Observation Collection Responsibility for Data AKUM Collection People provided with access to improved sanitation services (Number) CRI The indicator measures the cumulative number of people who benefited from improved sanitation facilities that have Description been constructed through operations supported by the World Bank.,0.9513551538640802
Frequency Twice during the life of the project (mid-term review and project completion) Data source Mid-Term and Final Beneficiaries Survey Methodology for Data Survey Collection Responsibility for Data AKUM Collection People provided with access to improved sanitation services - Female (RMS requirement) (Number) CRI The indicator measures the cumulative number of people (females) who benefited from improved sanitation facilities Description that have been constructed through operations supported by the World Bank.,0.9444008740511808
Frequency Twice during the life of the project (mid-term review and project completion) Data source Mid-Term and Final Beneficiaries Survey Methodology for Data Survey Collection Responsibility for Data AKUM Collection People provided with access to improved sanitation services - rural (Number) CRI The indicator measures the cumulative number of people (rural) who benefited from improved sanitation facilities that Description have been constructed through operations supported by the World Bank.,0.955215800892223
Frequency Twice during the life of the project (mid-term review and project completion) Data source Mid-Term and Final Beneficiaries Survey Methodology for Data Survey Collection Responsibility for Data AKUM Collection People provided with access to improved sanitation services - urban (Number) CRI The indicator measures the cumulative number of people (urban) who benefited from improved sanitation facilities that Description have been constructed through operations supported by the World Bank.,0.9548051140525124
Frequency Twice during the life of the project (mid-term review and project completion) Data source Mid-Term and Final Beneficiaries Survey Methodology for Data Survey Collection Responsibility for Data AKUM Collection People with access to safely managed sanitation services (Number) Description This indicator will measure the impact of the expansion of sanitation infrastructure supported by the project on the 1 The World Bank Clean and Resilient Environment for Blue Sea Project (P176163) population.,0.8984302173961293
Frequency Twice during the life of the project (mid-term review and project completion) Data source Mid-Term and Final Beneficiaries Survey Methodology for Data Survey Collection Responsibility for Data MoTE/AKUM Collection Municipalities with a GIS-based information system operational (Number) This indicator measures the number of municipalities benefitting from the improved monitoring of the provision of Description sanitation services and environmental protection.,0.8177224072543058
Frequency Twice during the life of the project (mid-term review and project completion) Data source Report from MoTE Methodology for Data The measurements are realized based on the assessments of volume of works derived from the certified situations by Collection assigned teams of experts Responsibility for Data MoTE/ Vjosa Park Administration Collection Share of activities that are designed and implemented through engagement of stakeholders and public (Percentage) This indicator measures the stakeholder engagement in the design and implementation of the project.,0.16045598550276322
AKUM will establish a Project Coordination Unit (PCU) which will also manage the World Bank-funded Program-for-Results on National Water Supply and Sanitation Sector Modernization Program.,0.6819873723116788
Municipal utilities will work with AKUM to develop higher technical capacities and to achieve economies of scale for service provision through the utility aggregation planned in the strategy.,0.8935630971735175
"Municipalities and municipal utilities in the Vjosa River Basin will assess current needs, participate in project planning, and monitor progress toward the achievement of specific sanitation targets in their territories (Component 2).",0.49340261112559924
"The last Public Expenditure and Financial Accountability assessment for Albania, from 2016, concluded that Albania has advanced in some areas such as budget credibility, elements of fiscal transparency, monitoring of expenditure arrears, and procurement.",0.35254211859269574
Local investment programs.,0.6891901709816672
The projectâs total value is US$80 million.,0.6374452330849387
"Works will total US$49.7 million, followed by goods and non-consulting services in the amount of US$13.",0.6084397489374335
0 The World Bank Clean and Resilient Environment for Blue Sea Project (P176163) 10 million and consultancy services in the amount of US12.38 million.,0.5346348068930886
The project will also include two investment schemes in the amount of US$9.42 million.,0.9090594378384677
Experience from MoTE and AKUM highlighted both local and foreign construction enterprises have interest in participating in similar biddings (usually 4â6 bidders expressed interest in each tender of similar works).,0.47741417451338336
Works required under the project include the construction of six new WWTPs for urban agglomerations in the priority municipalities.,0.35582746158946643
Implementation of investments scheme.,0.6994292085820978
"Investments scheme will be provided (i) under Component 1 through EPBIs to municipalities in the project area which commit to improved environmental services and (ii) under Component 2, through IDSIs to qualifying households.",0.14180573550137607
AKUM also has experience in implementing World Bank projects (Water Sector Investment Project which was completed in March 2020 and the Program-for-Results on National Water Supply and Sanitation Sector Modernization Program (P170891) which became effective in May 2023).,0.9131609309803356
"The majority of activities to be implemented by AKUM are works contracts, not complex by nature of investment but spread across different municipalities.",0.47195607965642755
"Project Climate co-benefits by Components Components Climate Adaptation Climate Mitigation Component 1: â¢ Local investments and technical â¢ The project will support reforms in Promote Integrated support for behavior change SWM that help reduce sectoral and Circular incentives and to support the GHG emissions (for example, Approaches for adoption of waste separation and improved data management and Protection of improved sanitation will facilitate smart monitoring for improved Landscapes and Water the transition from a climate- performance).",0.8082706278020685
6 The World Bank Clean and Resilient Environment for Blue Sea Project (P176163) Components Climate Adaptation Climate Mitigation Component 2: Reduce â¢ All investments will consider â¢ Improved efficiency in wastewater Water Pollution in the climate-change-related risks to management service provision will Vjosa River ensure climate resilience of planned contribute to reducing the sector infrastructure.,0.7544273029674183
"maintenance and operation, â¢ Construction of planned including smart lighting, efficient infrastructure will adhere to design electricity measures, and building principles that ensure climate envelope design considerations.",0.08741734244606712
The committees will ensure local citizensâ feedback and suggestions are addressed by the infrastructure improvements and will enable participatory monitoring of sanitation solution constructions.,0.14390271360223944
Rapid and frequent citizen â¢ Collect data on beneficiariesâ perceptions on infrastructure satisfaction surveysâ improvements and the EPBIsâif they reflect their needs.,0.622487024827437
"Improving Human Endowments (health, education, and social protection) Women are more affected by the lack of Under the Intra-Domiciliary Sanitation Investments wastewater treatment and by an inoperative (IDSIs) (annex 5 paragraph 23) for improved sewerage system due to their domestic and sanitation facilities, project investments will increase health and hygiene needs.",0.720124981620095
"The project applies an integrated approach to SWM investments, considering circular economy principles, and support for more sustainable system environmentally, financially, and operationally as the waste management system modernizes.",0.8141582662409003
"This component will finance consulting services, non-consulting services, goods, and training.",0.7422115152532404
"Waste Zones and Regional Waste Management Facilities in Albania Subcomponent 1.1: Institutional support for sustainable performance, enhanced monitoring and transition to circular economy (EUR 1.04 million (USD 1.10 million equivalent)) 3.",0.020613105459646744
Subcomponent 1.2: Environmental-Performance Based Investments for local pollution prevention (EUR 9.44 million (USD 10.0 million equivalent)) 5.,0.5684813586148348
"Municipalities will receive local investment upon measurable and sustained improvements on solid waste collection, increased solid waste service coverage levels, and/or cost recovery.",0.39088747718117456
These local investments will support behavior change for cleaner and greener urban space and healthier coastal and aquatic ecosystems.,0.04309652610258623
The following additional factors will be used for municipality prioritization: (i) Development of a waste management investment plan (ii) Adequate number of technical waste management staff for planning and operations as well as data management and monitoring functions 7 The World Bank Clean and Resilient Environment for Blue Sea Project (P176163) (iii) Development of a capacity-building plan to support improvements of targeted key performance indicators (KPIs) (iv) Budget allocation and investments in SWM and circular economy over the past four years.,0.8837613192471591
The anticipated design of the program is as follows: Annual Administrative Arrangements â¢ MoTE should publish performance guidelines for the calendar year and the formula that will be used in the subsequent year to determine performance-based investment allocations.,0.4035954475402832
"â¢ MoTE should verify results, prepare a monitoring report on the performance of municipalities under the performance-based investment framework, and recommend the investment allocation for each municipality.",0.7935612418434836
It should publish the monitoring report on the performance of municipalities under the performance-based investment framework.,0.15461140329187567
"Based on the investment plan prepared by the municipalities, the PMT will procure the goods or works up to the allocated amount under EPBI.",0.847479993646795
Performance Targets and Local Investment Allocation Formula â¢ Targets under the performance-based investment framework should align with the indicators in the National Waste Management Strategy as well as the Waste Management Plans which have been defined and implemented in some municipalities.,0.6244441379200328
8 The World Bank Clean and Resilient Environment for Blue Sea Project (P176163) â¢ Differentiated financial incentives for larger versus smaller municipalities would occur since service provision costs would differ.,0.711761084469882
"Collection coverage Incremental If local government improves = quantity of waste collected/quantity of waste generated performance performance or remains a high performer, an incentive will be (Measuring Indicator 5 in the National Waste Management granted.",0.23084623163396661
"Cost recovery Incremental If local government improves = annual revenues from waste management/operating costs performance performance or remains a high of waste collection performer, an incentive will be granted.",0.5689896236766468
"To ensure the appropriate enabling environment for municipalities to achieve performance improvements through EPBI, the project will support a set of upfront investments during the first two years of project implementation to underpin solid waste service delivery by participating municipalities.",0.020905260335315357
"Given the importance of behavior change for source separation and plastics recycling in areas of high population and tourism, solar compaction bins will be made available for selected EPBI-participating municipalities in need of appropriate solutions for managing peak volumes of waste generation in an eco-friendly manner, and/or for other municipalities benefiting from investments in recycling supported by other development partners.",0.7062207568775524
"This component will finance construction works, consulting services, non-consulting services, goods, and training.",0.8980850739912554
"Municipalities and municipal utilities in the Vjosa River Basin will play an instrumental role in this project by assessing current needs, participating in project planning, and monitoring progress toward the achievement of specific sanitation targets in their territories.",0.18642655285921964
Municipal utilities will work with AKUM to achieve economies of scale for service provision and develop higher technical capacities.,0.8897799578579989
Subcomponent 2.1: Expansion of sanitation infrastructure (EUR 54.55 million (USD 57.81 million equivalent)) 14.,0.9144325256347656
"Under this subcomponent, the project will finance investments in infrastructure improvements in selected municipalities to improve sanitation services and reduce/control point source pollution of waterbodies within the Vjosa River Basin (namely Vjosa and Drinos Rivers as well as groundwater).",0.9244483600963246
The project will support (i) the construction of selected 42World Bank.,0.35030367157676
"1 The World Bank Clean and Resilient Environment for Blue Sea Project (P176163) sanitation facilities for urban agglomerations in the prioritized municipalities; (ii) rehabilitation, improvement, and expansion of sewers to benefit up to 11,000 inhabitants which would allow wastewater generated by 30,000 inhabitants to be properly treated before being discharged to the water bodies; (iii) provision and installation of on-site or decentralized sanitation solutions (such individual systems not connected to a central wastewater treatment system) to benefit 8,000 inhabitants; and (iv) provision of operational equipment, including vacuum trucks and tools for sewer network maintenance; (v) carrying out an assessment of pollutants and sludge quality; and (vi) Intra-Domiciliary Sanitation Investments (IDSI) for qualifying 43 households.",0.9194882999766957
"The GoA through AKUM will prepare the TOR to engage a consulting firm to have detailed designs for all benefitting municipalities following the framework agreed; these services will be included in the advanced procurement package, which will be procured by July 2023 to ensure delivery of detailed designs by the first year of project implementation.",0.310451247475364
The committees will ensure local citizensâ feedback and suggestions are addressed by the infrastructure improvements and will enable participatory monitoring of sanitation solution constructions.,0.14390271360223944
"The project will also support IDSIs for qualifying households to support the transition from improved 44 sanitation systems to safely managed 45 sanitation systems by connecting existing sanitary infrastructure to new or rehabilitated networks or to an improved on-site sanitation system (for example, improved septic tanks).",0.9367109645496715
"To incentivize households to move up in the sanitation ladder and control the amount of organic load and nutrients being discharged to the water bodies, the project will provide investments to the households that agree on transitioning to a safely managed system.",0.7920452464710582
AKUM and the municipalities will determine the areas where sewer systems will be rehabilitated and expanded according to the definition of âagglomerationsâ following EU Directive (91/271/EEC).,0.5757632689042524
"This is an extremely ambitious target and, therefore, justifies the establishment of a local investment program to incentivize vulnerable households to connect.",0.7298946380615234
Subcomponent 2.2: Improved sanitation facilities and management (EUR 0.96 million (USD 1.02 million equivalent)) 23.,0.8221398266878995
"The project will provide support to AKUM, ERRU, and the regional utilities in the development of institutional, policy and regulatory frameworks on sewage management and sanitation services that will be required to carry out their mandates for improved sewage management and sanitation service provision; coordination between different agencies and alignment of relevant policies.",0.20731078494678845
"Support will include (i) technical assistance to carry out studies to develop a strategy for sanitation services and regional/municipal water and sanitation plans; (ii) technical assistance to strengthen planning for nature- based solutions to reduce water pollution; (iii) assistance for regional/municipal water and sanitation plans and for regional utility aggregation; (iv) training to operate and maintain sewer systems, trucks and treatment plants (the training will be gender friendly); (v) designing and implementing a unified information system to monitor the provision of sanitation service and environmental protection; and (vi) technical assistance to carry out studies to support the update of a regulatory framework on sanitation cost structure.",0.8769474896517667
The project will support small-scale investments for reducing NPS pollution in the watershed of Vjosa to prevent nutrient runoffs from agriculture and siltation by erosion in select locations of the Vjosa river Basin.,0.2635422403162176
"The small-scale investments promoting sustainable agriculture practices, livestock manure management, pasture regeneration, organic fertilization, composting, and improved farming practices, will engage farmers and local user groups from the villages in the watershed of the Vjosa River.",0.5632163394581188
"While the definition of the territory for the national park and its zoning are yet to be developed, the prospects for restoring and expanding the 4 The World Bank Clean and Resilient Environment for Blue Sea Project (P176163) wetlands close to the river delta and in the lower plains of tributaries seems realistic in Shushica and Drinos.",0.6524193070151589
"The project is expected to bring sizable economic and social benefits to the local communities, business, and industries by reducing pollution from land-based sources into the aquatic environment in selected areas of the South- West coastal belt of Albania.",0.900101054798473
An economic analysis (EA) was carried out to assess the economic viability of the project investments as the project will be implemented in the public sector with the use of public financing resources.,0.8662321784279563
The proposed investments have been evaluated by the economic internal rate of return (EIRR) and the net present value (NPV) calculated at a discount rate of 6 percent as recommended by the World Bank Guidance 47.,0.9130489175969904
"The economic analysis of the project investments uses economic project costs that exclude taxes, duties and price contingencies.",0.18401614102450284
Estimated project benefits.,0.8442836241288618
Reduction of and reduction of point and non-point pollution sources through investments in wastewater treatment and other sanitation facilities would improve the public and ecosystems health by reducing the risk of diseases and protecting quality of surface and groundwater resources in the Vjosa river basin.,0.5152641209689054
"The cleaner environments will improve the aesthetics of the coastal area and provide additional opportunities for the development of tourism, increasing employment and incomes of the local population.",0.8794703917069868
The flow of economic benefits in the âwith the projectâ situation considered in this EA comes from the implementation of investments in Component 1 and 2.,0.8652419176968661
Discounting Costs and Benefits in Economic Analysis of World Bank Projects.,0.9324712753295898
The project will also establish a performanceâbased investment system to users that agree on transitioning to better management systems.,0.7392013723200018
"Benefits of Component 1 investments in municipal solid waste management are expected to result in the additional collection and recycling of 2,500 tons of municipal waste a year in the Vlora South Girokaster.",0.5914450125260786
Investments in the local communities will support behavior change for cleaner and greener urban space and healthier coastal and aquatic ecosystems.,0.4481578306718306
The estimated project benefits of Component 1 investments included the economic value of the increased quantities of the recycled and reused materials as well as the increased value of land and properties in the vicinity of the municipalities and rural agglomerations benefiting from project.,0.8430362181230024
"Estimated benefits of the EBPIs implementation included the reduced burden from diarrheal morbidity and productivity losses due to poor sanitation for over 8,600 people, and increased value of housing with improved on-site sanitation, assumed equivalent to the amount of investment made.",0.9043899015946821
"Component 2 investments will support the construction of six wastewater/sludge treatment (WWT) plants that are expected improve the quality of recreational water, reduce the negative impacts on the environment due to water and ecosystem degradation, and contribute to the reduction of GHG emissions.",0.2647164084694602
"The improved wastewater treatment in the area is also expected to reduce the negative effects of untreated wastewater on agricultural productivity, the market value of crops, the number of tourists visiting the area (or willingness to pay for tourist services) and the quality and market value of fish and shellfish catches.",0.00013589497062970292
The applied approach to the estimation of benefits of investments in wastewater treatment plants is based on determining the economic damage associated with certain water pollutants to the environment.,0.6977877183393999
"This will result in the total pollutant load reduction of 2,060 ton/year with the estimated annual economic value of $3.95 million.",0.5556390502236106
"In addition to the construction of new WWTPs to benefit 30,100 people living in urban agglomerations, Component 2 investments will also finance new sewers connections for 10,300 people.",0.9451685818758878
"Additionally, 11,531 people living outside the urban agglomerations will gain access to improved on-site or decentralized sanitation solutions such as individual septic tanks or mini treatment plants for small groups or households.",0.46880015459927643
"Together with the support envisaged by EBPIs, the total of about 20,000 people will benefit from the improved on-site sanitation solutions as a result of the project implementation.",0.7537695277820934
The estimated benefits from the on-site sanitation 7 The World Bank Clean and Resilient Environment for Blue Sea Project (P176163) investments include reduced burden from morbidity with diarrheal diseases by at least 15 percent 48.,0.2830809246410023
The reduced morbidity burden is estimated as economic value of avoided medical treatment cost as well as avoided productivity losses due to reduced days of sickness and caretaker time required.,0.7112034017389471
The on-site sanitation interventions will also increase the value of the housing provided with improved sanitation solutions.,0.398835919120095
"Augmenting the impact of investments in new sanitation infrastructure, the project will also finance the implementation of NBS integrated solutions for further prevention of water pollution in selected locations in the Vjosa river basin.",0.8684357729825106
The restoration of 200 ha of wetlands will further reduce the TN and TP pollutants load in the river with the estimated economic benefit of $2.05 million/year.,0.8425973545421254
"The project area is in the South Albaniaâs Coastal Belt that has its distinctive potential for high value tourism as a driver of local, regional, and national economic growth.",0.6687501127069647
"There is a mutually reinforcing relationship between the cleaner environment, better sanitation and water and wastewater infrastructure, and the development of tourism.",0.4279464808377353
"The research results based on worldwide data showed that a 1% increase in the population with access to improved sanitation is associated with a 2.6 % increase in the number of tourist arrivals, confirming therefore that improved sanitation is an important aspect of supporting tourism development.",0.7396783828735352
"Specifically, it showed that a 1% increase in environmental expenditure supports an increase of 2% in international tourism.",0.5248778083107688
"However, in turn, increasing tourism also increases a pressure on the environmental resources and local water and sanitation infrastructure.",0.607033599506725
The potential tourism-related economic benefits of improved sanitation and wastewater treatment in the project area have been assessed within the project economic analysis.,0.9397374066439542
"It was assumed that the necessary investments in touristic infrastructure to support the tourism increase are funded by the PIUTD and other government investment activities in the area, outside of the CARE project.",0.9161103855479847
It is estimated that the improved environmental situation in the area due to the project investments will result in the economic benefit of tourism increase at $4.3 million/year.,0.8534915230490945
49World Bank Project for Urban and Tourist Development in Albania.,0.559923605485396
"According to these calculations, the value of the GHG emissions reduction over the project lifetime constitutes between 3.8 percent (the low case) and 7.4 percent (the high case) of the project total benefit, slightly increasing the total net project benefits and the project economic efficiency indicators (see Table 4.2).",0.3957731940529563
Economic cost benefit analysis has been conducted for the total package of investments as well as separately for each of the two main investment components on (i) improving solid waste management and (ii) wastewater treatment and sanitation improvement.,0.9101891951127485
In all cases the proposed investments were found to be economically feasible with the EIRR exceeding the threshold of 6% of opportunity cost of capital.,0.8587895306673917
"Results of the project economic analysis demonstrate that the proposed package of investments is economically viable, with the project NPV estimated at 22.1 million and EIRR â at 9.5 % (without accounting for GHG emissions reduction co-benefits).",0.9426251324740323
"The project withstands the cost overrun by 30 percent or the benefits reduction by 20 percent, with the NPV remaining positive and the EIRR still holding above the 6% threshold.",0.8485878164117987
Summary of EA results with and without carbon value accounting Investments W/O accounting for value W/accounting for value of W/accounting for value of of GHG emission reduction GHG emission reduction â GHG emission reduction â LOW case HIGH case NPV ($ million) EIRR NPV ($ million) EIRR NPV ($million) EIRR Project total (with project 22.1 9.5% 26.6 10.1% 31.2 10.7% total investment cost) 17.,0.7765782096169211
The benefits quantified in the economic analysis capture only part of the project benefits and their total economic value estimated in this EA is therefore considered to be conservative.,0.07820884747938676
"The project will improve the quality and reliability of such important public services as sewerage water treatment, and collection and processing of solid waste this improving the environmental and socio-economic situation in the project area.",0.2996186776594682
"To ensure a sustainability of the project results into the future, the current structure of tariffs for the sewerage and solid waste management services will need to be assessed towards the possibility of higher recovery of O&M cost and increasing the role of the private sector in the services provision.",0.13371367888017135
"With a gross domestic product (GDP) of US$614 billion, Argentina was the third-largest economy in Latin America in 2022.",0.7005339102311567
"The high frequency of economic crises in recent decadesâthe economy has been in recession during 21 of the past 50 yearsâhas resulted in an average annual growth rate of 1.8 percent, well below the world average of 3.6 percent and the region average of 3.2 percent.",0.7275332537564364
"Decades of underinvestment have led to sizeable gaps in capital stock relative to comparable countries, although capital spending as a percentage of GDP has improved in recent years.",0.6501988931135698
"The economy recovered from the Coronavirus Disease (COVID) crisis at a fast pace, reaching pre-pandemic activity levels by mid-2021.",0.6584234671159224
"Argentinaâs economy grew by 10.4 percent in 2021 and 5.2 percent in 2022, the largest increase in GDP since the 2010-2011 biennium, after the global financial crisis.",0.7279506163163618
"Higher commodity prices and trading partnersâ growth, notably Brazilâs, combined with public investment led to a robust growth recovery in 2021 and the beginning of 2022.",0.8385714617642489
"However, since 2022 increasing macro imbalances and a more turbulent global context, started to slow down the pace of GDP growth.",0.2243268056349321
"Climate change will particularly affect the Argentinian energy sector and its climate resilience, as higher temperatures and extreme weather events will impact power generation, especially clean energy sources such as hydro, solar and wind.2 Higher demand resulting from economic growth, industrial expansion, urbanization, and population growth will also challenge existing power supply systems.",0.7707151066173207
Key investments in both energy efficiency and supply for lower income households and communities will need to be scaled up to reduce and satisfy the growing demand and Argentinaâs development needs.,0.9237838224931196
"In March 2022, Argentine authorities reached an agreement with the IMF, on an Extended Fund Facility (EFF) program for a period of 30 months and an amount of US$45 billion, to address the economyâs macroeconomic imbalances and set the basis for sustainable growth.",0.6267065568403765
This amount covers the remaining obligations under the 2018 SBA (US$40.5 billion) and provided a small net financing support for reserves accumulation (US$4.5 billion).,0.420564434745095
"The program sets a gradual fiscal consolidation path toward a zero primary deficit in 2025 (from 3 percent in 2021 to 2.5 percent of GDP in 2022, 1.9 percent in 2023, and 0.9 percent in 2024), a reduction of monetary financing of the deficit (eliminated by 2024), and the framework for monetary policy involving positive real interest rates, as part of a strategy to fight inflation.",0.6732986190102317
"According to the IMF statement, prudent macroeconomic management in the second half of 2022 supported stability and helped secure program targets through end-2022 with some margin.",0.7519764466719194
"While fiscal targets have been met so far, a still sizable fiscal deficit continues to pressure monetary policy, given limited access to capital markets.",0.22154569625854492
"A severe drought is expected to strongly affect agricultural production in 2023, reducing exports and fiscal revenues while limiting the capacity of the Central Bank to accumulate international reserves.",0.8926793878728693
"In this context, the government is increasing efforts towards a gradual macroeconomic stabilization program that contains a broad set of economic policies.",0.441256046295166
"To reduce the monetary financing of the fiscal deficit and the associated persistent and high inflation, the government has adopted measures to reduce the cost of subsidies and improve their targeting, especially in the costly energy sector.",0.7102565331892534
 The World Bank Climate Resilient Infrastructure for Urban Flood Risk Management (P178534) by the Bank indicates how the countryâs macroeconomic volatility has created challenges for investments in climate change adaptation and mitigation (Box 1.),0.6745661388744008
Argentinaâs Country Climate and Development Report The CCDR published by the Bank describes how Argentinaâs macroeconomic volatility has hampered long -term economic growth and created challenges for investments in climate change adaptation and mitigation.,0.23234120282259854
"Buildi ng resilience to climate shocks not only would lead to more inclusive and sustainable growth, but it would also accelerate the countryâs transition to a low-carbon economy.",0.8393867666071112
Investing in flood risk reduction will have macroeconomic impacts and urban flood mitigation infrastructure will reduce asset and welfare losses.,0.8043288317593661
"Reduced exposure and vulnerability of urban areas to floods can greatly benefit assets and well-being, bringing macroeconomic stability, which is pivotal for economic growth.",0.763936389576305
This reached up to US$22.5 billion of economic losses since 1980 for the populations living in the areas affected.,0.5845786007967863
"Climate change adds further stress to the existing infrastructure, and without proper planning and investments in risk management, floods will have a larger impact on residents and the economy.",0.8006112358786843
Thorough planning and design of infrastructure require an integrated river basin management approach.,0.07310268553820523
"As urban areas face a wider range of shocks and stresses, it is important to promote urban development and sustainability, as well as foster climate resilience in metropolitan areas.",0.8398495587435636
"Although urban flood hazard is considered high in Argentina,18 few cities have truly integrated water management plans to properly prioritize investments.",0.9074377580122515
"Some provinces have prioritized investments, and other provinces are carrying out studies, often financed by the national government, to identify the required investments to reduce flood risks in an integrated manner.",0.7089090780778364
"For the provinces of Buenos Aires and Santa Fe, two of the most affected provinces, the investment needs to reduce flood risks amount to more than US$3.4 billion alone.",0.6324494101784446
" The World Bank Climate Resilient Infrastructure for Urban Flood Risk Management (P178534) in Argentina started to explore the potential of green-blue infrastructure,20 which uses ecosystems, soil permeability, and the natural retention of runoff to enhance infiltration or evapotranspiration processes, thus reducing surface flows.21 Those well-designed, implemented and maintained, green-blue infrastructure provides multiple benefits across environmental, social, economic, and public health sectors including improvement of habitat connectivity, enhancement of air quality, support of carbon sequestration, promotion of community identity and a sense of well- being, and reduction of energy consumption.",0.886142297224565
"Cities still have âtheir backs turned to waterâ but are looking for opportunities to achieve a paradigm shift from water as a risk and nuisance to living with water and optimizing the added value (economic, social, and environmental) in urban development.",0.7312796332619407
"The Multiphase Programmatic Approach (MPA) aligns with the 2022 National Plan of Public Works (PNOP), which aims to transform Argentinaâs productive and development matrix by creating jobs and promoting sustainable use of resources, enhancing local capabilities, and reducing regional inequalities.",0.7440000880848278
"The PNOPâs 10-year time frame is well aligned with the MPA and is organized around four axes: (i) Connectivity and Road Infrastructure, (ii) Water Resources Management, (iii) Urban and Rural Infrastructure, and (iv) Care Infrastructure.",0.7144077907909047
"The PNOP reinforces that mitigation and adaptation of hazardsâ impacts are to be achieved proactively through infrastructure development (flood protection infrastructure, dams and retention areas, channels, and dikes, among others), early warning systems enhanced by radar networks, emergency and contingency plans, and river basin management plans.",0.7166226993907582
"The MPA would support the 20 Green infrastructure (also called natural infrastructure, or engineering with nature) intentionally and strategically preserves, enhances, or restores elements of a natural system, such as streams, wetlands and can also include linear parks with flood plains, bioswales and wadis, or green roofs.",0.09677572683854536
"Focus area (i) âsupporting inclusive recoveryâ, which includes improving living conditions reminiscent of the type of interventions to be funded under the MPA, mitigating the impacts of flooding, and improving urban areas with green/blue interventions providing better urban spaces in selected cities and reducing the vulnerability of population with improved strategies, plans, and norms.",0.8195723620328036
"In line with GRID, this project will systemically and simultaneously address the interlinkages between âPlanet, People and Economyâ, challenges of urban poverty, and climate change through targeted investments in flood risk management in combination with urban upgrading.",0.2287531766024503
"The proposed MPA for a total of US$900 million includes a three-phase overlapping approach, with each phase using the Investment Project Financing (IPF) instrument, in agreement with the government.",0.5306402986699884
The IPF is the optimal instrument to address the need to invest in flood risk reduction infrastructure and support the government to reduce the populationâs vulnerability to climate hazards.,0.782237399708141
"The Program Development Objective (PrDO) will be achieved by (i) efficiently blending and developing green- blue, and grey infrastructure, as well as non-structural interventions, (ii) improving flood risk multi-level governance,28 and (iii) increasing the capacity to manage flood risk through an integrated river basin planning approach.",0.744046991521662
 The World Bank Climate Resilient Infrastructure for Urban Flood Risk Management (P178534)  The World Bank Climate Resilient Infrastructure for Urban Flood Risk Management (P178534) 33.,0.20052073218605734
"This will lead to a strong portfolio for the second and third phases while including other provinces and moving toward a country wide approach optimizing the efficiency of the projects using lessons learned and increased capacity at national, provincial, and local levels.",0.621062928980047
"MPA Framework To increase the number of people with reduced flood risk and benefiting from improved PrDO: integrated flood risk management in Argentina Sequential Estimated Estimated Project Phaseâs IPF or IBRD, IDA, Estimated Approval Phase or Amount E&S Risk ID Proposed PDO PforR Other Date Simultaneous ($ million) Rating (i) To reduce flood risk in selected cities and improve integrated I P178534 -- urban flood risk IPF 200.00 IBRD April 2023 Moderate management in Argentina, and act effectively in case of an Eligible Crisis or 31 INDEC (2010).",0.27971545132723724
"Those will include technical aspects of infrastructure, construction techniques, procurement process, strengthen capacity of local contractors, efficient balances between grey-green-blue-infrastructure, active social participation in decision making processes to increase awareness of benefits and avoid the ânot in my back yardâ phenomena,34 non- structural measures to reduce vulnerability, conflicting competences of national, provincial, and municipal levels, O&M arrangements, etc.",0.8464006077159535
"Based on the Water Security Diagnostic for Argentina and lessons learned the learning agenda will initially focus on aspects related to (i) improving the institutional framework and strengthen water governance, (ii) how infrastructure to reduce flood risk can be made more resilient, (iii) strengthening the basic needs for improved sustainability and (iv) how to increase citizens engagement and close the gender gaps that are related to flood risk management and the added value of water in urban development.",0.2159201448613947
Expand resilient infrastructure.,0.917026779868386
 The World Bank Climate Resilient Infrastructure for Urban Flood Risk Management (P178534) infrastructure implementation will allow to âtestâ the performance (benefits and challenges) of interventions before rolling them out or scaling them in subsequent phases.,0.8296306783502753
"Phase I will also provide important input on how integrating water in urban development can increase the added value of water (economic, social, and environmental) in urban upgrading processes.",0.5029739900068804
"The project, as the first phase of the MPA, focusses initially on no-regret actions ready to be implemented in cities located in the most flood affected regions of Argentina.",0.22585756128484552
Structural interventions under this Project focus on (i) rehabilitating/constructing defense works in urban areas with high vulnerability to flooding damage; and (ii) pluvial drainage works to reduce the areas and communities affected by storms.,0.36863400719382544
"This subcomponent will carry out demand-driven no-regret interventions consisting of rehabilitation, upgrading, reconstruction, or construction of new grey hydraulic infrastructure for urban drainage and flood risk mitigation (e.g., primary drainage channels, secondary and tertiary drainage networks, flow control infrastructure, storage areas, defenses, embankments, and pumping stations among others).",0.9130234284834429
"Within the comprehensive matrix of green-blue infrastructure options, this Subcomponent will include the development of retention areas, linear parks, green roofs, and permeable pavements among others.",0.909060304815119
"Furthermore, these solutions could support the creation of recreational areas and urban green corridors adding to the integration, maintenance, and recovery of urban biodiversity.",0.6390532146800648
"This component will also focus on non-structural measures including the development of urban flood risk management plans and strategies, environmental assessments, urban development and solid waste management plans, the revision of legal frameworks, development of early warning systems, and any other tool necessary to strengthen the capacity to operate and maintain the infrastructure for improved urban flood risk management.",0.6548912741921165
"Having benchmarked data readily available is critical for stimulating change and empowering sub-national entities (such as provincial and municipal water resources/flood management agencies/ministries/secretariats/departments)35 outside of the 35Examples of such positions are: Director of Water Infrastructure, Director of Public Works, Director of Water Policy, Responsible for Water Resources Monitoring, Responsible for Watershed Management, Responsible for Water Projects, etc.",0.14863781495527786
Component 2 will also focus on strengthening policymakersâ capacity for integrated urban flood risk management using a river basin approach to increase efficiency and allow for better prioritization.,0.5312819480895996
"Overall, activities executed under this component aim to support authorities by strengthening their institutional capacity, identifying roles and responsibilities, that ultimately facilitate the development and execution of investments in later phases of the MPA.",0.04850708354603161
"With interventions improving the management of urban flood risks, for example, through better planning, prioritization, and more efficient interventions, the people living in the selected cities will benefit from the Project.",0.7849885767156427
"Project Beneficiaries BENEFICIARIES BENEFICIARIES STATUS PROVINCE CITY ACTIVITIES from Reduced from Reduced Flood Exposure Flood Impacts Component 1 Urban drainage and flood Formosa PiranÃ© defense 20,000 65,000 Piraneâs Water Park.",0.6767619739879261
"Improvement, channeling, Shortlisted Misiones and landscaping of public 276,000 TBC Posadas areas (Stage 1).",0.725041086023504
" The World Bank Climate Resilient Infrastructure for Urban Flood Risk Management (P178534) Plan Sustainable drainage and Clorinda water management Master 54,000 Plan D. Rationale for Bank Involvement and Role of Partners 52.",0.21803045272827148
"With a long track record of supporting the sector with bold interventions, including over 20 years of engagement in mitigating flood risks, support in addressing the poor environmental conditions of the Matanza-Riachuelo river basin, and expanding water supply and sanitation services in low-income northern provinces (Norte Grande Region), the Bank is a trusted partner in the sector, helping the government overcome technical, institutional, financial, and legal challenges, among others.",0.0988049723885276
"The Bank supports infrastructure investments and provides global technical expertise to encompass institutional development, environmental management, and citizen engagement, assisting the government toward the 2030 agenda and pursuing the SDGs.",0.8207084482366388
"Projects managed by the  The World Bank Climate Resilient Infrastructure for Urban Flood Risk Management (P178534) Bank, in and outside the region, have shown that using a more holistic approach that considers the river basin as a starting point and integrates interventions in urban development plans will result in more efficient strategies and interventions.",0.7902341322465376
Selected cities already have strong programs on participatory planning and inclusion of communities to improve awareness and create a sense of ownership.,0.1295988126234575
"It is expected that additional interventions (in other cities) will become eligible for financing using criteria such as cost effectiveness, impact on poor and vulnerability factors of communities.",0.2932112216949463
"Improvement of urban drainage and flood defense systems including pumping stations of the city of PiranÃ©, Formosa (US$22 million).",0.5049632679332386
"Improvement of the existing hydraulic conditions of the Canal Alvarado and the integration of the works in urban development in San Salvador de Jujuy, Jujuy (US$8.8 million).",0.869988268071955
"This activity will address issues resulting from uncontrolled urban sprawl, which has led to the expansion of vulnerable settlements along the canal.",0.5630586364052512
"c. Rehabilitation of Canal Alvear and secondary drainage network in the city of Salta, Salta (US$23.4 million).",0.6456880135969683
The main part of the intervention41 seeks to rehabilitate and upgrade the existing tunneled section of the Canal Alvear and its secondary network draining to the Canal-Alvear basin to increase the capacity in the face of climate change.,0.009220518171787262
"d. Improvement of the Arribalzaga street drainage network, and rehabilitation of Canal Soberania, Resistencia, Chaco (US$18.3 million).",0.6020572835748846
"Interventions considered to reduce impact are (i) rehabilitation of the existing Canal Soberania (10Km) including the construction of a linear park to retain water, and (ii) improvement of the drainage system located in the Avenida Arribalzaga including tunneled drainage and green interventions like rain gardens to reduce the peak flows toward the drainage system.42 Expected 41 The tunneled section and secondary drainage network are estimated at 80 percent of the costs and 20 percent of the costs will be related to green interventions.",0.7204164591702548
" The World Bank Climate Resilient Infrastructure for Urban Flood Risk Management (P178534) beneficiaries from reduced flood exposure are 15,000 people, and beneficiaries from reduced flood impacts amount to 291,000 people.",0.24291554364291104
"Previous Bank-financed operations have shown that flood risk management interventions such as the ones to be financed under this project are economically feasible, showing positive Economic Internal Rates of Return (EIRR) and benefit-cost ratios (B/C) larger than 1.",0.9041243466463956
"As a result of limited data, it is often the case, that only a partial economic assessment of structural flood mitigation measures can be carried out, leaving out the valuation of additional benefits and underestimating the positive impacts of these types of investments.",0.2521308118646795
"Other benefits, associated with the regularization of informal urban settlements, and those linked with green and blue infrastructure, like improved air quality, GHGs emissions reduction, increase of recreational areas, reduction of the heat islands effect, creation of new local socioeconomic opportunities, and tourism, have also been partially considered.",0.28595454042608087
Economic analysis shows that the project is economically feasible presenting B/C ratios larger than 1 and positive EIRR.,0.7642678347500887
"After performing a sensitivity analysis, considering alternative cost scenarios and discount rates (between four and twelve percent) the interventions continue to be economically feasible, depicting their robustness.",0.8784637451171875
"In the case of PiranÃ©, benefits were estimated using avoided damage method, and the  The World Bank Climate Resilient Infrastructure for Urban Flood Risk Management (P178534) results show an EIRR of 17.4 percent with a four percent discount rate for the base scenario.",0.8911027041348544
"In the case of San Salvador de Jujuy, benefits were estimated using a combination of avoided damage and hedonic prices methods.",0.22432496330954813
"In particular, âtransparency of public finances performanceâ is advanced, and âpolicy-based fiscal strategy and budgetingâ pillar shows solid performance, with âbudget reliabilityâ and âaccounting and reportingâ pillars reflecting slightly above basic level of performance.",0.6406216621398926
"The project will be located in urban and peri-urban areas in the Norte Grande Region, the provinces of Santa Fe and Buenos Aires.",0.0028749694201079283
"Project Development Objective Indicators RESULT_FRAME_TBL_ PD O Indicator Name PBC Baseline End Target To reduce flood risk in selected cities and improve integrated urban flood risk management in Argent Number of people with reduced flood exposure as a result of 0.00 123,000.00 Project interventions (Number) Number of cities that adopted improved integrated urban flood 0.00 10.00 risk management practices as a result of the Project (Number) Number of people with reduced flood impacts as a result of 0.00 818,000.00 Project interventions (Number) PDO Table SPACE  The World Bank Climate Resilient Infrastructure for Urban Flood Risk Management (P178534) Intermediate Results Indicators by Components RESULT_FRAME_TBL_ IO Indicator Name PBC Baseline End Target C1 - Climate reslient infrastructure for flood risk mitigation and adaptation in selected cities Operation and management plans prepared for project interventions (Percentage) 0.00 100.00 Number of cities with integration of green and/or blue 0.00 5.00 interventions as a result of project's activities (Number) Creation of new public space as a result of green/blue 0.00 30.00 interventions (Hectare(Ha)) Subprojects that have incorporated feedback received on the 0.00 30.00 beneficiaries participation process (Percentage) C2 - Capacity building and vulnerability reduction Events organized to engage civil society in flood-risk resilience, 0.00 10.00 awareness, preparedness and management (Number) Development and endorsement of urban water management strategies and plans at watershed scale (Number) 0.00 3.00 Officials and practitioners trained on increased resilience for 0.00 150.00 flood-risk preparedness (Number) C3 - Project Management Grievances responded and/or resolved within the stipulated 0.00 100.00 service standards for response times (Percentage) Change in percentage (increase) of the share of women in subnational organizations participating in water management 0.00 5.00 decisions (Percentage) IO Table SPACE UL Table SPACE  The World Bank Climate Resilient Infrastructure for Urban Flood Risk Management (P178534) Monitoring & Evaluation Plan: PDO Indicators Methodology for Data Responsibility for Data Indicator Name Definition/Description Frequency Datasource Collection Collection The indicator will be This comprises the total calculated by adding the number of beneficiaries number of beneficiaries Number of people with reduced flood Supervision from reduced flood Biannual of reduced exposure to Execution Entity exposure as a result of Project reports exposure from floods as a result of interventions interventions of interventions Component 1. under Component 1.",0.7810522426258434
"Hydraulic model Cities already include: (i) calculation of volumen PiranÃ© parque de agua, (ii) retained, according to Canal Soberania Number of cities with integration of green Supervision permeability (Resistencia), (iii) Salta Biannual Executing Entity and/or blue interventions as a result of reports parameters, runoff, and Linear Park Canal Oeste project's activities slopes for a before and and cities where integrated after interventions flood risk management scenario plans will be developed.",0.43048628893765534
Pre-identified actions Addition of the number include plans for of plans for sustainable sustainable drainage and drainage and water water management for the management completed Development and endorsement of urban Supervision cities of Clorinda and Biannual and endorsed Executing Entity water management strategies and plans reports Formosa.,0.5990089503201571
"For instance, if the baseline is 30 %, the expected average increase for the end target will be 31.5 per cent (30% + (30%*5%)=31.5%) ME IO Table SPACE .",0.6883709213950417
"Each project will be supported by complete technical designs considering climate change effects, proof of its economic feasibility, financial sustainability, as well as adequate environmental and social management.",0.08305906707590277
"Rehabilitation of Canal Alvarado, San Salvador de Jujuy secondary and tertiary drainage, 23,000 234,000 Jujuy and green interventions Rehabilitation of Alvear Identified Channel.",0.019682167605920273
"Improvement, channeling, and Misiones landscaping of public areas 276,000 TBC Shortlisted Posadas (Stage 1).",0.5842745520851829
"Tucuman TBC TBC TBC TBC Component 2 Sustainable drainage and water Formosa N/A 222,000 management Master Plan Identified Formosa Sustainable drainage and water Clorinda N/A 54,000 management Master Plan  The World Bank Climate Resilient Infrastructure for Urban Flood Risk Management (P178534) Salta: Rehabilitation of Canal Alvear and drainage network in the city (Caseros-Alvear river basin) 2.",0.8380531831221147
"Additionally, urban growth was not accompanied by the necessary urban drainage infrastructure works, causing the existing systems to become less efficient and resulting in exacerbated flooding episodes after rainfall events.",0.8099147623235529
"c. The current drainage system lacks development and maintenance, especially the secondary drainage network that no longer has the capacity to drain sufficient storm water.",0.16193849390203302
"Works will involve the opening of the drainage tunnel or emissary to be rebuilt with reinforced concrete, improvement of the secondary drainage system and construction of rain gardens to reduce the peak discharge.",0.3333831050179221
 The World Bank Climate Resilient Infrastructure for Urban Flood Risk Management (P178534) San Salvador de Jujuy: Development of Canal Alvarado 7.,0.5731863975524902
Fast urban development with limited consideration of criteria related to storm water drainage resulted in insufficient drainage capacity and flooding exacerbated by improper solid waste management.,0.1883406855843284
"Proposed works in San Salvador de Jujuy to adapt to climate change and reduce flood risks include (i) the construction of a new Canal (2.5Km), (ii) the consolidation of the surface runoff stormwater drainage network (4867m of gutter systems and 468m2 of channels), and (iii) the planting of Squares, Parks, and Green Corridors along the Canal as a complement to grey infrastructure and to increase water retention in the focus areas.",0.952730959111994
These hydrological  The World Bank Climate Resilient Infrastructure for Urban Flood Risk Management (P178534) challenges are aggravated given the existing urban morphology and rail infrastructure that cut across the river basin.,0.7956027117642489
"with cohesive material; (ii) building the East Defense for flood risk mitigation (5,600 meters long); (iii) Constructing the East/Matadero pumping station (evacuation capacity of 3 mÂ/s) and a 12 Ha reservoir (storage capacity of 100,000 m3); (iv) reconditioning existing reservoirs at the Obrero, Evita, and 20 de Junio neighborhoods; (v) reconditioning of existing pumping stations at Obrero and Evita neighborhoods (0.5 m 3/s evacuation capacity); (vi) implementing 13 km of concrete - lining in existing canals and 4.5 km of reinforced concrete conducts; and (vii) reconditioning of existing 4 km of urban canals, 3 km of rural canals and gutters.",0.5203264409845526
"Expected beneficiaries are around 20,000 beneficiaries reduced flood exposure corresponding to population living in the urban center of PiranÃ©, while the whole population of PiranÃ©, 65,000 beneficiaries from reduced flood impacts, are expected to benefit from reduction in disturbances of circulation and economic activities as well as from the use of the Water Park.",0.7470365871082653
"However, all works will complement existing schemes, including pumping stations with evacuation capacities of less than 10m3/s and less than 5 Km long drainage pluvial systems.",0.37195236032659357
"Expected beneficiaries from reduced flood exposure are estimated at 15,000, corresponding to the population living in La Rubita neighborhood, while beneficiaries from reduced flood impacts ascend to 291,000.",0.2561212886463512
"So far, most pre-identified interventions under the Project are based on conventional âgreyâ infrastructure, predominantly stormwater drainage networks, and concrete defenses along rivers and streams.",0.31148253787647595
Sub- component 1.2 in innovative interventions aims to support the development and inclusion of green-blue infrastructure in urban and peri-urban settings.,0.7340631484985352
"Green- blue infrastructure improves habitat connectivity, enhances air quality, supports carbon sequestration, promotes community identity and well-being, and reduces energy consumption.",0.22152768481861462
"In Resistencia, the identified intervention focuses on developing a linear park along Canal Soberania Nacional (cost yet to be determined).",0.5926737785339355
"(ii) Regarding the quality of the designs of the works to be financed by the Project, it would be recommended; a)  The World Bank Climate Resilient Infrastructure for Urban Flood Risk Management (P178534) to contract consulting firms as needed, whose terms of references include mechanisms for the participation of the beneficiary jurisdictions to promote ownership; b) hire under SIPH qualified specialists to overview works designs developed by provinces or other beneficiary jurisdictions.",0.7041631178422407
The Borrowerâs team have developed with close support from the Bank a Project Procurement Strategy for Development (PPSD) identifying the procurement arrangements that will ensure the delivery of value for money while efficiently achieving the PDO.,0.6876692338423296
"The cost-benefit analysis takes into consideration the stream of expected benefits over a 30-year horizon, together with the interventionsâ total capital and annual O&M costs.",0.8526991930874911
"The costs and benefits are discounted at a rate of 4 percent in the base scenario, and the feasibility is assessed with Net Present Value (NVP), Economic Internal Rate of Return (EIRR), and benefit- cost ratio.",0.9213240363381126
The World Bank forecasts a 2.1 percent real GDP growth rate for Argentina in 2023.,0.7191881699995561
"Hence, if such positive externalities were to be accounted for, results are expected to show greater economic benefits.",0.1358949921347878
Indirect benefits acco unted for were: (i) avoided schoolsâ 50 World Bank (2016).,0.1899775808507746
Discounting Costs and Benefits in Economic Analysis of World Bank Projects.,0.9324712753295898
"5 Project sensitivity economic analysis scenarios (US$ 000) Scenarios Costs Benefits NPV B/C ratio PiranÃ© a) Exchange Rate on April 10 (224) EIRR 17.4% Discount Rate 12% $ 24,950 $ 33,360 $ 8,410 1.3 Discount Rate 6% $ 27,495 $ 56,829 $ 29,335 2.1 Discount Rate 4% $ 28,229 $ 70,368 $ 42,139 2.5 Alvarado a) Exchange Rate on April 10 (224) EIRR 12.1% Discount Rate 12% $ 9,260 $ 9,354 $ 94 1.0 Discount Rate 6% $ 9,886 $ 16,110 $ 6,224 1.6 Discount Rate 4% $ 9,950 $ 20,066 $ 10,116 2.0 7.",0.7862387570467863
"NVP Benefit Cost Benefit/Cost Discount rate scenario EIRR (US$million) (US$million) (US$million) Ratio 4 percent (base scenario) 42,12 70,37 28,23 2.5 6 percent 17,4 % 29,33 56,83 27,5 2.1 12 percent 8,41 33,36 24,95 1.3 Economic Analysis for Canal Alvarado, San Salvador de Jujuy (Jujuy) 8.",0.9009538997303356
Canal Alvarado presents four objectives: (i) flood risk mitigation; (ii) Increase in sustainable mobility share; (iii) urban improvement; (i) increase access to public spaces.,0.09114501693032005
 The World Bank Climate Resilient Infrastructure for Urban Flood Risk Management (P178534) (ii) Promotion of sustainable mobility â¢ Reduced travel time Hedonic prices â¢ Increased road safety (iii) Urban improvement â¢ Dominial regularization Hedonic prices â¢ Access to basic services (iv) Access to public spaces â¢ Recreation and safety improvement Hedonic prices * Only beneficiaries from reduced flood exposure were considered 9.,0.7881885008378462
"NVP Benefit Cost Benefit/Cost Discount rate scenario EIRR (US$million) (US$million) (US$million) Ratio 4 percent (base scenario) 10,12 20.07 9.95 2 6 percent 12.1 % 6,22 16.11 9.89 1.6 12 percent 0.05 9.35 9.26 1  The World Bank Climate Resilient Infrastructure for Urban Flood Risk Management (P178534) ANNEX IV: Implementation and Support Plan 1.",0.8901759927923029
"Resource Time Focus Skills Needed Estimate Year 1 â¢ Technical and procurement review of â¢ Technical Supervision bidding documents â¢ Bank procurement budget â¢ Procurement training â¢ Bank safeguards â¢ Environmental and social standards â¢ Financial protection against disasters training â¢ Development of the financial protection strategy â¢ Inter-institutional council Year 2â4 â¢ Supervision and management of â¢ Technical/construction experts Supervision construction contracts â¢ Bank procurement budget â¢ Environmental, social and health and â¢ Financial Management safety monitoring â¢ Monitoring & Evaluation â¢ Financial and procurement management â¢ Social â¢ Environmental Management â¢ Health and Safety Closing â¢ Drawing lessons learned and â¢ M&E Supervision mainstreaming good practices â¢ Technical budget Table A4.2.10 Skills mix required.",0.2412139285694469
"After a decade of rapid growth and social progress up to 2013, Brazilâs economy first stumbled and then fell into deep recession.",0.6117427565834739
The sound macro policies and a favorable external environment that characterized this period contributed to fast economic and social progress.,0.44813134453513404
"While external factors triggered the slowdown, an expansionary policy response led to rapidly rising fiscal disequilibria and, with rising domestic political uncertainty, a loss of confidence and sharp drop in investment.",0.7852426875721324
"The economic recovery has remained weak with 1 percent growth in 2017, 1.3 percent growth in 2018, and 2.5 percent growth projected in 2019.",0.664290038022128
"With on-going tepid economic growth, poverty is estimated to have leveled off at 20.6 percent.",0.4812214591286399
"To address unsustainable debt dynamics the government adopted a constitutional amendment to limit public expenditure growth that entails an accumulated adjustment of 5 percentage points of GDP for the period 2019-2026 and that would stabilize debt at around 89 percent of GDP by 2026, to start declining afterwards.",0.5795822143554688
Brazil will also need to accelerate its productivity growth and infrastructure development.,0.7435411973433061
"The average per capita income has risen by just 0.7 percent per year since the mid-1990s, one tenth of the rate in China and only one half of the average in OECD countries.",0.6161818504333496
Brazil also posts one of the lowest investment levels in infrastructure (2.1 percent of GDP) when compared to its peers and the quality of this investment is low.,0.7255071293223988
Accelerating productivity growth remains a key priority for the country given that the demographic transition is over and there will be limited space for public sector led growth.,0.8719838749278676
"Reforms could focus on boosting market competition, access to external markets, cheaper inputs and technologies, and simplification of the tax system.",0.9345738671042703
"Higher levels of investment in infrastructure will also be needed to ensure adequate maintenance of existing infrastructure stock, removing bottlenecks and expanding access to social services.",0.9497119730169122
"This calls for improving planning capacity at government level, strengthening regulatory environment and leveraging private resources to finance investments.",0.9454962123524059
"The global economic crisis has impacted the economy of the state,  The World Bank CearÃ¡ Water Security and Governance (P165055) which contracted in 2015 and 2016 and is very slowly recovering1.",0.3957457108931108
"The Metropolitan Region of Fortaleza (MRF), which contains the State capital and other 18 municipalities 2 is the sixth largest urban agglomeration in the country with 4 million inhabitants or almost half of Cearaâs population and delivers 50 percent of CearÃ¡âs GDP3.",0.30523018403486774
"The semi-arid Northeast region with 28 percent of the Brazilian population has only 4 percent of the water resources, while the South and Southeast regions where 56 percent of the population live and are home to large urban metropolises and robust industrial development, confront continuous water scarcity due to mismanagement, over-exploitation, and pollution.",0.04786735773086548
Water has supported key drivers of economic growth and has been key to reduce poverty and promote shared prosperity through more equitable and widespread provision of water supply and sanitation (WSS) services to a growing population.,0.9037851853804155
"The third quarter of 2018 showed signs of recovery, with an increase of 1.48 percent, compared to the same period in 2017.",0.5512901219454679
The semi-arid Northeast Region could see an average increase of 0.5 to 1 degree Celsius in temperature and a decrease in 20 percent of rainfall by 2040.,0.6788050044666637
"The Bank is supporting CAGECE in increasing the efficiency of the sanitation system of Fortaleza through a lending operation15, which finances household connections in low-income areas and a comprehensive campaign to non-poor users to connect.",0.8407555493441495
"Besides providing incentives for responsible water use through a contingency tariff, with additional charges for water consumption above established targets, CAGECE has been working on a design, build and operate contract for a seawater desalination plant to increase water security to the municipalities within the MRF.",0.1902881318872625
CAGECE is working in line with the maximizing finance for development (MFD) approach.,0.1868504827672785
"In addition to the proposed desalination plant, CAGECE is seeking partnering with the private sector to increase services coverage.",0.733112248507413
The company has also engaged with the Brazilian National Economic and Social Development Bank (BNDES) in the assessment of other possible public-private-partnership (PPP) arrangements.,0.29143320430408826
"However, as public sector investment capacity is reducing as a result of tighter fiscal situation, CAGECE will need to increasingly rely on its own cash generation capacity to finance needed investments.",0.9295962073586204
"To this end, CAGECE also needs to increase its credit worthiness, through a series of measures comprising, among others, efficiency gains, cost reduction and increasing revenues from tariffs.",0.8770438974553888
"The World Bank has been supporting the State in the implementation of RWSS activities for more than fifteen years through several Investment Project Financing (IPF) operations, including the second phase of SÃ£o JosÃ© III Project 17.",0.6765643466602672
"Currently, the Bank is supporting preparedness plan for drought in the MRF and increased capacity of water-related institutions to sustain water sources for agriculture and build resilience in water resource management through the use of tools and monitoring systems18.",0.22562287070534445
"As result of the prolonged drought, in 2018, the State prepared a Strategic Action Plan (Plano de AÃ§Ãµes EstratÃ©gicas), that establishes a set of water sector priorities, including expanding water infrastructure and improving water management and governance.",0.7442491704767401
The proposed Project will support the implementation of a number of priority investments under the Strategic Action Plan.,0.13065218925476074
"As stated in the CPF, âthe third requirement for improved livelihoods and economic opportunities is the smarter management of Brazilâs natural resources and the better mitigation of environmental pollution and the risk of natural disasters.â Water management is defined as one of the principal issues in natural resource management standing out and affecting the bottom-forty (B40) directly and indirectly through its effects on growth and incomes.",0.4931860403581099
"Also, the CPF states that âpricing policies need to be reviewed to improve incentives for conservation of water and other natural resources and encourage investments in improved quality and resilience of service provisionâ.",0.5443181991577148
"As stated in Objective 3.2 of the CPF (Provide more inclusive and sustainable urban services), âWhile Brazilian cities have become engines of economic growth, their competitiveness is below similar-sized cities in East Asia, Europe, and the U.S. Further, many cities face tremendous challenges in terms of reducing water and air pollution, improving the quality of the urban environment, reducing disaster risks, and addressing problems of water scarcity and lack of access to basic servicesâ.",0.7259544459256259
"As mentioned in the CPF, the Bank will continue to invest in water and sanitation to foster resilience against the increased variability of water supply, while also focusing on pricing policies to ensure that water charges reflect provision costs; and the support from the Bank will be embedded in the broader context of water resource management and protection of scarce water resources, representing key areas of the proposed Project.",0.14906363053755325
"The proposed Project's Development Objective (PDO) is to strengthen capacity for water resources management in the Borrowerâs territory, improve reliability of water services in selected municipalities, and improve operational efficiency of water services in the city of Fortaleza.",0.3133628585121848
Increasing Water Security (US$149.93 million; US$34.97 million counterpart funds) .,0.8065284382213246
"This component aims at increasing water security through improved water resources management, expanded bulk water infrastructure and specific investments to ensure the safety of Project-related dams.",0.8424883755770597
"This sub-component will support the construction of the BanabuiÃº â SertÃ£o Central Pipeline System to supply treated water from the BanabuiÃº Dam reservoir 24 to selected municipalities, districts and rural areas in the BanabuiÃº and middle Jaguaribe river basins through the construction of an approximately 670km pipeline network and a treatment station near the source.",0.5219000469554554
"The Pipeline System will be the first investment implemented as part of the Stateâs Malha DâÃ¡gua project25, which aims at increasing water supply reliability in quantity and quality and water storage management efficiency by placing water intakes inside the reservoirs, thereby, reducing the flows released from these reservoirs for river perenization and consequent losses to infiltration and other uses.",0.5789253494956277
"25 The complete Malha DâÃ¡gua project comprises the construction of 4,500 km of treated water pipeline network for a total estimated investment of US$1.4 billion that would benefit 6.3 million people in the next 25 years.",0.9233267524025657
Implementation will follow a design and build approach in line with the MFD bringing the private sector through performance-based contracts.,0.9173544970425692
"This set of activities includes the preparation of: (i) CAGECEâs organization restructuring plan focusing on improving corporate governance through a broader approach, using the turnaround framework for a performance improvement plan, from short to long term; (ii) economic and social studies to revise CAGECEâS tariff structure with the objective of providing CAGECE with a new tariff structure26 by level of water consumption able to cover its operational and investment costs; and (iii) guidelines for improved infrastructure asset management processes.",0.8576255278153853
"Activities are in line with the MFD approach, especially with the preparation of a turnaround plan and development of a proposal for reforming tariffs and subsidies.",0.5498282259160822
"Better corporate governance and improved, operational efficiency will enable adequate maintenance of water infrastructure, thereby contributing to the sectorâs resilience to climate change.",0.4956277067011053
Strengthening Public Sector Management (US$8.62 million) .,0.8781319531527433
"Better water governanceâbased on historical data, hydrological and economic models and forecasts of key climate variablesâwill indirectly contribute to a higher supply of water and a more efficient use and allocation, thereby further contributing to the water sectorâs resilience to droughts.",0.41540939157659357
"26The current tariff structure was designed in the 1970âs and is based on Increasing Black Tariff (IBT) model with cross-subsidies between consumption level, category of users and municipalities, with a limited social tariff rule.",0.07237169959328392
"(b) Improving public sector investments and management, through the optimization, strengthening and modernization of ARCEâs management and regulatory activities; supporting Secretariat of Economic Development and Laborâs (Secretaria de Desenvolvimento EconÃ´mico e Trabalho â SEDET) ability to assess the efficiency of water usage in the agricultural sector; the preparation of the State Water Supply and Sanitation Plan; and the implementation of a Public Investment Management System (PMIS) in SEPLAG to support decision making throughout the entire public investment cycle.27 (c) Improving accountability in public investment, through the development and implementation of a contract management system in the State General Controller (Controladoria Geral do Estado â CGE) to assess performance and compliance across the State; and a public works management system that will enhance the State Court of Accountsâ (Tribunal de Contas do Estado â TCE) ability to monitor water infrastructure works.",0.8851117220791903
"It is estimated that roughly 120,000 people, half of which are women, living in the urban areas of the nine municipalities (including the districts supplied by the BanabuiÃº â SertÃ£o Central Pipeline System located in the interior of CearÃ¡) will benefit from a more reliable water supply due to the water infrastructure investments.",0.9199240424416282
"Project beneficiaries also include existing CACEGEâs users in the city of Fortaleza, who will benefit from the efficiency improvements to be pursued in the Fortaleza water supply system.",0.27345340902155096
"At the same time, the improved efficiency will benefit the total population being served by the system, 2.6 million people, by increasing water 27The World Bankâs PforR financed the development of the methodology behind the PMIS and successfully piloted it in the water sector ( CinturÃ£o das Ãguas do CearÃ¡).",0.1489196473901922
"The technical assistance activities focused on improving water resources management and strengthening the public sector will benefit the whole State population, around 9 million people.",0.46227312088012695
"The construction of the BanabuiÃº â SertÃ£o Central Pipeline System will increase the number of days of reliable access to water in the nine beneficiary municipalities, increasing continuity of water supply from 70 to 90 percent.",0.35157383571971546
"The World Bank is also uniquely positioned to support water resources management and water supply infrastructure investments and reforms due to its strong local presence, specialized staff, and considerable experience implementing water projects in the Northeast region of Brazil.",0.7037610574202104
"From a multisectoral perspective, between 2003-2019, the World Bank supported the State on several key areas of social and human development, service delivery, leveraging the greatest possible benefit for government actions and enhancing public sector management capacity in a scenario of high debt services commitments.",0.3325477513399991
"Due to this successful and long-term partnership, the Government of the State of CearÃ¡ has expressed interest in carrying out a new credit operation based on the Investment Project Financing (IPF) instrument, with focus on water security and governance.",0.7358768636530096
"Based on worldwide analytical work and project experience, this Project will support the State of CearÃ¡ on increasing resilience, addressing these crucial development issues in a holistic way: (a) improving management of scarce water resources;(b) increasing efficiency of urban water services; and (c) providing new water infrastructure to provide people with reliable water sources.",0.7416516217318448
"The Government of CearÃ¡ has continuously expanded and reinforced its water system over the last decades , mostly through World Bank-financed projects.",0.8044692819768732
"It helps manage expectations, facilitates ownership and trust, and supports accountability mechanisms.",0.25642126256769354
Sustainability of water investments supported by the Project relies on the financial and economic sustainability and technical capacity of beneficiary utility to efficiently operate and maintain built infrastructure and to bear at least the O&M costs.,0.8740932291204279
The investment cost will be covered by the State and it is not expected to be recovered from the tariff.,0.542842301455411
"The Project will assist CAGECE in improving its financial and technical performance through technical assistance towards improving commercial efficiency, increasing operational efficiency, and being better prepared to plan and manage service delivery and operation of water infrastructure, especially with the use of the Utility Turnaround Framework.",0.5116555040532892
"The public good nature of climate change adaptation interventions related to more reliable supply of water, coupled with the large capital outlays required for their construction, justifies public financing of these investments.",0.5536778189919211
"This Project will contribute to this aim by revising and supporting the application of new tariff structure, setting the stage for the most direct beneficiaries of infrastructure investments to start paying for these services.",0.8908601240678267
"Based on the Stateâs vulnerability to droughts, which will be exacerbated by climate change, the Project activities have been prioritized to focus on actions to support expansion of water infrastructure and strengthening water resources and public-sector management They are based on a comprehensive strategic planning exercise led by SRH, covering water resources planning, climate forecasting, infrastructure, and water governance.",0.886787241155451
"The proposed investments to increase the reliability of water supply to municipalities in the BanabuiÃº and middle Jaguaribe river basins were defined based on a detailed concept study of the Malha DâÃ¡gua project carried out by SRH, which proposed a series of treated water supply pipeline systems, using reliable water sources for ensuring human supply to urban centers in the whole State of CearÃ¡.",0.49490759589455346
"The decision to invest in water losses reduction was driven by the need to improve efficiency of water services provision to the city of Fortaleza, which relies on inter-basin transfers.",0.6220368472012606
"The financial and economic analyses focus on Projectâs subcomponents with specific investments, which benefits could be quantified.",0.9014944596724077
The economic analysis assesses all Projectâs investments excluding activities aimed at building capacity or improving knowledge and technical expertise.,0.9421858354048296
Costs and benefits were expressed in constant prices as of 2018 at an exchange rate of 3.72 Reais per US dollar.,0.2779828201640736
The net present value (NPV) of net benefits reaches US$59 million with a benefit to cost ratio of 1.42.,0.9406659386374734
The Internal Economic Rate of Return (IERR) for the Project reaches 14.5 percent.,0.8838662234219637
"The financial analysis of CAGECE shows that in the year 2017, the company obtained net revenues from services rendered reaching R$1.16 billion (US$311.8 million) and in the year 2016, net revenues amounted of R$1.06 billion (US$284.9 million).",0.8574880253184926
"Gross revenues, or revenues before taxes in 2017 were estimated at R$941.89 million (US$253.2 million) for water supply services and R$335.75 million (US$90.2 million) for sanitation services.",0.8321249701760032
"In 2016, gross revenues were R$869.88 million (US$233.8 million) for water supply services and R$298.07 million (US$80.3 million) for sanitation services.",0.8809374028986151
"For the 2017-2018 period, CAGECEâs Net Operating Revenues (NOR) from water supply and sanitation services totaled R$981.5 million (US$263.8 million), up 17.8 percent compared to the same period of 2016-2017.",0.8817151676524769
"CAGECE is tackling losses based on reviewing accounts receivable and other receivables and contractual assets for an amount equal to the expected credit loss, to ultimately improve its financial position based on increasing operating margins vis-a-vis debt and liabilities.",0.6471714106473055
"In addition to the investments that CAGECE undertakes for Fortaleza, the State transferred to the Municipal Government, 22 percent of its shares with the right to  The World Bank CearÃ¡ Water Security and Governance (P165055) vote on water and sanitation issues.",0.19150894338434393
"The works for the expansion of the water infrastructure will take place in the BanabuiÃº and middle Jaguaribe river basins and will supply treated water to the urban areas of nine municipalities, 37 districts and selected rural areas.",0.30918088826266205
"RESULTS FRAMEWORK AND MONITORING Results Framework COUNTRY: Brazil CearÃ¡ Water Security and Governance Project Development Objectives(s) The proposed Project's Development Objective (PDO) is to strengthen capacity for water resources management in the Borrower's territory, improve reliability of water services in selected municipalities, and improve operational efficiency of water services in the city of Fortaleza.",0.6646669127724387
"Project Development Objective Indicators RESULT_FRAME_T BL_ PD O Indicator Name DLI Baseline End Target Strengthen capacity for water resources management Percentage of strategic water users regularized (Percentage) 0.00 80.00 Improve reliability of water services in select municipalities Continuity of water systems supplied with water from Banabuiu - 70.00 90.00 Sertao Central pipeline system (Percentage) People benefiting from more reliable water services (Number) 0.00 118,490.00 Women benefiting from more reliable water services (Number) 0.00 61,615.00 Improve operational efficiency of water services in the city of Fortaleza Reduction in Non Revenue Water in the city of Fortaleza 469.00 317.00 (litters/connection.day) (Number) PDO Table SPACE  The World Bank CearÃ¡ Water Security and Governance (P165055) Intermediate Results Indicators by Components RESULT_FRAME_T BL_ IO Indicator Name DLI Baseline Intermediate Targets End Target 1 2 3 4 Increasing Water Security Climate Forecast System Climate Forecast System Climate forecast system generated information Climate Forecast System based on two global information available to being used to calculate strengthened (Text) climate models on the public.",0.8637384934858843
"Percentage of registered large users that have macro 7.00 75.00 metering (Percentage) Increased water treatment capacity in the Banabuiu 0.00 1,900 m3/h Sertao Central pipeline system region (Text) Reduction of the time lost from For women â 3.48 routine activities because of days/year Gap reduction by 20% waterborne and For men - 3.15 days/year gastrointestinal diseases (Text) Reduction of time spent with For women - 18.1 household workloads hours/week Gap reduction by 10% (including fetching water to the household) (Text) For men - 10.5 hour/week Beneficiariesâ Level of satisfaction with the provision 0.00 70.00 of water services (Percentage) Complaints and inquiries received through the Grievance Redress Mechanism 0.00 90.00 that are registered and addressed (Percentage)  The World Bank CearÃ¡ Water Security and Governance (P165055) RESULT_FRAME_T BL_ IO Indicator Name DLI Baseline Intermediate Targets End Target 1 2 3 4 GaviÃ£o Dam Safety Periodic Review and GaviÃ£o and BanabuiÃº complementary studies Dam Safety Plans GaviÃ£o and BanabuiÃº for BanabuiÃº dam contracted Dam Safety Plans Improve safety conditions of contracted.",0.22142551162026144
"Improving the Efficiency of Water Services Number of District Metering Areas created in Fortaleza 0.00 9.00 18.00 44.00 (Number) Water tariff structure revision Water tariff structure Proposed tariff structure proposal finalized, approved by Water tariff structure Water tariff structure the Adminstration Council and Tarif structure not revision study approved revision presented and revision study revision proposal presented to the regulatory revised.",0.004918999631296505
Strengthening Public Sector Management Public Investment 10% of Secretariat of System 100% 20% of new water Management System Agrarian Development implemented and operational No system implemented and made resources related projects (SDA) new projcts available to all users.,0.8665318055586382
"People benefiting from Estimated beneficiary more reliable water services population at the end measured on a basis of Project of the Project was uninterrupted water supply People benefiting from more reliable Year 7 progress calculated based IPECE (except for maintenance) water services reports on annual population following the National water growth quality standards (Ministry geometric mean rate of Health PRC n. 05 of Sep. in the municipalities 28, 2017, Annex XX).",0.860333962873979
"People benefiting from Estimated beneficiary more reliable water services population at the end measured on a basis of of the Project was Project uninterrupted water supply calculated based Women benefiting from more reliable Year 7 progress IPECE (except for maintenance) on annual population water services reports following the National water growth quality standards (Ministry geometric mean rate of Health PRC n. 05 of Sep. in the municipalities 28, 2017, Annex XX).",0.7670334035700018
Calculation will be done Reduction in Non Revenue Project using the formula: IPL = CAGECE Business Unit Reduction in Non Revenue Water in the Water based on the creation Montlhy Progress (Loss) / (No.,0.1548194018277255
Increased water treatment capacity in the Capacity refers to CAGECE's Single Project Target achievement will SRH / CAGECE Banabuiu Sertao Central pipeline system water treatment stations in measurem progress be verified after the  The World Bank CearÃ¡ Water Security and Governance (P165055) region the municipalities of ent upon reports.,0.3419938087463379
"construction and Senador Pompeu (110 operation Target operation of the water m3/h), Piquet Carneiro (110 of the calculated treatment station.",0.09475145556709984
"Project Target 2 refers to the progress cadaster and analysis Public Investment Management System Yearly SEPLAG report by the system of new implemented and operational SDA projects and water resources (SRH, COGERH, FUNCEME) projects.",0.5957254062999379
decision making and strengthening the State's economic growth.,0.2559995651245117
"ï§ Execution of the following activity under Component 3: development of a Public Investment Management SEPLAG System (PMIS), which would help make better informed decisions throughout the entire public investment cycle (proposal, design, implementation and evaluation), as well as improve the management and monitoring of investments.",0.8497851978648793
"ï§ Execution of the following activities under Component 3: (i) establishment of a dedicated group that would IPECE provide technical support in designing policies in the water and agribusiness sectors through on-demand research; (ii) capacity building activities, including for data analysis, particularly in those institutions that directly work in or with the water sector; and (iii) assess the efficiency of water usage in the agricultural sector in five basins of CearÃ¡, helping prioritize agricultural activities (with technical support from SEDET); ï§ Support the Project Management Unit; ï§ Management of the contracts related to the activities above; ï§ Preparation and submission to the PMU of the reports related to the progress of the contracts;  The World Bank CearÃ¡ Water Security and Governance (P165055) ï§ Compliance with the Project Operational Manual and Procurement Plan.",0.3495575731450861
"To fulfill their mandate, the State annual budget law (LOA) includes a capital increase for the respective companies, which are transferred annually to each entity, through their line Secretariats.",0.36632082679054956
"The amount of USD 500,000 is expected to finance three contracts to develop the TCE-CEâs IT system and buy equipment.",0.9283972653475675
Procurement of works.,0.12023199688304555
"Procurement of works are expected under the project, including one large Water Treatment and Distribution Plant estimated at US$132 million and smaller water loss control interventions.",0.01977404003793543
Procurement of goods.,0.6914703629233621
"Consulting services under the Project will include works supervision, engineering designs, studies, IT systemsâ development, etc.",0.0767862309109081
Increasing Water Security (US$149.93 million; US$34.97 million counterpart funds) .,0.8065284382213246
"This component aims at contributing to increase water security through improved water resources management, expanded water infrastructure and specific investments to ensure the safety of Project-related dams.",0.8517343347722833
"According to the law, water charge aims to encourage the rational water use, obtain financial resources for program financing, cover water resources management systems and associated interventions contemplated in the Water Resources State Plan and in the River Basin Plans.",0.5972818027843129
"urban supply, industries, irrigated perimeters), fostering the right assessment of volumes produced and volumes delivered.",0.9027830470692028
"This sub-component will support the construction of the BanabuiÃº â SertÃ£o Central Pipeline System to supply treated water from the BanabuiÃº Dam reservoir48 to selected municipalities, districts and rural areas in the BanabuiÃº and middle Jaguaribe river basins through the construction of an approximately 670km pipeline network and a treatment station near the source.",0.5406174659729004
"The Pipeline System will be the first investment implemented as part of the Stateâs Malha DâÃ¡gua project, which aims at increasing water supply reliability in quantity and quality and water storage management efficiency by placing water intakes inside the reservoirs, thereby, reducing the flows released from these reservoirs for river perenization and consequent losses to infiltration and other uses.",0.6622262868014249
"The goal of the Malha DâÃ¡gua is to increase the water security of the State, guaranteeing qualitative and quantitative conditions of water supply to urban centers and complementarily to rural communities located alongside the pipeline systems to be implemented.",0.6075302470814098
It comprises the construction of 4500 km of treated water pipeline network for a total estimated investment of US$1.4 billion that will benefit 6.3 million people in the next 25 years.,0.9116849899291992
It includes a pipeline system of approximately 670km for supplying water to the urban areas of the nine municipalities and additional extensions to 37 existing districts as listed in Table A2.1.,0.4449399167841131
"Although the focus of the project is the urban population, and therefore does not contemplate the construction of pipeline systems for the rural population, the project will consider in its dimensioning the entire population of the municipality, to allow, in the future, the integration with other supply systems, serving as a water source.",0.8490063927390359
â Municipalities (urban centers and districts) to be supplied by BanabuiÃº - SertÃ£o Central Pipeline System Municipalities Urban Centers and Districts Municipalities Urban Centers and Districts Main urban center Main urban center BanabuiÃº District of Laranjeiras District of CapitÃ£o Mor Main urban center Pedra Branca District of MineirolÃ¢ndia District of Aurora District of Santa Cruz do BanabuiÃº Dep.,0.280367374420166
Implementation will follow a design and build approach in line with the MFD approach bringing the private sector through performance- based contracts.,0.8760619597001509
"This set of activities includes the preparation of (i) CAGECEâs organization restructuring plan focusing on improving corporate governance through a broader approach, using the turnaround framework (see Figure A2.2) for a performance improvement plan, from short to long term; (ii) economic and social studies to revise CAGECEâS tariff structure with the objective of providing CAGECE with a new tariff structure52 by level of water consumption able to cover its operational and investment costs; and (iii) guidelines for improved infrastructure asset management processes.",0.8807853351939808
"Activities are in line with the MFD approach, especially with the preparation of a turnaround plan and development of a proposal for reforming the current tariff and subsidies.",0.6246447563171387
"Better corporate governance and improved, sustainable operational efficiency will further reduce NRW and enable adequate maintenance of water infrastructure, thereby contributing to the sectorâs resilience to climate change.",0.19500277259133078
"52The current tariff structure was designed in the 1970âs and is based on Increasing Black Tariff (IBT) model with cross-subsidies between consumption level, category of users and municipalities, with a limited social tariff rule.",0.03291300751946189
Strengthening Public Sector Management (US$8.62 million) .,0.8781319531527433
"Better water governanceâbased on historical data, hydrological and economic models and forecasts of key climate variablesâwill indirectly contribute to a higher supply of water and a more efficient use and allocation, thereby further contributing to the water sectorâs resilience to droughts.",0.41540939157659357
Improving public sector investments and management.,0.9217584783380682
"It will also finance a program in the Secretariat of Economic Development and Laborâs (Secretaria de Desenvolvimento EconÃ´mico e Trabalho â SEDET) to assess the efficiency of water usage in the agricultural sector in five basins of CearÃ¡, helping prioritize agricultural activities; as well as the preparation of the State Water Supply and Sanitation Plan, including urban and rural water supply.",0.5889139608903364
"It will also include the implementation of a Public Investment Management System (PMIS) to support decision making throughout the entire public investment cycle (proposal, design, implementation and evaluation), as well as improve the management and monitoring of investments.54 46.",0.8691713159734552
Improving accountability in public investment.,0.6554828557101163
 The World Bank CearÃ¡ Water Security and Governance (P165055) ANNEX 3: Economic and Financial Analysis COUNTRY: Brazil CearÃ¡ Water Security and Governance Rationale for Public Sector Investment 1.,0.12854959748008035
"The Project interventions will invest in the BanabuiÃº and middle Jaguaribe river basins, by constructing a transmission pipeline and a Water Treatment Plant (WTP).",0.9246729937466708
Public investments by the state are necessary for strengthening water security because of the limited financial return on these investments.,0.3905422037298029
"The cost-benefit analysis focuses on projectâs subcomponents with investments, which benefits can be quantified, namely, interventions that will lead to strengthen water resources management in the State, improve reliability of water services in selected municipalities, and improve the operational efficiency of water services in metropolitan areas of Fortaleza.",0.8847634575583718
The economic analysis compares the stream of costs and benefits âwith projectâ and âwithout projectâ scenarios.,0.8769232143055309
"âWithout projectâ scenario is characterized by: (i) lower reservoir water levels due to recurrent droughts particularly in smaller reservoirs; (ii) increased pollution of smaller reservoirs particularly during dry years; (iii) increased number of conflicts with farmers during dry years, making difficult to enforce restrictions on water use; (iv) substantial water losses resulting from evapotranspiration and infiltration by using rivers as means to transfer water to urban areas; and (v) increased reliance on âcarros-pipaâ or water-trucks to transport water far away from the sources.",0.3759096752513539
The analysis includes the streams of costs and benefits during the Projectâs lifetime estimated at 25 years.,0.5319648655978116
"Making water available at lower cost is critical to reduce the burden of water purchases from tankers: an average of 5.0 m 3 of consumption per household per month (equivalent to 40 liters per capita per day) at a unit cost of US$11.1/m 3 represents an expenditure of US$55.5, equivalent to 15 percent of average salary in BanabuiÃº municipality in CearÃ¡ (R$2,070 or US$556).",0.025485030629418114
"Hence, the Project will provide benefits in the form of consumer surplus56 moving from truckers to piped water services (adjusted with the connection charges).",0.06885811957446011
"The additional volume of treated bulk water will be sold to urban users, and the tariff of US$2.2/m 3 is used as a proxy of the economic value of water.",0.1578935276378285
"COGERH will also obtain benefits since the Project will increase average water storage by not having to rely on rivers to transfer water, estimated at 16.6 million m 3 valued at US$0.20/m3 â the cost of the next water alternative.",0.6504802703857422
The implementation of the measures to reduce water losses in Fortaleza will bring efficiency gains from total supply reaching 295.99 lit/sec or 9.3 million m 3 of treated water per year valued at US$0.5/m3.,0.568252606825395
The analysis includes the investment costs associated with the construction of the BananuiÃº â SertÃ£o Central Pipeline System57 and measures to improve systemâs distribution efficiency by tackling commercial and physical losses.,0.6826646544716575
The analysis includes the O&M cost of the BanabuiÃº-SertÃ£o Central system estimated at US$0.3/m 3 and incremental O&M cost of the water loss reduction program estimated at 5 percent of the investment cost.,0.7694521817294034
The net present value (NPV) of net benefits reaches US$59 million with a benefit to cost ratio of 1.42.,0.9406659386374734
"Overall NPV of costs (capital, operation and maintenance costs) reaches US$140 million, and NPV of benefits reaches US$199 million.",0.9146520441228693
The Internal Economic Rate of Return (IERR) for the Project reaches 14.5 percent.,0.8838662234219637
"Using a more conservative discount rate of 6 percent, the NPV of the Project reaches US$193 million.",0.7002293413335626
The Project also yields positive NPV of net benefits under a 30 percent benefits reduction (US$0.65 million) and a 30 percent Most of this population already has access to water distribution services of some kind but depends heavily on water trucks.,0.9172332937067206
"57 This important infrastructure is part of the Malha dâÃgua project, a 1.4 billion US dollar investment.",0.9027480212124911
 The World Bank CearÃ¡ Water Security and Governance (P165055) investment cost overrun (US$46 million); and satisfactory IERRs (between 11.1 and 10.0 percent).,0.8733126033436168
"Thus, the NPV with health benefits increases from US$59 million to US$62 million.",0.687886281446977
The average values between low and high prices are applied to the GHG emissions assuming a growth rate of 2.26 percent per year for the lifetime of the Project.,0.6856076934120872
"Accounting for the GHG emission, the NPV of the Project increases from US$59 million to US$60.5 million.",0.7474903626875444
"By adding both the GHG estimates and health benefits, the NPV of the Projects reaches US$69.5 million.",0.7429543408480558
Sensitivity of Project Adding Health and GHG benefits NPV Total (US$ million) ERR Baseline 59.0 14.5% Adding health benefits 62.1 14.7% Adding GHG estimates 60.5 14.6% Adding GHG + Health Benefits 61.9 14.7% 14.,0.8757028579711914
The Projectâs economic efficiency is reduced if implementation of the main works of subcomponent 1.2 are delayed or postponed.,0.434495362368497
"In addition, COGERH and CAGECE would need to improve coordination to maximize the returns of the Project in terms of water management and resilience against scarcity, water infrastructure delivery, and water and sanitation services.",0.8040926673195579
" The World Bank CearÃ¡ Water Security and Governance (P165055) institutions, and many water management attributions continue under the state's or other agencies purview: water rights and permits, bulk water pricing, planning, operation and maintenance of hydraulic infrastructure, groundwater management, and control.",0.5655039873990145
"In the year 2017, CAGECE obtained net revenues from services rendered reaching R$1.16 billion (US$311.8 million) and in 2016 in the amount of R$1.06 billion (US$284.9 million).",0.7966856522993608
"Gross revenue, or revenue before taxes in 2017 was R$941.89 million (US$253.2 million) for water supply services and R$335.75 million (US$ 90.2 million) for sanitation services.",0.8645858764648438
"In 2016, it was R$869.88 million (US$233.8 million) with water supply and R$298.07 million (US$80.3 million) with sewage services.",0.9116513512351296
"The increase in gross revenue took place under the following contextual factors61: ï· In the third quarter of 2016, there was an increase of the consumption contingencies, from 10 percent to 20 percent (Contingency Tariff --established during drought periods).",0.8801602450284091
"This led to a 20 percent increase of the average water tariff, aiming at managing demand in the face of scarcity of water resources; ï· The application of an ordinary revision of 17.23 percent in water and sewage tariffs was performed in two steps.",0.29369183020158246
The objective of this review was to achieve the average tariff of R$3.55 per cubic meter (US$0.95 per cubic meter).,0.6950186382640492
"For the 2017-2018 period, CAGECEâs Net Operating Revenues (NOR) from water and sewage totaled R$981.5 million (US$263.8 million), up 17.8 percent compared to the same period of 2016-2017.",0.7953341223976829
CAGECE is also showing an increase in net revenues over the last year.,0.7215870510448109
Net revenues for the third quarter of 2018 had an increase of R$65.6 million (US$17.6 million) compared to the same period in 2017.,0.7342233657836914
"Tariffs have been adjusted to deal with the drought through water availability contingencies, which has improved CAGECEâs finances and obtain a positive trajectory of revenues against the relatively small change in costs and expenses.",0.8822525197809393
"The Company is tackling losses by reviewing accounts receivable and other receivables and contractual assets for an amount equal to the expected credit loss, to ultimately improve its financial position based on increasing operating margins vis-a-vis debt and liabilities.",0.37587967785921966
The financial leverage ratio for 2017 was 13 percent and reduced due to stable financial indicators to 10 percent for 201862.,0.7906488071788441
This indicates that the company has margin to inject debt for capital investments without threatening a substantial decline in operating margins.,0.40726822072809393
"Simultaneously, the share of the Brazilian population with access to wastewater services rose from 38.4% to 51.9%, giving access to sewage systems to more 40.6 million people, which means an increase of 64.2% in the number of Brazilians served.",0.6228354627435858
"Average earnings from jobs according to grades completed â according to access to sanitation, access to sanitation, 2016 (Brazilian Reais) 2016 (Brazil, 2013) Source: Instituto Trata Brasil, based on data from PNADC 2016 (IBGE: 2017) 69 According with the analysis made by Instituto Trata Brasil (2018), information from PNADC 2016 corroborate these trends.",0.458296689120206
"Over the past four decades, China has experienced an extraordinary period of economic growth averaging over 10 percent per year, with a 25-fold increase in per capita income.1 The Government announced on , that it had reached its goal of eliminating rural extreme poverty.2 However, such rapid growth has resulted in challenges of pollution and inefficiencies in resource use.",0.6866866025057706
"Recognizing these challenges, transitioning to a more balanced and sustainable economic growth model has become a key policy priority.",0.6928950656544078
"China's 13th Five Year Plan (FYP) (2016â2020) emphasized the need for high-quality green development based on productivity and innovation, rebalancing of growth toward consumption and services, and increased stringency of environmental regulations.8 Central government funding of environmental protection and pollution control increased to US$35.7 billion by 2019, five times more than in 2017.9 China saw a slowdown in the growth of greenhouse gas (GHG) emissions, reduced local air and water pollution,10 improved resource efficiency, and enhanced land management during this period.11 The 14th FYP (2021â2025), released in March 2021, reflected a strengthening of ambitions, including planned reductions in GHG emission intensity and improved water pollution and land management, and references the importance of climate change adaptation.",0.9092442772605203
 âImprovements in Ecosystem Services from Investments in Natural Capital.â Science 352: 1455â1459 (link).,0.1527793840928511
"Over 200 billion cubic meters of water are drawn from the basin annually, supporting industry and providing drinking water for almost 600 million people.22 The YREB is an important manufacturing hub, lying at the heart of global supply chains, and is one of the worldâs busiest inland waterways for freight traffic.",0.8358217586170543
"In 2018, the GDP generated in the YREB was estimated at US$5.7 trillion (CNY 40.3 trillion), accounting for 45 percent of national GDP.23 If the YREB were a country, it would be the third-largest economy in the world.24 5.",0.2977409362792969
"A 10â21 percent increase in runoff is forecast for 2041â2070 relative to 1970â2000, 38 which is likely to exacerbate flooding and associated economic costs39 and increase the levels and variations in water pollution (including plastic debris) due to more intense precipitation and floods events resulting in spikes in runoff.",0.41722765835848724
"Significant public and private infrastructure investments have resulted in improved water quality in the Yangtze River Basin; however, further improvements will require institutional measures.",0.8105263276533647
The proportion of major river basins meeting drinking water standards (class IâIII) increased from 61 percent in 2011 to 83 percent in 2020.,0.6654325832020153
"Total phosphorus levels, for example, remain above national standards in some water quality monitoring sections.42 The portion of lakes and reservoirs in the Yangtze River Basin exhibiting âmoderateâ eutrophication43 increased from 31 percent in 2009 to 42 percent in 2018.44 While further infrastructure investments are needed for the control and treatment of point and non-point sources of pollution in specific locations, broader and sustained improvements will require improvements in institutions and management 38 CWR.",0.940884069962935
"39 Floods in 2020, for example, affected 63 million people and caused estimated economic costs of US$26 billion.",0.012788914821364662
"The law calls for local governments to establish water quality baselines, prepare total phosphorus pollution control plans, reduce pollutant discharge through investments in wastewater treatment facilities and piped networks, and control agricultural NPS pollution, including through the promotion of organic fertilizers and control of agricultural plastic film.",0.7557402524081144
"â¢ Marine plastics: The Yangtze River is estimated to be one of the worldâs largest single riverine sources of plastics, which affect marine ecosystems and wildlife via entanglement and indigestion and ecotoxicity.56 The Program builds on an increasing portfolio of World Bank-financed projects supporting the collection and removal of plastic waste,57 including agricultural plastic films that commonly ends up in waterways.58 The Program will support the development of implementation plans for plastic pollution management in demonstration provinces for longer-term institutionalized impact.",0.1767573356628418
"The PforR instrument leverages significant resources under existing Government programs, providing for impact beyond traditional Investment Project Financing (IPF).",0.8688338886607777
"The PforR focuses on a subset of activities where the Government wants to enhance efficiency, effectiveness, and impact of expenditure by linking the disbursement of funds to the achievement of specific results.",0.41718643361871893
Early support in the water sector focused on infrastructure and rural development.,0.5647412646900524
"The Yangtze River Basin Water Resources Project (P003596), for example, approved in 1995, supported multi- purpose dam construction, flood management measures, and the rehabilitation and construction of irrigation schemes with capacity building.",0.8919262452559038
World Bank Financing and Number of Projects by Province infrastructure and sustainable rural development.,0.9033049670132723
The YRPERP will build on China's now considerable capacity for infrastructure development by focusing on contemporary challenges of inter-jurisdictional cooperation and cross-sectoral coordination.,0.4271551045504483
"63Eco-compensation programs aim to financially incentivize improved land and water management by sub-national governments, firms, or households.",0.8052026575261896
"To support the Dongting Lake Basin Plan, the implementation plan70 includes specific targets, including that by 2025: (a) 95 percent of rivers and waterbodies will reach water quality of Grade III, and the level of total phosphorous will be reduced by 10 percent relative to 2018; (b) the utilization rate of animal manure will remain at least 75 percent, and fertilizer consumption will remain at zero growth relative to 2020; (c) the coverage rate of rural wastewater treatment facilities will reach 90 percent, and the coverage rate of rural solid waste collection and treatment will reach 100 percent; and, (d) the area of wetland restoration will reach 1 million mu (66,000 ha).",0.34596716273914685
"The Program contributes to a long-term vision of an economically productive, ecologically sustainable, and climate resilient Yangtze River Basin (Figure 3).",0.3359345089305531
"These plans will incorporate climate considerations (for example, flood risks) in their infrastructure investment recommendations.",0.5832877592606978
 The World Bank Yangtze River Protection and Ecological Restoration Program (P171644) activities that involve the procurement of: (a) works estimated to cost US$75 million equivalent or more per contract; (b) goods and non-consulting services estimated to cost US$50 million equivalent or more per contract; or (c) consulting services estimated to cost US$20 million equivalent or more per contract.,0.0216362787918611
"Program Financing (2022â2026) Central (IPF) Jiangxi (PforR) Hunan (PforR) Total Amount Amount Amount Amount Source % of % of % of % of (US$, millions, (US$, millions, (US$, millions, (US$, millions, Total Total Total Total equiv.)",0.5192936116998846
"Government 0 0 2,519 92.77 3,607 94.84 6,126 93.87 IBRD 7.5 100 196.25 7.23 196.25 5.16 400 6.13 Total program 7.580 0.12 2,715.25 41.60 3,803.25 58.28 6,526 100 financing D. Program Development Objective(s) (PDO) and PDO Level Results Indicators 29.",0.2024737704883922
"The engagement of public institutes established practice in World Bank financed projects in China, including in the GEF Mainstreaming Integrated Water and Environment Management Project (P145897), Economic Transformation and Institutional Capacity Building Project (P144270), Building a Modern Fiscal System Technical Assistance Project (P154694), Yunnan Highway Asset Management Project (P132621), and Guangdong Compulsory Education Project (P154621).",0.5552190867337313
Both Jiangxi and Hunan Provinces have indicated that they would like to apply for a 25 percent advance payment (US$49.0625 million for Jiangxi Province and EUR 42.125 million for Hunan Province) under the PforR.,0.492143761027943
Design of the mechanism was financed through the World Bank TA project âPromoting Economic Reform and Capacity Building â.,0.31226288188587537
"Article 47 requires county governments to make plans for the construction of centralized sewage treatment facilities and supporting sewer networks, to improve sewage collection and treatment capacities, and also emphasizes the need to clarify responsibilities and implement unified management.",0.23737443577159534
Key lessons were derived from the following: â¢ The Danube Water Program (P159654) illustrates the importance of institutional and policy support for strong utilities and sustainable water and wastewater services.,0.6333969723094593
"â¢ The Nile Basin Program (P156765) highlights the benefits of investing in data and information to support infrastructure planning and development, as well as capacity building, in managing joint development of shared water resources.",0.925489685752175
The World Bank has been investing in the countries of the region for more than 20 years under a shared vision to cooperatively and jointly develop shared water resources.,0.39380494031039154
"Regional norms and processes have been established to share information and conduct joint modelling to inform the prioritization, planning, and implementation of investment projects across the basin.",0.6939730644226074
"â¢ The Framework for Adaptation to Climate Change in the Water Sector in Mexico (P120134) was a Development Policy Loan supporting the government's efforts to mainstream adaptation to climate change in the water sector by strengthening institutions, creating water banks, regulations, and monitoring capacity in integrated water resources management, as well as incentives to improve data collection and flows of information; establish watershed management programs to improve water quality at sub-national levels; improve the productivity of irrigation; and, strengthen wastewater treatment to improve water quality for groundwater recharge.",0.2524959390813654
The Chinese experience in complementing infrastructure-led water sector development with inter-jurisdictional institutions for sustainable water management will be valuable for World Bank clients looking to make a similar transition as their development needs evolve.,0.15154628320173782
"An estimated CNY 14 billion (US$2 billion) has been invested through the RBECP from 2016 to 2020 (averaging around US$400 million annually), including approximately US$1.4 billion from the central government through the National Key Ecological Zone Program (NKEZP) supplemented through general provincial budget allocations and county contributions.",0.8003137761896307
"These funds increased substantially from 2016 to 2018 and stabilized in 2019 and 2020, despite the impacts of tax cuts and COVID-19 on fiscal revenues.",0.7195933515375311
"According to the Jiangxi Provincial Department of Finance, the RBECP funds will reach CNY 3,275 million (US$500 million) in 2021 and will be maintained at least at this level during the 14th FYP period and beyond, based on which it is estimated that the RBECP funds for 2022 to 2026 will amount to CNY 16,375 million (US$2,519 million).",0.3198660070245916
The total funding increased significantly from CNY 4.3 billion in 2018 to CNY 4.8 billion in 2019 and CNY 4.9 billion in 2020.,0.4724165743047541
This indicates that the source of funds for the Government program in Hunan Province is stable and guaranteed.,0.012449203567071394
"Provincial commitments toward implementation of the Government program under the 14th FYP (2021 to 2025) amount to CNY 37.12 billion (US$5.73 billion), of which CNY 7.41 billion (US$1.14 billion) is allocated toward investments in water supply protection, CNY 21.99 billion (US$3.40 billion) invested in water pollution prevention and treatment, and CNY 7.72 billion (US$1.19 billion) invested in water ecological protection and restoration, providing an adequate basis for this PforR.",0.901857462796298
"While the economic downturn in the wake of the COVID-19 pandemic negatively impacted Government finances, revenues are estimated to have recovered alongside economic activity in 2021.",0.7194021398370917
"To estimate the Programâs economic benefits, benefit transfer from available environmental valuation research in China was used.",0.27803403680974786
These studies utilize the contingent valuation method92 (CVM) to capture the broad range of benefits (both use and non-use economic values) that are expected.,0.32302997329018335
"Benefit estimates are incorporated into a simple benefit-cost analysis (BCA), applied at the sub-basin level for Poyang Lake and Dongting Lake Basins.",0.5742403810674493
"A 15-year period of analysis was used, with benefits starting in Year 5 of and increasing to their full value within two years.",0.4591518315401944
"Across scenarios, the program is economically robust at both 6 and 12 percent discount rates.",0.5815981518138539
"Economic Rate of Return (ERR) and Net Present Value (NPV) by Basin ERR (%) NPV @ 6% (US$, millions) Poyang Lake Basin 15.7 1,957 Dongting Lake Basin 18.3 3,684 GHG Emissions Mitigation 64.",0.8778356205333363
"They provide reasonable assurance that the Programâs financing proceeds will be used for the intended purposes, with due attention to the principles of economy, efficiency, effectiveness, transparency, and accountability.",0.7347646193070845
"Although the laws could be modernized and aligned to modern principles such as âvalue for moneyâ and âfit for purposeâ, both offer a fair playing field for bidders and promote transparency and competitiveness.",0.7312444340098988
"To avoid substantial deviation between contract price and  The World Bank Yangtze River Protection and Ecological Restoration Program (P171644) the prevailing market price level, the PPMO is required to regularly update the cost estimate by taking account of market variants in a timely manner to ensure realistic value for money is being achieved.",0.4002996358004483
"This could be achieved by (a) providing training on chemical fertilizer use and agricultural waste management to farmers; (b) establishing a sustainable incentive mechanism to increase collection rate, in which the existing jobholders should be appropriately considered, for example, the village cleaners; (c) enhancing the OHS management of the enterprises involved in the Program activities; and (d) establishing a social impacts and risks screening, public participation, monitoring, and reporting mechanism.",0.6661853356794878
"Reduced pollutant loads entering waterways in No Yes demonstration counties (Yes/No) Number of wastewater Number of wastewater management strategies Number of wastewater Number of wastewater Number of wastewater Number of wastewater management strategies management strategies management strategies management strategies management strategies issued: Jiangxi: 0; Hunan: issued: Jiangxi: 0; Hunan: 0 issued: Jiangxi: 3; issued: Jiangxi: 3; issued: Jiangxi: 0; Hunan:issued: Jiangxi: 0; Hunan: 0 10.1 Improved township Hunan:1 Number of Hunan:3; Number of 0 Number of integration 0 Number of integration Number of integration Number of integration domestic wastewater service DLI 3 integration arrangement integration arrangement arrangement arrangement arrangement established: arrangement established: systems (Text) established: Jiangxi: 2; established: Jiangxi: 2; established: Jiangxi: 2; established: Jiangxi: 0; Jiangxi: 0; Hunan: 0 Jiangxi: 0; Hunan: 0 Hunan: 1COD Reduced Hunan: 0 COD Reduced Hunan: 1 COD Reduced Hunan: 2 COD Reduced COD Reduced (tons): (tons): Jiangxi: 3,931.98; (tons): Jiangxi: 4,082.87; (tons): Jiangxi: 4,307.88; (tons): Jiangxi: 4,440.17; COD Reduced (tons): Jiangxi: 3603.15; Hunan: Hunan: 3,451 Hunan: 4,480 Hunan: 4,982 Hunan: 5,356 Jiangxi: 4,573.56; Hunan: 2,753 6,151 10.2 Plastic waste (agricultural film) prevented from entering DLI 4 0.00 592.60 1,324.67 2,102.17 2,917.22 3,754.74 water bodies (Metric ton)  The World Bank Yangtze River Protection and Ecological Restoration Program (P171644) RESULT_FRAM E_TBL_IO Indicator Name DLI Baseline Intermediate Targets End Target 1 2 3 4 10.3 Demonstration counties meeting annual targets for DLI 5 0.00 10.00 10.00 10.00 10.00 10.00 manure utilization (Number) .",0.7934857281771573
"PDARA pollution control and reduction action plan (2022) (6) Provincial implementation plan for agricultural plastic film collection (2023) Jiangxi: (1) Gan River Basin Water Ecology and Environment Management Regulation (2024) (2) Provincial Implementation Plan for Strengthening Plastic Pollution Management (2020) (3) Measures to accelerate the green transformation of express delivery packaging (2021) (4) Provincial Domestic Solid Waste Management Regulations (2022)  The World Bank Yangtze River Protection and Ecological Restoration Program (P171644) (5) Provincial River/Lake (Reservoir) Health Evaluation Guidelines (2021) (6) Provincial M&E protocol for agricultural plastic film collection (2023) RCOs develop and disseminate public engagement manual to guide the implementation and evaluation of public awareness raising activities Semi-annual and campaigns, public report on Manual publicly Provincial PMOs and 3.",0.5198088559237394
"River Chief System Platforms Integrated (Hunan) Type of DLI Scalability Unit of Measure Total Allocated Amount (USD) As % of Total Financing Amount Output Yes Number 40,443,557.00 10.11 Period Value Allocated Amount (USD) Formula Baseline 30.00 2022 68.00 7,919,881.00 US$116,468.8 for each platform connected to the provincial platform 2023 68.00 7,919,881.00 US$116,468.8 for each platform connected to the provincial platform 2024 137.00 8,201,265.00 US$547,492 for the provincial platform connected to basin one; US$56,277.745 for each functional connection maintained 2025 137.00 8,201,265.00 US$547,492 for maintaining the provincial platform connected with the basin one; US$56,278 for each functional connection maintained  The World Bank Yangtze River Protection and Ecological Restoration Program (P171644) 2026 137.00 8,201,265.00 US$547,492 for maintaining the provincial platform connected with the basin one; US$56,278 for each functional connection maintained D LI_TBL_M ATRIX DLI 2 DLI 2a.",0.43496292287653143
"Improved water environment management system in the demonstration sub-basins (Hunan) Type of DLI Scalability Unit of Measure Total Allocated Amount (USD) As % of Total Financing Amount Outcome No Text 39,599,408.00 9.90 Period Value Allocated Amount (USD) Formula Baseline No 2022 Integrated Water and Environment Management 12,811,573.00 US$12,811,572.7 for the approval of Plan covering, among others, for the Yuan River the integrated water and basin approved environment management plan for the Yuan River basin 2023 Technical guidelines for data connection under 12,811,573.00 US$12,811,572.7 for the issuance of the river chief system Information platform the technical guidelines for data issued sharing under the river chief system Information platform 2024 The Ecological Flow Requirements at approved 4,658,754.00 US$4,658,753.71 per year control sections on the mainstream and major tributaries of the Yuan River have been complied with for at least 90% of the days of the CY (excluding the days of Eligible Emergencies) 2025 The Ecological Flow Requirements at approved 4,658,754.00 US$4,658,753.71 per year control sections on the mainstream and major  The World Bank Yangtze River Protection and Ecological Restoration Program (P171644) tributaries of the Yuan River have been complied with for at least 90% of the days of the CY (excluding the days of Eligible Emergencies) 2026 The Ecological Flow Requirements at approved 4,658,754.00 US$4,658,753.71 per year control sections on the mainstream and major tributaries of the Yuan River have been complied with for at least 90% of the days of the CY (excluding the days of Eligible Emergencies) D LI_TBL_M ATRIX DLI 3 DLI 3-1a.",0.3775609189813787
"Improved township municipal wastewater service system (Hunan) Type of DLI Scalability Unit of Measure Total Allocated Amount (USD) As % of Total Financing Amount Outcome Yes Text 57,722,424.00 14.43 Period Value Allocated Amount (USD) Formula Baseline 0 Integrated Wastewater Management Strategy issued; 0 Wastewater Plant and Network Integration Arrangement Established; 2753 tons of COD reduced 2022 1 Integrated Wastewater Management Strategy 9,423,052.00 US$1886.80 per ton of COD issued; 1 Wastewater Plant and Network reduced; US$1.46m for one strategy Integration Arrangement Established; 3451 tons issued; US$1.46m for one of COD reduced at township-level wastewater integration arrangement established treatment plants in the Demonstration Counties 2023 3 Integrated Wastewater Management Strategy 12,820,424.00 US$1886.80 per ton of COD issued; 4480 tons of COD reduced at township- reduced; US$1.46m for one strategy level wastewater treatment plants in the issued; US$1.46m for one Demonstration Counties integration arrangement established  The World Bank Yangtze River Protection and Ecological Restoration Program (P171644) 2024 1 Wastewater Plant and Network Integration 10,855,874.00 US$1886.80 per ton of COD Arrangement Established; 4982 tons of COD reduced; US $1.46m for one reduced at township-level wastewater treatment strategy issued; US$1.46m for one plants in the Demonstration Counties integration arrangement established 2025 2 Wastewater Plant and Network Integration 13,017,396.00 US$1886.80 per ton of COD Arrangement Established; 5356 tons of COD reduced; US $1.46m for one reduced at township-level wastewater treatment strategy issued; US$1.46m for one plants in the Demonstration Counties integration arrangement established 2026 6151 tons of COD reduced at township-level 11,605,678.00 US$1886.80 per ton of COD wastewater treatment plants in the reduced; US$1.46m for one strategy Demonstration Counties issued; US$1.46m for one integration arrangement established D LI_TBL_M ATRIX DLI 4 DLI 3-2a.",0.846074104309082
"River Chief System Platforms Integrated (Jiangxi) Type of DLI Scalability Unit of Measure Total Allocated Amount (USD) As % of Total Financing Amount Output Yes Number 39,830,114.00 9.96 Period Value Allocated Amount (USD) Formula Baseline 50.00 2022 58.00 7,847,400.00 US$135,300 for each functional connection established or maintained 2023 65.00 7,847,255.00 US$120,727 for each functional connection established or maintained 2024 86.00 8,045,103.00 US$197,903 for provincial platform connected to basin platform; US$92,320 for each functional platform connected or maintained 2025 98.00 8,045,200.00 US$197,900 for the maintenance of the provincial with the basin connection US$80,900 for maintaining county connections 2026 112.00 8,045,156.00 US$197,900 for maintenance of the connection of the provincial with the basin platform; US$70,696 for maintaining county connections  The World Bank Yangtze River Protection and Ecological Restoration Program (P171644) D LI_TBL_M ATRIX DLI 7 DLI 2b.",0.5045709176497026
"Improved water environment management system in the demonstration sub-basins (Jiangxi) Type of DLI Scalability Unit of Measure Total Allocated Amount (USD) As % of Total Financing Amount Outcome No Text 39,000,000.00 9.75 Period Value Allocated Amount (USD) Formula Baseline No 2022 Integrated water and environment management 12,000,000.00 US$12 million for the approval of plan for Gan River basin approved the Integrated water and environment management plan for Gan River Basin 2023 A water environment information platform for 12,000,000.00 US$12 million for the establishment the Gan River basin established of water environment information platform for the Gan River basin 2024 The Ecological Flow Requirements at approved 5,000,000.00 US$5 million per year control sections on the mainstream and major tributaries of the Gan River have been complied with for at least 90% of the days of the CY (excluding the days of Eligible Emergencies) 2025 The Ecological Flow Requirements at approved 5,000,000.00 US$5 million per year control sections on the mainstream and major tributaries of the Gan River have been complied with for at least 90% of the days of the CY (excluding the days of Eligible Emergencies) 2026 The Ecological Flow Requirements at approved 5,000,000.00 US$5 million per year control sections on the mainstream and major  The World Bank Yangtze River Protection and Ecological Restoration Program (P171644) tributaries of the Gan River have been complied with for at least 90% of the days of the CY (excluding the days of Eligible Emergencies) D LI_TBL_M ATRIX DLI 8 DLI 3-1b.",0.3709968220103871
"Improved township municipal wastewater service system (Jiangxi) Type of DLI Scalability Unit of Measure Total Allocated Amount (USD) As % of Total Financing Amount Outcome Yes Text 58,940,212.00 14.74 Period Value Allocated Amount (USD) Formula Baseline 0 Integrated Wastewater Management Strategy issued; 0 Wastewater Plant and Network Integration Arrangement Established; 3603.15 tons of COD reduced at township-level wastewater treatment plants 2022 3 Integrated Wastewater Management Strategy 13,650,356.00 US$2,200 per ton of COD reduced; issued; 2 Wastewater Plant and Network US$1m per county issuing a Integration Arrangement Established; 3,931.98 strategy; US$1m per county tons of COD reduced at township-level establishing an integration wastewater treatment plants arrangement 2023 3 Integrated Wastewater Management Strategy 13,982,314.00 US$2,200 per ton of COD reduced; issued; 2 Wastewater Plant and Network US$1m per county issuing a Integration Arrangement Established; 4,082.87 strategy; US$1m per county tons of COD reduced at township-level establishing an integration wastewater treatment plants arrangement 2024 2 Wastewater Plant and Network Integration 11,477,336.00 US$2,200 per ton of COD reduced; Arrangement Established; 4,307.88 tons of COD US$1m per county issuing a reduced at township-level wastewater treatment strategy; US$1m per county establishing an integration  The World Bank Yangtze River Protection and Ecological Restoration Program (P171644) plants arrangement 2025 4,440.17 tons of COD reduced at township-level 9,768,374.00 US$2,200 per ton of COD reduced; wastewater treatment plants US$1m per county issuing a strategy; US$1m per county establishing an integration arrangement 2026 4,573.56 tons of COD reduced at township-level 10,061,832.00 US$2,200 per ton of COD reduced; wastewater treatment plants US$1m per county issuing a strategy; US$1m per county establishing an integration arrangement D LI_TBL_M ATRIX DLI 9 DLI 3-2b.",0.8546224940906871
"Improved township municipal wastewater service system (Hunan) Improved wastewater service system is defined by: (1) the issuance of integrated wastewater management strategy by each demonstration county; such strategy will need to set out institutional arrangements, financial sustainability, performance- Description based measures for integrated operation and maintenance, including considerations on employment equity and a workforce roadmap for addressing gender gaps, measures to increase climate resilience and promote low-carbon  The World Bank Yangtze River Protection and Ecological Restoration Program (P171644) technologies (2) COD Reduced at township-level WWTPs will be measured by influent COD minus discharged COD at the WWTPs (3) Wastewater Treatment Plant and Network Integration Arrangement established.",0.8496245470913973
"Improved township municipal wastewater service system (Jiangxi) Improved wastewater service system is defined by: (1) Integrated wastewater management strategy means a county-level strategy, acceptable to the Bank, to be issued by each Demonstration County, that sets out institutional arrangements, Description financial sustainability, performance based measures for integrated operation and maintenance, including considerations on employment equity and a workforce roadmap for addressing gender gaps, measures to increase climate resilience and promote low-carbon technologies (2) COD Reduced measured by influent COD minus discharged COD at WWTPs (3)  The World Bank Yangtze River Protection and Ecological Restoration Program (P171644) Wastewater Treatment Plant and Network Integration Arrangement means an arrangement, acceptable to the Bank, to be established by each Demonstration County in the form of a contract, an agreement or such other instrument set forth in the Program Implementation Plan, specifying the roles, responsibilities and performance standards for the provision of integrated wastewater services by service provider(s) assigned with the operation and maintenance of the wastewater treatment plants and/or the sewage network.",0.8413841941139915
"An expected US$6,126 million (93.87 percent) will be funded by the Government and US$400 million (6.13 percent) will be financed by IBRD loan (see Section II.C).",0.008435988290743395
"The amounts grew substantially from 2016 to 2018 and stabilized in 2019 and 2020, despite the negative impacts of tax cuts and COVID-19 on fiscal revenue.",0.69861008904197
"According to officials from the Jiangxi PDF, the RBECP funds will reach CNY 3,275 million in 2021 and at least maintain this level during the 14th FYP period and beyond.",0.34310930425470526
"Total funding (CNY, millions) 2,091 2,690 3,125 3,118 3,125 16,375 % of total general public budget 0.97 1.20 1.32 1.25 1.25 2.00 revenue % of GDP 0.11 0.13 0.14 0.13 0.12 0.13 Source: Jiangxi Provincial Department of Finance.",0.5262990864840421
The total funding increased significantly from CNY 4.3 billion in 2018 to CNY 4.9 billion in 2020.,0.54930119080977
This suggests that the source of funds for the Government program in Hunan Province is relatively stable and guaranteed.,0.37155710567127576
"Scale of Water Environmental Management Funds in Hunan Province (2018â2026) 2018 2019 2020 2022â2026 (Estimated) Total funding (CNY, millions) 4,300 4,807 4,961 23,446 % of total general public budget revenue 1.50 1.60 1.65 1.58 % of GDP 0.12 0.12 0.12 0.12 Table 3.3.",0.8003087477250532
"Funding Sources for Water Environmental Management in Hunan 2018â2020 (CNY, millions) 2018 2019 2020 Funding Source Agency 4,299.6 4,807.43 4,960.66 Wastewater and Waste (including sludge management) DHURD 516.91 708.29 598.78 Rural Environment Improvement (including rural waste and DARA 1,857.12 1,315.24 969.61 wastewater management) Water pollution control and reduction DWR 1,146.48 1,744.31 2,412.22 Livestock and Poultry Breeding Pollution Management DARA 779.09 1,039.59 980.05 10.",0.20893877202814276
"Provincial commitments toward implementation of the Government program under the 14th FYP (2021 to 2025) amount to CNY 37.12 billion (US$5.74 billion), of which CNY 7.41 billion (US$1.14 billion) is allocated toward investments in water supply protection, CNY 21.99 billion (US$3.40 billion) invested in water pollution prevention and treatment, and CNY 7.72 billion (US$1.19 billion) invested in water ecological protection and restoration, providing an adequate basis for this PforR.",0.902842868458141
Program expenditure efficiency focuses on whether the Program expenditures can achieve the desired targets and realize value for money.,0.442717508836226
"Therefore, the funding allocation rule provides a strong incentive for the counties to achieve the desirable objectives set by the provincial government and helps ensure value for money.",0.817879243330522
"According to self-reviewed reports from 76 counties in 9 municipalities in Jiangxi Province in 2018, the amount of the RBECP allocated to each county (cities, districts) has a significant negative correlation with its economic development level and with the level of local government financial resources (see Figure 3.2).",0.06919676065444946
"The less developed the local economy is, and the less its fiscal revenues are, the greater the amount of RBECP allocated.",0.4458308653397994
"Allocated RBECP and GDP (left), Total Fiscal Revenue (right) by County in 2018 1.6 12 1.4 River basin ecological compensation fund 10 River basin ecological compensation fund 1.2 income/Total fiscal revenueï¼%ï¼ 8 1 income/GDPï¼%ï¼ 0.8 6 0.6 4 0.4 2 0.2 0 0 0 5 10 15 -2 -0.2 0 20 40 60 80 -0.4 -4 GDPï¼billionï¼ Total fiscal revenueï¼billionï¼ Source: World Bank team based on data from Jiangxi and Hunan PDFs.",0.9188112779097124
"Financial Situation in Terms of General Public Budget, Jiangxi (CNY, billions) CNY, billions As Percentage of GDP (%) 2016 2017 2018 2019 2020 2016 2017 2018 2019 2020 Expenditure 60.85 63.70 73.73 69.81 86.98 3.31 3.15 3.25 2.83 3.39 Revenue 14.66 24.88 27.98 28.98 29.29 0.80 1.23 1.23 1.17 1.14 Tax 4.05 11.74 13.91 14.26 14.11 0.22 0.58 0.61 0.58 0.55 Non-tax 10.61 13.14 14.07 14.72 15.17 0.58 0.65 0.62 0.60 0.59 Transfer from upper-level govts 213.33 231.06 244.82 269.04 224.97 11.60 11.43 10.78 10.91 8.76 Tax rebate 20.44 25.96 25.96 25.96 â 1.11 1.28 1.14 1.05 â General transfer 128.81 138.02 150.21 224.24 â 7.00 6.83 6.61 9.09 â Earmarked transfer 65.34 68.86 69.92 22.55 â 3.55 3.41 3.08 0.91 â (-) Transfer to upper-level government 1.26 1.76 1.26 3.70 2.21 0.07 0.09 0.06 0.15 0.09 Transfer from lower-level govts â179.44 â208.34 â216.45 â238.24 â192.63 â9.76 â10.31 â9.53 â9.66 â7.50 Transfer from cities and counties 8.41 4.98 5.05 9.82 6.91 0.46 0.25 0.22 0.40 0.27 (-) Transfer to lower-level 187.85 213.32 221.50 248.06 199.54 10.22 10.55 9.75 10.06 7.77 governments Transfer from general fund budget and 1.54 1.72 4.92 6.76 â 0.08 0.09 0.22 0.27 â others Overall balance â10.76 â14.38 â12.46 â3.26 â â0.59 â0.71 â0.55 â0.13 â Change in cash balance 4.69 4.22 3.01 â0.73 â 0.25 0.21 0.13 â0.03 â Withdrawal from reserve â0.71 1.54 0.92 â3.73 â â0.04 0.08 0.04 â0.15 â Financing 6.78 8.62 8.53 7.73 â 0.37 0.43 0.38 0.31 â Borrowing 64.77 53.82 53.15 42.03 36.60 3.52 2.66 2.34 1.70 1.42 Debt amortization 57.99 45.20 44.62 34.31 â 3.15 2.24 1.96 1.39 â Notes and Source: Jiangxi PDF.",0.8358975323763761
"Table 3.6: Financial Situation in terms of General Public Budget, Hunan (CNY Billion) Billion CNY As Percentage of GDP (%) 2016 2017 2018 2019 2016 2017 2018 2019 Expenditure 55.69 63.82 75.12 79.55 1.81 1.89 2.07 1.99 Revenue 42.31 48.12 51.44 51.93 1.37 1.42 1.42 1.30 Tax 32.08 34.59 38.14 37.83 1.04 1.02 1.05 0.95 Non-tax 10.23 13.53 13.30 14.10 0.33 0.40 0.37 0.35 Transfer from Upper-Level Governments 310.28 325.53 346.61 362.69 10.06 9.62 9.54 9.09 Tax Rebate 27.55 30.93 30.94 30.93 0.89 0.91 0.85 0.78 General Transfer 181.62 196.18 214.21 307.71 5.89 5.80 5.90 7.71 Earmarked Transfer 104.30 101.94 104.19 30.73 3.38 3.01 2.87 0.77 (-) Transfer to Upper-level Government 3.19 3.52 2.73 6.68 0.10 0.10 0.08 0.17 Transfer from Lower-Level Governments -316.92 -323.14 -336.83 -355.08 -10.27 -9.55 -9.27 -8.90  The World Bank Yangtze River Protection and Ecological Restoration Program (P171644) Billion CNY As Percentage of GDP (%) 2016 2017 2018 2019 2016 2017 2018 2019 Transfer from cities and counties 6.46 6.23 11.44 11.10 0.21 0.18 0.31 0.28 (-) Transfer to Lower-Level Governments 323.38 329.37 348.27 366.18 10.48 9.74 9.59 9.18 Transfer from GFB and Others 3.51 1.83 0.30 0.35 0.11 0.05 0.01 0.01 Overall Balance -16.51 -11.48 -13.60 -19.66 -0.54 -0.34 -0.37 -0.49 Change in cash balance 1.42 -3.96 -1.44 -1.07 0.05 -0.12 -0.04 -0.03 Withdrawal from Reserve -2.13 -1.31 -1.97 2.84 -0.07 -0.04 -0.05 0.07 Financing 17.22 16.75 17.01 19.89 0.56 0.50 0.47 0.50 Borrowing 186.90 119.24 110.20 122.22 6.06 3.52 3.03 3.06 Debt Amortization 169.68 102.49 93.19 102.33 5.50 3.03 2.57 2.57 Notes and source: Department of Finance, Hunan Province.",0.7366510738026012
102 Design of the basin-wide RCS coordination mechanism was supported through the World Bank-financed TA project âPromoting Economic Reform and Capacity Buildingâ and its establishment included as part of the CWRCâs plan during the 14th FYP period for implementing the Yangtze River Protection Law.,0.47349132191051135
China has invested substantially in its wastewater infrastructure systems since 1996 and achieved nearly universal coverage.,0.5757812586697665
The emphasis of Chinaâs wastewater treatment now is to improve the quality of services as well as the efficiency of investment by enhancing financial viability and leveraging private sector participation.,0.887672250921076
"Actions include: (1) Development of integrated wastewater management strategy in demonstration counties, including financial sustainability, integrated O&M, employment equity, workforce roadmap for women and climate resilience and low-carbon technologies; (2) Increased COD reduction (influent COD minus discharged COD) at township-level wastewater treatment plants; and (3) Integrated institution agreements: one entity responsible for O&M of sewer network and wastewater treatment plants.",0.6895897171714089
"The Yangtze River Basin reportedly transmits the largest total volume of marine plastics of any of the worldâs rivers, with an estimated 0.33 (range 0.31â0.48) million tons of plastic discharged into the East China Sea annually.114 The Government is tackling the plastic pollution issue through investments in solid waste management, bans on the import of waste recycling materials, bans on some single- use plastic items, regulations on the use of agricultural plastic film, improved monitoring, reporting and supervision, and promotion of eco-design and material recycling, among other measures.",0.7399806976318359
"The two main challenges are to provide adequate financial incentives to farmers for collection, and to establish financially sustainable channels for recycling.",0.8031996813687411
"The 14th Five-Year Period calls for (a) further increasing the resource utilization rate to 85 percent; (b) establishing a system of animal waste treatment, processing, and returning to the field as fertilizer; and (c) attracting private financing through innovative modes, including public-private partnership and other mechanisms.",0.7916828502308239
Public sector financing is justified by expected positive externalities in line with the Program's focus on public goods.,0.15064788948405872
"Specific private sector actors do not capture the economic benefits of most Program outcomes, limiting the possibility for private financing for many activities (that is, benefits are diffuse and public).",0.8834961110895331
"The Program will develop institutional systems, which will sustain and scale the activities delivering these benefits beyond the Programâs life, with a focus on increasing transparency and efficiency in achieving these outcomes relative to a âno Programâ scenario.",0.583555048162287
"The PforR will provide value-add by focusing on a subset of activities where the Government wants to enhance efficiency, effectiveness, and impact of expenditure.",0.7935912392356179
"This economic assessment uses a simple BCA based on benefit transfer, applied at the sub-basin level for Poyang Lake and Dongting Lake Basins.",0.30559214678677643
"To estimate the programâs economic benefits, benefit transfer from available environmental valuation research in China was used.",0.27803403680974786
These studies utilize the contingent valuation method125 (CVM) to capture the broad range of benefits (both use and non-use economic values) that are expected.,0.32521872086958453
The lower identified estimate was used for a conservative approximation (0.55 percent of household income) of the values Jiangxi and Huanan residents place on improving water quality in these two basins.,0.2060491605238481
"Estimation of Annual WTP Value and Government program Cost130 WTP (0.55% of Government Provincial Population Annual Per Capita Gross income) program Cost (Million) Income (US$) (US$, millions, annual) (US$, millions, total) Jiangxi (Poyang Lake 40.90 5,172 1,163 2,714 Basin) Hunan (Dongting Lake 67.10 5,700 2,104 3,802 Basin) 44.",0.899915175004439
Net economic benefits are positive under a range of discount rates based on conservative assumptions.,0.942600510337136
"Overall program benefits have been projected with the assumptions that (a) investment will be completed within 5 years; (b) benefits will accrue starting from year 5 for a total of 15 years, with full benefits being reached from year 7 onward; (c) operating and maintenance costs of infrastructure and other recurrent costs will be 10 percent of the total program investment cost; and (d) discount rates are 6 and 12 percent131 (Table 3.10).",0.9273048747669567
"ERR and NPV of Water and Ecology Improvements in Program Sub-basins Based on Benefit-Transfer (US$, millions) ERR (%) NPV @ 6% NPV @ 12% Poyang Lake Basin (lower estimate) 15.7 1,957 1,590 Dongting Lake Basin (lower estimate) 18.3 3,684 752 126 Day, B. and Mourato, S. (1998).",0.8548261469060724
Technical Note on Discounting Costs and Benefits in Economic Analysis of World Bank Projects.,0.9206462339921431
The discount rate is recommended to be 6 percent for investments with long-term unquantified social and environmental benefits.,0.745520678433505
"This calculation represents the net present value (at lower and upper bound prices) of the quantified emissions mitigation at a 6 percent discount rate, over 15 years consistent with the economic analysis.",0.3040259968150746
"The systems can reasonably assure that the Programâs financing proceeds will be used for the intended purposes, with due attention to the principles of economy, efficiency, effectiveness, transparency, and accountability.",0.7351979342373934
"Jiangxi Province integrated fiscal transfers from the central government, budgetary funds from local governments and the market, and established Jiangxiâs River Basin Ecological Compensation Fund s ince 2016 (the Program the Bank will finance).",0.30222511291503906
"TBL focuses on construction related works, goods, and consulting services, while GPL focuses on fiscal budget funds financed purchasing activities carried out by government departments, institutions, and organizations.",0.3531027273698287
Multiple-year program budgeting should be prepared to ensure program funds could be secured and county government could prioritize its investment to enhance the efficiency of its scarce financing resources.,0.9216564351862128
"Although the laws could be modernized and aligned to modern principles such as âvalue for moneyâ and âfit for  The World Bank Yangtze River Protection and Ecological Restoration Program (P171644) purposeâ, both offer a fair playing field for bidders and promote transparency and competitiveness.",0.8277534138072621
"The financing sources of the Program are quite comprehensive, PIP: Multiple-year program budgeting should be prepared to ensure integrating funds from very broad sources, and some of them are Program funds could be secured and the county government could one-time compensation funds; budget quota was distributed to prioritize its investment to enhance the efficiency of its scarce financing counties/cities in batches and some Program funds were delivered in resources; provincial entities should revisit their budget quota 136   The World Bank Yangtze River Protection and Ecological Restoration Program (P171644) Risk Mitigation Action the second half of the year or even the year-end, which prevents the distribution and take actions to ensure the budget quota could be county government from including the entire Program funds in its distributed to the county/city in advance.",0.8873295350508257
questionable as to whether it offers value for money as the price is predetermined and bidders canât offer a lower price.,0.21599180048162286
"(b) Hunan provincial (and county) agriculture and rural affairs bureau should establish a sustainable incentive mechanism to increase the collection rate of agricultural plastics, in which the existing jobholders should be appropriately considered, for example, the village cleaners.",0.829299579967152
"The engagement of public institutes established practice in World Bank-financed projects in China, including in the GEF Mainstreaming Integrated Water and Environment Management Project (P145897), Economic Transformation and Institutional Capacity Building Project (P144270), Building a Modern Fiscal System Technical Assistance Project (P154694), Yunnan Highway Asset Management Project (P132621), and Guangdong Compulsory Education Project (P154621).",0.4867879260670055
"140The Economic Transformation and Institutional Capacity Building Project (P144270) provided financing for TA on a range of priority reform areas, including river basin management.",0.849796555259011
"The Central Basin IPF is not anticipated to support any physical activities, directly draft policies or regulations, or support feasibility studies/technical designs for future investment projects.",0.8247769962657582
"For example, there could be construction/operation nuisance and community health and safety risks from civil works of physical investment projects following the TA recommendations, such as wastewater and solid waste collection and treatment facilities, sampling and monitoring stations, ecological remediation and river/lake connection works, and so on.",0.5897371552207253
"The Basin IPF would finance TA, goods and non-consulting services, and incremental operating expenses.",0.7897693460637872
"The PPSD states how procurement activities will help the project achieve its development objective and deliver best value for money using the fit-for-purpose procurement and risk-managed approach, giving due consideration to specific project needs and to the countryâs operational and market context.",0.6831693649291992
"Indiaâs real Gross Domestic Product (GDP) growth is expected to reach 6.3 percent in FY23/24, and 6.5 percent over following years.",0.695647803219882
"1 Despite the combined impact of fading base effects on domestic demand and weak global growth on external demand, India will remain the fastest growing large economy, with robust investment and resilient services sector performance.",0.7298384579745206
"The governmentâs sustained investment push, healthy corporate profits, Indiaâs strong macroeconomic fundamentals and a reduction in bank non-performing loans will support private investment.",0.9475870999422941
The governmentâs commitment to consolidating current spending and strong revenue performance should contribute to a narrowing of the overall fiscal deficit (to 8.7 percent in FY23/24) and to stable debt-to-GDP metrics (around 82 percent of GDP over the medium term).,0.6702501557090066
The share of the population living below US$2.15 per person per day (2017 PPP) is estimated to have halved between 2011 and 2019 from 22.5 percent to 12.7 percent.,0.7088119766928933
"Headline employment indicators have improved since 2020, and unemployment rates have recovered in urban and rural areas but concerns about job quality remain.",0.28877550905401056
Indian cities contribute to about two-thirds of the countryâs economic output and are the main recipients of foreign direct investment.,0.6444020704789595
"By 2030, 70 percent of new employment is expected to be generated in cities and the number of urban households in the middle class is likely to more than quadruple.",0.3966466730291193
"Indian cities, as the main engines of economic opportunities and shared prosperity for the country, will need to accommodate 18 million new urban dwellers per year.",0.7554179971868341
"The cost of providing housing, urban services, employment opportunities, and a good quality of life for urban dwellers is estimated at about US$840 billion over the next 15 years.",0.7145661007274281
 Financing Indiaâs Urban Infrastructure Needs: Constraints to Commercial Financing and Prospects for Policy Action (English).,0.7341736880215731
"9 TN is the second largest state in India in terms of gross state domestic product (GSDP) over the past decade, increasing from US$90 billion in FY11/12 to US$217 billion in FY20/21.",0.7083652236244895
"TNâs year-on-year GSDP growth rate was 5.9 percent in 2019/20, which was better than the national growth rate of 3 percent.",0.3400332710959695
"10 Even in FY20/21, when the Indian economy contracted by 7.3 percent, TNâs real GSDP grew by 1.4 percent, owing to the stateâs well-diversified economy and a relatively lower COVID-19 pandemic caseload.",0.6624914949590509
"With strong macroeconomic indicators, a sound industrial base, and abundant skilled personnel, TN has successfully attracted sizeable volume of foreign direct investment over the last decade.",0.7938063361428
"The manufacturing and the service sectors, which account for 30 percent and 58 percent of TNâs GSDP, respectively, contribute to the growth of urban areas, positioning them as growth engines of the state.",0.8095327724109996
"It also set up, with the World Bankâs support, the Tamil Nadu Urban Development Fund (TNUDF) in the early 2000s, which aimed to not only scale up investments in the ULBs but also promote the overall urban governance reform agenda by empowering the ULBs to mobilize own resources, deliver services, and be more accountable to city residents.",0.9259911450472745
The TNUDF has supported over US$3.2 billion in urban investments while maintaining an outstanding track record of 100 percent loan repayments from the ULBs.,0.8950007178566672
"However, such initiatives have not been sufficient in the face of fast-paced urbanization and the scale of investment needed for urban infrastructure.",0.8132484609430487
Urban infrastructure investments in TN must be scaled up significantly over the next 15 years in order to meet unmet demands in terms of urban services delivery gaps.,0.9544513008811257
"To address gaps in basic services in transport, water supply and sanitation (WSS), and other sectors, the ULBs will require a significant scale-up in capital investments, estimated at US$2.8 billion 7 Mohanty, Abinash, and Shreya Wadhawan.",0.890245957808061
"ULBs continue to face urban governance challenges, including an insufficient revenue base, and limited institutional capacity, as elaborated below: (a) Own source revenue (OSR) mobilization was 48.7 percent of total revenue in 2019â2020, down from 50.2 percent in 2015â2016 and below its potential.",0.16667285832491788
"Moreover, insufficient OSRs, coupled with weak technical capacities and high initial costs, make it difficult for smaller ULBs to tap into municipal bond issuance, which is another much-needed avenue for resource mobilization.",0.6899163506247781
"Women traditionally carry most of the burden for collecting water from standpipes, tankers, and handpumps and managing 12 Data on service gaps and investment needs are from Next Generation of Urban Sector Interventions for ULBs in Tamil Nadu, June 2022.",0.052189593965357
"Further, with an unmetered, erratic rationing water supply regime, many ULBs face high costs and low flat tariffs, which constrain their ability to recover O&M costs and/or limit their capacity to further invest in extended coverage and services quality.",0.7865765311501243
"ULBs also have a large role to play in climate change mitigation by taking low-carbon pathways, such as improved energy efficiency and increased use of renewable energy in infrastructure investment and operation.",0.22178875316273083
"However, integrated planning at the city level to coordinate the climate investment needs of multiple sectors remains limited.",0.8926193930886008
"Urban Vision 2031 aims to achieve universal access to basic infrastructure and services in all ULBs, mainstream climate-resilient infrastructure design and urban development, and strengthen ULBsâ institutional capacity.",0.943504506891424
"Aligned with the Sustainable Development Goals, it lays out plans for increasing green spaces and providing safe and adequate drinking water to people, including ensuring water availability and citywide safely managed sanitation in all ULBs.",0.7515490271828391
"Investments guided by Urban Vision 2031 are leveraging funding from several national flagship urban programs, including the âAtal Mission for Rejuvenation and Urban Transformation 2.0â (AMRUT 2.0) and the âSwachh Bharat Mission Urban 2.0â (SBM Urban 2.0 or Clean India Program), and are underpinned by the stateâs firm commitment to deepen policy reforms in urban governance, planning, and financing.",0.9054439718073065
"The proposed Tamil Nadu Climate Resilient Urban Development Program (TNCRUDP) (the Program), a Program-for-Results (PforR) operation with an Investment Project Financing (IPF) component focusing on Technical Assistance (TA), will support implementation of the WSS and Urban Governance pillars of Urban Vision 2031 in 21 participating ULBs where there is high climate vulnerability and there are substantial gaps in WSS services, OSR, and institutional capacity.",0.5395456660877574
"Area I of the CPF, âpromoting resource efficient growthâ, focuses on creating urban footprints that are green, livable, and productive and improve disaster and climate resilience.",0.7007291967218573
Pillars I and III of the 2018 Systematic Country Diagnostic (SCD) recognize the role of efficient cities as a direct contributor to a resource-efficient growth path for India.,0.630690184506503
"The SCD identifies policies and actions to make cities more productive and livable, including reducing their environmental impacts and strengthening city finances and public sector management.",0.6458497914400968
"The Program directly contributes to these areas as it supports making ULBs more livable and productive, by investing in urban governance, climate resilience, and WSS.",0.8837204846468839
" âIndiaâs Updated First NDC under Paris Agreement (2021â2030).â  The World Bank Tamil Nadu Climate Resilient Urban Development Program (P179189) expanding green cover; and enhancing the resilience of both institutions and infrastructure to climate hazards such as extreme heat, floods, and sea level rise.",0.8299927277998491
"The TNSUDP, which was completed on , has delivered improved urban services to 1.7 million people, and incentivized reforms to improve OSRs and citizen engagement in three ULBs through a performance-based grant pilot.",0.7170634703202681
The World Bank is currently supporting the Chennai City Partnership Program that provides a model of urban reforms and service improvements cutting across sectoral boundaries.,0.9247433922507546
"The proposed operation has a strong focus on system-wide institutional reforms on urban management, including improving municipal finance by increasing OSRs and issuing municipal bonds, and mainstreaming climate-resilient actions at the investment and institutional levels.",0.8191402608698065
"Globally, the World Bank has a wide and diverse experience of supporting cities in strengthening their governance, financing, institutional, and service delivery systems, especially in Asia, Africa, and Latin America.",0.19965457916259766
"The PforR instrument will facilitate: (a) sharpening the focus on institutional strengthening, including scaling up the performance-based grant from three pilot ULBs under the TNSUDP and incentivizing innovative ways to access financing; (b) showcasing an integrated WSS framework to significantly improve coverage, quality, and efficiency of services; (c) incentivizing climate change to be mainstreamed as a cross-cutting theme in investments, service delivery, and institutions; (d) supporting the larger government program in optimizing their outcomes; and (e) using and strengthening existing government systems, building on the past and ongoing systems development and capacity-building efforts.",0.9112391905351118
"While an IPF modality with performance-based conditions could have supported larger and more complex investments, the PforR was considered appropriate given the need to incentivize reforms and improve and sustain service delivery and institutional changes.",0.8839038502086293
"It focuses on (a) building ULB institutional and stakeholder capacity for better governance and service delivery, including through revised municipal staffing, and promoting water conservation and efficiency through information, education, and communication (IEC) activities; (b) enhancing the revenue base for ULBs through  The World Bank Tamil Nadu Climate Resilient Urban Development Program (P179189) policy measures and the use of GIS; (c) using advanced, smart technologies to transform urban service delivery; and (d) promoting ULBsâ use of âe-governanceâ and social platforms to enhance ULB institutional capacities as well as citizen awareness and stakeholder engagement.",0.8541981957175515
"The urban management RA will focus on strengthening the ULBsâ human resource, financial, and planning systems; enhancing municipal finance through mobilization of OSR and issuance of municipal bonds; improving transparency and accountability; and promoting an integrative vision and planning for resilient urban development.",0.9240346388383345
"The service delivery improvement RA will focus on improving access, quality, efficiency, and resilience of WSS services to rising climate risks, particularly extreme heat, droughts, and floods; enhancing energy efficiency in municipal assets; and expanding green cover to mitigate urban heat island effects.",0.18268223242326218
"Government program and the Program Government program PforR Program Objective To provide a clean and green environment, quality basic To strengthen urban management and improve amenities, and vibrant public spaces; induce economic access to efficient and climate resilient urban WSS growth; and generate employment and mitigate poverty services in participating ULBs in TN Duration 2024â2030 2024â2030 Geographic 158 municipal corporations and municipalities 21 municipal corporations and municipalities in coverage the state, excluding Chennai which is being supported by other operations Focus areas Covering urban governance, WSS, and broad Focusing on urban governance, WSS, energy environmental improvement including restoration of efficiency for municipal assets and green spaces water bodies and green spaces Overall US$2.18 billion US$809.62 million Financing 22.",0.9408823360096324
"The Program recognizes that universal, climate-resilient, and efficient service delivery faces constraints at two levels: (a) individual services are delivered with a focus on infrastructure construction, with a limited quality and sustainability orientation, and (b) the overall municipal administration system faces cross-cutting capacity, financing, and policy constraints, including weak orientation toward climate resilience.",0.3623469526117498
"Investments and implementation of service reforms under RA2 will also contribute to achieving targets under RA1, such as increase in OSR through increased WSS revenues.",0.8436222943392667
"The following aspects are incentivized: (a) staffing and human resource management; (b) capital expenditure and asset management; (c) transparency and timeliness in budget management; (d) mobilization of OSR; (e) adoption and implementation of comprehensive CCAPs, including cross-sectoral CCAP and four WSS subplans on water security and emergency preparedness and response, citywide inclusive sanitation (CWIS), WSS business planning, and stormwater drainage; and (f) citizen engagement and user-centric service delivery.",0.8196809942072089
"To create an enabling environment for the ULBs to achieve these institutional reforms, a set of actions will also be required at the state level to establish institutional frameworks to (a) strengthen public investment management; (b) improve planning and capacity with respect to local capital expenditure, and (c) prepare and publish an annual performance benchmark report on governance and service delivery at the ULBs.",0.8248377713290128
RA1 also supports cities in accessing private capital.,0.792201042175293
"Despite having been a priority agenda for the GoTN in the last two decades, WSS investments focused mainly on asset creation with a fragmented and âone size fits allâ approach, 33 not being translated into universal, quality, and efficient service delivery.",0.7735102393410422
" The World Bank Tamil Nadu Climate Resilient Urban Development Program (P179189) water supply only for a minimum of 2,000 connections.",0.4229399941184304
"Thus, cities can draw down funds for infrastructure creation even though their progress on critical reforms may remain weak (as witnessed in a similar arrangement in AMRUT 1.0).",0.6375867236744274
This framework also supports scaling up private finance for WSS infrastructure and services.,0.928532600402832
"The main activities will include (a) Program management and independent verification agency (IVA); (b) assessment of ULBsâ credit rating and exploring credit enhancement mechanism for municipal bonds; (c) communications, stakeholder, and WSS customersâ engagement at the ULBs; (d) training and capacity building for urban sector staff and ULB councilors on urban management and climate-resilient urban services, operationalizing and sustaining water supply services, developing and implementing CWIS and wastewater reuse, designing and managing WSS service O&M and PBCs, and preparing CCAPs; and (e) improving of e-governance and GIS mapping, and preparing of investment subprojects (outside of the Program).",0.7644975835626776
"Moreover, the systematic capacity building to be supported by the IPF, coupled with enhancements in municipal systems promoted by the DLIs, will enable the ULBs to better manage their resources and services, including preparing bankable pipeline of projects that ultimately attract private financing over time.",0.9032104665582831
Existing e-governance platforms in TN's ULBs will be strengthened to aid citizen engagement and 34The ULBs will enter into PBCs to implement WSS investments.,0.7541732788085938
Private sector and municipal financing.,0.5423750877380371
"The Program aims to leverage the private sector for improving the efficiency, quality, and sustainability of urban service delivery.",0.8955725756558505
"In infrastructure-related sectors, including WSS, critical binding constraints to scaling up private finance are the lack of creditworthiness and financial capacity in the ULBs and the lack of institutional capacity to develop a viable project pipeline and implement in a timebound manner.",0.9040705940940164
"The Program takes a comprehensive approach to scaling up private finance for urban infrastructure and services improvements in the 35 Recent research shows that, in Chennai, time spent on water collection by unconnected households accounts for 22 percent of the coping costs of INR 658 per month.",0.22419829802079635
"DLIs supporting sanitation investments are: DLIs 6.1 (partially), 6.3 (fully), 7.1 (partially) and 7.3 (fully).",0.5988457853143866
"and/or viability gap funding at the ULBs, which can provide enhanced revenue security for the private sector; (b) strengthening project structuring and contract management systems (for example, using PBCs for WSS services) in the ULBs for service delivery; and (c) building a solid pipeline of WSS investments projects with sound technical and financial viability.",0.9186133471402255
"In addition, the Program incentivizes the mobilization of private capital through the issuance of municipal bonds by TNUIFSL on behalf of the ULBs for infrastructure services.",0.896076115694913
This could ensure that the Program would leave behind not only stronger institutions at the ULB level but also enhanced capacity at the state level to access a larger pool of financing for the ULBsâ future investment needs.,0.8741530505093661
These will pave the way for developing a scalable model in TN that can be adopted for all the ULBs to address the expanding urban investment gaps through private finance in addition to government grants in a sustainable manner.,0.9280850670554421
The PDO of the Program is to strengthen urban management and improve access to efficient and climate resilient urban water and sanitation services in participating ULBs in Tamil Nadu.,0.6308708624406294
The PDO-level outcome indicators are: â¢ ULBs with OSR increase of above 65 percent over respective baselines in FY2021-22; â¢ ULBs with increase in cost recovery of O&M expenses in WSS services of at least 30 percentage points over respective baseline in FY2021-22; â¢ People provided with access to functional 37 WSS services under the Program; â¢ ULBs with adoption of CCAP; and â¢ ULBs with institutional performance indicator score above 60 points out of 100.,0.14437337355180221
RA2 also supports energy efficiency and development of green space at city level.,0.1302232417193326
"Snapshot of RAs, DLIs, and Fund Allocation for the Program and IPF TA Component RAs under PforR Responsible DLIs Allocated Amount Agency (US$, millions) RA1: Strengthening Urban DMA DLI 1: Increase in OSR 27.06 Management, Institutional (DLI 1, 3, 4, DLI 2: Increased access to financial market 4.00 Framework and Climate and 5) DLI 3: Enhanced institutional capacity for climate resilience 6.00 Resilience planning TNUIFSL DLI 4: Improved fundamental institutional capacity 13.63 (DLI 2) DLI 5: Strengthened institutional capacity to manage 20.45 resources in a sustainable, participatory, and green manner RA1 Subtotal 71.14 RA2: Improving TNUIFSL DLI 6: Delivery of functional water and sewerage connections 139.50 Accessibility, Climate (DLI 6 and DLI 7: Increased operational, climate and financial efficiency 54.41 Resilience and Efficiency 7) of WSS services of Urban WSS Services DMA (DLI 8) DLI 8: Improved city-level climate resilience 13.95 RA2 Subtotal 207.86 Total for PforR 279.00 IPF TA Component TA funding split equally DMA / TA support for Program management, studies, incremental 20.25 between DMA and TNIUFSL operating costs, training, and capacity building, etc.",0.7359396327625621
The ULBs will be rewarded for every percentage point increase in OSR over their respective baselines in FY21/22.,0.7557815204967152
"Overall, the Program aims to achieve a 65 percent increase in OSRs over each ULBâs respective baseline in FY21/22.38 40.",0.19342155890031296
This DLI incentivizes TNUIFSL to support the ULBs in TN in accessing financial markets to the tune of US$30 million through (a) WSPF managed by TNUIFSL issuing pooled municipal bonds 39 for the smaller ULBs and (b) larger ULBs issuing stand-alone municipal bonds.,0.8496165709062056
"Funds raised through these bonds will be allocated for investing in the urban water systems, including WSS and stormwater drainage.",0.8578174764459784
"The IPF TA component will support TNUIFSL in the following activities: (a) pooling a set of interested ULBs and subprojects with sufficient creditworthiness to structure a transaction with support from financial advisors; (b) undertaking a credit rating through a rating agency; and (c) appointing a merchant banker to undertake issuance of the bond in capital markets, including ensuring SEBI regulatory 38 The total OSR of the participating ULBs was US$127.23 million in FY21-22.",0.33564912189136853
"39 Besides TA under the IPF component and utilizing the DLI-2 grant, WSPF is also expected to access the incentive funds for credit enhancement from Ministry of Housing and Urban Affairs that is available to the extent of INR 13 crores (US$1.57 million) for every municipal bond issue of INR 100 crores (US$12.04 million) up to a maximum of INR 26 crores (US$3.13 million).",0.877330866726962
"By undertaking such an initiative, TNUIFSL can further enhance its financial capabilities and contribute significantly to the development and sustainability of urban infrastructure projects across TN.",0.7879698493263938
"These sub-plans include: (a) a strategic five-year WSS business plan that incorporates universal access, service quality, climate, 41 sector financing and efficiency, and gender aspects; (b) a CWIS plan focusing on non-sewerage solutions 42 in areas not covered by the sewerage network, benefiting particularly informal/low-income areas with improved and climate resilient sanitation access; (c) a comprehensive water security plan to guide actions in the short, medium, and long terms to ensure water availability for all city development needs in a changing climate scenario, along with improving WSS emergency preparedness and response mechanism to support resilience of citizens and assets to droughts and floods; and (iv) a sustainable urban drainage plan to identify hot spots of water stagnation and recommend structural and non-structural measures including nature-based solutions to improve the stormwater management system to reduce flooding damage.",0.8953585191206499
The IPF component will support the participating ULBs to develop these plans through TA and capacity building.,0.35765691237016156
"To incentivize ULBs to move âabove and beyondâ the minimum targets, DLI 5 encourages the ULBs to achieve better performance based on annual targets of performance indicators (PIs) across the four areas of the PAF.",0.5819557363336737
"This DLI provides incentives to install and operationalize functional water tap connections (FWTCs) and functional sewerage connections (FSCs), with service delivery parameters exceeding AMRUT 2.0 requirements and the current service levels in the state under a PBC framework.",0.07137715274637396
"Under DLI 6, the ULBs will achieve one or more of the following: (a) improve citywide water supply covering 70 percent of the city with functional water connections at household level that deliver a minimum of three hours of supply every day, (b) establish 24x7 water supply in demonstration zones with metered connections to encourage water conservation and financial sustainability, and (c) provide sewerage connections at household level that are further connected to a functioning STP that meets effluent disposal standards.",0.3796727007085627
"Under this DLI, the ULBs are expected to (a) sign PBCs to implement and operate WSS investments with operators with key performance parameters aligned with the objectives of DLIs 6 and 7; (b) reduce NRW to 20 percent in the geographical areas where the ULBs will invest in water supply systems; (c) increase flows into the existing STPs to treat increased wastewater due to expansion in the sewerage network and non-sewerage solutions; and (d) improve O&M cost recovery levels by 30 percent over the ULBsâ respective baseline.",0.908316352150657
"A higher and more reliable WSS service delivery (through WSS household level connections) and additional volume of water (due to NRW reduction) to targeted communities will help them withstand climate-related shocks to water supply (such as droughts/water shortages and heat waves) and improve public health outcomes by improving availability of potable water, access to safely managed sanitation solutions (through sewerage) and increasing of wastewater treatment.",0.6982264518737793
"The Programâs activities strengthen the government program by better aligning incentives with institutional reform objectives in urban management, WSS, and climate resilience.",0.125004920092496
"Moreover, the package of WSS interventions has been carefully designed to ensure that infrastructure is provided, operated, and maintained efficiently by coupling them with institutional sector measures, operational and financial incentives, and a performance-based contracting model.",0.7687501907348633
"All the activities financed under the Program are on the universally aligned list, including the expansion and rehabilitation of water supply systems 46, NRW management, wastewater management systems (from collection to effluents treatment), conducting of energy audits and improving of energy efficiency, and constructing of green spaces.",0.2313397147438743
"RA2 incentivizes the ULBs to mainstream climate resilience aspects in investment design, planning, and operation of WSS services.",0.5336909727616743
"Government program versus the PforR Program by Types of Expenditure (US$, millions) Activities World Bank PforR Government Program (âPâ) program (âpâ) Total World Program Bank Cost Share RA1: Strengthening Urban Management, Institutional Framework and Climate Resilience Consultants, studies, goods, and equipment 30 30 30 ULBs institutional strengthening related cost including filling vacancy 47 388.50 19.88 944.92 Development of parks and investments in energy efficiency in municipal assets 34.24 34.24 34.24 RA2: Improving Accessibility, Climate Resilience and Efficiency of Urban WSS Services Capital investments and O&M in water supply systems 84.46 43.90 195.34 Capital investments and O&M in sewerage systems 272.42 150.98 971.11 Total 809.62 279.00 2175.61 58.",0.9079387838190253
"(a) A quantitative economic analysis was conducted for the DLIs related to WSS investments under RA2, which will have more than 750,000 and 1,300,000 people with access to safe water supply and sewerage connections, respectively.",0.705515818162398
The results show that there will an economic net present value (NPV) of US$166.1 million and an economic internal rate of return (IRR) of 18.1 percent at a discounted rate of 12 percent.,0.9463257356123491
An economic analysis of energy savings proposed under DLR 8 shows that there will an economic NPV of US$8.8 million and an economic IRR of 25 percent.,0.8204490488225763
"(b) Significant economic and social benefits, which could not be quantified, are also expected from implementing the series of policy and institutional reforms supported under RA1 and energy efficiency measures and green space development under RA2.",0.6428946148265492
"For example, measures for increased OSR supported by the PforR will result in an estimated revenue increase of US$4.45 million in NPV terms.",0.859880880876021
"Over time, increased OSRs and issuance of municipal bonds help the ULBs keep up with rising expenditures, improve their fiscal sustainability, and access to finance.",0.7700485749678179
"Enhanced climate change planning and investments improves health, lowers energy costs, reduces life cycle costs when adopting nature-based solutions,48 and reduces economic losses from climate change- induced events.",0.725560188293457
"The TNUDFâs existing system of financial appraisal of subprojects will continue under the TNCRUDP, focusing on two aspects: (a) subproject-level financial viability, which would apply to commercial, revenue generating subprojects based on subproject-level NPV or IRR (most urban subprojects are not expected to be financially viable on a stand-alone basis and the TNUDF would seek to improve cost-recovery levels to the extent possible for such subprojects), and (b) ULB-level financial sustainability, which seeks to determine whether the subprojects are financially sustainable for the ULB as a whole, taking into account all ULB revenues and expenditures.",0.8695612820712003
The IPF component will support only TA and capacity-building activities including preparation of investment subprojects.,0.8642901507290927
The performance-based approach of both RA1 and RA2 will also require a shift in the ULBsâ mindset from designing traditional infrastructure investments to adopting citizen-centric and efficient service provision.,0.45931690389459784
"These risks will be mitigated by the following measures: (a) the World Bank will provide implementation support to the DMA on the design and rollout of the performance-based grant transfer system and to TNUIFSL on the design and implementation of RA2 activities; (b) the PBCs 2 The World Bank Tamil Nadu Climate Resilient Urban Development Program (P179189) for WSS services will focus on O&M and performance standards, bring in capacitated WSS operators, and bridge the gaps in the ULB capacity for service improvement; (c) guidelines for climate-resilient WSS services will be used by the GoTN to guide system design, and each ULB will develop a water security plan as part of the CCAP to address long-term water security; and (d) the IPF component will support TA and capacity building in the identified core areas.",0.8496856689453125
"RESULTS FRAMEWORK MATRIX @#&OPS~Doctype~OPS^dynamics@padpfrannexpolicyandresult#doctemplate Program Development Objective(s) To strengthen urban management and improve access to efficient and climate resilient urban water and sanitation services in participating ULBs in Tamil Nadu PDO Indicators by Outcomes Baseline Closing Period RA 1: Strengthening Urban Management, Institutional Framework & Climate Resilience ULBs with OSR increase of above 65 percent over respective baselines in FY2021-22 (Number) Sep/2023 Dec/2030 0 17 ULBs with adoption of CCAP (Number) Sep/2023 Dec/2030 0 17 ULBs with institutional performance indicator score above 60 points out of 100 (Number) Sep/2023 Dec/2030 0 17 RA 2: Improving Accessibility, Climate Resilience and Efficiency of Urban WSS Services People provided with access to functional WSS services under the Program (Number) Sep/2023 Dec/2030 0 2,020,946 ïWomen provided with access to functional WSS services under the Program (Number) Sep/2023 Dec/2030 0 1,010,473 ïPeople provided with access to functional water services (Number) Sep/2023 Dec/2030 0 763,034 4 The World Bank Tamil Nadu Climate Resilient Urban Development Program (P179189) ïPeople provided with access to functional sewerage service (Number) Sep/2023 Dec/2030 0 1,257,912 ULBs with increase in cost recovery of O&M expenses in WSS services of at least 30 percentage points over respective baseline in FY2021-22 (Number) Sep/2023 Dec/2030 0 17 Intermediate Indicators by Results Areas Baseline Closing Period RA 1: Strengthening Urban Management, Institutional Framework & Climate Resilience ULBs meeting the minimum conditions (Number) Jun/2023 Jun/2030 0 17 Women holding decision-making positions in CCAP Committees (Percentage) Sep/2023 Dec/2030 0 50 Value of municipal bonds issued under the Program (US$ million) (Amount(USD)) Sep/2023 Dec/2030 0 30 RA 2: Improving Accessibility, Climate Resilience and Efficiency of Urban WSS Services Water connections delivering ULBs with 24x7 water service delivery (Number) Sep/2023 Dec/2030 0 87,760 Households connected to the sewerage network in Program areas (Number) Sep/2023 Dec/2030 0 279,536 ULBs implementing volumetric billing of all 24x7 connections (Number) Sep/2023 Dec/2030 0 9 Areas designated as parks developed in participating ULBs (Percentage) Sep/2023 Dec/2030 40 60 ULBs demonstrating energy savings in municipal assets of above 25% over respective baseline in 2021-22 (number) (Number) 5 The World Bank Tamil Nadu Climate Resilient Urban Development Program (P179189) Sep/2023 Dec/2030 0 17 ULBs with reduction in time spent by women and girls managing water collection of above 20 percent over respective baseline in 2024 (Number) Sep/2023 Dec/2030 0 9 Disbursement Linked Indicators (DLI) Period Period Definition Timeline Period 1 Year 1 01-Apr-2024 to 31-Mar-2025 Period 2 Year 2 01-Apr-2025 to 31-Mar-2026 Period 3 Year 3 01-Apr-2026 to 31-Mar-2027 Period 4 Year 4 01-Apr-2027 to 31-Mar-2028 Period 5 Year 5 01-Apr-2028 to 31-Mar-2029 Period 6 Year 6 01-Apr-2029 to 31-Mar-2030 Baseline Period 1 Period 2 Period 3 Period 4 Period 5 Period 6 1 : Increase in OSR (Percentage ) The total OSR of the Increase in OSR over Incremental increase Incremental increase Incremental increase Incremental increase Incremental increase in Participating ULBs was respective in OSR over respective in OSR over respective in OSR over respective in OSR over respective OSR over respective US$127.23 million in Participating ULB Participating ULB Participating ULB Participating ULB Participating ULB Participating ULB baseline FY2021-22 baseline in FY2021-22 baseline in FY2021-22 baseline in FY2021-22 baseline in FY2021-22 baseline in FY2021-22 in FY2021-22 0.00 5,412,600.00 4,330,080.00 4,330,080.00 4,330,080.00 4,330,080.00 4,330,080.00 DLI allocation 27,063,000.00 As a % of Total Financing Amount 9.7% 2 : Increased access to financial market (Amount(USD) ) No -- ULBs in Tamil Nadu, -- -- -- -- with the support of TNUIFSL, have issued municipal bonds aggregating 6 The World Bank Tamil Nadu Climate Resilient Urban Development Program (P179189) $30,000,000 for urban water systems 0.00 0.00 4,000,000.00 0.00 0.00 0.00 0.00 DLI allocation 4,000,000.00 As a % of Total Financing Amount 1.4% 3 : Enhanced institutional capacity for climate resilience planning (Text ) No available CCAP No.",0.8906415592540394
"of ULBs that have adopted and initiated adopted and initiated adopted and initiated adopted and initiated adopted and initiated adopted and initiated implementation of implementation of implementation of implementation of implementation of implementation of CCAP CCAP CCAP CCAP CCAP CCAP 0.00 600,000.00 900,000.00 1,200,000.00 2,100,000.00 600,000.00 600,000.00 DLI allocation 6,000,000.00 As a % of Total Financing Amount 2.2% 4 : Improved fundamental institutional capacity (Text ) No participating ULBs Number of Number of Number of Number of Number of Number of Participating have met the MCs in Participating ULBs that Participating ULBs that Participating ULBs that Participating ULBs that Participating ULBs that ULBs that have met MCs the baseline year have met MCs have met MCs have met MCs have met MCs have met MCs 0.00 2,272,000.00 2,272,000.00 2,272,000.00 2,272,000.00 2,272,000.00 2,272,000.00 DLI allocation 13,632,000.00 As a % of Total Financing Amount 4.9% 5 : Strengthened institutional capacity to manage resources in a sustainable, participatory, and green manner (Text ) - - Aggregate score of Aggregate score of Aggregate score of Aggregate score of Aggregate score of performance performance performance performance performance indicators indicators achieved by indicators achieved by indicators achieved by indicators achieved by achieved by the the Participating ULBs the Participating ULBs the Participating ULBs the Participating ULBs Participating ULBs 0.00 0.00 4,090,000.00 4,090,000.00 4,090,000.00 4,090,000.00 4,090,000.00 DLI allocation 20,450,000.00 As a % of Total Financing Amount 7.3% 6 : Delivery of functional water and sewerage connections (Number ) 0 See DLI6.1, 6.2 and 6.3 See DLI6.1, 6.2 and 6.3 See DLI6.1, 6.2 and 6.3 See DLI6.1, 6.2 and 6.3 See DLI6.1, 6.2 and 6.3 See DLI6.1, 6.2 and 6.3 0.00 10,462,500.00 13,950,000.00 17,437,500.00 19,990,260.00 37,511,580.00 40,148,160.00 DLI allocation 139,500,000.00 As a % of Total Financing Amount 50.0% ï 6.1 : ULBs implementation of WSS investments incorporating climate resilience guidelines (Text ) - Participating ULBs Participating ULBs Participating ULBs Participating ULBs Participating ULBs - have implemented have implemented have implemented have implemented have implemented WSS investments WSS investments WSS investments WSS investments WSS investments incorporating climate incorporating climate incorporating climate incorporating climate incorporating climate resilience guidelines resilience guidelines resilience guidelines resilience guidelines resilience guidelines 0.00 10,462,500.00 13,950,000.00 17,437,500.00 13,950,000.00 13,950,000.00 0.00 7 The World Bank Tamil Nadu Climate Resilient Urban Development Program (P179189) DLI allocation 69,750,000.00 As a % of Total Financing Amount 25.0% ï 6.2 : Number of new or rehabilitated functional water tap connections (Number ) 0 -- -- -- Number of new or Number of additional Number of additional new rehabilitated FWTCs new or rehabilitated or rehabilitated FWTCs FWTCs 0.00 0.00 0.00 0.00 3,403,700.00 5,105,500.00 8,509,200.00 DLI allocation 17,018,400.00 As a % of Total Financing Amount 6.1% ï 6.3 : Number of new functional sewerage connections (Number ) 0 -- -- -- Number of new FSCs Number of additional Number of additional new new FSCs FSCs 0.00 0.00 0.00 0.00 2,636,580.00 18,456,060.00 31,638,960.00 DLI allocation 52,731,600.00 As a % of Total Financing Amount 18.9% 7 : Increased operational, climate and financial efficiency of WSS services (Text ) -- See DLI7.1, 7.2, 7.3 See DLI7.1, 7.2, 7.3 See DLI7.1, 7.2, 7.3 See DLI7.1, 7.2, 7.3 See DLI7.1, 7.2, 7.3 See DLI7.1, 7.2, 7.3 and and 7.4 and 7.4 and 7.4 and 7.4 and 7.4 7.4 0.00 8,725,746.00 8,725,746.00 0.00 6,511,871.00 10,777,767.00 19,663,870.00 DLI allocation 54,405,000.00 As a % of Total Financing Amount 19.5% ï 7.1 : Number of ULBs with PBCs signed for water and/or sanitation services (Number ) 0 Number of ULBs that Number of ULBs that -- -- -- -- have signed PBCs for have signed PBCs for water and/or water and/or sanitation services sanitation services 0.00 8,725,746.00 8,725,746.00 0.00 0.00 0.00 0.00 DLI allocation 17,451,492.00 As a % of Total Financing Amount 6.3% ï 7.2 : Number of water connections with NRW 20% or below in areas receiving 24 x 7 services (Number ) 0 -- -- -- -- Number of water -- connections with NRW 20% or below in areas receiving 24 x 7 services 0.00 0.00 0.00 0.00 0.00 4,265,896.00 0.00 DLI allocation 4,265,896.00 As a % of Total Financing Amount 1.5% ï 7.3 : Increase in cumulative volume of sewage treated (meeting minimum standards) in eligible existing STPs (Text ) 111 MLD -- -- -- -- -- Increase in cumulative volume of sewage treated 8 The World Bank Tamil Nadu Climate Resilient Urban Development Program (P179189) (meeting minimum standards) over baseline, in eligible existing STPs 0.00 0.00 0.00 0.00 0.00 0.00 8,550,000.00 DLI allocation 8,550,000.00 As a % of Total Financing Amount 3.06% ï 7.4 : Increase in O&M cost recovery of WSS services (Number ) 0 -- -- -- Increase in O&M cost Increase in O&M cost Increase in O&M cost recovery of WSS recovery of WSS recovery of WSS services services over ULB services over ULB over ULB respective respective baseline respective baseline baseline 0.00 0.00 0.00 0.00 8,045,870.00 8,045,870.00 8,045,872.00 DLI allocation 24,137,612.00 As a % of Total Financing Amount 8.65% 8 : Improved city-level climate resilience (Text ) -- See DLI 8.1 and 8.2 See DLI 8.1 and 8.2 See DLI 8.1 and 8.2 See DLI 8.1 and 8.2 See DLI 8.1 and 8.2 -- 0.00 1,813,500.00 1,813,500.00 6,417,000.00 1,464,750.00 2,441,250.00 0.00 DLI allocation 13,950,000.00 As a % of Total Financing Amount 5.0% ï 8.1 : Energy savings over respective ULB baseline of FY2021-22 (Text ) 241,254,186 kWh Number of ULBs which ULBsâ demonNumber ULBsâ demNumber of -- -- -- energy consumption have demonstrated of ULBs which have ULBs which have from municipal assets aggregate energy demonstrated demonstrated in FY2021-22 savings, as compared aggregate energy aggregate energy to baseline of FY2021- savings, as compared savings, as compared 22 to baseline of FY2021- to baseline of FY2021- 22strated aggregate 22onstrated aggregate energy savings up to energy savings up to 60,313,546 kWh as 60,313,546 kWh as compared to baseline compared to baseline of FY2021-22 of FY2021-22 0.00 1,813,500.00 1,813,500.00 5,440,500.00 0.00 0.00 0.00 DLI allocation 9,067,500.00 As a % of Total Financing Amount 3.3% ï 8.2 : Increase in area of green space (Square Meter(m2) ) 1.23 million m2 of - - Increased area of Increased area of Increased area of - developed parks exists green space in ULBs, green space in ULBs, green space in ULBs, in participating ULBs over baseline over baseline over baseline 0.00 0.00 0.00 976,500.00 1,464,750.00 2,441,250.00 0.00 9 The World Bank Tamil Nadu Climate Resilient Urban Development Program (P179189) DLI allocation 4,882,500.00 As a % of Total Financing Amount 1.8% Monitoring & Evaluation Plan: PDO Indicators Indicator Name Definition/Description Frequency Data Source Methodology Responsibility for Data for Data Collection Collection RA1: Strengthening Urban Management, Institutional Framework & Climate Resilience ULBs with OSR increase of Number of ULBs that have increased their OSR by more than Annual Audited financial statements ULB website ULB above 65 percent over 65 percent over respective baseline in FY2021â22 for the ULBs respective baseline in (OSR is total revenue of the ULBs less grants and assigned FY2021â22 revenues) ULBs with adoption of Number of ULBs that have prepared in a consultative manner One-time Signed copy of CCAP ULB database ULB CCAP and adopted CCAP.",0.27474659139459784
"0 The World Bank Tamil Nadu Climate Resilient Urban Development Program (P179189) Indicator Name Definition/Description Frequency Data Source Methodology Responsibility for Data for Data Collection Collection ULBs with increase in cost O&M cost recovery is defined as a ratio of total WSS revenue Annual Audited financial statements, ULB financial ULB/operator recovery of O&M expenses collected in the evaluation period to the O&M costs in the water meter readings, statements in WSS services of at least evaluation period (see verification protocol of respective DLI) water/sewerage billing and 30 percentage points over collection data, WSS respective baseline in operating costs data FY2021-22 Monitoring & Evaluation Plan: Intermediate Results Indicators Indicator Name Definition / Description Frequency Data Source Methodology Responsibility for data for data collection collection ULBs meeting the Percentage of participating ULBs successfully achieving all MCs Annual ULB Reports/IVA reports ULB database ULB minimum conditions Women holding decision- This indicator will track proportion of women holding decision- Annual DMA ULB database ULB/DMA making positions in CCAP making positions in the CCAP Committees set up by participating Committees ULBs Value of municipal bonds ULBs in Tamil Nadu, with the support of TNUIFSL, have issued One time Preliminary placement TNUIFSL TNUIFSL issued under the Program municipal bonds for urban water systems.",0.5210321166298606
memorandum filed by database TNUIFSL with SEBI Water connections Number of new functional water connections at property or Annual ULB/WSS operator ULB / WSS WSS operator delivering ULBs with 24x7 household level 24x7 tap connections (aggregated value of all operator water service delivery ULBs) Households connected to This indicator tracks the number of new HH/properties that are Annual WSS operator WSS operators WSS operator the sewerage network in connected to the sewerage network supported by the Program.,0.7990995753895153
"ULBs implementing ULBs that have or issue WSS bylaws establishing for volumetric Annual ULB financial statements ULB database ULB volumetric billing of all tariff to water services, roll it out volumetric charges to areas 24x7 connections where 24x7 supply is delivered, and keep up volumetric charges, year-on Area designated as parks ULBs will develop green space for the areas designated as parks Annual ULB-level survey will measure Survey ULB developed in participating in their master plans or development plans the number and area of report/ULB ULBs parks/green space, geotag data these locations, and include 1 The World Bank Tamil Nadu Climate Resilient Urban Development Program (P179189) Indicator Name Definition / Description Frequency Data Source Methodology Responsibility for data for data collection collection photographic evidence in the report.",0.762911623174494
"electricity bills; M&E system of audit/WSS municipal assets of above WSS operator 25 percent over respective baseline of FY2021-22 ULBs with reduction in Number of hours per day based on a weekly average that women Annual ULB baseline to be collected ULB surveys/ ULB time spent by women and and girls spend in water collections related tasks (e.g., waiting for within 6 months of Program reports girls managing water supply, fetching, or buying water from other sources, boiling implementation; annual collection of above 20 water, etc.)",0.5487883307717063
percent over respective areas benefiting from 24x7 water investments.,0.9263812845403497
"DISBURSEMENT LINKED INDICATORS, DISBURSEMENT ARRANGEMENTS AND VERIFICATION PROTOCOLS Verification Protocol Table: Disbursement Linked Indicators DLI 1 Increase in OSR This DLI incentivizes ULBs to improve OSR from various sources including property taxes, user charges, municipal properties, and so on Description over the baseline year of FY2021â22.",0.8055004640059038
"(i) For ULBs with a population of less than 400,000 people: $150 per 1,000 population per percentage point increase (up to an increase of Formula 65 percentage points over the respective baseline set forth in the POM); and (ii) for ULBs with a population greater than or equal to 400,000 people: US$7,693 per percentage point increase (up to an increase of 65 percentage points over respective baseline).",0.2622306130149148
"DLI 2 Increased access to financial market Description ULBs in Tamil Nadu, with the support of TNUIFSL, have issued municipal bonds aggregating US$30 million, for urban water systems.",0.8301196531815962
PAF Scoring US$1 million for every US$7.5 million of successful issuance of municipal bonds.,0.7251031615517356
"The following four WSS sub-plans need to be aligned with each other to synergize urban water services and avoid overlaps: â¢ Water security plan should cover assessment of current and future water demands, evaluation of existing water sources and systems, development of strategies to meet future water needs and recommendations for institutional and implementation frameworks.",0.3235890865325928
"â¢ The CWIS plan will develop alternative technical solutions for sanitation services in areas not covered by piped sewage system, with focus on the needs of women and the poor and vulnerable areas.",0.5279032967307351
"3 The World Bank Tamil Nadu Climate Resilient Urban Development Program (P179189) â¢ Five-year Business Plan comprises service delivery improvement targets, operational efficiency targets, capital investment plan, organizational structure and annual staff plan, revenue projections, capacity building, customer grievance redressal, and M&E.",0.8803715272383257
"â¢ The sustainable urban drainage plan will identify status of existing stormwater drains and natural drains and hot spots where water stagnates, and recommend structural and non-structural (i.e., nature-based solutions) measures to improve the stormwater management system to reduce flooding damage and promotes the integration of these services with other urban-water services, such as water supply and sanitation and green areas.",0.648302511735396
DLI 6 Delivery of functional water and sewerage connections DLI 6.1 ULBs implementation of WSS investments incorporating climate resilience guidelines Description Participating ULBs have implemented WSS investments incorporating climate resilience guidelines developed by TNUIFSL.,0.4920664700594815
"DLI 7 Increased operational, climate and financial efficiency of WSS services DLI 7.1 Number of ULBs with PBCs signed for water and/or sanitation services PBCs specify single point responsibility for construction and operation with the same contractor.",0.588562315160578
Formula $45 per connection for water supply projects achieving NRW of 20% or below.,0.5233955816789106
"Formula $68,400 per MLD of additional sewage treated in eligible existing STPs (as set forth in POM).",0.39672881906682794
"6 The World Bank Tamil Nadu Climate Resilient Urban Development Program (P179189) $4,149 per million Dollars of committed funds from TNUDF for every Participating ULB for every percentage point increase in O&M cost Formula recovery of WSS services over respective baselines (set forth in POM) up to 30 points.",0.32493680173700507
DLI 8.2 Increase in area of green space The ULBs will develop green space for the areas designated as parks in their master plans or development plans.,0.31661332737315784
"Formula US$8,030 per 1,000 m2 area (up to a total of 608,000 m2) of green space developed over baseline set forth in POM.",0.016146540641784668
"Urban Vision 2031 aims to achieve universal basic infrastructure and services in all ULBs with the key priorities: (a) improving accessibility and quality of urban services, especially in smaller ULBs; (b) ensuring that infrastructure design and urban development are climate resilient and low-carbon in line with climate change projections; and (c) strengthening the institutional capacity of ULBs to better plan, deliver, and manage urban services and their public assets in a financially sustainable manner.",0.9505707133900035
"Urban services are supported under RA2, focusing largely on WSS services, together with energy efficiency and green space investments.",0.843366189436479
"Investments and implementation of service reforms under RA2 will also contribute to achieving DLIs under RA1, such as increase in OSRs through increased WSS revenues.",0.8934790004383434
Both RAs will incentivize the ULBs to strengthen the FM systems and expand its resource base in an incremental manner that will lead to overall creditworthiness improvement.,0.8910840641368519
"PI3: Overall capital budget outturn deviation for last FY ((Actual capital expenditure) - (Budgeted MC2: Annual budget of (initial) capital expenditure) / Budgeted (initial) capital expenditure x 100 (based on unaudited current FY, approved by ULB financial statements).",0.2637521570379084
"Performance-based grant formula US$ for ULB A = MCA x (A1A + A2A x PIA) 9 The World Bank Tamil Nadu Climate Resilient Urban Development Program (P179189) A1 is allocation linked to DLI 4: For ULBs with population < For a given year, MC score for ULB A: MCA = MC1A x MC2A x MC3A [0 400,000, A = US$716 x Population in the ULBA/1000.",0.25735876776955346
"RA1 incentivizes ULBs to augment their OSR (DLI 1) and issue municipal bonds (DLI 2), to meet their recurrent expenditures and reduce their dependence on fiscal transfers.",0.8338897011496804
"RA2 orients cities toward higher coverage, quality, efficiency, and climate resilience of WSS services concurrently.",0.7992942983453925
"The Programâs package of WSS activities cover key WSS sector building blocks establishing a âsector improvement performance frameworkâ around good quality and expanded service delivery and operational, climate, and financial efficiency of WSS services, as follows: â¢ Good quality and expanded service delivery.",0.6376507065512917
"DLI 6 supports expanding access to FWTCs and sewerage connections, with service delivery parameters exceeding AMRUT 2.0 requirements and current service levels in the state.",0.41148645227605646
This will ensure that WSS infrastructure translates into increased coverage and quality of service 0 The World Bank Tamil Nadu Climate Resilient Urban Development Program (P179189) for the beneficiary population.,0.5431325218894265
"Moreover, two cities will be supported to extend connections and improve level of services to a daily support of three hours (up from current erratic, non-daily supply) at least in 70 percent of these citiesâ areas.",0.9692093242298473
"Beyond one-time asset creation, RA2, through DLI 7, also focusses cities on operational, climate, and financial sustainability by incentivizing cities to enter into PBCs to reduce NRW, 49 increase treatment volumes in existing STPs, and secure efficient O&M of WSS functional connections.",0.7100037661465731
"Moreover, DLI 7 will also incentivize higher O&M cost recovery, fostering higher financial and operational efficiencies combined and creating the basis for sustained WSS service delivery at the city level, extending beyond the areas in which assets are being created.",0.8180068622935902
"The Program takes a comprehensive approach to scaling up private finance for WSS infrastructure and services improvements in participating ULBs by (a) addressing fundamental institutional capacity and creditworthiness related constraints in ULBs, (b) building a solid pipeline of WSS investments projects with sound technical and financial viability, and (c) supporting pilot municipal bond transactions to provide impetus to TNUIFSL to resume its municipal bond program (under RA1).",0.9268845644864169
These will pave the way for developing a scalable model in TN that can be adopted for all the ULBs to address the expanding WSS investment gaps through private finance in addition to government grants in a sustainable manner.,0.918985973704945
"There are already successful cases, such as Hubli, Malviya Nagar, Delhi, Nagpur, Kolkata, and Pune, where the service levels have significantly improved through PBC incentives, especially in terms of increased water supply hours, wastewater collection and treatment, and the associated customer services including billing and collection.",0.8472401879050515
The Chennai Metropolitan Water Supply and Sewerage Board is designing and procuring a PBC for water system improvement in two zones of the core Chennai city area.,0.6216695525429465
"1 The World Bank Tamil Nadu Climate Resilient Urban Development Program (P179189) and contractors; clarity in definition of easy to measure; and meaningful key performance indicators such as measurable water supply hours, water and wastewater quality, functional requirements for water and STPs, customer service targets such as response times, and revenue collection efficiency with appropriate incentives and penalties, are key elements to be considered in the design and implementation of such contracts.",0.08433287252079356
"RA2 also aims to enhance the ULB capacities for climate resilience through specific targets on reducing energy consumption in key municipal assets (such as WSS, streetlighting, public buildings, and so on) and increasing green cover through expansion of municipal parks using nature-based solutions (DLI 8).",0.5329387404701926
This initial batch of subprojects correspond to about 30 percent of DLI 6 amount that directly goes to fund physical investments.,0.7258513624017889
"The Programâs expenditure includes the GoTN, WB and ULB investments and O&M in WSS services, green space, energy efficiency of municipal assets, and Program management.",0.5344910188154741
The Program has high level of funding predictability owing to the GoTNâs continued prioritization of investments to improve urban services in its budget.,0.8951402143998579
The state has steadily increased its budget allocation for urban infrastructure investment.,0.9372706846757368
"Its expenditure in water supply, sanitation, housing, urban development sector has increased from US$1.04 billion in 2017â2018 to approximately US$2.03 billion in 2020â2021.",0.8631561452692206
"51 The FY22/23 approved budget for water supply, sanitation, housing, and urban development has increased by 18 percent from the FY21/22 budget estimate and by 95 percent from the actual budget for FY20/21.",0.8229065808382902
"Therefore, the benefits estimated through the economic analysis are deemed considerably lower than what the actual stream of benefits from the Program would be.",0.5687732263044878
A cost-benefit analysis comparing the âwithâ and âwithoutâ the Program scenarios has been used to calculate the economic NPV and IRR.,0.6734597032720392
Economic benefits and cost.,0.8695374402132902
The benefits and costs included in the analysis are the following: (a) Direct financial benefits.,0.08094329183751886
"These are measured by incremental cash revenue receipts that are expected from improved physical and commercial loss, metering, billing, tariff restructuring, and adding more water and sewerage connections.",0.7956451069224965
This would constitute 0.02 percent of the total benefits.,0.03565911542285572
The economic net benefits for WSS investments related DLIs are US$166.1 million in the base case at a 12 percent discount rate.,0.9298472837968306
"The base case was stress tested for capital cost overrun, increase in O&M costs, reduced expected benefits, and delayed implementation (table 3.2).",0.6250290003689852
The results show that there will be net economic benefit under potential high-risk scenarios.,0.7141443599354137
"Sensitivity Analysis Results NPV (INR IRR SI SV Scenario Change lakh) (percent) (percent) Base case 136,238 18.1 Increase in capital costs 20 percent 98,027 15.8 1.40 71 Increase in O&M costs 20 percent 125,795 17.7 0.38 261 Decrease in benefits 20 percent 60,324 14.9 2.79 36 Implementation start delay 2 years 112,800 17.1 NA NA Note: SI = Sensitivity indicator (ratio of percent change in NPV to percent change in a variable); SV = Switching value (percent change in a variable to reduce the NPV to zero).",0.90594144300981
Implication for supervision to ensure economic viability.,0.290416110645641
"The sensitivity analysis shows that the economic performance of DLIs 6 and 7 depends on, in order of significance, realizing economic benefits to the beneficiaries, preventing capital costs overrun, preventing implementation delay, and controlling the O&M costs.",0.8889452327381481
The economic assessment of the energy efficiency DLR proposed under DLI 8 shows that there will be an economic NPV of US$8.8 million and an economic IRR of 25 percent at a discounted rate of 12 percent.,0.8450268832120028
"In addition, RA1 supports institutional reforms to improve climate change planning, financial sustainability, transparency, accountability, governance, and institutional performance for service delivery, and RA2 supports development of parks using nature-based solutions.",0.1856555938720703
This is expected to bring the following benefits: (a) Mobilizing OSR and issuance of municipal bonds help the ULBs keep up with rising expenditures and improve their fiscal sustainability and access to finance.,0.7388283122669567
Measures for increased OSR supported by the PforR will result in an estimated increase of OSR of US$4.5 million in NPV terms.,0.869426120411266
"Over time, enhanced OSR and fiscal management could allow the ULBs to mobilize more resources by accessing more and better term financing and unlock development opportunities.",0.9228035319935192
"(b) Enhancing climate change planning and investments have multiple positive impacts: (i) improved ULB finances through lower energy costs induced by energy efficiencies and reduced life cycle costs when adopting nature-based solutions, (ii) reduced economic losses owing to enhanced ULBsâ resilience against climate change-induced events, and (iii) improved health through better ULB air quality and cooling.",0.6697806878523394
"To mitigate these risks and strengthen the sustainability of investments and services, the following activities will be supported by DLIs and by the IPF component to support the strengthening of relevant state and ULB institutions.",0.4112716588107022
â¢ Establishing technical expert cells as per the POM at ULBs and providing capacity-building support to the ULBs to prepare and implement subprojects and develop sector studies including CCAPs and strengthening public financial management and governance reforms.,0.5054236758839
The scope of 24Ã7 systems is limited to a part of the cities area so the culture and capacity to deliver continuous supply can be built and then scaled up.,0.7461298162286932
"The IFSA found that present fiduciary systems together with proposed mitigation measures provide reasonable assurance that the proposed financing would be used for the intended purposes, with due attention to the principles of economy, efficiency, effectiveness, transparency, and accountability.",0.7446736422452059
The GoTN has been having a higher fiscal deficits ratio to GSDP than the mandated 3 percent in the last three years and it is expected to normalize from FY24/25.,0.5437303022904829
"This system requires upgradation to integrate additional procurement metrics to aid procurement planning, include procurement KPIs to cover the procurement and contract management stages, and embed seamlessly within the overall public financial management cycle.",0.10019573298367587
"The ULBâs engineers (municipal engineers) manage and implement contracts, which are small in value and scattered in nature.",0.15556392886421896
"The average cost estimate was INR 182.70 crore (US$22.28 million), and these contracts were awarded at a 17 percent average over the cost estimate.",0.2562096118927002
â¢ Develop STDs.,0.14493171735243363
â¢ Upgradation/rehabilitation or repairs to existing STPs or WTPs without filling the gaps to align with applicable regulations/consent conditions of TNPCB and construction of single STPs of capacity more than (50) MLD.,0.6177126711065118
"â¢ Laying, redevelopment, upgradation, or operation of any sewerage networks (including mains, pipes, pumping stations, lift stations, and so on) and/or providing house service connections before/without connecting the network to a functional STP with consent from TNPCB.",0.7892054644497958
"Ensure bid Environment NA ULBs, Othe Before signing Bid documents and documents and al and Social TNUIFSL and r of contracts; contracts have contracts have Systems DMA implementatio adequate resources adequate resources n throughout provisioned for provisioned for management of the 8 The World Bank Tamil Nadu Climate Resilient Urban Development Program (P179189) management of the Program social risks identified social risks identified duration in the DPRs; in the Detailed Contractorsâ Project Reports responsibilities on management of social risks and impacts are rigorously monitored by IAs.",0.2510274106805975
"Although the current account deficit widened to 2.1 percent of gross domestic product (GDP) in FY18/19, robust capital inflows during the second half of the year allowed for a buildup of international reserves to US$411.9 billion at the end of the fiscal year (equivalent to 10 months of imports).",0.9284519715742632
"Implementation challenges of indirect tax reforms, stress in the rural economy, and a high youth unemployment rate in urban areas may have moderated the pace of poverty reduction since 2015.",0.16640921072526413
The proposed project is focused on improving the public passenger transport by river ferries in the state of Assam (primarily on the Brahmaputra but also on the Barak River) and the institutional capacity and framework to develop the sector.,0.873461203141646
Development of waterways and ferry services provides low-cost options to integrate transport networks north and south of the river compared to the construction and maintenance of flood-resilient roads and bridges across the long stretches of the Brahmaputra.,0.9243019277399237
There is a need for a transformational shift toward policies and institutions that enable climate- resilient investments.,0.8010043230923739
"With World Bank support, the GoA is creating a more rigorous, tripartite institutional framework that can provide a stronger foundation for sector governance and sustain the desired sector improvements.",0.8567458933049982
"Alongside its support for the sectorwide reform program, the World Bank will finance priority investments in safety management, private and public ferry fleet improvements, and replicable terminal improvements on the major Guwahati and Majuli routes and several pilot rural routes.",0.9306000796231356
"The Inland Waterways Authority of India (IWAI) of the Government of India (GoI), established in 1986, provides and maintains the fairway navigation3 on national waterways.4 The IWAI, in coordination with DIWTA, is considering augmenting commercial freight transportation on the Brahmaputra, which is a national waterway (National Waterway 2).",0.6827031482349742
"The project targets most of the CPFâs defined focus areas within the partnership objective of resource-efficient growth, with positive impacts in both rural and urban areas.",0.8630009564486417
 The World Bank Assam Inland Water Transport Project (P157929) basic IWT infrastructure would enable larger segment of the 31.2 million population to use the waterways.,0.475726691159335
"In a sprawling city such as Guwahati, service improvements would also contribute to more efficient land use and urban consolidation by allowing the city to develop on its relatively close but underdeveloped north bank instead of just sprawling further along its congested southern bank.",0.9356381676413796
"Third, the project will help finance an incentive scheme to upgrade safety standards of private vessels as a âcarrotâ to help private operators to transition to the more rigorous safety regulatory regime that has been enacted.",0.3212593685496937
"While current public perceptions of the safety and reliability of private ferries are low, the new regulatory framework should lead to growing public confidence in the private sectorâs role as a safe and reliable ferry services provider.",0.31534925374117767
The Project Development Objectives (PDOs) are to (a) improve passenger ferry infrastructure and services in Assam and (b) improve the institutional capacity and framework for inland water transport in Assam.,0.2426083738153631
" The World Bank Assam Inland Water Transport Project (P157929) Passenger Ferry Infrastructure and Services â¢ Ferry service hours available in a day - on project supported ferry routes (PDO 1) â¢ Percent women users of ferries during peak hours (PDO 2) â¢ User satisfaction (on access, safety, quality of services, facilities etc) disaggregated by gender on project supported ferry routes (PDO 3) Institutional Capacity and Framework â¢ Regulation of IWT operations in Assam strengthened (PDO 4, linked to DLI5 1) â¢ Unbundling public sector operations from industry regulations (PDO 5, DLI 5) â¢ Enhanced IWT sector capacity on safety and modern technologies (PDO 6, linked to DLI 2) â¢ Establishing an emergency response system including a search and rescue unit (PDO 7, linked to DLI 3) B.",0.8227658705277876
"The project is supported by an Investment Project Financing (IPF) of US$88 million, which includes a financing of US$53 million based on achievement of DLIs.",0.9247310811823065
"The project will support ferry infrastructure and services (terminals and vessels), institutional reforms, consultancies/analytical studies, training and capacity building, goods including information and communication technology equipment, and development of software applications for safe and efficient management of the sector.",0.702990011735396
"Technical Assistance: (i) Carrying out technical assessments/studies to prepare an integrated state-wide inland water transport (IWT) strategy and investment plan, to mainstream inland water transport and promote multi-modal integration and last mile connectivity; (ii) carrying out environmental and social impact assessments in relation to inland water transport investments financed under the Project; (iii) carrying out studies on weaknesses, institutional requirements and business plans for the IWT sector, to prepare institutional reforms including basic legislation for the strengthening of Assam Inland Water Transport Regulatory Authority (âAIWTRAâ) to develop and enforce safety, environmental and economic regulations for the IWT sector; (iv) unbundling shipping/ferry and terminal operations in Assam by establishing and operationalizing the Assam Shipping Company (âASCâ) and Assam Ports Company (âAPCâ), developing business plans therefor, and providing technical assistance/guidance during the initial years of operations; and (v) undertaking assessment on, and eventually strengthening, the institutional capacity of the 5 Disbursement-linked indicator.",0.8173218640414152
" The World Bank Assam Inland Water Transport Project (P157929) Directorate of Inland Water Transport Assam (âDIWTAâ) including establishing a new hydrography unit, carrying out job-mapping exercises and developing sector competencies (training and re-skilling) (US$11 million).",0.3777588497508656
This component will include the following: a. âJibondingaâ incentive scheme: Implementing the âJibondingaâ incentive scheme retrofitting of existing vessels and/or new vessel acquisition by private boat/ferry operators through the provision of Matching Grants (US$10 million).,0.6973454302007501
"Procurement of New Vessels and Retrofitting of Existing Public Vessels: (i) Procuring approximately twenty (20) passenger ferries for ASC, with capability for carrying motorcycles and cargo, as well as providing longer haul services; (ii) retrofitting existing vessels operated by DWITA and/or ASC; and (iii) repurposing old pubic vessels for the provision of alternative (non-transport) critical public services (e.g.",0.5207965157248757
(US$15 million).,0.2183025533502752
Component 3: Improvement in terminal infrastructure (estimated cost US$55 million) 26.,0.49378806894475763
"Provision of Priority Terminals and Repair Facilities: Designing and constructing approximately three (3) priority mid- to large-size terminals and repair facilities in congested river crossings, as per standard modular designs for scalable infrastructure adaptable to rural and urban areas and following the âworking with natureâ approach (US$40 million).",0.9431786103682085
"Provision of Smaller Terminals: Designing and constructing at least four (4) small and mainly rural terminals, as per standard designs for modular and scalable infrastructure adaptable to rural and urban areas (US$15 million).",0.9123827327381481
Component 3 will provide standard designs for modular and scalable infrastructure that can be adapted for other urban and rural ferry terminals.,0.6259665922685103
"The four main beneficiary groups of the project are the users of ferry services throughout the state of Assam, through better and safer services; private vessel owners through fleet modernization and upgrading of the existing fleet to better safety and service standards for operations under a strengthened regulatory regime; government employees in the institutions of the sector who will be trained to fulfill more effective and focused roles in the new institutions in industry; and the citizens of Assam who will benefit from the more efficient and effective public governance of the sector.",0.47974538803100586
"Project Cost and Financing (US$, millions) IBRD % IBRD Project Components Project Cost Financing Financing 1.",0.5242557525634766
"The EEP provides for all project-related investments (goods, works, non-consulting services, consulting services, training, and operating costs) included under the four project components mentioned earlier (detailed in annex 2).",0.011363166977058758
"These investments broadly include (a) the cost of construction of terminal infrastructure and its operational and maintenance cost during the project lifetime; (b) incentive scheme for the private sector, retrofitting of existing vessels and procurement of new vessels including their maintenance; (c) technical assistance, institutional reforms, and sector modernization needs toward improved safety and efficiencyâsuch as night navigation, emergency response and search and rescue, tools, equipment, software, trainings, and so onâand others; (d) operationalization of the newly established RA and the two proposed companies (ASC and APC), including salaries of staff at the RA through the life of the project and the ASC and the APC until three years after their incorporation; (e) project management support including office modernization of the AIWTDS, consultant/staff hiring and compensation at the AIWTDS, capacity on climate change and resilience, and so on E. Results Chain 35.",0.8780709179964933
"The GoAâs objective articulated in the new sector law is to promote âsafe, efficient, reliable and environmentally sound inland waterway transport services for the benefit of ferry users, freight consigners and water tourism in the state of Assam.â6 The practical experience of countries with mature IWT industries, for example, the Netherlands, Germany, the United States, China, and Vietnam, is that governments and government administrative agencies must actively lead IWT sector development because of the geographically dispersed and fragmented structure of the industry and because of the many legitimate and competing uses of water resources.",0.07385582815517079
"Most of the investment and maintenance costs of navigation infrastructure in 6 Source: The Assam Inland Waterway Transport Regulatory Authority Bill, 2018.",0.8499742854725231
Passenger ferry operations are sometimes privately operated while provincial and local governments are heavily involved in developing ports often with private lessees operating terminals.,0.4586071101101962
The project design is based on the expectation of a similar long-term disposition of roles in Assam with public sector management of infrastructure provision and a mix of public and private sector operations in transport services.,0.8869241367686879
The GoA seeks not only World Bank financing but also the World Bankâs knowledge and experience in strengthening public sector institutions in the transport sector.,0.8320431275801226
"Most waterways need investments in and maintenance of reliable channels, supported with navigation aids, provision of suitable vessels, and landing facilities to make IWT an efficient alternative and/or complementary transport mode to roads and railways.",0.8303650942715731
"The PDOs are designed to ensure that the millions of Assamese people who depend on passenger ferry services for work, trade, educational and social interactions have a ferry transport sector that is better administered and regulated, safer for passengers  The World Bank Assam Inland Water Transport Project (P157929) and crews, and offers higher-quality services.",0.5961684747175737
The project is improving the existing passenger ferry market in Assam through better and technically designed terminals and energy-efficient vessels (both new and retrofitted) and is making these sustainable through a more responsive institutional framework.,0.6595742052251642
"The infrastructure investments do not envisage any disruption to the water balance, large-scale dredging activity, or land acquisition.",0.10574908690019087
"The investments are planned and prioritized under an integrated strategic development plan (ISDP) for the state, aiming to mainstream IWT as a mode of transport in Assam that is attractive and suited to a much wider user base.",0.913820353421298
Certain priority ferry routes (in Guwahati and Dibrugarh) have been identified for investments under the project.,0.8281226591630415
"In doing so, the project draws guidance from âworking with natureâ principles that aim to design new infrastructure or rehabilitate existing infrastructure in a way that works with natural river  The World Bank Assam Inland Water Transport Project (P157929) processes.",0.9060191241177645
"The focus is to design and develop infrastructure in a way that is modular and scalable, limiting the need for fixed structures or substantial acquisition of land or heavy capital dredging.",0.9473872618241743
"To reduce dredging requirements, the ferry terminals will be developed in the river where water levels provide better depths for berthing of vessels round the year.",0.4710283712907271
The project will support more landings (mostly smaller rural ghats) that will be selected by the GoA based on the strategic development plan and identification of upgrading needs.,0.8961857882412997
"The project will generate direct transport economic benefits in the form of improved services to existing ferry users, benefits from generation of ferry trips (including fewer road trips and savings in their resource costs), time savings from the shorter river crossings along the Brahmaputra where there are only five bridges to commute across the banks, connectivity for largely rural communities in the upper reaches of the river, and possible benefits in vessel operating efficiency.",0.8977358557961204
Climate change resilience outcomes will arise from more efficiently designed modular and floating terminals as well as by relieving the pressure to  The World Bank Assam Inland Water Transport Project (P157929) build new road bridges that would have encouraged a more carbon-intensive transport system.,0.24368916858326306
"Tertiary benefits include stimulating local economic activity and production in the form of flow-through benefits of boosting shared prosperity by creating more jobs associated with cross-river trade, more livelihood opportunities with improved and more reliable connectivity, increased incomes for farmers and riparian communities, and reduced poverty.",0.9365653124722567
The project investments are supporting the sector to make a step-change transition to sustainably superior and safer standards.,0.11843551288951527
The economic analysis captures some of the direct benefits from the main fixed investments in ferry infrastructure that are proposed on the identified priority ferry routes between North and South Guwahati and the Aphalamukh-Neamati route serving the Majuli River Island.,0.9243863712657582
The economic internal rate of return (EIRR) of the investments is estimated to be 18.9 percent in real terms.,0.8871230212124911
"This, therefore, results in a higher economic return (of about 24 percent) in the case of Aphalamukh (Majuli).",0.7957643162120472
"However, the volume of passengers using Guwahati ferries is such that, even with a lower average user benefit, the EIRR of investments at Guwahati alone is estimated to be 11.7 percent.",0.758816892450506
"The benefits of improved urban amenity, encouragement of lower-cost land use development on the north bank, and contribution to tourism will be additional to the direct transport benefits measured.",0.3423646363345059
The project will thus remove critical transport bottlenecks through modal shift options and reduce the pressure on the government to build new bridges and roads.,0.05229176716371016
"Disbursement Categories Amount of the Loan Percentage of Expenditures to be Category Allocated financed (inclusive of taxes) (expressed in US$) (1) Goods, works, non-consulting services, and consulting services; training and workshops; incremental operating costs; and matching grants under the project; as well as salaries, fees, honoraria, bonuses, 33,630,000 80% and any other salary supplements of (a) AIWTDSâ and AIWTRAâs staff and (b) ASCâs and APCâs staff during the first three years since incorporation (2) Goods, works, non-consulting services, and consulting services; training and workshops; incremental operating costs; and matching grants under the project; as well as salaries, fees, honoraria, bonuses, 53,000,000 80% and any other salary supplements of (a) AIWTDSâ and AIWTRAâs staff and (b) ASCâs and APCâs staff during the first three years since incorporation Amount payable pursuant to Section (3) Refund of the preparation advance 1,150,000 2.07 (a) of the General Conditions Amount payable pursuant to Section 2.03 of this Agreement in accordance (4) Front-end fee 220,000 with Section 2.07 (b) of the General Conditions (5) Interest rate cap or interest rate collar Amount due pursuant to Section 4.05 0 premium (c) of the General Conditions Total Amount 88,000,000 Note: AIWTRA = Assam Inland Water Transport Regulatory Authority.",0.07154908505353061
"Based on discussions held with the implementing agencies, the risk mitigation measures are (a) use of skilled procurement staff for handling procurement activities; (b) monitoring through Procurement Plan; (c) training and hand-holding provided by the World Bank; (d) prior and post reviews by the World Bank; (e)  The World Bank Assam Inland Water Transport Project (P157929) use of e-procurement; (f) measures to improve competition such as broad technical specifications; realistic post qualification criteria, appropriate contract packaging; (g) disclosure of procurement-related information; and (h) appropriate handling of complaints.",0.227041634646329
"Operational policy on Indigenous Peoples (4.10) is also triggered as the projectâs investment cuts across districts in Assam, which has a significant population of scheduled tribes.",0.7815941030328925
"Since the specific alignments with detailed technical design for investment to be supported under the project are being finalized, a Social Management Framework (SMF) and a Resettlement Policy Framework-cum-Indigenous Peoples Development Framework (RPF-cum-IPDF) have been prepared to guide the Social Impact Assessment (SIA) to prepare site-specific Social Management Plan, Indigenous Peoples Development Plan-cum-Resettlement Action Plan (SMP, IPDP-cum-RAP).",0.06121563911437988
"CE for the AIWTP includes stakeholder/community consultations, a multilevel GRM, and beneficiary survey on draft designs for the terminals to be constructed/upgraded (Component 3), including activities listed under other components.",0.29410425099459564
The findings from the study establishes that IWT is a major contributor to direct and indirect economic growth and employment opportunities in the state.,0.38872974569147284
The scheme provides âadditionalâ incentives/subsidies to encourage women entrepreneurs (additional 5 percent) and registered women self-help groups (SHGs) (additional 5 percent) who want to be self-employed as vessel operators/owners  The World Bank Assam Inland Water Transport Project (P157929) in the IWT sector.,0.9139013290405273
These measures include project informed design and support for value addition of goods.,0.03741136464205655
"RESULTS FRAMEWORK AND MONITORING Results Framework COUNTRY: India Assam Inland Water Transport Project Project Development Objectives(s) The objectives of the Project are to: (a) improve passenger ferry infrastructure and service in Assam, and (b) improve the institutional capacity and framework for inland water transport in Assam Project Development Objective Indicators RESULT_FRAME_T BL_ PD O Indicator Name DLI Baseline Intermediate Targets End Target 1 2 3 4 Passenger Ferry Infrastructure and Services Ferry service hours available in a day - on project supported 10.00 10.00 14.00 14.00 16.00 16.00 ferry routes (Hours) About 25% of ferry users Percent women users of ferries Expect at least 5% Expect at least 5% Expect at least 5% Expect greater than 30% are Women and children No change expected during peak hours (Text) increase over baseline increase over last target increase over last target women users (to be reassessed) User Satisfaction (on access, 10% increase in user 10% increase in user safety, quality of services, 10% increase in user No change expected in satisfaction over level satisfaction over level More than 70% User facilities etc) dis-aggregated by To be measured satisfaction over the first year reported in immediately reported in immediately satisfaction gender on project supported baseline preceding stage / target preceding stage / targe ferry routes (Text) Institutional Capacity and Frameowork RA Established under Assamâs state AIWTRA has adopted AIWTRA has: (a) AIWTRA has: Regulation of IWT operations DLI 1 new Act of State government has and notified new Assam developed draft Safety in Assam strengthened (Text) Legislative Assembly appointed the Vessel Rules Regulations for the (a) adopted and notified  The World Bank Assam Inland Water Transport Project (P157929) RESULT_FRAME_T BL_ PD O Indicator Name DLI Baseline Intermediate Targets End Target 1 2 3 4 Chairperson and all operation of passenger new Safety Regulations Members of the ferry services and for the operation of AIWTRA, as per the published them for passenger ferry services; AIWTRA Act public consultation; and and (b) developed draft Economic Regulations (b) adopted and notified for transparent and new Economic sustainable operation of Regulations for passenger ferry services transparent and and published them for sustainable operation of public consultation.""",0.8645519776777788
"The Transport Department has: The State Public The Transport Investment Board has: Department has: (a) (a) transferred all fixed (i) registered the Assam assets identified in APCâs (a) approved the Ports Company under asset devolution plan business and feasibility (primarily public ferry the Companies Act; and plan for the (ii) adopted the terminals) to the Assam Unbundling public sector establishment of Assam Ports Company; and Internally conflicted respective asset operations from industry DLI 5 Ports Company (APC); institutional setup devolution plan; and (b) regulations (Text) and (i) registered the Assam (b) transferred all (b) approved the Shipping Company floating/ movable assets business and feasibility under the Companies plan for the identified in ASCâs asset Act; and (ii) adopted the devolution plan establishment of Assam respective asset Shipping Company (ASC) devolution plan.""",0.8370788747614081
"The indicator aims to measure the continued Review orders / institutional reforms Annual / Govt notifications from Unbundling public sector operations from AIWTDS undertaken to separate / Semi-Annual Notification Transport Dept Govt of industry regulations unbundle industry Assam regulation from sector operations Training plan approved Review AIWTDS record The indicator measures by AIWTDS on trainings approved efforts to improve Annual / Enhanced IWT sector capacity on safety AIWTDS and provided on safety, AIWTDS institutional capacity in Semi-annual and modern technologies record on emergency response, delivering safer and efficient training provi navigation etc.",0.7528606761585582
"AIWTRA has:(a) developed draft Safety 3,000,000.00 USD 1.5 M each upon completion of Regulations for the operation of passenger ferry (a) and (b) services and published them for public consultation; and (b) developed draft Economic Regulations for transparent and sustainable  The World Bank Assam Inland Water Transport Project (P157929) operation of passenger ferry services and published them for public consultation.",0.42681568319147284
"The State Public Investment Board has: (a) 4,000,000.00 USD 2 M each upon completion of approved the business and feasibility plan for the (a) and (b) establishment of Assam Ports Company; and (b) approved the business and feasibility plan for the establishment of Assam Shipping Company.",0.907356782393022
"Target 4 0.00 DLI_T BL_MATRI X DLI 6 New, modern and safer public vessels with gender inclusive design Type of DLI Scalability Unit of Measure Total Allocated Amount (USD) As % of Total Financing Amount Output Yes Text 10,000,000.00 9.10 Period Value Allocated Amount (USD) Formula Baseline Tender issued for procurement of new vessels for improved safety and comfort with an inclusive design Target 1 6.1.",0.7588911923495206
"DIWTA or Assam Shipping Company, as the 2,000,000.00 USD 0.1M for every new vessel in case may be, is operating the twenty (20) new operation with crew vessels received from the shipyards, all of them  The World Bank Assam Inland Water Transport Project (P157929) with crew in compliance with Assam Vessel Rules and Safety Regulations Target 3 0.00 Target 4 0.00 DLI_T BL_MATRI X DLI 7 Retrofitted/new, safer country boats for private sector supported under the âJibondingaâ incentive scheme Type of DLI Scalability Unit of Measure Total Allocated Amount (USD) As % of Total Financing Amount Output Yes Text 4,500,000.00 4.10 Period Value Allocated Amount (USD) Formula Baseline Old and unsafe private country boats Target 1 DIWTA has approved a total of two hundred 4,500,000.00 USD 1.125M for every fifty (50) (200) Matching Grants, under the âjibondingaâ Matching Grants approved incentive scheme, with at least 5% of such grants being awarded to women or self-help group boat operators Target 2 0.00 Target 3 0.00 Target 4 0.00  The World Bank Assam Inland Water Transport Project (P157929) Verification Protocol Table: Disbursement Linked Indicators DLI 1 Regulation of IWT operations in Assam strengthened Description The DLI intends to incentivise expected progress in strengthening regulatory framework for the IWT sector by the RA.",0.7342505888505415
Economic regulations to include route licensing and tariff rationalization.,0.3969485109502619
"website DLI 5 Unbundling public sector operations from industry regulations Description The DLI intends to incentivize the progress on reforms to corporatize public terminal operations and ferry services State Public Investment Board notification/letter; Govt notifications and certificate from registrar of companies; Transport Data source/ Agency Department, Government of Assam notification Verification Entity World Bank and IVA Target 1: a.",0.9199644435535778
"Review approval letter from State Public Investment Board (SPIB) on the Business plan / feasibility of the APC, clearing the way for its incorporation.",0.5869229490106757
"The business plan / feasibility should typically (while SPIB's own guideline will prevail) include details on the capital structure, capitalization levels, investment plan and staffing.",0.8180242885242809
"Review approval letter from State Public Investment Board (SPIB) on the Business plan / feasibility of the ASC, clearing Procedure the way for its incorporation.",0.5882446549155496
"The business plan / feasibility should typically (while SPIB's own guideline will prevail) include details on the capital structure, capitalization levels, investment plan and staffing.",0.8180242885242809
"Formula: USD 100,000 for every new vessel in operation with appropriate crew, up to an amount not to exceed USD 2,000,000 DLI 7 Retrofitted/new, safer country boats for private sector supported under the âJibondingaâ incentive scheme The DLI assesses the effectiveness of the incentive scheme in supporting private sector including women and self-help Description groups to own / operate safer and regulation compliant country boats.",0.6305786046114835
"Matching Grant Agreements, Self certification by AIWTDS and/or Govt order on approved scheme beneficiaries under Data source/ Agency 'Jibondinga'; Registration certificate from AIWTRA Verification Entity Independent Verification Agency Verify Matching Grant Agreement, Govt Order / Self certification by AIWTDS on approved incentive scheme beneficiaries i.e eligible private boat operators for retrofitting / new country boats (dis-aggregated by gender, women self-help groups) to assess total number of approvals under the Jibondinga incentive scheme.",0.7215818058360707
"The process to unbundle policy and  The World Bank Assam Inland Water Transport Project (P157929) planning, industry regulation, and sector operation has been initiated with support from the project.",0.45833084800026636
The project is focused on improving ferrying of cross-river passengers in Assam and seeks to use the opportunity to establish a tenable foundation for development of a modern IWT sector in Assam.,0.9301990162242543
"As such, the project is guided by a binding philosophy that admits wider and even incremental interventions as long as they contribute to strengthening institutions and planning, operational efficiency and safety, and importantly, sustainability.",0.7092824849215421
and infrastructure challenges of the sector including one component supporting project management.,0.23315156589854846
"Sector planning, design and rollout, operationalization of new Regulatory Authority (RA), business planning and operationalization of Assam Shipping Company (ASC) and Assam Ports Company (APC), including remuneration of staff/specialists hired at the RA, ASC, APC, and Assam Transport Policy; modernization of crew training center and training of staff to fulfill new roles in the restructured industry (US$11 million) 3.",0.8032634041526101
The exercise involves preparing a water transport strategy for Assam and an investment plan to help mainstream water transport in the state including multimodal integration and last mile connectivity.,0.9038666811856356
"Complementing the investments in infrastructure, the project aims to strengthen the Assam IWT sector through a supportive institutional framework.",0.9167892282659357
"The water transport strategy will assist the state in developing a water transport policy with a broad road map for future investments that promote a more balanced modal mix, improved modal integration, mainstreaming of IWT, and better climate adaptability/resilience and emission reduction.",0.1725675192746249
The capacity of institutions needs to improve to deliver roles effectively in the upgraded sector.,0.4723038673400879
a. GoA incentive scheme (known as Jibondinga) to assist industry transition to the new regulatory regime; it is designed to help retrofit existing but acceptable vessels with modern marine engines  The World Bank Assam Inland Water Transport Project (P157929) and safety equipment and support scrapping and replacement of unsafe or obsolete private vessels with new vessels (US$10 million) 10.,0.7502043463967063
"The objective of supporting an incentive scheme is to ensure safe, secure, and sustainable transport and to encourage investment in modern shipping technology including adoption of more efficient, greener, and safer technologies, through review of fiscal and other barriers affecting quality of boat construction and maintenance.",0.8990657979791815
"The GoA has prepared a draft proposal entitled âJibondingaâ - boat for livelihood, which provides incentive both for retrofitting of existing vessels (so long as they are found riverworthy) as well as acquisition of new vessels.",0.7088332609696821
"Subsequently, a market-based financing framework will be developed to support the scrapping and replacement of unsafe or obsolete private vessels with new vessels, the expected capital cost and financing requirements for which will need much deeper assessment.",0.6441357786005194
"Without an affordable cost of financing, the private operators would not be able to upgrade to new and safer vessels and eventually not participate in the program, thus affecting the overall development objective.",0.74364558133212
The component will therefore provide for a detailed analysis to assess financing requirements and structure a government program that mitigates the risk perception of commercial banks and increases access to financing for private boat operators to procure new vessels.,0.8775707591663707
The component will identify suitable interventions needed by the Government through design of appropriate incentive mechanisms specifically targeting increasing private participation in vessel purchases and operations.,0.1982097408988259
Procurement of new vessels for the Assam Shipping Company and retrofitting of existing public vessels (US$15 million) 11.,0.7042347734624689
"The project would also like to improve connectivity/access to basic services for many islands, villages, and far-off chars by using additional floating stock which is customized to specific needs.",0.3471434333107688
Component 3: Improvement in terminal infrastructure (estimated cost US$55 million) 14.,0.44431404633955524
This component will support development of improved and technically designed/engineered ferry landings at feasible locations along the Brahmaputra in Assam.,0.03807495398954912
The project will finance the activity under two subcomponents.,0.7162774259393866
"In particular, this subcomponent will finance the design and construction of few priority terminals at identified busy crossings (such as Guwahati and Majuli).",0.9176297621293501
"The infrastructure improvements/designs will in particular adopt a âworking with natureâ approach which ensures that project objectives are satisfied in a way that places natural ecosystem at center stage, thereby making solutions non-damaging and sustainable (limit dredging, use portable/modular infrastructure design adaptation for landing stations to enhance climate change resiliency, low draft vessel designs, and so on).",0.00661842863668095
"The developments would offer opportunities for ecotourism development, rejuvenating the river waterfront and integrating quality ferry terminals in the urban context.",0.801196965304288
Provision of smaller terminals at other locations (mainly rural routes) (US$15 million) 16.,0.4577510573647239
This subcomponent will provide standard designs for modular and scalable infrastructure that can be adapted for other urban and rural ferry terminals.,0.8496452678333629
"This will include establishment and operation of the AIWTDS and financing of the attendant project operating costs (project staffing,  The World Bank Assam Inland Water Transport Project (P157929) consultancies, training, office modernization/equipment, and other operational costs); the IVA; audit; and M&E systems.",0.23591358011419122
"From the IBRD US$88 million, US$1.4 million will finance repayment of the Project Preparation Advance (US$1.2 million) and the capitalization of the front- end fee (US$0.2 million).",0.43335433439774945
The project is improving the existing passenger ferry market in Assam through better and technically designed terminals and energy-efficient vessels (both new and retrofitted) and making these sustainable through a more responsive institutional framework.,0.5755952054804022
"The infrastructure investments do not envisage any disruption to the water balance, any large-scale dredging activity, or land acquisition.",0.14953538504513827
"The investments are planned and prioritized under an ISDP for the state aiming to mainstream IWT as a mode of transport in Assam, attractive and suited to a much wider user base.",0.9007857062599876
"In consultation with the GoA, the project has prioritized the following high-demand ferry routes for development.",0.7192297415299849
Identified Priority Ferry Routes Corridor North Bank South Bank Priority Guwahati North South â¢ The pair of ghats connecting North and South Guwahati Guwahati Guwahati has the highest traffic potential.,0.28682652386752044
These priority ferry routes (located in Guwahati and Dibrugarh) are serviced by DIWTA and private ferries but more stable locations for the ferry landings (coordinates within Â±100 m) have now been assessed for techno-commercial feasibility.,0.003614950247786262
"In doing so, the project draws guidance from âworking with natureâ principles that aim to design new infrastructure or rehabilitate existing infrastructure in a way that works with natural river processes.",0.8862898566506126
"The focus is to design and develop infrastructure in a way that is modular and scalable, limiting the need for fixed structures or substantial acquisition of land or heavy capital dredging.",0.9473872618241743
"To reduce dredging requirements, the ferry terminals will be developed in the river where water levels provide better depths for berthing of vessels round the year.",0.4710283712907271
Estimation of the sanitary sewage flow is 20 percent above the water supply rate and it will be routed to a package treatment plant.,0.011256317523392763
The project will support more landings (mostly smaller rural ghats) that will be selected by the GoA based on the strategic development plan and identification of upgrading needs.,0.8961857882412997
Detailed analysis will be developed to assess financing requirements and structure a government program that mitigates the risk perception of commercial banks and increases access to financing for private boat operators to procure new vessels.,0.8931086280129172
"Alongside terminal infrastructure, the Guwahati and Dibrugarh (Majuli) ferry corridors will be taken up initially for shore-based pilots for installing navigation aid facilities.",0.10118917985395952
The project is expected to have economic and social benefits much wider than the direct improvements in transport service.,0.9293230230158026
"The project will generate (a) direct transport economic benefits in the form of improved services to existing ferry users, (b) benefits from generation of ferry trips (including fewer road trips and savings in their resource costs), (c) time savings from the shorter river crossings along the 891 km where there are only five bridges to commute across the banks, (d) connectivity for largely rural communities in the upper reaches of the river, and (e) possible benefits in vessel operating efficiency.",0.8933014436201616
"Tertiary benefits include stimulation of local economic activity and production in the form of flow-through benefits of boosting shared prosperity by creating more jobs associated with cross-river trade, more livelihood opportunities with improved and more reliable connectivity, increased incomes for farmers and riparian communities, and reduced poverty.",0.9302901354703036
"The project investments are not intended to deliver incremental improvements, rather they envisage helping the sector to make a step-change transition to sustainably superior and safer standards.",0.8496221195567738
The economic analysis captures some of the direct benefits from the main fixed investments in ferry infrastructure that are proposed on the identified priority ferry routes between North and South Guwahati and the Aphalamukh-Neamati route serving the Majuli River Island.,0.9243863712657582
"This, therefore, results in a higher economic return (of about 24 percent) in the case of Aphalamukh (Majuli).",0.7957643162120472
"However, the volume of passengers using Guwahati ferries is such that, even with a lower average user benefit, the EIRR of investments at Guwahati alone is estimated to be 11.7 percent.",0.758816892450506
"The benefits of improved urban amenity, encouragement of lower-cost land use development on the north bank, and contribution to tourism will be additional to the direct transport benefits measured.",0.3423646363345059
"The analysis applies local private (unsubsidized) bus and ferry fare per passenger as being a reasonable proxy for long-run avoidable costs (including vehicle per vessel capital) of each mode, other than for the upfront cost of new international standard ferry terminals to be developed which is considered as upfront capital cost.",0.5110478401184082
The direct transport economic benefits stem from enhancement to âuser surplusâ because of much lower âuser general costâ relative to the âwithout-projectâ situation.,0.8770865527066317
"Fatality is based on 50 times GDP per capita for India, a figure based on estimates used internationally.",0.17884672771800647
"Main Inputs to the Assessment Distance (Aphalamukh) Without With Ferry distance (km) 0 15 Bus distance (km) 300 0 Time (h) Ferry 0 1.88 Bus 20 0 (Ferry speed: 8 km per h, Bus: 15 kmph) Distance (Guwahati) Without With Ferry distance (km) 0 2 Bus distance (km) 25 0 Time (h) Ferry 0 0.25 Bus 2 0 (Ferry speed: 8 km per h, Bus: 15 km per h VOT (Aphalamukh) Average earnings per month (INR) 3,000 estimate VOT work per hour (INR) 19 (Considering 160 hours per month) 7 The per capita income of the state in terms of NSDP at constant (2011â12) prices is estimated at INR 51,126 .00 for 2016â17 (Source: Government of Assam, Directorate of Economics and Statistics).",0.392921274358576
" The World Bank Assam Inland Water Transport Project (P157929) Percentage work per commute 30% VOT leisure 70% Time cost (INR per person per h) 10.22 Bus, GHG cost per trip (INR) 650.0 Ferry GHG cost per trip (INR) 105.5 VOT (Guwahati) Average earnings per month (INR) 8,000 estimate VOT work per h (INR) 50 (Considering 160 hours per month) % work per commute 30% VOT leisure 70% Time cost (INR per person per h) 27.25 Bus, GHG cost per trip (INR) 54.2 Ferry GHG cost per trip (INR) 14.1 Unit operating cost Ferry 2.5 per person per km Bus 1.0 per person per km 5.",0.7802599126642401
"A reality to reckon, however, while reviewing the economics associated with the investments is the fact that the sector, which has remained underfunded, rudimentary, and unsafe for decades (while being operational somehow), is now being scaled up to international engineering standards with due consideration also to sustainability.",0.6321685530922629
"Many of these are monetized in the economic analysis while many others that are not easy to quantify have been excluded from the assessment, particularly the benefits from better and more frequent access to health facilities, either directly or because of the improved job prospects from the project.",0.29162953116677026
"Sensitivity Analysis CAPEX increases by 10%, time savings Parameters decline by 10%, and operator cost CAPEX increases by 20% increases by 10% CAPEX 10% 20% User time savings â10% 0% Operator cost 10% 0% EIRR 16.1% 16.5% NPV (INR, million) 2,816.4 3,276.3 ",0.548054651780562
Indiaâs Gross Domestic Product (GDP) growth was already slowing when the COVID-19 outbreak unfolded.,0.34518196366050025
"Real GDP growth moderated from an average of 7.4 percent during FY15/16-FY18/19 to an estimated 4.0 percent in FY19/20.1 The growth deceleration was mostly due to (i) shocks to the financial sector, and (ii) decline in private consumption growth.2 Against this backdrop of pre-existing weaknesses, the outbreak of COVID-19 had a significant impact, with real GDP contracting by 7.3 percent in FY20/21.3 On the fiscal side, the general government deficit widened significantly in FY20/21, owing to higher spending and low revenues.4 With the easing of Covid-19 restrictions, GST collections for July, August and September 2021 have crossed INR 1 trillion mark.",0.8645585667003285
The robust Goods and Services Tax (GST) revenues are expected to continue as the economic recovery gathers momentum.,0.8948681571266868
"Given the significant uncertainty pertaining to epidemiological developments, real GDP growth for FY21/22 is likely to be in the range of 7.5 to 12.5 percent5.",0.5635155764493075
The expected recovery will put India among the worldâs fastest-growing economies.,0.6611709161238237
Indiaâs GDP grew at 20.1 percent y-o-y during the April to June quarter of 2021.,0.6327531120993874
India is committed to achieving Land Degradation Neutrality and increasing farmerâs incomes.,0.13552299412814053
"The GoI has also focused on doubling farmersâ income in seven years (from 2015â16 to 2022â23), marking a significant departure from past policies which emphasized production rather than marketability.",0.8997349305586382
"A resilient food system requires substantial investments in restoration of ecosystems to support precision farming, based on efficient use of natural resources and inputs, including water, land, fertiilzers and pesticides.",0.4111406586386941
"Recently, watershed programs, such as the Karnataka Watershed Development Project (KWDP)-II (known locally as âSujala IIIâ) financed by the Bank, began emphasizing improved biophysical and socio-economic site data, more science-based watershed planning, and value-chain development through investments in farmer producer organizations (FPOs) and market linkages.",0.8720665845003995
"In the context of COVID-19, watershed management has the potential to provide rural employment to migrant workers in public works, livelihood protection for vulnerable households, productivity enhancement and value addition services to farmers.",0.20074014230207962
"Of these, 5,151 have been completed â treating about 24.72 million ha of rainfed and degraded land; creating 758,000 water harvesting structures; bringing 1.62 million ha of land under protective irrigation; improving 328,000 ha of wasteland; and benefitting 2.7 million farmers.",0.7089329199357466
"While these programs have treated significant land areas to date with basic soil and water conservation, the broader results have been below expectation in terms of: incorporating hydrology, water management and climate resiliency into plans and investments; supporting farmers to transition to climate resilient farming practices, more value addition and market access for increased productivity and incomes; and strengthening rural livelihood development to improve overall equity and opportunities for women.",0.8763354041359641
"Key lessons22 emphasize the importance of: (i) using scientific data-driven analytics (such as LRI, hydrology, climate) and planning; (ii) focusing more on water management, including demand management; (iii) improving evidence-based and data- driven monitoring systems focused on results and impacts; (iv) building stronger technical and management capacities at national, state and local levels to apply new approaches and technologies; (v) developing O&M policies and financing mechanisms; (vi) providing performance incentives, including bio carbon funds, to incentivize local governance and maintenance of watersheds; (vii) introducing innovative participatory processes, including setting up special women forums to facilitate participation; and (viii) integrating value chain services to help farmers gain more income.",0.02670495076612993
The CPF FY 2018âFY 202223 for India identified three focal areas for Bankâs financing: Focus area 1 â Promoting resource efficient growth; Focus area 2 â Enhancing competitiveness and enabling job creation; and Focus area 3 â Investing in human capital.,0.8884390917691317
"The proposed operation will support the objective of promoting more resource-efficient, inclusive and diversified growth in the rural sector under Focus area 1 by contributing to increasing and diversifying income-generating opportunities, while improving efficiency in the use of water and land resources in agriculture.",0.8781312595714222
"It will support climate resilience and improved natural resource management through investments in infrastructure, facilitating changes in agricultural practices, crop diversification and minimizing agriculture risks.",0.860445802861994
"In addition to the above focus areas, the CPF also set out four operating modalities: (i) leveraging the private sector; (ii) strengthening public sector institutions; (iii) engaging a âfederalâ India; and (iv) promoting a âlighthouseâ India that connects practical know-how for the benefit of India and the world.",0.45377315174449573
"For example, it will support public private partnerships (PPPs), especially in value- chain development.",0.37028689817948773
Drawing from recent Bank experiences in India with multi-state programs across different sectors the proposed financing instrument is a Program for Results (PforR) with a loan to India whose funds are allocated in part to the central DoLR and in part to the participating states.,0.1512153365395286
"A straight Investment Project Financing (IPF) model would not be suitable because it would not provide the incentives needed to stimulate action and foster institutional improvements, without which, longer-term 22 Lessons in the watersheds sector are based on secondary literature reviews and technical consultations with civil society organizations, donor agencies (e.g.",0.90875582261519
"A follow-on program from 2021- 22 onwards (hereafter referred to as WDC-PMKSY 2.0) with a planned outlay of INR 81,340 million (USD 1.10 billion) received EFC approval in August 2021.",0.3899186307733709
"The estimated total allocation to the REWARD Program for Karnataka, Odisha, and the DoLR is USD 243.25 million.26 The proposed International Bank for Reconstruction and Development (IBRD) financing of the REWARD Program is USD 115 millionâ USD 60 million for Karnataka, USD 49 million for Odisha and USD 6 million for DoLR.",0.2679752219807018
The Odisha Mineral Bearing Area Development Corporation (OMBADC) set up by the Government of Odisha (GoO) in 2014 also provides funds to watershed development in the mining districts of the state.,0.35725142739035864
"The two states and DoLR will have a total of USD 243.25 million based on a 60:40 cost- sharing, under the WDC-PMKSY 2.0 program.",0.1429955092343417
"Figure 1: The REWARD program scope (state level) Results in 800,000 ha WDC-PMKSY LRI based watershed plans in 2 states O & M Policy Results in 200,000 ha M&E WCs & GPs demonstrate Science-based watershed effective planning, development in saturation Crop Advisory for Farmers implementation, O&M mode Value Chain Development  The World Bank Rejuvenating Watersheds for Agricultural Resilience through Innovative Development (P172187) Table 1: Program Scope WDC-PMKSY 2.0 program REWARD Program Nation-wide program National level State level Objective To ensure sustainable Strengthen capacities of national and state institutions to improvement in productivity and adopt improved watershed management for increasing livelihood/ income potential of farmersâ resilience and support value chains in selected land through development of watersheds of participating states rainfed and degraded areas including wastelands Coverage DoLRâs national coordination role; DoLRâs national States of Karnataka and Odisha Implementation by all states and coordination role UTs Area (in hectares) 4.95 million ha to be treated Not applicable 0.8 million ha during 2021-2026 Financing USD 1.68 billion (central share of USD 17.4 million Karnataka: USD 1.10 billion, state share of (of which IBRD USD 234.4 million USD 0.58 billion) provided USD 6.0 (of which IBRD provided USD 60 million) million) Odisha: USD 159.2 million (of which IBRD provided USD 49 million) Duration 2021-22 to 2025-26 Activities â¢ Institutional arrangements at â¢ Development of â¢ Strengthening community national, state, district, supportive policy institutions in watershed watershed sub-project on technical management (community) levels standards at â¢ Enhancing institutional â¢ Watershed development sub- national level capacity for watershed projects (entry point activities, â¢ A national Centre management DPR preparation, watershed of Excellence â¢ Science-based watershed works, value chain (CoE) on development sub-projects interventions, livelihood watershed (+LRI and hydrology-based activities for asset-less management DPR preparation, saturation persons) mode of watershed works, â¢ Technology inputs (use of value chain interventions, Geographic Information livelihood support for COVID- Systems and remote sensing) 19 recovery) â¢ Capacity building â¢ Agro-advisories for farmers â¢ Monitoring, evaluation and â¢ Development of supportive learning policy at state level on O&M â¢ Strengthening M&E Results Area 1: Strengthened institutions and supportive policy for watershed development 30.",0.5318533290516246
It is envisioned to potentially expand the CoE in the longer term into a broader coalition of national and international partners with GoIâs strategic support and emphasis on a self-sustaining model.,0.03847875378348611
"Empowering farmers with science-based and just-in-time agro-advisories, through information and communication technologies channels in partnership with agriculture extension systems, tailored to meet the requirements of small, marginal and women farmers.",0.7565195777199485
"Enhancing livelihood and COVID-19 recovery by the poorest households and women, by: (i) establishing or strengthening FPOs in select watershed clusters, including FPOs led by women; (ii) providing working capital to FPOs; (iii) establishing partnerships to enhance local and distant market linkages with farmers and FPOs; (iv) developing basic agri-processing infrastructure in the FPOs to reduce losses; and (v) providing inputs to farmers and women agriculture workers linked to FPOs; all with an emphasis on climate mitigation and adaptation opportunities along the value chain.",0.939805724404075
"The Programâs livelihood activities will aid in medium-term COVID-19 recovery and long-term rehabilitation of such vulnerable households by supporting: social mobilization and institution-building of the poor through formation or identification of existing SHGs and Common Interest Groups (CIGs); development and implementation of Livelihood Enhancement Plans (LEPs) of SHGs and CIGs;36 (iii) sustenance support (such as kitchen gardens, multi-layer farming) to improve household food security; livestock and fisheries enhancement interventions; and (v) provision of wage employment for vulnerable households in watershed works.",0.9268992163918235
"The SHGs will utilize this as a revolving fund for supporting individual or small group livelihood activities â that may include income generation activities, food security interventions such as food banks, drinking water supply augmentation, etc.",0.6106898134404962
The CIGs will utilize the grant as per the LEP for undertaking new or for up-scaling existing income generation activities.,0.2540132999420166
"The REWARD Program will also not procure any high value contracts38 valued at or above Operational Procurement Review Committee (OPRC) thresholds (USD 115 million for works, USD 75 million for goods and non-consulting services and USD 30 million for consultant services).",0.4647229801524769
"The total REWARD Program financing will be USD 410.96 million â government (central and state shares) financing of USD 295.96 million39, and IBRD financing of USD 115 million to be allocated to the DoLR (USD 6 million) and to the states of Karnataka (USD 60 million), Odisha (USD 49 million), subject to potential variations in allocated amounts based on performance during implementation.",0.5179505348205566
Strengthen capacities of national and state institutions to adopt improved watershed management for increasing farmersâ resilience and support value chains in selected watersheds of participating states.,0.07296360622752797
"PDO Indicators a) Percentage of Watershed Committees (WC) and Gram Panchayats (GP) which demonstrate satisfactory watershed management as measured through a performance rating system b) Land area treated with science-based watershed management technologies c) Number of farmers who adopt resilient agriculture technologies and practices d) Increase in climate-adjusted soil moisture in targeted watershed areas e) Direct Program beneficiaries (number, disaggregated by gender and social group).",0.8799637881192294
"The sustainable development of watersheds based on better scientific inputs and technical capacities will lead to more effective conservation of soil, improved surface and groundwater availability and efficiency of use, and enhanced agricultural productivity and profitability, thereby generating sustainable improvement in incomes.",0.2163867950439453
PROGRAM IMPLEMENTATION â¢ DLI #4 Number of FPOs with 25 percent increase in business turnover relative to baseline (USD 20.85 million).,0.7468455054543235
Multi-stakeholder platform.,0.4725366072221236
"Similarly, while the private sector can bring in much needed technology advancements and market linkages that benefit target communities, they in turn benefit through enhanced business opportunities.",0.7307452288540927
"The Program will address capacity building through human resources assessment, planning, skills enhancement and trainings; systems development and deployment for improved planning and  The World Bank Rejuvenating Watersheds for Agricultural Resilience through Innovative Development (P172187) monitoring; and performance incentives for WCs/GPs.",0.09548534046519887
"In addition, the Program will design and implement âperformance incentives/rewardsâ to the WCs/GPs to enhance active engagement, local innovations and accountability (see Annex 5).",0.7859397367997603
"The key strategic interventions in the Program are: (i) strengthening institutional capacity from DoLR to community institutions; (ii) adoption of scientific data (such as LRI, hydrology)- driven44 approaches for planning, through partnerships with established scientific and technical organizations; (iii) strengthening community participation and local governance through capacity building, IEC, performance monitoring, social audits and performance incentives; (iv) enabling policies for improved O&M; (v) providing appropriate trainings and advisory services to farmers through ICT platforms and extension activities for climate resiliency45; (vi) linking with value chains46; (vii) piloting behavior change for rationalizing fertilizer use in sync with LRI data; (viii) improving the M&E system for tracking processes, outputs, results and impacts; (ix) establishing a national CoE for watershed management to train participating states and other states in science-based watershed development; and (x) use the lessons to develop national technical standards for adopting science-based approaches and disseminate the same to all states.",0.5155460617759011
"Synergy with agriculture value chains initiatives by the Bank as well as by other development partners will be explored including, for example, the Bank supported Odisha Integrated Irrigation Project for Climate Resilient Agriculture and value chains under the Karnataka Water Multi Stakeholder Platform (MSP), managed by the 2030 Water Resources Group in Karnataka.",0.6544274416836825
"Concrete and measurable benefits to the communities are ensured through: treatment of 200,000 ha benefitting about 72,000 farmers; about 20 percent increase in soil moisture status; promoting adoption of climate resilient technologies by about 43,200 farmers; strengthening/establishing about 30 farmer producer collectives with forward and backward value chain linkages; and reach about 115,200 farmers with LRI and weather based agro-advisory services to help improve productivity.",0.899210583079945
"The incentives for key stakeholders are: (i) communities benefitting from improved productivity and livelihood opportunities; (ii) WCs/GPs having incentives and building capacities to improve their performance, which can also function as a good political incentive; (iii) district and block offices benefitting from improved team capacity and IT enabled tools (which contribute to reduced work load); (iv) SWDs benefitting from technical agency support, improved coordination with other line departments, and lessons from innovative pilots, all leading to more effective program management and enhanced results/impacts; and (v) generation of lessons that would help the DoLR to effectively implement the new national watershed program and achieve targets.",0.9224452105435458
Table 2: REWARD: Program Budget (USD million) A B C D E F Projected Additional Total IBRD Total IBRD percent government government government share program contribution to share (under share (DEA share (A+B) budget (C+D) total program WDC-PMKSY) requirement) budget DoLR 5.41 6.00 11.41 6 17.41 34% Karnataka 148.65 25.71 174.36 60 234.36 26% Odisha 89.19 21.00 110.19 49 159.19 31% 49 TOTAL 243.25 52.71 295.96 115 410.96 28% Monitoring and Evaluation 76.,0.26046423478560016
Four different scenarios have been assumed to calculate Economic Internal Rate of Return (EIRR) over a 20-year period.,0.7734155654907227
"â¢ The EIRR of the project over a 20-year period for the base case, excluding benefits from GHG emission reduction, is 35.0 percent with a Net Present Value (NPV) of USD 285.4 million at a discount rate of 12 percent.",0.6157362244345925
"â¢ The EIRR from watershed development and improved agriculture activities is 27.5 percent, which is higher than previous watershed development projects in India, as a result of reduced planning and implementation periods of watersheds as a result of scientific planning.",0.17678330161354758
 The World Bank Rejuvenating Watersheds for Agricultural Resilience through Innovative Development (P172187) â¢ The benefits from the dissemination of agro-advisory services to improve farmers decisions and resilience improves the base case EIRR (excluding benefits from GHG emissions) to 31.8 percent.50 â¢ The benefits of the value chain activities increase the base case EIRR (excluding benefits from GHG emission) to 32.8 percent51 and the benefits from vulnerability reduction activities (excluding benefits from GHG emission) further improve the EIRR to 35.0 percent.52 â¢ The EIRR calculations also assume a five percent operations and maintenance costs and a 15 percent tax rate on project costs (to account for transfer payments) over the 20-year period for which the EIRR has been calculated.,0.8258655721491034
The GHG estimation does not include the effects of value chain activities and promotion of diversified livelihood activities among vulnerable communities.,0.38392262025312945
"As per Integrated Fiduciary Systems Assessment (IFSA), the REWARD Programâs fiduciary systems, subject to implementation of proposed mitigation measures, will provide reasonable assurance that financing proceeds will be used for intended purposes, with due attention to the principles of economy, efficiency, effectiveness, transparency and accountability.",0.7865134152499113
"51 The Value Chain benefit estimates have been estimated using similar World Bank funded projects in India (JOHAR, TNRTP, BTDP, NRETP).",0.8139311183582653
"The benefits have been estimated to be an annum additional income of 13,232 per household engaged in value chain activities or a B/C ratio of 0.95.",0.8179835406216708
"52 The Vulnerability Reduction benefit estimates have been estimated using similar World Bank funded projects in India (BRLP, TNPVP, NRLP) for simple and enhanced credit-based livelihood activities.",0.17337519472295587
"The benefits have been estimated to be an annum additional income of 15,465 per household or a B/C ratio of 0.99.",0.8301879709417169
"Based on the activities identified in the Program scope, the main procurable items are: (i) community procurement of works and supplies towards micro-watershed sub-projects; (ii) consultancy services such as the engagement of technical partners, capacity building, M&E, IVA, communication, knowledge management; and (iii) goods (such as laboratory equipment) and IT systems (such as development of a decision support system).",0.7266281734813343
"Performance is found acceptable, with a scope for 53 Public Financial Management System [PFMS] developed by the Planning Commission and the Office of the Controller of Accounts, Ministry of Finance, GoI the objective of establishing a financial management platform for all plan schemes, a database of all recipient agencies, integration with core banking solution of banks handling plan funds, integration with state treasuries and efficient and effective tracking of fund flow to the lowest level of implementation for plan scheme of the Government.",0.6690046137029474
"The overall E&S impacts of the REWARD Program are likely to be positive, owing to benefits such as increased groundwater level, improved soil condition and increase in crop productivity due to multi-cropping, increased rural incomes and reduced poverty.",0.08646878871050748
The COVID-19 crisis has resulted in a sharp growth slowdown in FY21 and significant fiscal stress at both central and state levels.,0.2931787967681885
"The Program design incorporates lessons learned from PforRs in India and around the world, including the importance of: (i) defining the boundaries of the World Bankâfinanced Program; (ii) understanding and following government systems, including budgeting, expenditure and fund flows from the central to local levels; and (iii) putting in place incentives for line ministries while ensuring that the World Bankâfinanced portion is large enough to have a leveraging effect.",0.6711400205438788
RESULTS FRAMEWORK MATRIX Results Framework COUNTRY: India Rejuvenating Watersheds for Agricultural Resilience through Innovative Development Program Development Objective(s) Strengthen capacities of national and state institutions to adopt improved watershed management for increasing farmersâ resilience and support value chains in selected watersheds of participating states.,0.3421518152410334
"(Hectare(Ha)) Of which, area in Karnataka (Hectare(Ha)) 0.00 100,000.00 Of which, area in Odisha (Hectare(Ha)) 0.00 100,000.00 Number of farmers who adopt resilient agriculture technologies 0.00 43,200.00 and practices.",0.6528678807345304
"(Number) 0.00 12,960.00  The World Bank Rejuvenating Watersheds for Agricultural Resilience through Innovative Development (P172187) RESULT_FRAME_TBL_ PD O Indicator Name DLI Baseline End Target Of which, SC and ST farmers.",0.7783509167757902
"(Number) 0.00 27,000.00 Of which, farmers in Odisha.",0.17987249114296652
"(Number) 0.00 16,200.00 Increase in climate-adjusted soil moisture in targeted watershed 0.00 20.00 areas.",0.033926660364324394
(Percentage) Number of Farmer Producer Organizations (FPOs) with 25% increase in annual business turnover relative to baseline.,0.8621670983054421
"(Number) 0.00 72,000.00 Of which, farmers in Odisha.",0.124349290674383
"(Number) 0.00 43,200.00  The World Bank Rejuvenating Watersheds for Agricultural Resilience through Innovative Development (P172187) RESULT_FRAME_TBL_ IO Indicator Name DLI Baseline End Target Increase in farmers adopting value chain services of targeted 0.00 25.00 Farmer Producer Organizations.",0.8784638318148527
"MIS, Process Review of MIS data, SWDs and Process Of which, area in Karnataka Annual Monitoring Sample survey of micro- Monitoring Agency Agency watersheds  The World Bank Rejuvenating Watersheds for Agricultural Resilience through Innovative Development (P172187) MIS, Process Review of MIS data, SWDs, Process Of which, area in Odisha Annual Monitoring Sample survey of micro- Monitoring Agency Agency watersheds This indicator measures the number of farmers who adopt at least one technology/practice from a core set of resilient agriculture technologies and practices recommended through agro-advisory.",0.8179474743929777
"This indicator measures the number of Farmer Producer Organizations (FPOs) supported under the REWARD Program, that achieve an annual sales turnover that is at least MIS, FPOs' Number of Farmer Producer 25% higher than their annual Review of MIS data; Organizations (FPOs) with 25% increase in baseline levels.",0.7199460376392711
"Annual Monitoring Field survey of sample Monitoring Agency Study farmers This indicator measures the increase in percentage of Increase in farmers adopting value chain Review of MIS farmers (over baseline) MIS, FPO services of targeted Farmer Producer Annual data, Review of FPO SWDs, FPOs using value chain services records Organizations.",0.9407098076560281
"Watersheds covering an area upto 100,000 ha in Karnataka, and 100,000 ha in Odisha  The World Bank Rejuvenating Watersheds for Agricultural Resilience through Innovative Development (P172187) 2024 0.00 0.00 None 2025 Project Completion Reports prepared for Micro 7,100,000.00 USD 71 per hectare.",0.11095604029568759
"Watersheds covering an additional area of 50,000 ha in Karnataka and 50,000 ha in Odisha DLI_TBL_MATRI X DLI 3 Number of farmers who adopt resilient agriculture technologies and practices Type of DLI Scalability Unit of Measure Total Allocated Amount (USD) As % of Total Financing Amount Intermediate Outcome Yes Text 16,156,800.00 14.00 Period Value Allocated Amount (USD) Formula Baseline 0.00 Prior Results 0.00 2022 0.00 0.00 none 2023 0.00 0.00 none 2024 10,800 farmers (Karnataka 8100 farmers, and 4,039,200.00 USD 374 per farmer Odisha 2700 farmers. )",0.8340065696022727
"2025 16,200 additional farmers (in addition to 6,058,800.00 USD 374 per farmer preceding years) (Karnataka 9450 farmers, and Odisha 6750 farmers. )",0.8690188147804954
"2026 16,200 additional farmers (compared to 6,058,800.00 USD 374 per farmer  The World Bank Rejuvenating Watersheds for Agricultural Resilience through Innovative Development (P172187) preceding years) (Karnataka 9450 farmers, and Odisha 6750 farmers. )",0.7997766841541637
DLI_TBL_MATRI X DLI 4 Number of Farmer Producer Organizations (FPOs) with 25% increase in annual business turnover relative to baseline.,0.8683164769952948
"Type of DLI Scalability Unit of Measure Total Allocated Amount (USD) As % of Total Financing Amount Outcome Yes Text 10,000,000.00 9.00 Period Value Allocated Amount (USD) Formula  The World Bank Rejuvenating Watersheds for Agricultural Resilience through Innovative Development (P172187) Baseline 0.00 Prior Results 0.00 2022 0.00 0.00 none 2023 150 trainees complete certified training on 2,500,000.00 $16,666.667 per trained person improved watershed management 2024 325 additional trainees (compared to preceding 2,500,000.00 $7692.308 per trained person years) complete certified training on improved watershed management 2025 325 additional trainees (compared to preceding 2,500,000.00 $7692.308 per trained person years) complete certified training on improved watershed management 2026 325 additional trainees (compared to preceding 2,500,000.00 $7692.308 per trained person years) complete certified training on improved watershed management DLI_TBL_MATRI X DLI 6 National technical standards for improved watershed management updated by DoLR and directive issued to states.",0.23415086486122824
â¢ Productivity improvement plans for major agriculture and horticulture crops with supporting GIS maps.,0.8524901650168679
"DLI_TBL_VERIFICATI ON DLI 3 Number of farmers who adopt resilient agriculture technologies and practices This DLI is defined as the number of farmers who adopt at least one technology/practice from a core set of resilient agriculture technologies and practices recommended through agro-advisory (delivered through LRI cards, weather based agro-advisories over mobile, bulletins, communication from extension workers, farmer training programs, etc.).",0.2696442820809104
 The World Bank Rejuvenating Watersheds for Agricultural Resilience through Innovative Development (P172187) DLI_TBL_VERIFICATI ON DLI 4 Number of Farmer Producer Organizations (FPOs) with 25% increase in annual business turnover relative to baseline.,0.8476977781815962
"This DLI is defined as the number of Farmer Producer Organizations (FPOs) supported under the REWARD Program, that achieve an average annual sales turnover that is at least 25% higher than their baseline levels.",0.7248009334911
The Program Development Objective (PDO) is âto strengthen capacities of national and state institutions to adopt improved watershed management for increasing farmersâ resilience and support value chains in selected watersheds of participating statesâ.,0.6095110719854181
"This includes USD 115 million from IBRD and national and state program financing estimated at USD 295.96 million.59 The financing will support: (i) USD 6 million for DoLR expenditures on consultancies and/or goods for activities including capacity building, knowledge exchange, development of national standards around integrated watershed management; and (ii) USD 109 million for the entire WDC-PMKSY operation in all two participating states based on USD 60 million for Karnataka, USD 49 million for Odisha.",0.8542457927357067
"Karnataka acquired capacities for improved science-based planning through the Bank-supported KWDP-II, which closed on .",0.9153094725175337
The Program seeks to multiply the economic benefits from watershed development sub-projects by overlaying a value chain approach to link âfarms to forksâ.,0.8914771513505415
"The Program will also support several state-specific innovative pilots on weather-based agro-advisories, soil fertility management based on site-specific data, carbon sequestration and prioritization of investments and valuation of eco- system benefits.",0.33376435800032184
"The Program will also promote appropriate performance incentives to the community institutions, such as GPs and WCs, to strengthen active community participation and ownership of assets that will lead to improved sustainability.",0.6097805283286355
" The World Bank Rejuvenating Watersheds for Agricultural Resilience through Innovative Development (P172187) 3.1 Political Economy of the Watershed Sector With the paradigm for supporting the poor shifting to wage employment generation programs (for example through MNREGA) or direct benefit transfers (subsides, entitlements, etc.",0.8745728406039152
"Besides systematic procurement and vendor management guidelines that can reduce political patronage to some extent, the Program will further improve the situation through science-based watershed planning, better Standard Operating Procedures (SOPs), strengthened community engagement, performance monitoring, social audits, and performance incentives.",0.6826589757745917
"3 Borrower Capacity Based on discussions with the clients and sector experts, the Technical Assessment identified institutional weaknesses in the following thematic areas; improved science-based planning, human resource management, program management, community engagement, coordination between sector related line departments, private sector participation, M&E, O&M and knowledge sharing.",0.9290218353271484
â¢ Private sector participation â¢ Strengthen MIS systems â¢ M&E â¢ Converge with MSP for active private sector participation in key areas.,0.883723952553489
"Third, the private sector can also benefit through enhanced business opportunities by bringing in much needed technology and market linkages that ultimately benefit the target communities.",0.7696554877541282
"While science-based planning will contribute to minimizing risks related to selecting sites for infrastructure, the performance monitoring and rewards will encourage GPs to maximize community participation.",0.5373366962779652
"2 Projected Expenditure and Share of Government and World Bank under REWARD The projected expenditure plan under WDC-PMKSY for DoLR and the two states has been assessed conservatively based on recent expenditure patterns (2016â17 to 2019â20), the budget approved by the Ministry of Finance, GoI and financing constraints imposed by the prevailing COVID-19 pandemic.",0.08167677034031261
"Table 5: REWARD â Financing and World Bank share WDC- REWARD Total PMKSY Program Budget USD Percentage of Total Major Budget Heads million/a Budget INR million DoLR 400 888 1,288 17.4 100% REWARD Program 888 888 12.0 69% IBRD share @50% 0 444 444 6.0 34% Government of Karnataka 11,000 6,343 17,343 234.4 100% REWARD Program 0 6,343 6,343 85.7 37% IBRD share @70% 0 4,440 4,440 60.0 26% Government of Odisha 6,600 5,180 11,780 159.2 100% 73 This matching proportion of 60:40 applies to the REWARD participating states (Karnataka and Odisha) and maybe different for other states.",0.1506159088828347
"A 20-year cash flow model is used to assess the ex-ante productivity, effectiveness, and efficiency of the Programâs investments.",0.36098105257207697
"The main economic benefits are expected from: (i) increased efficiencies in watershed planning and implementation leading to shorter planning and implementation time; (ii) increases in the area under production and crop productivity through improved soil and water conservation practices and adoption of recommended agricultural practices; (iii) diversification from food grains into climate-adaptive, pulses and oilseeds based on improved advisory; (iv) improved post-harvest management, value addition and marketing; and (v) vulnerability reduction initiatives for the landless and marginalized communities within the watershed development areas.",0.8692334781993519
"It is expected that facilitating value chain links will lead to increased incomes of beneficiaries due to: (i) higher prices for the agricultural produce through better aggregation, better market information, and new market channels; (ii) potentially reduced input costs such as fertilizers resulting from more detailed soil nutrient information; and (iii) increased employment and value addition from post-harvest activities, including aggregation, cleaning, grading, sorting and processing.",0.9075078964233398
"The EIRR of the project over a 20-year period for the base case, excluding benefits from GHG emission reduction, is 35.0 percent with a Net Present Value (NPV) of USD 285.4 million at a discount rate of 12 percent.",0.553575949235396
"The EIRR from watershed development and improved agriculture activities is 27.5 percent, which is higher than previous watershed  The World Bank Rejuvenating Watersheds for Agricultural Resilience through Innovative Development (P172187) development projects in India, as a result of reduced planning and implementation periods of watersheds as a result of scientific planning.",0.14235927841880106
The benefits from the dissemination of agro-advisory services to improve farmers decisions and resilience improves the base case EIRR (excluding benefits from GHG emissions) to 31.8 percent.75 The benefits of the value chain activities increase the base case EIRR (excluding benefits from GHG emission) to 32.8 percent76 and the benefits from vulnerability reduction activities (excluding benefits from GHG emission) further improve the EIRR to 35.0 percent.77 The EIRR calculations also assume a five percent operations and maintenance costs and a 15 percent tax rate on project costs (to account for transfer payments) over the 20-year period for which the EIRR has been calculated.,0.8589591113003817
The GHG estimation does not include the effects of value chain activities and promotion of diversified livelihood activities among vulnerable communities.,0.38392262025312945
Effective value chains will be critical to improve the incomes of farmers in the Program.,0.41236261887983844
"In addition, in Karnataka, the Program will leverage the experience of the MSP Forum, being facilitated by 2030 WRG, in enabling private sector participation.",0.7535793131048029
"76 The Value Chain benefit estimates have been estimated using similar World Bank funded projects in India (JOHAR, TNRTP, BTDP, NRETP).",0.7708113410256126
"The benefits have been estimated to be an annum additional income of 13,232 per household engaged in value chain activities or a B/C ratio of 0.95.",0.8179835406216708
"77 The Vulnerability Reduction benefit estimates have been estimated using similar World Bank funded projects in India (BRLP, TNPVP, NRLP) for simple and enhanced credit-based livelihood activities.",0.2375997630032626
"The benefits have been estimated to be an annum additional income of 15,465 per household or a B/C ratio of 0.99.",0.8301879709417169
"The Program is not expected to procure any high value contracts80 valued at or above Operational Procurement Review Committee (OPRC) thresholds (USD 115 million for works, USD 75 million for goods and non-consulting services, and USD 30 million for consultant services), which are based on a âmoderateâ risk rating.",0.3467250303788619
"It is observed that open tendering method was used for for these cases with adequate procurement cycle time; and while no cases for cost over-run and no complaints were received, there is room for improving bidder participation and avoid time extensions.",0.1768702593716708
"Establishing high-level coordinating bodies in the state government on the lines of Multi Stakeholder Platforms, supported by the 2030 Water Resources Group, for convergence of watershed issues will benefit the environment with convergence of state specific goals on forest cover, agriculture and horticulture development for developing rainfed districts.",0.1347038529135964
"In addition, the program will also enhance local employment and livelihood opportunities for watershed populations including for marginal and small farmers, landless and wage laborers and lead to improvements in household incomes and general economic development in the program areas.",0.765332742170854
"(with provisions for Date of the annual social audit IBRD Loan & provision for Agreement application of Bankâs Anti- Corruption Guidelines), which ensures economy and efficiency; and its distribution to WCs.",0.8511802499944513
"While watershed development programs have treated significant land areas with basic soil and water conservation, there have been gaps in terms of: incorporating hydrology, water management, 84 The climate co-benefit estimation in WB-financed projects is based on the Joint MDB methodology that has been developed by a group of multilateral development banks (MDBs), composed of the African Development Bank (AfDB), the Asian Development Bank (ADB), the Asian Infrastructure Investment Bank (AIIB), the European Bank for Reconstruction and Development (EBRD), the European Investment Bank (EIB), the Inter-American Development Bank Group (IDBG), the Islamic Development Bank (IsDB), the New Development Bank (NDB) and the World Bank Group (WBG).",0.4057876847007058
 The World Bank Rejuvenating Watersheds for Agricultural Resilience through Innovative Development (P172187) and climate resiliency into plans and investments; supporting farmers to transition to climate resilient farming practices; value addition and market access for increased productivity and incomes; and strengthening rural livelihood development to improve equity and opportunities for women.,0.9093955646861683
Pilot on science-based fertilizer demand and supply that involves aligning demand and supply of fertilizers through interventions such as building farmer awareness on soil nutrient status to improve productivity by addressing climate impact on soil quality.,0.5516954335299405
"These interventions are expected to improve climate resilience, provide water security especially in terms of âgreen waterâ, and restore ecosystem services through improved soil moisture, enhanced water storage based on hydrological conditions, more efficient  The World Bank Rejuvenating Watersheds for Agricultural Resilience through Innovative Development (P172187) irrigation, more appropriate crop selection and management, increased tree cover, etc.",0.0009875830093568022
"Value chain interventions focusing on production enhancement, post harvest management, infrastructure development, and forward and backward linkages of producers to markets.",0.8329522392966531
The GHG estimation does not include the effects of value chain activities and promotion of diversified livelihood activities among vulnerable communities.,0.38392262025312945
"Value chain investments that integrate climate mitigation and adaptation opportunities (such as use of renewable energy in agri-processing, energy efficient agriculture infrastructure, climate risk resilient infrastructure development).",0.8258319334550337
â¢ Farmer Producer Organizations with 25% increase in business turnover relative to baseline.,0.7151440273631703
"The team recognizes that the Program introduces a series of novel elements into the watershed development program (science-based planning, resultsâbased financing, integrated approach and convergence, livelihoods enhancement) and so could present significant operational challenges.",0.6075977412137118
Indiaâs Gross Domestic Product (GDP) growth was already slowing when the COVID-19 outbreak unfolded.,0.34518196366050025
Real GDP growth moderated from an average of 7.4 percent during FY15/16-FY18/19 to an estimated 4.0 percent in FY19/201.,0.6908457929437811
"The growth deceleration was mostly due to (i) shocks to the financial sector, and (ii) decline in private consumption growth2.",0.8988022370771929
"Against this backdrop of pre-existing weaknesses, the outbreak of COVID-19 had a significant impact, with real GDP contracting by 7.3 percent in FY20/213.",0.7384945262562145
"On the fiscal side, the general government deficit widened significantly in FY20/21, owing to higher spending and low revenues4.",0.24696233055808328
"Given the significant uncertainty pertaining to epidemiological developments, real GDP growth for FY21/22 is likely to be in the range of 7.5 to 12.5 percent5.",0.5635155764493075
The expected recovery will put India among the worldâs fastest-growing economies.,0.6611709161238237
"However, recent projections of GDP per capita growth, taking into account the impact of the pandemic, suggest that poverty rates in 2020 have likely reverted to estimated levels in 20169.",0.5089454650878906
"In the State of Himachal Pradesh, which the proposed project would support, economic growth has slowed in line with national trends.",0.6172955686395819
"The slowdown was most evident in the stateâs industrial sector which grew by only 3.9 percent in FY19/20, compared with an average of 9 percent in the previous five years.",0.6300933144309304
"Tourism is a major growth engine in Himachal Pradesh with an estimated 20 million visitors in 2018-19, supporting 15 percent of the stateâs GDP and significant formal and informal employment.",0.7029059150002219
Policy and institutional reforms as well as infrastructure capacity in the water sector have not kept pace with Indiaâs rapid development.,0.05779049613259055
"Safeguarding existing water and sanitation services, and rebuilding better to improve their quality, reliability and coverage, is critical to contain the pandemic and to recover from it.",0.49052962389859284
"In line with national trends, the state of Himachal Pradesh has experienced rapid economic growth, a decline in poverty and fast urbanization.",0.5660893266851251
"The WSS sector challenges continue to be severe, including weak institutions; a focus on infrastructure creation rather than service delivery; intermittent supply against rapidly increasing demand in the tourist towns; flat tariffs and gaps in metering; inadequate monitoring of water quality and systems for grievance redressal; growing stress on dependable, perennial and sustainable water supply sources; inadequate upgrading and augmentation of existing WSS schemes; and low cost recovery and heavy reliance on subsidies from GoHP, including high energy costs.",0.8640604886141691
"Responding to the jaundice epidemic of 2016, the declining capacity of traditional water sources, a fragmented institutional structure, limited existing infrastructure, and lack of financial sustainability, the GoHP launched its MTP in 2018, supported by the World Bank- financed Shimla Water Supply and Sewerage Service Delivery Reform Programmatic Development Policy Loan 1 (DPL- 1).",0.8671310598200018
"10The reforms under Shimla DPL-1 have focused on institutional structure and autonomy; human resources; corporate governance and performance; cost recovery, tariff and subsidy policy; performance-based service delivery orientation; energy efficiency improvements; and customer orientation and accountability.",0.7161633751609109
"Prior to the onset of COVID-19, the company had completed three cycles of metered volumetric billing, nearly tripling its revenues.",0.05082016641443426
"GoHP has put in place the key pillars of WSS utility reforms including integration of WSS functions under a single company governed by a Board of Directors (BoD) with full autonomy and enabling policies for performance orientation, professional organisation structure, engaging with private sector, and funding commitment for a medium term investment plan.",0.8835535049438477
"Although confidence of citizens and elected representatives has improved, there is need for improving services beyond what was achieved in managing the 2018 water crisis.",0.01510434394532984
"SJPNL is now focusing on citywide improvement in WSS services, including 24/7 supply, increased coverage in sewerage facilities from 60% to 100%, and treatment of 100% of wastewater, reducing GHGs, including methane capture and sludge management.",0.6873395659706809
"Given the high bulk water costs in Shimla, the SJPNL needs to reduce water loss and energy consumption to control costs, improve revenue and maintain subsidies within the levels committed by GoHP.",0.7969327406449751
"It needs to build on these initiatives for improving WSS services and strengthening efficiency, sustainability and customer accountability.",0.7842460112138228
"These are: a) developing SJPNL as a well governed professional WSS utility with systematic business planning, corporate governance and performance focus, b) increasing operational efficiency, including energy efficiency, NRW reduction with associated GHG emissions reductions, smart metering, collection efficiency, tariff revision, and customer accountability, and c) improving services to deliver citywide 24/7 water supply and 100% sewerage coverage and treatment.",0.8321518464521929
"It is supporting the transformation ofâ¯an initial group of 15â¯WSS Utilities.â¯â¯ 12 Theâ¯Policy,â¯Institutions, andâ¯Regulationsâ¯Assessment of the World Bank isâ¯identifying governance bottlenecks to delivering sustainable WSS services.",0.7807083129882812
"It is supporting an initial groupâ¯ofâ¯10 countries.â¯  The World Bank Shimla-Himachal Pradesh Water Supply and Sewerage Services Improvement Program (PforR) (P174732) Plan for each of these key areas, including building resilience to address the post-COVID-19 building-back-better for universal coverage.",0.8631946390325372
"The reform program is consistent with the CPF focus on resource efficient growth that aims to âimprove living conditions and sustainability of citiesâ as well as the CPFâs aim to âtarget catalytic contributions, including 13 Water scarcity, extreme heat, and urban flood hazards are classified as high based on modeled flood information currently available, ",0.6462030844254927
 The World Bank Shimla-Himachal Pradesh Water Supply and Sewerage Services Improvement Program (PforR) (P174732) strategic partnerships with select statesâ and âimproving institutions [â¦] through increasing capability and better aligning incentives as well as strengthening core government systemsâ.,0.8750229748812589
The proposed project will provide âReliefâ by enabling the GoHP to safeguard existing services in the face of pandemic-related fiscal pressures; it will enable the âRestructuringâ of water services by supporting the fundamental institutional reforms under the GoHPâs MTP; it will also support a more âResilientâ recovery and âRebuilding betterâ by facilitating major capital investments to improve access and water service quality.,0.8489502126520331
"Mobilizing Finance for Development: The proposed operation will support public sector reforms, including improving operational and financial sustainability of services through an autonomous and accountable WSS Company and thus strengthening its capacity to improve services.",0.636572230945934
This will gradually improve the creditworthiness of the WSS Utility and enhance the chances of mobilizing market funds and future private financing.,0.8935131593184038
"Objectives of the WSS MTP: The MTP aims to improve WSS services with the goals of universal coverage of safe water supply and sanitation services, continuous pressurized water supply, accountability and responsiveness to citizens, and decentralized service delivery through autonomous and professional institutions.",0.631276174025102
"The GoHP will provide grants to meet the capital expenditure required to achieve the service standards, focusing on policy and institutional reforms for improving governance, increasing efficiency of WSS operations, and increasing customer orientation and accountability.",0.6755554025823419
"The planned subsequent phases of the GoHPâs MTP will expand reforms and service improvements beyond the state capital, in particular to priority tourist towns and their peri-urban areas.",0.9429374174638228
Funding from national missions has also supported the infrastructure investments that have complemented the MTPâs institutional reforms.,0.8852343125776811
"It has supported the improvement and augmentation of existing water supply schemes from catchments areas, adding capacity to the water treatment plants, renovating the water supply network and increasing sewerage network connectivity in the city.",0.8699414513327859
"With support from the proposed PforR, the first phase of the MTP in Shimla will continue until 2026, assisting SJPNL during the COVID-19 pandemic and deepening the reforms and service improvements already introduced.",0.690329291603782
In the future phases of the MTP the GoHP will extend the MTP to economically important urban clusters in the rest of Himachal Pradesh.,0.6174621148542925
"The Theory of Change posits that effective, autonomous WSS institutions, embedded in a policy framework that incentivizes efficiency, accountability and performance, are critical to improve WSS services.",0.30120091004805133
"While adequate WSS infrastructure is important, traditional approaches that have focused solely on capital investments have often failed to achieve lasting service improvements as operators struggled to maintain their assets, leading to a âbuild-neglect- rebuildâ cycle.",0.8286052183671431
"As reflected in the theory of change (Figure 1 below), the proposed PfoR seeks to improve on this by complementing infrastructure inputs with appropriate policies, institution building, regulation, and accountability measures.",0.8368086381392046
"Informed by the successful initial reform steps under the Shimla DPL-1, the results areas outline clear activities and outputs marking policy, institutional and accountability milestones that are expected to achieve the desired objective â improved services in Shimla through the WSS Company with greater operational efficiency, customer  The World Bank Shimla-Himachal Pradesh Water Supply and Sewerage Services Improvement Program (PforR) (P174732) accountability and financial sustainability â and thus improved living conditions, improved climate resilience coupled with reduced GHG emissions, and more accountable governance.",0.7656262137673118
Figure 1: Theory of Change Development Objective: To strengthen the operational and financial performance of the SJPNL Utility and improve access to water supply and sewerage services in Shimla City.,0.2767910090359775
"Result Areas Activities Outputs Outcomes Shimla WSS Services Improvement Program (PforR) Theory of Change â¢ Prepare a comprehensive business plan for â¢ Five-year business plan approved and adopted Result area 1: meeting operational, commercial and financial â¢ Annual report of the company published and Strengthened corporate Improved performance targets governance practices disclosed governance, â¢ Prepare incentive frameworks and embed in HR â¢ Performance-based incentives included in managerial and policies â¢ Engage private sector for improving WSS service compensation of SJPNL staff financial autonomy â¢ Performance based contracts awarded Strengthened autonomous delivery based on principles of performance of SJPNL â¢ Increased resilience to climate change impacts WSS Company incentives â¢ Carry out energy efficiency, NRW reduction and â¢ Improvement in energy efficiency, NRW reduction, cost-recovery improvement and O&M cost recovery Result area 2: â¢ Implement commercial principles for revenue â¢ Tariff indexed annually Improved efficiency, management and cost recovery â¢ Volumetric billing of all customers â¢ Implement metering of connections and Improved operational and financial â¢ M&E Systems and GRM strengthened improved billing and collection systems financial efficiency and sustainability and â¢ Implement improved M&E System and GRM â¢ WSS grievances redressed within the specified period increased customer customer â¢ Capture feedback through annual customer â¢ Reduced GHG emissions accountability accountability satisfaction surveys â¢ Performance report, scorecard, audited financial â¢ Prepare operational, financial performance and statements, citizen report card published annually corporate compliance reporting mechanisms â¢ Customer satisfaction score Result area 3: â¢ Implement works related to improving â¢ City wide continuous supply and wastewater transmission and distribution network management Improved water supply and Improved water â¢ Implement automation and digitization â¢ Improved water quality supplied to customers and sewage services supply and sewage â¢ Implement works related to sewerage wastewater treatment quality services transmission pipes and network â¢ Reduced vulnerability to climate change impacts (i) SJPNL is a nascent utility with governance processes and practices yet to be fully stabilized Key Constraints (ii) Intermittent water supply and inadequate wastewater services against rapidly increasing demand for improved WSS services (iii) Potential for improving operational efficiencies and cost recovery C. PforR Program Scope 26.",0.8726651451804421
"Moreover, the PforR support will focus on Shimla city, whereas the ultimate ambition of the WSS MTP is to introduce reforms and improved services across the state (Table 1).",0.7797155380249023
 The World Bank Shimla-Himachal Pradesh Water Supply and Sewerage Services Improvement Program (PforR) (P174732) Table 1: Program Boundaries GoHPâs WSS MTP for the State Program supported by the Specific features aligning with the PforR MTP Objective Policy and institutional development The Program supports the The SJPNL corporate entity has already program for promoting a professional GoHP in strengthening the been established.,0.7428628748113458
"The PforR corporate culture, improving water supply operational and financial specifically focuses on improving the and sanitation services, and enhancing performance of SJPNL Utility operational and financial performance efficiency, financial sustainability and and improving access to of SJPNL and WSS services in Shimla accountability of services.",0.834638162092729
"First PfoR operation targets the Shimla city is the capital, a major coverage phase initiated in establishing SJPNL for strengthening of the tourist center and an economic growth Shimla.",0.9358445080843839
"managerial and financial development program for improving (b) Improved efficiency, financial autonomy of SJPNL.",0.796344670382413
"(b) Improved efficiency, (c) State-wide universal coverage of water financial sustainability and supply and sanitation services.",0.6914123621853915
Overall MTP: US$750 million (2018-2030) for PforR: US$250 million (2021- Financing14 entire State; US$310 million (2021-2026) 2026).,0.6145748225125399
"The three results areas are: a) Improved governance, managerial and financial autonomy; b) Improved efficiency, financial sustainability, and customer accountability; and c) Improved water supply and sewerage services.",0.7302006808194247
"Results Area 1: Improved governance, managerial and financial autonomy of SJPNL: The SJPNL will solidify best practice business planning and corporate governance, introduce performance incentives for staff and contractors, and further improve its organizational structure, inclusiveness, managerial and financial autonomy.",0.8281158967451616
"Specifically: (a) Strategic Business Planning and Corporate Governance Practices (i) Under the PforR, the SJPNL will develop a Strategic Business Plan, including a Performance Improvement Plan, to help meet operational, commercial, and financial WSS performance targets.",0.1436279687014493
(b) Introducing Performance Incentives: SJPNL will introduce performance incentives for both staff and contractors: (i) GoHP and SMC has authorised SJPNL to develop a performance incentive policy for its employees.,0.2946579239585183
SJPNL will enter into performance-based contracts with private operators which will include targets for service delivery and operational efficiency (e.g.,0.41429896788163617
" The World Bank Shimla-Himachal Pradesh Water Supply and Sewerage Services Improvement Program (PforR) (P174732) efficiency measures, NRW reduction, and tariff reform will reduce inefficiencies in water supply.",0.3109548091888428
"Results Area 2: Improved efficiency, financial sustainability, and customer accountability: WSS services in Shimla are one of the most expensive in India, since bulk water is pumped up over 1400- 2000 meters elevation.",0.8188615278764204
"The consumerâs willingness to pay for WSS services will help make operations economically sustainable and make it easier to invest in O&M, thereby raising the reliability of services and the beneficiariesâ/WSS sectorâs resilience to climate-related shocks.",0.8156494660810991
"Under the PforR, the SJPNL will build on these initiatives to achieve the agreed results: (a) Energy efficiency improvement and NRW reduction: The energy consumption per unit of water distributed will improve by 20 percent, that is, from 13 KWH of energy consumption per kiloliter (KL) of water delivered at the balancing reservoir to 10.4 KWH per KL, through a package of electrical and hydraulic measures in bulk water pumping and transmission under the Government program.",0.22981782393022018
(b) Commercial and financial improvements: The GoHP subsidizes WSS services at present and has committed to continue the subsidies since bulk water is expensive in Shimla and full O&M cost recovery is not considered possible.,0.3052150769667192
Automatic annual indexation of tariff along with incentives for improving operational efficiency will increase O&M cost recovery to above 50% in 2026 as compared to 21% at present and increase intra-city O&M cost recovery from 120% at present to 175% by the end of the Program.,0.5605145367709073
"The GoHP has issued performance standards for WSS, based on which SJPNL has finalised a performance scorecard which will evaluate SJPNL on a) customer service, b) financial performance and efficiency, c) organizational processes and modernization, and d) implementation of the investment plan.",0.8865821144797585
"Under the proposed Program, the SJPNL will provide safely managed and improved WSS services targeting 24/7 supply for all residents and 100% coverage with sewerage network.",0.33189181848005816
SJPNL will also expand the sewerage network.,0.44215072285045276
SJPNLâs proposed partnership  The World Bank Shimla-Himachal Pradesh Water Supply and Sewerage Services Improvement Program (PforR) (P174732) under the Utilities of the Future program of the World Bank will provide support for introducing comprehensive asset management systems.,0.7886551076715643
"Under the PforR Program, SJPNL will organize technical workshops and information dissemination campaigns for women entrepreneurs, women-owned businesses to encourage bids from localized women business owners for the water supply and sewer network to be added in uncovered areas.",0.5024990168484774
"(b) Digitalization of WSS management systems: To improve service quality and asset management, the PforR will support SJPNL to digitize its WSS management systems.",0.42430981722745026
"In addition, SJPNL will build critical digital assets using geospatial data like a Geographic Information System (GIS)-linked customer database, asset database, billing and collection database, IT applications for accounting, costing and budgeting and customer relations.",0.3826809362931685
Table 2: Program Financing Summary Source Amount (USD milion) % of Total International Bank for Reconstruction and Development (IBRD) 160 64 Government of Himachal Pradesh (GoHP) 90 36 Total Program Financing 250 100 D. Program Development Objective(s) (PDO) and PDO Level Results Indicators 33.,0.34922352704134857
The PDO is to strengthen the operational and financial performance of the SJPNL Utility and improve access to water supply and sewerage services in Shimla City.,0.42476255243474786
"The PforR operation will support the GoHPâs MTP for improving WSS services, benefitting at least 3.4 million people in Shimla (residents and annual tourists) by December 2026.",0.8168230923739347
(b) SJPNL achieves operational efficiency and financial sustainability: (i) SJPNL improves energy efficiency by 20%; (ii) SJPNL reduces Non-Revenue-Water by 15%; (iii) O&M Cost Recovery in water distribution is at least 175%; and (c) Number of people benefitting from improved WSS services (i) Number of people having access to continuous water supply; (ii) Number of additional people provided with sewerage services.,0.8945975737138228
"SJPNL improves energy efficiency (v) SJPNL redresses at least 90% efficiency, financial sustainability: (i) SJPNL improves in water supply by 20%.",0.8336260535500266
Number of people benefitting from (ix) Percentage of water quality water supply improved WSS services (i) Number of improved WSS services: (7.1) Number samples meeting standards.,0.5033690279180353
The DLIs reflect the core priorities of the WSS reform program in Himachal Pradesh and provide incentives to deepen the governance and performance improvements achieved by SJPNL over the past two years.,0.8499663092873313
"The DLI#1 supports corporate governance and performance orientation in SJPNL, while DLIs #2 to #6 incentivize crucial aspects of utility performance, notably operational efficiency and financial sustainability.",0.789491826837713
DLI #1 will strengthen SJPNLâs corporate governance practices in line with Results Area 1. âª DLI #1: SJPNL implements performance-based payments to the private water supply operator: SJPNL will engage the private sector to strengthen its ability to provide high-quality services.,0.8192936290394176
Reduction in NRW will also increase revenue and decrease the requirement for GoHP subsidies.,0.8188717582009055
"In addition to these, efficient billing and collection are also needed to improve revenues.",0.32777896794405853
"Led by the Independent Directors of SJPNLâs BoD, SJPNL will undergo an annual performance scoring exercise following a set methodology that will rate the utilityâs performance based on the following key factors: (a) Customer Service (30%) (b) Efficiency (20%) (c) Organizational Systems (20%) (d) Completion of Capital Investment Plan (30%).",0.8345220739191229
DLI#7 supports expansion of access to continuous water supply and sewerage services in line with Results Area 3. âª DLI#7: SJPNL achieves improved water supply and sewerage services - (a) number of people having access to continuous water supply; and (b) number of additional people having access to sewerage services.,0.4003609310496937
It is planning to strengthen its implementation capacity by entering into performance-based contracts with the private sector for intra-city water supply and sewerage service improvement program.,0.6886631792241876
"Of the total PforR amount of US$ 160 million, 12% is allocated to Result Area 1 (DLI # 1) on improved governance, managerial and financial autonomy of SJPNL, 58% to Result Area 2 (DLIs #2 to #6) on improvements in operational efficiency, financial sustainability, and customer accountability, and 30% to Result Area 3 (DLI#7) on improved water supply and sewerage services.",0.36510519547895953
Table 4: DLI Financing Allocation Disbursement Linked Indicators PforR Financing PforR Allocated to DLIs Financing (%) (US$ million) 1 SJPNL implements performance-based payments to the private water supply 18.8 12% operator 2 SJPNL improves energy efficiency in water supply by 20% 19.2 12% 3 SJPNL reduces Non-Revenue-Water by 15% 19.2 12% 4 SJPNL indexes tariffs annually as per tariff policy 19.2 12% 5 SJPNL achieves at least 175% O&M Cost Recovery in water distribution 19.2 12% 6 SJPNL receives an annual performance score of at least 3 out of 5 16 10% 7 Number of people benefitting from improved WSS services 7.1 Number of people having access to continuous water supply 32 20% 7.2 Number of additional people provided with sewerage services 16 10% Front-end fee (0.25% of IBRD loan amount) 0.4 Total 160 100% Fund Flow and Accounting 48.,0.8228092193603516
"distribution network extensions); (ii) carry out O&M of its systems including professional asset management; (iii) adopt techniques and strategies to reduce non-revenue water; (iv) monitor and manage water and effluent quality; (v) achieve Operational and Energy Efficiency; (vi) manage Digital Tools to improve utility management (GIS, SCADA etc.",0.2533285834572532
"This institutional study outlined a pathway to reform including corporatization, ownership and management options, clustered development, a cost recovery roadmap and regulatory mechanism.",0.5503321994434703
The PforR is embedded in the overall GoHPâs WSS MTP and constitutes a logical next step to entrench and deepen reforms in Shimla prior to a possible expansion of SJPNLâs services to additional towns.,0.9218809821388938
Financial Analysis: The Program supports SJPNL in strengthening its financial autonomy with a roadmap for improving O&M cost recovery through tariffs and committed subsidies for bulk water.,0.7942047986117277
"The financial analysis shows that while the WSS O&M costs projected in FY 26 in the absence of efficiency measures are double the costs in FY 20, the Program incentivizes several operational efficiency improvements, including reduction of NRW by 15% and energy efficiency improvements by 20%, thus moderating the water production requirements and the cost of production.",0.04899570074948398
Economic Analysis: The Program is expected to provide significant economic benefits through policy and institutional development reforms and WSS service delivery improvements.,0.6760315028103915
"Based on a detailed benefit-cost analysis, the Economic Rate of Return (ERR) for the Program is estimated at 25.3%.",0.9285972768610175
"(ii) Benefits due to incremental water supply: With the Program interventions, the availability of treated and potable water in Shimla is expected to increase from 40 MLD currently to 60 MLD by 2030 and 107 MLD by 2050.",0.14471928639845413
"The hotels and commercial connections serve the annual tourist population of 3.2 million in FY20, which is estimated to increase to 5 million in FY50.",0.6310979669744318
The sensitivity analysis indicates that the Program can absorb 20% increase in total costs (capex + opex) and 20% decrease in overall benefits and yet result in a positive ERR of 13%.,0.7344659458507191
"The ERR is a conservative estimate since benefits that are more difficult to quantify have not been included, such as benefits from strengthening the SJPNL institution, policy and M&E systems, customer accountability and grievance redressal mechanism, etc.",0.2316232594576749
"The FSA is focused on determining whether the government systems provide reasonable assurance that Program funds will used for the intended purpose and that principles of economy, efficiency, effectiveness, transparency, and accountability will be maintained.",0.7028868415138938
"The Program will involve civil works such as laying and repair of water supply distribution, sewage disposal pipeline networks, water quality labs, storage tanks and resource center.",0.3323060382496227
This is particularly the case in view of the ambitious nature of the overall GoHP WSS MTP which aims for the ultimate scale-up of the WSS institutional reforms and SJPNL service delivery to additional towns.,0.654814980246804
This program strengthens SJPNL with the potential of expanding SJPNLâs responsibilities in other areas and hence a threat to institutions currently providing services in other areas outside Shimla city.,0.8994569778442383
" The World Bank Shimla-Himachal Pradesh Water Supply and Sewerage Services Improvement Program (PforR) (P174732) is substantially mitigated by the fact that (i) Himachal Pradesh is a Special Category State that depends relatively more on transfers from the Center and relatively less on own revenues (ii) the supported program is embedded in a long-standing engagement which is a high priority for the stateâs government, and (iii) the overall spending requirement (US$ 250 million over 5 years) amounts to a small share of overall annual state expenditures.",0.16541769287802957
"This is due to the relative shortness of the time since the enactment of the reforms, the areas identified for strengthening, the relatively substantial size of planned investments under the PforR, and the possibility of a future expansion of SJPNLâs service area under the MTP, which would constitute a substantial increase of the scope of work and fiduciary responsibility of SJPNL, and require sustained investment in manpower and systems.",0.9083872708407316
SJPNL is hiring a finance manager and improving financial management systems.,0.3268778324127197
This allowed economic activity to resume from the second quarter (July to September 2020) onwards.,0.5104136033491655
Real GDP growth contracted by 7.3 percent in FY20/21âmainly due to restrictions on economic activity and mobility leading to large contractions in private consumption and investment26.,0.9594359831376509
"Growth is expected to rebound in FY21/22 (within a range of 7.5-12.5 percent), but there is considerable uncertainty around the trajectory of future waves of COVID-19.",0.021652932871471752
The sharp economic slowdown has affected revenues disproportionately with general government revenues declining by over 10 percent in FY20/21.,0.5240746411410245
"â¢ MSME support includes Emergency Credit Line Guarantee Scheme for INR 3 trillion27, INR 200 billion subordinate debt for stressed MSMEs, INR 100 billion to provide equity funding for MSMEs with growth potential and change in the definition of MSMEs, by increasing investment limits and firm turnover, to help incentivize firms to grow.",0.9235969890247692
â¢ Agriculture infrastructure fund proposed financing facility of INR 1 trillion (to be funded by NABARD) to promote post-harvest management infrastructure and Micro-food enterprise of INR 100 billion for technical upgrade and promotion of clusters of local products.,0.9132302024147727
"â¢ Outlay of Mahatma Gandhi National Rural Employment Guarantee Act (MGNREGA), a universal employment guarantee program, is increased by INR 400 billion.",0.7670519568703391
"â¢ Increased state government borrowing limit, from 3 percent to 5 percent of GSDP (additional INR 4.28 trillion).",0.5796890692277388
"In the second phase, GoI invested $23 billion in social protection program to support the poor and vulnerable communities during the lockdown, and the Bank provided financing of $1.15 billion.",0.2673436945134943
"Going forward, the Bank will be supporting the GoI as follows: â¢ Saving lives: Other than the ongoing health programs, the Bank is a potential partner with GoI on its flagship program of Atmanirbhar Swasth Bharat Yojna which aims at strengthening the health sector in the country by strengthening healthcare services, health emergency preparedness and response and strengthen core capacities as per the International Health Regulations.",0.010919448326934467
â¢ Sustainable growth and job creation: The Bank is preparing a project on raising and accelerating MSME productivity which will focus on strengthening institutions and markets.,0.935613978992809
"â¢ Strengthening policies, institutions, and investments for rebuilding better: This is an all-encompassing theme under the India CPF and is integrated in most of the projects.",0.37525415420532227
"The Japanese International Cooperation Agency (JICA), Asian Infrastructure Investment Bank (AIIB), the New Development Bank (NDB) and International Fund for Agriculture (IFAD) are also exploring potential parallel financing in upcoming operations.",0.8846888975663618
"Discussions are ongoing to expand the World Bankâs TA through additional funds from the Bill and Melinda Gates Foundation (BMGF) and the United Kingdomâs Foreign, Commonwealth and Development Office (FCDO).",0.16398655284534802
RESULTS FRAMEWORK MATRIX Results Framework COUNTRY: India Shimla-Himachal Pradesh Water Supply and Sewerage Services Improvement Program (PforR) Program Development Objective(s) The PDO is to strengthen the operational and financial performance of the SJPNL Utility and improve access to water supply and sewerage services in Shimla City.,0.8398493853482333
Program Development Objective Indicators by Objectives/Outcomes RESULT_FRAME_TBL_ PD O Indicator Name DLI Baseline Intermediate Targets End Target 1 2 3 4 Support the GoHP institutional program for improving WSS services that are efficient and accountable SJPNL strengthened as an All financial and All financial and All financial and All financial and All financial and WSS company autonomous WSS Company managerial decisions managerial decisions managerial decisions managerial decisions managerial decisions established (Text) taken by the BoD taken by the BoD taken by the BoD taken by the BoD taken by the BoD SJPNL achieves operational efficiency and financial see sub-indicators see sub-indicators sustainability (Text) SJPNL improves energy Energy consumption per Reduces to 12.5 KWH Reduces to 12.0 KWH Reduces to 11.5 KWH Reduces to 11.0 KWH Reduces to 10.4 KWH efficiency by 20% (Text) KL of water is 13 KWH.,0.8137638785622336
"SJPNL reduces Non- To be determined in first NRW is 3.75% less than NRW is 7.5% less than NRW is 11.25% less than NRW is 15% less than Baseline determined Revenue-Water by 15% year baseline baseline baseline baseline  The World Bank Shimla-Himachal Pradesh Water Supply and Sewerage Services Improvement Program (PforR) (P174732) RESULT_FRAME_TBL_ PD O Indicator Name DLI Baseline Intermediate Targets End Target 1 2 3 4 (Text) O&M Cost Recovery in 120% 131% 142% 153% 164% 175% water distribution (Text) Number of people benefitting from improved WSS services DLI 7 see sub indicators see sub indicators (Text) (i) Number of people having access to continuous water 0.00 0.00 850,000.00 1,700,000.00 2,550,000.00 3,400,000.00 supply (Number) (ii) Number of additional people provided with 0.00 272,000.00 544,000.00 816,000.00 1,088,000.00 1,360,000.00 sewerage services.",0.2452618642286821
"Intermediate Results Indicator by Results Areas RESULT_FRAME_TBL_ IO Indicator Name DLI Baseline Intermediate Targets End Target 1 2 3 4 Improved governance, managerial and financial autonomy of SJPNL At least 80% of SJPNL 20% of SJPNL employees 40% of SJPNL employees 60% of SJPNL employees 80% of SJPNL employees SJPNL prepares and employees receive incentives No incentive policy for receive incentives as per receive incentives as per receive incentives as per receive incentives as per adopts performance as per the performance SJPNL employees the performance the performance the performance the performance incentive policy.",0.9221921400590376
"20% At least 25% At least 30% At least 30% At least 30% At least 30% (Text) SJPNL implements Performance based SJPNL awards Completion of Completion of Completion of Completion of performance-based payments contract for intra city performance-based performance audit of performance audit of performance audit of performance audit of the to the private water supply water distribution under contract for intra city the Operator through an the Operator through an the Operator through an Operator through an operator (Text) preparation water distribution independent agency independent agency independent agency independent agency Five-year business plan SJPNL Business Plan SJPNL Business Plan SJPNL Business Plan SJPNL Business Plan SJPNL Business Plan No Strategic Business Plan approved and adopted (Text) Adopted Adopted Adopted Adopted Adopted HR policies reviewed and revised to promote gender HR Gender Policy in HR Gender Policy in HR Gender Policy in No HR Gender policy No HR Gender policy HR Gender Policy in place equality in the workplace place place place (Text) Improved efficiency, financial sustainability and customer accountability SJPNL redresses at least SJPNL redresses at least SJPNL redresses at least SJPNL redresses at least SJPNL redresses at least SJPNL redresses at least 90% Grievance redressal 90% WSS grievances 90% WSS grievances 90% WSS grievances 90% WSS grievances 90% WSS grievances WSS grievances within the system exists within the specified within the specified within the specified within the specified within the specified specified period (Text) period period period period period Percentage of 24 / 7 customers 0% 10% 30% 40% 80% At least 90% billed on volumetric basis  The World Bank Shimla-Himachal Pradesh Water Supply and Sewerage Services Improvement Program (PforR) (P174732) RESULT_FRAME_TBL_ IO Indicator Name DLI Baseline Intermediate Targets End Target 1 2 3 4 (Text) SJPNL scores at least 70% in Pilot citizen satisfaction SJPNL achieving at least SJPNL achieving at least SJPNL achieving at least SJPNL achieving at least SJPNL achieving at least customer satisfaction survey survey completed in 70% satisfaction score in 70% satisfaction score in 70% satisfaction score in 70% satisfaction score in 70% satisfaction score in (Text) 2019-20. citizen feedback survey citizen feedback survey citizen feedback survey citizen feedback survey citizen feedback survey Improved water supply and sewerage services Percentage of water quality samples meeting standards 98.00 98.00 98.00 98.00 98.00 98.00 (Percentage) (Percentage) Percentage of STP effluent samples meeting standards 98.00 98.00 98.00 98.00 98.00 98.00 (Percentage) (Percentage) .",0.6676165840842507
"water supply include supply, water revenue from water supply distribution and sewage in SMC area and revenue services, in order to from supply of bulk water arrive at the cost of  The World Bank Shimla-Himachal Pradesh Water Supply and Sewerage Services Improvement Program (PforR) (P174732) to Jal Shakti Vibhag, water distribution commercial institutions Revenue for water and other housing societies supply will be obtained in peri urban areas of from M & E system and Shimla.",0.8459340008822355
SJPNLâs cost of will exclude any revenue operating and maintaining for sewage services.,0.08122395927255804
Revenue from sewage services is excluded This refers to the number SJPNL will maintain the of people benefiting from following records as a improved WSS services.,0.8675210259177468
"List of water following categories â (a) supply connections SJPNL to maintain Number of people benefitting from Residential population, and including any new Annual SJPNL records and IVA to improved WSS services (b) Tourist population.",0.8614656274968927
A new sewerage connection would count connections towards achievement if it including any has been provided with new connections sewerage services for at on a monthly least 30 days in the year.,0.21272123943675647
"0 to benefit 98 residents additional people at and tourists baseline rising up to a total IVA will verify the cumulative target of records on the number 1,360,000 additional of people benefitting persons benefitting from from sewerage services sewerage services under as per the M&E the project).",0.47681123560125177
data provided by the HR  The World Bank Shimla-Himachal Pradesh Water Supply and Sewerage Services Improvement Program (PforR) (P174732) Department of SJPNL across all functions of SJPNL SJPNL will enter into a performance-based Performance based contract for water contract is an agreement or supply distribution with contract signed between a private operator.,0.08019250631332397
The 5-year business plan SJPNL will prepare a five comprises of the following: - year Business plan Five-year business plan approved and (a) Service Delivery Annual SJPNL which will be approved SJPNL adopted Improvement targets and adopted by the BoD (b) Operational SJPNL will maintain the  The World Bank Shimla-Himachal Pradesh Water Supply and Sewerage Services Improvement Program (PforR) (P174732) Efficiency (Energy records of the meeting Efficiency & NRW control) of the Board on the targets business plan in form of (c) Capital Investment minutes of the meeting.,0.6989025202664462
"The survey would focus on (a) access to water supply and sewerage services, (b) water quality and quantity, (c) reliability and affordability, (d) customer service related to WSS services, and (e) willingness to use e-services.",0.21598352085460315
Disbursement Linked Indicators Matrix DLI_TBL_MATRI X DLI 1 SJPNL implements performance-based payments to the private water supply operator Type of DLI Scalability Unit of Measure Total Allocated Amount (USD) As % of Total Financing Amount Output No Text 18.80 12.00 Period Value Allocated Amount (USD) Formula Baseline Performance based contract for intra city water distribution under preparation Year 1 Yes 10.60 10.6 Mn USD on signing of the performance based contract Year 2 Yes 4.10 4.1 Mn USD on completion of performance audit of the Operator through an independent agency Year 3 Yes 4.10 4.1 Mn USD on completion of performance audit of the Operator through an independent agency Year 4 No 0.00 0.00 Year 5 No 0.00 0.00  The World Bank Shimla-Himachal Pradesh Water Supply and Sewerage Services Improvement Program (PforR) (P174732) DLI_TBL_MATRI X DLI 2 SJPNL improves energy efficiency in water supply by 20% Type of DLI Scalability Unit of Measure Total Allocated Amount (USD) As % of Total Financing Amount Outcome Yes Text 19.20 12.00 Period Value Allocated Amount (USD) Formula Baseline Energy consumption is 13 KWH per KL of water delivered at the balancing reservoir.,0.7991026965054598
"Type of DLI Scalability Unit of Measure Total Allocated Amount (USD) As % of Total Financing Amount Outcome Yes Text 19.20 12.00 Period Value Allocated Amount (USD) Formula Baseline O&M Cost Recovery for water distribution is 120% Year 1 131% 3.84 US$ 349,091 for each percentage improvement in O & M cost recovery in water distribution Year 2 142% 3.84 US$ 349,091 for each percentage improvement in O & M cost  The World Bank Shimla-Himachal Pradesh Water Supply and Sewerage Services Improvement Program (PforR) (P174732) recovery in water distribution Year 3 153% 3.84 US$ 349,091 for each percentage improvement in O & M cost recovery in water distribution Year 4 164% 3.84 US$ 349,091 for each percentage improvement in O & M cost recovery in water distribution Year 5 175% 3.84 US$ 349,091 for each percentage improvement in O & M cost recovery in water distribution DLI_TBL_MATRI X DLI 6 SJPNL receives an annual performance score of at least 3 out of 5 Type of DLI Scalability Unit of Measure Total Allocated Amount (USD) As % of Total Financing Amount Output No Text 16.00 10.00 Period Value Allocated Amount (USD) Formula Baseline Annual Performance Score of 3 out of 5 Year 1 SJPNL receives an annual performance score of at 3.20 US$ 3.2 mn if SJPNL receives an least 3 out of 5 annual performance score of at least 3 out of 5 Year 2 SJPNL receives an annual performance score of at 3.20 US$ 3.2 mn if SJPNL receives an least 3 out of 5 annual performance score of at least 3 out of 5 Year 3 SJPNL receives an annual performance score of at 3.20 US$ 3.2 mn if SJPNL receives an least 3 out of 5 annual performance score of at  The World Bank Shimla-Himachal Pradesh Water Supply and Sewerage Services Improvement Program (PforR) (P174732) least 3 out of 5 Year 4 SJPNL receives an annual performance score of at 3.20 US$ 3.2 mn if SJPNL receives an least 3 out of 5 annual performance score of at least 3 out of 5 Year 5 SJPNL receives an annual performance score of at 3.20 US$ 3.2 mn if SJPNL receives an least 3 out of 5 annual performance score of at least 3 out of 5 DLI_TBL_MATRI X DLI 7 Number of people benefitting from improved WSS services Type of DLI Scalability Unit of Measure Total Allocated Amount (USD) As % of Total Financing Amount Outcome Yes Text 48.00 30.00 Period Value Allocated Amount (USD) Formula Baseline see sub indicators Year 1 see sub indicators 3.20 see sub indicators Year 2 see sub indicators 8.65 see sub indicators Year 3 see sub indicators 10.35 see sub indicators Year 4 see sub indicators 12.05 see sub indicators Year 5 see sub indicators 13.75 see sub indicators  The World Bank Shimla-Himachal Pradesh Water Supply and Sewerage Services Improvement Program (PforR) (P174732) DLI_TBL_MATRI X DLI 7.1 Number of people having access to continuous water supply Type of DLI Scalability Unit of Measure Total Allocated Amount (USD) As % of Total Financing Amount Outcome Yes Number 32.00 20.00 Period Value Allocated Amount (USD) Formula Baseline 0.00 Year 1 0.00 0.00 - Year 2 850,000.00 5.45 US$6.4118 per person with new access to continuous water supply + US$2 per person with maintained access from previous year(s) Year 3 1,700,000.00 7.15 US$6.4118 per person with new access to continuous water supply + US$2 per person with maintained access from previous year(s) Year 4 2,550,000.00 8.85 US$6.4118 per person with new access to continuous water supply + US$2 per person with maintained access from previous year(s) Year 5 3,400,000.00 10.55 US$6.4118 per person with new access to continuous water supply + US$2 per person with maintained access from previous year(s)  The World Bank Shimla-Himachal Pradesh Water Supply and Sewerage Services Improvement Program (PforR) (P174732) DLI_TBL_MATRI X DLI 7.2 Number of additional people provided with sewerage services Type of DLI Scalability Unit of Measure Total Allocated Amount (USD) As % of Total Financing Amount Outcome Yes Number 16.00 10.00 Period Value Allocated Amount (USD) Formula Baseline 0.00 Year 1 272,000.00 3.20 11.764 US$ per additional person provided with sewage services compared to prior project year Year 2 544,000.00 3.20 11.764 US$ per additional person provided with sewage services compared to prior project year Year 3 816,000.00 3.20 11.764 US$ per additional person provided with sewage services compared to prior project year Year 4 1,088,000.00 3.20 11.764 US$ per additional person provided with sewage services compared to prior project year Year 5 1,360,000.00 3.20 11.764 US$ per additional person provided with sewage services compared to prior project year .",0.6859837011857466
"SJPNLâs revenue from water supply include revenue from water supply in SMC area and revenue from supply of bulk water to Jal Shakti Vibhag, commercial institutions and other housing societies in peri Description urban areas of Shimla.",0.7992653413252397
IVA will verify the O&M cost recovery data recorded in the M&E system on annual basis DLI_TBL_VERIFICATI ON DLI 6 SJPNL receives an annual performance score of at least 3 out of 5 The performance score is evaluated based on a methodology that covers the following key aspects of utility performance: Description (a) Customer Service (30%); (b) Efficiency (20%); (c) Organizational Systems (20%); (d) Completion of Capital Investment Plan (30%).,0.7767548994584517
"Methodology components (Customer Service, Efficiency, Organizational Systems, Completion of Capital Investment Plan) Procedure will be informed by the SJPNL M&E system as well as key associated documents SJPNL will publish and disclose, including audited financial statements, corporate governance compliance report, citizen report card and overall Annual Report.",0.487746845592152
Data source/ Agency SJPNL Verification Entity IVA Procedure SJPNL will maintain the following records as a part of its M&E system:  The World Bank Shimla-Himachal Pradesh Water Supply and Sewerage Services Improvement Program (PforR) (P174732) â¢ Number of sewerage connections including any new connections on a monthly basis serving both resident and tourist population.,0.5080911462957208
"In order to implement its vision and water policy, the GoHP in 2018 laid out a roadmap for sector reforms and notified a WSS MTP for improvement of WSS services.",0.3696924989873713
"Energy efficient operations: Under the MTP, the SJPNL will increase energy efficiency measures and will target to reduce unit cost (KwH/ m3) by at least 20% by 2025.",0.2043654051694003
Trends in WSS Parameters Parameters Pre-DPL-1 (2018) At DPL-1 Closure (2020) Baseline PforR (2021) Target for PforR (2026) Water Production (MLD) 22 40 40 56 Water Demand (MLD) 56 56 56 56 Water Supply Coverage 98% 98% 98% 100% Sewerage Coverage 60% 60% 60% 100% Water Supply Services 1.5 hours on alternate days 2 hours per day 2 hours per day 24 X7 Continuous Supply Collection Efficiency 70% 90% 90% 95% Tariffs Flat tariff Volumetric tariff Indexed Volumetric tariff Indexed Volumetric tariff Indexed annually annually annually Metering 20% with no volumetric 100% with volumetric 100% with volumetric tariff 100% with volumetric tariff tariff tariff Energy Efficiency 7.69 KWh /m3 7.24KWh /m3 7.24K Wh /m3 6.19 KWh /m3 NRW (TBD in Yr1) Approx.,0.48683795061978424
The GoHPâs program supports the first phase of the MTP: The total financing under the GoHP program is US$ 310 million between 2021-26 covering WSS service delivery improvements in Shimla city.,0.65441725470803
"It supports financing of the bulk water supply and distribution system for Shimla city including NRW reduction program, SCADA and automation, sewerage system, O&M program, M&E system, GRM, and capacity building activities.",0.6863120685924183
"The PforR operation (US$ 250 million), comprising US$160 million of IBRD financing and US$90 million of GoHP financing, aims at improving the WSS distribution system for moving to 24/7 supply and 100% sewerage connections, along with improvements in operating efficiency, financial sustainability, and customer accountability in Shimla city.",0.7002426927739923
Investments are supported by commitments towards sustainable O&M of WSS services in Shimla city recognizing the high cost of bulk water.,0.4939010360024192
"Expenditure financed by PforR: The expenditure program for the PforR operation will support category B (low risk investments) for water quality monitoring and improving distribution system in Shimla city through upgrading and expanding the existing distribution system, including small pumping systems, pipe networks, storage tanks, SCADA and automation, digitization, and customer connections.",0.893008058721369
"Program Financing Activity GoHP Program US$ m PforR operation US$ m 1 Bulk Water Water treatment plant, transmission mains, intake structures and main 73.50 Transmission of bulk water supply to storage tanks 34.50 Supply pumping systems (a) Intake structures 4.86 (b) Water Treatment Plant 8.67 (c) Main Pumping systems 7.47 (d) Transmission mains up to Main Balancing Reservoir (MBR) at Sanjouli 18.00 Transmission of bulk water supply to storage tanks 34.50 2 Water 24 /7 water supply system 70.00 24 /7 water supply system 70.00 Distribution (a) Gravity Transmission Mains 2.00 (a)Gravity Transmission Mains 2.00 System (b) Balancing Reservoirs 2.00 (b) Balancing Reservoirs 2.00 (c) Storage tanks in DMAs 6.00 (c) Storage tanks in DMAs 6.00 (d) Distribution pipelines 60.00 (d) Distribution pipelines 60.00 NRW NRW Reduction Program for 43 DMAs 8.00 NRW Reduction Program for 43 DMAs 8.00 3 Reduction (a) Pressure management in distribution network 4.00 (a)Pressure management in distribution network 4.00 Program (b) Leak detection and metering for distribution network 4.00 (b)Leak detection and metering for distribution network 4.00 SCADA Bulk Water Transmission 4.00 Water Distribution System 4.50 4 Automation (a) SCADA 2.00 (a) SCADA 1.50 (b) Automation 1.50 (b) Automation 3.00 Water Distribution System 4.50 (a) SCADA 1.50 (b) Automation 3.00 5 Sewerage Construction and upgradation of STPs 17.00 Sewerage network 30.00 Services (a) Construction of STPs at Panthaghati, Dhalli 2 and Mashobra 3.72 (a) Expansion of sewerage network to Panthaghati, Dhalli 2 10.80 (b) Upgradation of existing STPs 13.28 and Mashobra unserved areas of Shimla City Sewerage Network 30.00 (b) Extension of existing sewerage network to unconnected (c) New sewerage network in Shimla City 10.80 customers 19.20 (d) Extension of existing sewerage network 19.20 6 O&M International Utility Experts (2) 2.50 International Utility Experts (2) 2.50 Salaries, energy charges, O&M costs for WSS services 92.50 Salaries, energy charges, O&M costs for WSS services 92.50 7 M&E and M&E System and GRM 3.00 M&E System and GRM 3.00 GRM a) M&E System 1.75 (a) M&E System 1.75 b) GRM 1.25 (b) GRM 1.25 8 CB Capacity Building 5.00 Capacity Building 5.00 Total 310 250  The World Bank Shimla-Himachal Pradesh Water Supply and Sewerage Services Improvement Program (PforR) (P174732) 7.",0.5950099338184703
The PforR operation supports service delivery improvements by improving the water supply distribution system and expanding sewerage networks in Shimla city.,0.5028832175514915
"This includes upgrading and expanding the existing distribution system, including small pumping systems, pipe networks, storage tanks, SCADA and automation, digitization, and customer connections.",0.7928109602494673
"Digital assets will be created covering customer database, geospatial data, infrastructure, finance, billing and collection and customer service data.",0.038715511560440063
(vi) Sewerage Services: The Program will provide sewerage connectivity to unserved areas through expansion of existing networks and increasing coverage from 60% to 100% through household and commercial connections.,0.8239313472401012
"The Program will (a) expand the existing network to Panthaghati, Dhalli 2 and Mashobra unserved areas of Shimla City; and (b) extend the network in already served areas to the unconnected residents.",0.7611070979725231
The expansion and extension will help achieve 100% sewerage coverage in Shimla city.,0.5397201451388273
" The World Bank Shimla-Himachal Pradesh Water Supply and Sewerage Services Improvement Program (PforR) (P174732) (ix) Capacity Building: The Program will enhance capacity of SJPNL employees on technical, financial, and management aspects along with IT systems.",0.756177468733354
"It will a) Improve governance, managerial and financial autonomy of SJPNL, b) Improve efficiency, financial sustainability and customer accountability, and c) Improve water supply and sewerage services in Shimla city.",0.879865212873979
"The SJPNL will develop its Strategic Business Plan including corporate strategic focus and priority areas, and key performance indicators on quantity and quality of water, billing and collection, cost recovery, NRW, etc.",0.8095202879472212
"The Program will incentivize the strengthening of performance policies, managerial and financial autonomy, efficient operations, and financially sustainable services.",0.7208787311207164
"SJPNL will strengthen and implement the performance-based contracts with private operators, with incentives linked to achievements of the related performance indicators.",0.8952157280661843
Financial autonomy of SJPNL will be strengthened by timely tariff revisions and increase in revenue earnings.,0.8235389536077325
"(b) Result Area 2: Improved efficiency, financial sustainability, and customer accountability.",0.45190269296819513
The Program will incentivize city-wide coverage with 24/7 continuous water supply and sewerage services.,0.19624562696977096
"It makes a clear contribution to the GoHPâs MTP (2018-30) for Shimla through universal coverage of water supply and sewerage services, 24/7 supply of water, promoting public health, accountability and responsiveness to citizens, and decentralized service delivery through autonomous and professional institutions.",0.8049518411809747
The Program supports sustained economic contribution from the tourism sector.,0.8988043178211559
"This institutional study outlined a pathway to reform including corporatization, ownership and management options, clustered development, a cost recovery roadmap and regulatory mechanism.",0.5503321994434703
"The Program focuses both on service outcomes and the enabling environment: The results target the next level governance requirements, such as a) business planning and performance improvement, b) performance orientation within SJPNL, and c) exercising the autonomy provided to SJPNL.",0.3862383148886941
 The World Bank Shimla-Himachal Pradesh Water Supply and Sewerage Services Improvement Program (PforR) (P174732) also undertook efficiency improvements and achieved appreciable results.,0.10917763276533647
The Program now sets quantitative targets for efficiency which are in line with the GoHP policies and performance standards.,0.7373859232122247
"SJPNL also has the freedom to enter into performance-based contracts with private sector to achieve these results, which are already in procurement stage.",0.21907325224442917
The PforR is embedded in the overall GoHPâs WSS MTP and constitutes a logical next step to entrench and deepen reforms in Shimla prior to a possible expansion of SJPNLâs services to additional towns.,0.9218809821388938
The BoD oversees Operations and Financial Asset Customer Support Contract corporate Governance and performance of Management Management Management and Outreach Customer services and SJPNL.,0.07605249773372304
"It also provides guidance on tariff and GRM; Social outreach Contract Management Finance, Planning , M&E; Asset Planning and Service Delivery IT, Procurement Management subsidies to GoHP and SMC.",0.8776093396273527
"This partnership provides SJPNL with guidance on strategic planning and creating modern WSS utility systems within SJPNL, including advice on contract management.",0.14060636000199753
PPP contracts will strengthen SJPNLâs implementation capacity: SJPNL will enter into Design Build Operate (DBO) and Performance Based Contracts with specialist private sector organizations to leverage expertise available in the private sector.,0.9218300906094637
"The organization has achieved a higher score on the maturity rating on Commercial Operations (metering and stablishing a tariff policy), Corporate Governance, Strategic Leadership (structure of the BoD and providing a stable tenure to the MD cum CEO, etc.)",0.7360988096757368
The Program supports SJPNL in strengthening its financial autonomy with an efficient tariff structure and committed subsidies for bulk water.,0.33183076164939185
"The Program improves bulk water availability by 33%, increase in water supply from 2 hours daily to 24/7 supply city-wide, increase in sewerage coverage by 40% and wastewater treatment volume by 2.5 times.",0.5371388955549761
Revenue collection improves as a result of the new tariff and subsidy policy.,0.08747136051004584
The operational improvements and the new tariff and subsidy policy stabilize the finances of SJPNL.,0.167470552704551
"without efficiency improvements and tariff policy, the WSS O&M cost recovery falls from 21% in FY20 to 14.4% in FY26, mainly due to increasing costs of bulk water supply and wastewater treatment.",0.4779901071028276
"Under this scenario, the WSS O&M cost recovery improves rapidly to 40.2% by FY26 mainly due to NRW reduction, energy efficiency improvements and annual tariff revision.",0.33752590959722345
The Program has a strong economic rationale with an ERR for the Program estimated to be 25.3% due to significant benefits from improvements in WSS services.,0.1566126888448542
"The quantifiable direct and indirect benefits due to the proposed Program interventions are: (i) Benefits due to reduction in operational costs - reduction in NRW and improvements in energy efficiency leading to savings in O&M cost; (ii) Benefits due to incremental water supply - availability of water supply is expected to increase from 40 MLD in FY 2020 to 107 MLD in 2050; (iii) Benefits due to savings in coping cost - reduction in usage of water tankers especially benefitting the non-domestic customers, including hotels, and reduction in the domestic cost for water storage tanks, water purification systems, etc); (iv) Health benefits from improved water supply - reduction in several diseases - diarrhea, hepatitis, dengue, malaria associated with poor quality of water, valued as the opportunity cost of person days lost due to Disability Adjusted Life Years - DALYs, (WHO estimates 2016).",0.7724839123812589
"Table 4: Summary Economic Analysis Summary Benefits Estimated Benefits Percent Economic (USD million) Benefits Benefits due to expected reduction in operational costs 353 9% Total value of incremental water 161 4% Savings in coping cost (domestic and non-domestic) 3223 79% Health benefits 323 8% Total benefits 4061 Summary Costs Estimated Costs (USD Percent Economic Costs million) Capital expenditure (capex) 210 12% Operational expenditure (Opex) 1,498 88% Total Cost 1708 Sensitivity Parameter ERR Benefit cost Analysis ratio Increase in total Increase in total cost (capex + opex) by 10% and decrease in total benefits 18.6% costs (capex + by 10% 2.05 opex) and Increase in total cost (capex + opex) by 20% and decrease in total benefits 13.0% 1.67  The World Bank Shimla-Himachal Pradesh Water Supply and Sewerage Services Improvement Program (PforR) (P174732) Summary Benefits Estimated Benefits Percent Economic (USD million) Benefits Benefits due to expected reduction in operational costs 353 9% Total value of incremental water 161 4% Savings in coping cost (domestic and non-domestic) 3223 79% Health benefits 323 8% Total benefits 4061 decrease in by 20% total benefits COVID-19-like pandemic in future â tourist footfall reduces by 25% 18.5% 2.0 COVID-19-like pandemic in future â tourist footfall reducing by 50% 12.2% 1.6 37.",0.8916824514215643
The sensitivity analysis indicates that the Program can absorb 20% increase in total costs (capex + opex) and 20% decrease in overall benefits and yet result in a positive ERR of 13%.,0.7344659458507191
"The ERR is a conservative estimate since benefits that are more difficult to quantify have not been included, such as benefits from strengthening the SJPNL institution, policy and M&E systems, customer accountability and grievance redressal mechanism, etc.",0.2316232594576749
The GSDP of the State at constant prices has increased by 71% from INR 72719.83 crore in 2011-12 to INR 124403.21 crore in 2019-20 (RE) with an average annual growth rate of 7 per cent.,0.8755952661687677
"That said, the 15th Finance Commission has recommended a small increase in the stateâs share of central taxes and a substantial revenue deficit grant of over INR 48 billion (about 28 percent of GSDP), spread over a six year period from FY20/21 to FY25/26.",0.7232897064902566
"However, the Capital expenditure of the state has doubled from 2015-16 to 2019-20 (RE) with an annual average growth rate of 29% as against 14% in case of Revenue expenditure.",0.3858310959555886
It is observed that revenue expenditure has dropped by 14% from 2016-17 to 2017-  The World Bank Shimla-Himachal Pradesh Water Supply and Sewerage Services Improvement Program (PforR) (P174732) 18.,0.010279478674585169
"However there has been an increase in capital expenditure over the years, with an average increase of 16% as against 8% increase in revenue expenditure during 2015-2020, as seen below.",0.5178450237620961
"Table 5: Expenditure on Water Supply and Sanitation Year Revenue Expenditure Capital Expenditure Total Expenditure Percentage change 2015-16 882.1 318.0 1200 8 2016-17 1137.4 392.6 1530 27 2017-18 982.9 461.6 1444 -6 2018-19 1141.4 417.7 1559 8 2019-20 (RE) 1139.5 586.4 1726 11 Source: State Finances: A Study of Budgets, Reserve Bank of India (various years) 42.",0.8701159737326882
"The SJPNL has demonstrated significant achievement under DPL-1, showing that performance-based service delivery can be implemented successfully by ensuring contracts are of good quality, based on market sounding and sector experience.",0.24703381278298117
"The FSA focused on determining whether relevant SJPNL systems provide reasonable assurance that Program funds will be used for the intended purpose and that principles of economy, efficiency, effectiveness, transparency, and accountability will be maintained.",0.7169717008417303
"Procurement Exclusions: The Program is not expected to procure any large contracts valued at or above Operational Procurement Review Committee (OPRC) thresholds (US$75 million for works, US$50 million for goods and non-consulting services, and US$20 million for consultant services), which are based on a âSubstantialâ risk rating.",0.06522596966136586
"Balance Sheet: At the end of the financial year 2019-20, SJPNL had a fixed asset base of INR 167.51 crores (after depreciation) and receivables of Rs.",0.2301648963581432
It has a paid-up share capital of Rs.,0.3693232536315918
Operations: during the year it generated revenue from water and sewerage charges amounting to INR 26.18 crores.,0.14472545276988635
"SJPNL Procurement: Based on the activities identified under the Program, main procurable items are performance based works contracts for bulk water supply and transmission, water distribution lines and storage tanks, NRW reduction, extension of sewerage network, rehabilitation and capacity addition of STPs, and SCADA system, M&E System, GRM, global water utility partnership, and capacity building activities.",0.7270238182761453
SJPNL prepares a six-year investment plan on infrastructure40.,0.95490178194913
40 The current Investment Plan covers the period 2019-20 to 2024-25  The World Bank Shimla-Himachal Pradesh Water Supply and Sewerage Services Improvement Program (PforR) (P174732) 11.,0.8609850623390891
Procurement processes and procedures: SJPNL has put in place a fair and transparent procurement process with the objective of achieving best value for money.,0.5619579661976207
The assessment reviewed procurement performance of SJPNL based on analysis of sample review of 19 contracts with an estimated amount of Rs 340 million [USD 47 million].,0.01261500743302432
Fiduciary SJPNL Due Date 30-Jun-2023 A Cost Audit of SJPNL Implementation of Systems completed and billing/ revenue a robust Cost system fully integrated with Accounting financial accounting.,0.048840544440529564
"As per PRICIS region-specific projections for 2030s, the water yield in Himachal Pradesh, mainly covered by major rivers, is likely to increase by 5% to 20% in most of the areas, with some areas showing an increase of up to 50% with respect to 1970s.",0.7379856976595792
"RA#2: Improved efficiency, financial sustainability, and customer accountability ($ 92.8 million)  The World Bank Shimla-Himachal Pradesh Water Supply and Sewerage Services Improvement Program (PforR) (P174732) DLI#2: SJPNL improves energy Energy efficiency (DLI #2) is particularly important as it accounts Reduction in GHG emissions will take efficiency in water supply by for more than 75 percent of SJPNLâs O&M expenses due to the place through use of renewable energy 20%.",0.44716839356855914
"implications on both energy efficiency, improving water use Reduction in physical leakages will reduce DLI#4: SJPNL indexes tariff efficiency, and improving revenues as water losses in the quantum of bulk water needed for the annually as per tariff policy.transmission and distribution increase pumping costs and reduce distribution system, thereby reducing DLI#5: SJPNL achieves at leastwater sales.",0.8636846542358398
"Therefore, reduction in NRW will achieve water use energy consumption in the overall water 175% O&M cost recovery in efficiency, while also ensuring SJPNL is able to invest in supply chain and reducing overall GHG water distribution.",0.719971006566828
translate to energy savings of about 1.54 O&M cost recovery (DLI#5) will help in maintaining infrastructure kWh/m3.,0.08969227292320946
The annual performance score (DLI#6) will provide a general performance incentive covering core aspects of utility performance including (a) Customer Service (30%); (b) Efficiency (20%); (c) Organizational Systems (20%); and (d) Completion of Capital Investment Plan (30%).,0.8316998048262163
RA#3: Improved water supply and sewerage services ($ 48 million) DLI#7: Number of people Continuous water supply (DLI#7.1) through piped connections Pumping systems and transmission lines benefitting from improved WSS and sewerage connections (DLI#7.2) will help provide essential will be energy efficient and NRW services: (7.1) Number of services during climate induced extreme events.,0.13852885636416348
"Cost recovery, No commercial orientation and â¢ Improved metering from 20% to 100%.",0.325519171628085
â¢ Improved revenue collection by 126% since 2016-17.,0.10871720314025879
â¢ Increased sewage collection by 200%.,0.34398169951005414
Customer Departmental style operation SJPNL has become a customer centric utility: orientation and with no focus on customer â¢ Implemented Finance Management System with transparent accounting accountability service.,0.5039620399475098
"A third of the 7.1 million inhabitants live below the poverty line.2 Although the economic growth reached 9 percent in 2022 (much stronger than expected), driven by construction boom, gold production, agriculture, and the services sector, the countryâs growth forecast is less optimistic, with a 6.5 percent in 2024 and persistent vulnerability to market fluctuations and external shocks due to the economy's heavy dependence on resource-based commodities and remittances.",0.7595691680908203
"The country's development objectives outlined in the National Development Strategy 2018-20403 aspire to a strong, self-sufficient, and developed state by 2040.",0.5816855864091353
"Between 1991 and 2011, the country suffered at least US$14 million in average annual agricultural losses, almost entirely attributable to drought and water shortages;5 thus requiring sustainable water use practices to safeguard livelihoods.",0.2667393684387207
"The country's infrastructure quality is relatively poor compared to its regional peers.8 While there has been an increase in investments, leading to universal access to electricity9 and significant improvements in water and transport coverage, quality of services remains a major challenge, particularly in rural areas.",0.8778968290849165
"Water and sanitation investments have historically lagged behind, at one percent of the total country investments compared to 54 percent in energy and 39 percent in transport projects (between 2000 and 2018).",0.7628056786277078
"Although the country's development strategy strongly focuses on infrastructure financing, more investments are needed in climate-vulnerable sectors.",0.9334201812744141
The country's economic transformation and growth requires a higher investment efficiency and a greater focus on institutions.,0.7558209679343484
The largely extractive-based economy has not so far led to sustainable and inclusive growth.,0.34235685521906073
"Future development would require a shift from the current drivers of growth into new, more inclusive, and sustainable sources, such as energy, water, and agricultural resources.",0.4004107822071422
"However, these sectors suffer from policy uncertainty and institutional capacity gaps that further encroach into the limited fiscal space with subsidized utilities and services.",0.43203202160921966
"Thus, stronger institutions, a stable regulatory environment, and robust tariff policies are among the key reforms needed to increase investment financing efficiency and harness the transformative potential of infrastructure and services.",0.9224818836558949
Water supply and sanitation (WSS) are essential enablers of socio-economic growth and of human capital in the Kyrgyz Republic.,0.6466604146090421
"With an estimated 90.8 percent access to basic water services, the absolute number of unserved people decreased by more than two-thirds between 2000 and 2022, due to the persistent water supply infrastructure investments, including in the enabling policies, institutions, and regulations (PIR).",0.8901836221868341
"Though with some implementation challenges due to limited institutional and technical capacity and governance issues, the program invested in close to 550 villages and resulted in significant access to water supply in the rural areas.",0.8381531455300071
"In the last decade, additional US$0.5 billion15 were invested in water supply, resulting in over 287,000 people provided with an improved water source in at least 30 percent of rural settlements in the country.",0.920488791032271
"As a result, cumulative 72 percent of the 2,014 villages in the country are now served with functioning water systems, though some expansion is needed.",0.3468195741826838
"Thus, further investments and universal access to WSS have the potential to significantly reduce the burden of public health disease on human capital and the country's economy.",0.7835723703557794
"14 US$37.64 million were provided under the Rural Water Supply and Sanitation Project (RWSSP-1 and 2, P036977; P110267) 15 Including US$115.14 million World Bank financing provided under the ongoing SRWSSDP and the CRWSP.",0.3154980486089533
"16  17 Pending government approval (Developed under the World Bank-funded SRWSSDP)  The World Bank Kyrgyz Republic: Water Supply and Sanitation Universal Access Program -1 Project (P500620) sector's institutional framework with the local government structures, promote quality infrastructure development, and enhance WSS service delivery efficiency and cost recovery.",0.8824497569691051
"Further, a rural WSS information system (SIASAR18) was introduced, and extensive training programs were implemented through multiple investment projects, targeting key sector institutions at the central and local levels, with more than 1,000 sector professionals trained over the last ten years.",0.943691687150435
"Though addressing the access gap, most of the sector investments are not transformed into sustainable services but enter into a recurrent cycle of reinvestment, requiring significant repairs and replacements, particularly in small towns and rural areas.",0.8769793943925337
"Of the 839 rural settlements19 that benefited from investments in the last 20 years, 311 require upgrading, partly due to engineering design failures and construction deficiencies and partly due to poor operational and asset management practices.",0.922642707824707
"Data from SIASAR indicate that less than one-third of WSS service providers (municipal or community-led) are fully operational, and only nine percent are financially sustainable.20 Recently established municipal water enterprises (MWEs) perform better than the community drinking water user unions (CDWUUs) but struggle with poor service management due to the lack of qualified staff and high turnover.",0.7323840748180043
"As a result, infrastructure performance is relatively low, with high non- revenue water (NRW) (above 50 percent) and related poor water and service quality.",0.5337504907087847
"In early 2024, the sector structure was consolidated at the central level to combine policy, strategy development, and investment planning under the new Ministry of Water Resources, Agriculture, and Processing Industry (MWRAPI).",0.16527660326524216
"Consultations are ongoing for the proposed delegated service delivery model that aggregates the management, operation, and maintenance of WSS services into district water and sanitation service providers (DWSSPs), with two pilots currently being established in Naryn and Suzak districts through government financing.",0.08393720063296231
"The sector restructuring is expected to streamline human resources and technical capacity, leverage economies of scale, and promote financial efficiency.",0.9304984699596058
The aggregation at the district level will help optimize revenues and finance necessary investments to improve operational efficiency and extend services to unserved areas.,0.9148730364712802
"Although WSS is now consolidated under a single ministry, the Community Development and Investment Agency (ARIS) still manages a large part of the infrastructure investments, though SIDWSWD is gradually increasing its role in investment management.",0.7066007093949751
"ARIS also hosts the SIASAR, which supports investment planning and service monitoring.",0.8729815049604936
MWRAPI is in the process of mainstreaming infrastructure investment planning (with the 24 Asian Development Bank.,0.9386575005271218
 The World Bank Kyrgyz Republic: Water Supply and Sanitation Universal Access Program -1 Project (P500620) establishment of an investment coordination unit) and playing a role in defining cost recovery tariffs at the DWSSP level.,0.8140295202081854
"The GoKR intends to secure potable water supply to all by 2030 and improve sanitation in priority areas in line with its National Development Strategy, the 2018-2026 PDDWSSSPL of the Kyrgyz Republic and its successor.",0.8416803533380682
"At the current investment pace, in the most optimistic scenario, the country would likely cover only 88 percent of rural settlements with basic access to water by 2030.",0.7336191697554155
"Thus, fully realizing the country's universal WSS access goals requires (i) an accelerated implementation strategy to deliver at least twice the current annual sector investment and (ii) sector reforms focused on service delivery capacity to enhance the sustainability of WSS.",0.887534575028853
"Lessons from the implementation of multiple investment programs, including World Bank-financed WSS projects in the country,33 point to the need for (i) a better alignment between investment models and financing mechanisms to incentivize improvements in operational, financial, and climate sustainability; (ii) a results-oriented institutional capacity development approach to enable skills development on investment planning and implementation, and improve service delivery; and (iii) improvements to the regulatory framework to enable cost-reflective tariffs.",0.9051502401178534
"Several development partners, including the Asian Infrastructure Investment Bank (AIIB), the Islamic Development Bank (IsDB), the Organization of Petroleum Exporting Countries (OPEC) Fund, the ADB, and the Swiss Agency for Development and Cooperation (SDC), are willing to step up their engagement and commit to a combined pipeline of US$200 million and join the World Bank in this transformative program through blended parallel or co-financing arrangements within the fiscal limits for the country.",0.8424448533491655
It supports greener and more inclusive growth through investments and reforms targeting WSS services improvement and a reduction in regional disparities.,0.81481257351962
" The World Bank Kyrgyz Republic: Water Supply and Sanitation Universal Access Program -1 Project (P500620) 15.97 percent below business-as-usual levels by 2030, increasing to 36.61â43.62 percent with international support.",0.5600618449124423
"The proposed investments are green, as they sustain and restore natural capital by reducing pollution (sanitation and water quality monitoring), improving energy efficiency, and conserving water resources (modernization of infrastructure assets).",0.9355589259754528
"The water GCP aims to strengthen water security, increase access to safe WSS, and invest in the scale-up of sustainable water management and disaster risk reduction solutions.",0.28684700619090686
"Within SDG 6, the Project supports the Kyrgyz Republic in advancing towards the following targets: (a) universal and equitable access to safe and affordable drinking water, sanitation, and hygiene (SDG 6.1. and SDG 6.2), and (b) improved water quality by reducing pollution and halving the proportion of untreated wastewater and increasing recycling and safe reuse (SDG 6.3.1).",0.30372264168479224
"The universality, sustainability, and climate resilience of WSS services is a long-term pursuit that requires a consistent and focused investment strategy and sector institutional capacity-building.",0.46849341826005414
"The investment models implemented so far in the Kyrgyz Republic have significantly reduced the WSS infrastructure gap, but the progress on service quality and sustainability remains limited, thus leading to a vicious cycle of infrastructure refinancing.",0.9156398773193359
"Lessons from the previous and current infrastructure projects demonstrate that the traditional input-based, with a stop-and-redesign approach, limits the effectiveness of institutional capacity-building, which is inherently a dynamic process that requires continuous investment and consistency.",0.8111098896373402
"A longer-term engagement will incentivize the sector to pursue the critical reforms to enhance the sustainability and climate resilience of WSS and to plan for and finance a more ambitious service- delivery agenda, which is better aligned with the SDGs rather than a narrow focus on infrastructure access.",0.843975153836337
The investment needs to achieve universal access for WSS in the Kyrgyz Republic are significantly higher than the available resources.,0.5714799274097789
"The GoKR's approach is to leverage World Bank financing to enhance its capacity to attract more resources without worsening its fiscal deficit and, where possible, mobilize private capital and expertise.",0.9469309720126066
"Thus, the proposed MPA will utilize a programmatic framework with pre-defined infrastructure investment models and service delivery mechanisms36 built from a robust but flexible set of selection criteria that allows for scalability throughout the MPA implementation.",0.8165958577936346
" The World Bank Kyrgyz Republic: Water Supply and Sanitation Universal Access Program -1 Project (P500620) of the World Bank and the GoKR to a comprehensive and strategically planned set of investments in the WSS sector, with sustained support contingent on overall implementation performance and achievement of results.",0.7828787890347567
It provides flexibility to other development partners and creates an enabling environment for the private sector to invest in different program components.,0.9358280355280096
"The combination of IPF and PBGs will enable infrastructure delivery while incentivizing sector reforms, particularly at the district and system levels.",0.9204502972689542
"The infrastructure packages will prioritize unserved settlements to get to the finish line, and the PBGs will help prevent and mitigate the risk of falling back and ensure long-term sustainability.",0.8714135776866566
"The Theory of Change assumes (i) the willingness of the local government to delegate/enter into a contract with the DWSSP, (ii) the willingness of beneficiaries to pay for cost-recovery tariffs, and (iii) existing national and regional market absorption capacity to double the pace of sector infrastructure development.",0.815991921858354
The proposed PrDO of the WASUAP is to provide universal access and improve the sustainability of water supply and sanitation services in the Kyrgyz Republic.,0.022062354467131874
"At the end of the 10-year Program, the outcomes will be measured by the following indicators:  The World Bank Kyrgyz Republic: Water Supply and Sanitation Universal Access Program -1 Project (P500620) â¢ People provided with at least basic water (of which % is provided with safely managed water) (Baseline: 90.8 percent, target: >99 percent); 37 â¢ People provided with at least basic sanitation (of which % is provided with safely managed sanitation) (Baseline 92.6 percent, target: 95 percent); â¢ Percentage of the water and sanitation service providers achieving and maintaining an operating cost coverage ratio of at least 100 percent (Baseline: 9 percent, target: 50 percent); and â¢ People with enhanced resilience to climate risks in the Kyrgyz Republic as a result of program interventions (Baseline: 0, target: 500,000).",0.2995774962685325
"This includes (i) a four-year Phase 1 (2025-2029) of focused investment covering unserved and underserved rural settlements, piloting the aggregated district-level service delivery structure and enhancing the capacity using PBGs, few and simpler sanitation interventions, complemented by extensive analysis and design of more complex sanitation solutions, including paving the way for potential private sector engagement; (ii) a four-year Phase 2 (2028-2032) to scale-up the investments, shifting to water supply infrastructure upgrade and expansion, priority sewerage investments and scale-up the service delivery models, with a focus on operational and financial efficiency, and climate adaptation; and (iii) a four-year Phase 3 (2031-2035) to scale-up sanitation investments and consolidate the water supply improvements, with an emphasis on knowledge exchange and appropriation of the policies, plans, and tools developed under the previous two phases.",0.9526078484275124
MPA engagement Phase Ops ID Sequential or IPF or Estimated Estimated Estimated Estimated # Simultaneous PforR IDA Amount Other Amount Approval Date Environmental Phase's Proposed Estimated ($ million) ($ million)38 and Social DO IBRD Amount (E&S) Risk ($ million) Rating 1 P500620 n/a to increase access to IPF n/a 121.00 79.00 April 2025 Substantial WSS services and improve the service delivery capacity in selected areas of the Kyrgyz Republic.,0.8517052910544656
2 TBD Simultaneous TBD IPF n/a 39.00 61.00 June 2028 TBD 3 TBD Simultaneous TBD IPF n/a 40.00 60.00 June 2031 TBD Total n/a 200.00 200.00 Revised Financing Envelope $ 400.00 Board-Approved Financing Envelope $ 200.00 27.,0.8083097284490411
"Phase 1 (US$200 million, of which US$121 million IDA financing) will cover the first batch of the Program's WSS infrastructure investments in unserved and underserved settlements in the least served regions and districts within those 37 The Joint Monitoring Program classifies countries estimated to have achieved >99 percent service coverage as ânearly universalâ, recognizing the physical, and economic and financial limitations for last-mile coverage.",0.4175108562816273
 The World Bank Kyrgyz Republic: Water Supply and Sanitation Universal Access Program -1 Project (P500620) regions without ongoing or planned investments.,0.8731903596357866
"Phase 1 will finance the construction and upgrade of water supply systems, and priority household and social institutions' sanitation infrastructure (containment).",0.9132531772960316
"The WSS interventions will build on experience and lessons learned under the ongoing World-Bank financed Sustainable Rural Water Supply and Sanitation Development Project (SRWSSDP, P154778) and Climate Resilient Water Services Project (CRWSP, P173734) by putting a stronger emphasis on incentivizing service improvements in parallel with infrastructure development to ensure the sustainability of these investments.",0.8055876818570223
"Thus, Phase 1 will include a PBG-structured capacity-building program for eight DWSSPs to enable them to independently expand and enhance the quality of services within their district.",0.3323124105280096
The Project will also finance improvements to existing fecal sludge management (FSM) services led by both private and municipal operators and the design of sanitation interventions to be implemented in the subsequent phases.,0.8212747573852539
"Phase 2 (US$100 million, of which US$39 million IDA financing) will scale up the PBG program to other DWSSPs, upgrade and expand existing water supply systems in rural and urban settlements.",0.8988405574451793
"Under this phase, FSM and household sanitation will be scaled up and complemented by priority sewerage investments using the designs and knowledge developed in Phase 1.",0.32160908525640314
"Private sector engagement for wastewater improvements will be pursued in partnership with the International Finance Corporation (IFC), targeting settlements around Issyk-Kul Lake, a vital region for the countryâs tourism industry currently threatened by untreated wastewater discharges.",0.7929279153997247
"Phase 3 (US$100 million, of which US$40 million IDA financing) will prioritize scaling up sanitation improvements across the country and developing a large-scale investment package to promote safely managed sanitation, targeting the full-service chain and potential waste-to-resource opportunities.",0.9488425688310103
"Under this Phase, the program will support additional last-mile water supply infrastructure with targeted upgrades and expansion.",0.5581409280950372
"In addition, this Phase will include consolidating the service delivery model, with a greater focus on investment management capacity for the DWSSPs, innovation, further efficiency improvement, and private sector engagement in water supply.",0.8889075192538175
"In Phase 1, the MPA will support the GoKR in establishing DWSSP as a new model for providing WSS services in rural areas, including district centers and  The World Bank Kyrgyz Republic: Water Supply and Sanitation Universal Access Program -1 Project (P500620) rural settlements.",0.6976429765874689
"Sanitation Development â developing, piloting, and roll-out of on-site sanitation and wastewater treatment solutions.",0.47670056603171607
"Under Phase 1, the MPA will support some research, inclusive stakeholder engagement, and the development of detailed engineering designs of decentralized sanitation systems for both vulnerable households and social institutions while supporting the development and piloting of FSM services and exploring wastewater reuse options.",0.24576930566267532
"Further, it will support the development and implementation of a sanitation marketing and behavioral change strategy.",0.021734775467352432
"In Phase 2, the MPA will support investments in innovative sanitation systems and start with the implementation of FSM services based on the knowledge generated in Phase 1.",0.5008285695856268
"Phase 3 will support scaling up country-wide sanitation improvements, integrating lessons from the previous phases.",0.04795764793049206
"Under Phase 1, the MPA will introduce a certificate-oriented, long-term capacity development program, including a national training center for water supply and sanitation, and scholarships for vulnerable youth, in response to the need to develop and create a pipeline of professional staff and skilled workers (including women in technical and managerial positions) in the sector.",0.004568262872370807
"This Phase 1 (hereinafter, Project) will improve resilience to climate change exacerbated droughts and floods, with a focus on three strategic areas: (i) establish a framework for accelerating WSS infrastructure investments and capacity development in the country; (ii) progressively develop climate-resilient WSS infrastructure and enable water supply access in unserved settlements of the Kyrgyz Republic, and (ii) test and quick start the implementation of a PBG financing mechanism to incentivize service delivery efficiency and enable climate adaptation.",0.9111187674782493
"A results-based financing approach at the center of the Project capacity-building strategy will ensure a greater focus and prioritization of service quality, customer and citizen engagement, approaches to reduce the gender gap, and the pursuit of climate-smart and decarbonized solutions in WSS.",0.5733505162325773
The project development objective (PDO) is to increase access to water supply and sanitation (WSS) 39 The other two will be financed by the government.,0.8951492309570312
0 The World Bank Kyrgyz Republic: Water Supply and Sanitation Universal Access Program -1 Project (P500620) services and improve the service delivery capacity in Selected Areas of the Kyrgyz Republic.,0.12529194355010986
"â¢ People provided with at least basic sanitation (Number), of which % is (provided with safely managed sanitation, female).40 â¢ People benefiting from climate resilient infrastructure (Number), of which (female, youth).",0.26155144518071954
(ii) Outcome 2: To improve the service delivery capacity: â¢ Water and sanitation service providers with an operating cost coverage ratio of at least 100 percent (Percentage).,0.1599561951377175
"Component 1 â Water Supply Investments (US$143.75 million, of which US$61.55 million IDA credit, US$8.45 million IDA shorter maturity loan, US$50.00 million co-financing credit from the AIIB, US$3.75 million parallel financing grant from AIIB and US$20.00 million co-financing credit from the OPEC Fund) will finance the construction and upgrade of water supply systems in 126 rural villages and small towns in Chui, Issyk-Kul, and Osh regions, benefitting around 450,000 people.",0.9086306311867454
"Water source development will target groundwater exploitation to provide a more drought-resilient supply, and network construction will utilize climate-resilient infrastructure design such as materials resistant to high-temperature variations and withstand ground movements in landslide-prone areas in the Osh region.",0.6587333245710894
"Additional water supply system upgrades to ensure universality will be covered through ADB financing in Naryn region (US$32.00 million serving 36,000 people)42 and IsDB financing in Jalalabad region.43 Specifically, the Project will finance: 37.",0.9208751158280806
"Subcomponent 1.1 â Water Supply Access to the Unserved (US$43.70 million) will finance the design and construction of climate-resilient water supply systems in 48 currently unserved settlements (around 128,000 beneficiaries).",0.7871776060624556
"Specifically, the Project will finance resilient water source development and storage, thereby reducing drought vulnerability, water treatment infrastructure to ensure high drinking water quality hence boosting positive health outcomes, robust transmission and distribution networks capable of withstanding high temperatures and other climate shocks, reservoirs 40 All the sanitation beneficiaries are expected to benefit from water supply improvements.",0.8802031603726473
"41 Source:  infrastructure-design-brief 42 Approved in September 2024 43 Ongoing feasibility study to determine the number of beneficiaries and financing needs, possibly joining in the Programâs Phase 2.",0.777924277565696
"Subcomponent 1.2 â Water Supply Upgrades (US$100.05 million) will finance the design, rehabilitation, and upgrade of water supply systems in 78 villages and district centers in Aksu, Alai, Aravan, Kara-Kulja, Kara Suu, Panfilov, Sokuluk, and Uzgen districts (around 322,000 beneficiaries).",0.9128020026467063
The upgrades will prioritize investments with demonstrated impacts on drought resilience while also improving service reliability and financial viability.,0.7366071180863814
"These are specific investments focused on source and storage increase to reduce climate-exacerbated water shortages, network hydraulic improvements to reduce water losses, and expansion to secure water supply in the face of climate variability, ensure efficient water demand management, and reduce vulnerability to the impacts of drought.",0.7634108283303
"Component 2 â Sanitation Development (US$29.00 million IDA credit) will finance priority on-site sanitation investments, including household and public sanitation infrastructure, FSM services improvements, and technical assistance (TA) to design more complex sewerage improvements.",0.9455088702115145
"Specifically, the Project will finance: (i) The construction, rehabilitation/retrofitting of decentralized sanitation systems, including toilet upgrades for vulnerable households and selected public institutions (schools, kindergartens, hospitals, and health centers), which will ensure accessibility to persons with disabilities in all 126 target settlements, to make them flood resilient.",0.858411355452104
"(ii) TA (including business development support to small private operators), equipment, and works for FSM services improvement, including fecal sludge collection, transport, treatment, and re-use, which contributes to climate adaptation by enhancing the resilience of sanitation infrastructure to climate impacts and reducing the risk of contamination during floods and to climate mitigation by preventing the release of methane from untreated waste.",0.589331410147927
"(iii) The implementation of a sanitation marketing and behavioral change strategy to incentivize the adoption and use of improved WASH and behaviors that are essential for flood and drought resilience and mitigating the pressures on water resources; and (iv) TA for the design of sewerage systems in priority settlements, aiming to reduce environmental pollution and enhance the resilience of sewerage infrastructure to the impacts of climate change, such as increased flooding, and extreme weather events.",0.12266484173861417
"The Project will prioritize the design of sewerage pipelines capable of withstanding harsh weather conditions and wastewater and fecal sludge reuse solutions that enable methane capture for settlements with multi-story buildings, whose sanitation systems are currently a source of soil and groundwater contamination.",0.6436173265630548
"Component 3 â Performance-based Service Improvement Program (US$22.00 million, of which US$13.00 million IDA credit and US$9.00 million SDC grant) will (i) provide PBGs for DWSSPs to finance WSS service improvements (including NRW reductions) and enhance the sustainability and drought resilience of WSS services, and (ii) finance the professional and vocational development program (PVDP).",0.6129227985035289
"The PBG allocation per district was estimated using the WSS district aggregation financial model, which considered planned infrastructure improvements, enhanced service levels, and operational efficiency.",0.828404426574707
"Sub-component 3.1 â Service Delivery Improvements (US$18.00 million) will finance PBGs for eight DWSSPs (out of the ten planned for Phase 1) and will cover the start-up activities and operational and structural investments that are critical to enabling the operational and financial efficiency of the DWSSPs, and the resilience of water supply systems against climate variability.",0.7258449467745695
"Funding for the PBGs will cover activities from the DWSSPsâ institutional and service development plans and will focus on increasing service management capacity, innovative solutions for service expansion and climate resilience, asset management and operations, digital solutions for customer services and feedback, tariff- setting procedures, financial management, and service monitoring and reporting.",0.8059962012551047
"Component 4 â MPA Program Structuring and Management, and Institutional Development Support (US$9.25 million, of which US$9.00 million IDA credit, and US$0.25 million grant parallel financing from AIIB, and in- kind counterpart financing) will finance TA and institutional capacity building for the establishment of a program management framework and WSS infrastructure development capacity, including: (i) TA and training for the development and implementation of the program management tools, including standard E&S instruments, implementation manuals, and protocols, to enhance coordination and program implementation efficiency, and the M&E systems for program results tracking, sector coordination, and annual reviews; (ii) TA for the preparation of investment packages, engineering designs, and E&S instruments for future interventions planned for the subsequent phases of the MPA, using WB-RWIDB, including technical assessments, investment screening, and transaction advisory support in collaboration with the IFC to attract private sector engagement in water supply and wastewater solutions along the Issyk-Kul Lake and address vulnerabilities in existing sewerage systems exacerbated by climate change; (iii) Incremental operating costs, TA, and equipment for program management; (iv) TA, equipment, and services to support a knowledge development program and communications strategy for the MPA aiming to build awareness and understanding among stakeholders about the importance of accelerated WSS access, service delivery sustainability, and climate resilience; (v) TA for the preparation of service contract agreements between the operator and asset owner and the PBG independent verification; and 44 Introduced through the SRWSSDP-AF1.",0.5743945295160467
"Summary of Project Financing (Million US$) Co-Financing Parallel Total Component IDA AIIB OPEC SDC Sub-total AIIB Component 1 â Water Supply Investments 70.00 50.00 20.00 - 140.00 3.75 143.75 Subcomponent 1.1: Water Supply Access to the Unserved 21.70 - 20.00 - 41.70 2.00 43.70 Subcomponent 1.2: Water Supply Upgrades 48.30 50.00 - - 98.30 1.75 100.05 Component 2 â Sanitation Development 29.00 - - - 29.00 - 29.00 Component 3 â Performance-based Service Improvement Program 13.00 - - 9.00 22.00 - 22.00 Subcomponent 3.1: Service Delivery Improvements 9.00 - - 9.00 9.00 - 18.00 Subcomponent 3.2: Professional and Vocational Development Program 4.00 - - - 4.00 - 4.00 Component 4 â MPA Program Structuring and Management, and Institutional Development Support 9.00 - - - 9.00 0.25 9.25 Component 5 â Contingent Emergency Response 0.00 - - - 0.00 - 0.00 Total 121.00 50.00 20.00 9.00 200.00 4.00 204.00 C. Project Beneficiaries 47.",0.9040456251664595
"Phase 1 is expected to benefit more than 450,000 people residing in 126 participating rural villages and small towns in Chui, Issyk-Kul, and Osh regions.",0.31453429568897595
"The majority of beneficiaries within the Project areas will be provided with access to piped water services through a new household connection45, and 19,000 people will benefit from household sanitation interventions.",0.6871431090615012
"Approximately 115,000 people (mostly children) will directly benefit from investments in sanitation facilities and associated hygiene and behavior change interventions in schools, and in other eligible public institutions (for example, health clinics).",0.8284202922474254
The World Bank will also play a catalytic role in mobilizing additional financing commitments from other development partners and in supporting the technical and safeguards implementation for the program investments.,0.2339354861866344
"For instance, investments planned under the ADB and IsDB projects will rely on the WBG-designed PBG approach to finance capacity building, and AIIB will rely on the World Bank-funded TA on detailed designs for the water supply network improvements.",0.898073976690119
"Further, the SDC expressed interest in supporting TA for institutional capacity building and service development in secondary cities, thus complementing planned investments under the Program.",0.9416986812244762
"In addition, the Project will finance TA in partnership with IFC to create a private capital-enabling (PCE) environment and help attract competent private partners to finance wastewater treatment in tourist settlements along the Issyk- Kul Lake in line with the WBG's Maximizing Finance for Development (MFD) approach.",0.9532658837058328
"Given the limited availability of concessional financing compared to the sector investment needs, the program will support TA for preparing and improving the readiness of potential public-private partnerships, targeting settlements with significant economic activity and capacity to pay.",0.9316623861139471
Options analysis for potential investments will assess the feasibility of mobilizing capital financing without worsening the constrained fiscal space.,0.939723708412864
"Component 2 finances TA and business development support to assist private operators in identifying potential investment opportunities along the FSM chain, as part of the governmentâs plan to increase access to sanitation through additional privately financed FSM services.",0.9475125399502841
"In partnership with IFC, Component 4 supports the preparation of investment packages, technical assessments and transaction advisory TA which is expected to result in the development of privately financed water supply and wastewater treatment solutions in Issyk-Kul region.",0.9001351269808683
"Component 2 is also verified as PCM and PCE, given that the business development support, improvements on availability of sludge treatment facilities is expected to enable private investment in FSM.46 The PCE following the finalization of Phase 1 is captured in the non-monetary results indicator on the number of operators that invest private capital in FSM services, which is estimated based on the average number of private FSM operators per district, to cover the current service demand.",0.9249174811623313
"WASUAP will place greater emphasis on the harmonization of sector investment approaches, aggregation of sector services, and incentives to improve service sustainability.",0.8968498056585138
"The aim is to achieve economies of scale, increase the revenue base, reduce overheads, and mitigate the risks associated with infrastructure failure.",0.9554282101717863
"While achieving universal coverage in rural areas is still a long-term process, international experience shows that aggregation represents an opportunity to tackle the complexity of rural water supply and pave the way for greater efficiency.",0.6947500922463157
46 The private investment during Phase 1 is estimated at US$4 million.,0.6900097673589533
"5 The World Bank Kyrgyz Republic: Water Supply and Sanitation Universal Access Program -1 Project (P500620) (ii) PBGs have proven effective in driving key reforms, including prioritization of resources, financial efficiency, and improved service delivery.",0.7833334315906871
"Several World-Bank financed PBGs have demonstrated effectiveness in developing services, including health services in Tajikistan,47 local governments in Malawi,48 and sanitation services in Mozambique.49 In these projects, PBGs were used to incentivize fiscal and service delivery governance and prioritization of resources for critical public services.",0.8810039000077681
"Results from operations that use PBGs demonstrate that it is an effective financing tool to enhance public services and utility governance systems, improve revenue collection, and enable service delivery, particularly where there are extensive financial constraints.",0.8756277777931907
"Given the current status of WSS services in the Kyrgyz Republic and the history of input-based financing for capacity building with limited results, the Project will introduce PBGs to incentivize improvements in key financial and operational areas.",0.8199625015258789
"(iii) Sanitation investments are complex, costly, and require careful planning and assessment.",0.5429459051652388
"While the program aims to improve access to both water and sanitation to achieve the full benefits of WSS services, the bulk of the investments in Phase 1 will focus on already designed and well-understood water supply investment models.",0.874357136813077
This approach will ensure adequate stakeholder engagement and readiness of infrastructure investments and service arrangements before the implementation.,0.8419419201937589
"The Project will finance equipment and capacity building, incremental costs to strengthen M&E at the Project level and equip the PCU to carry out these responsibilities.",0.1355595588684082
"The GoKR has been consistently investing and mobilizing investments in water and sanitation, given the importance of WSS for the well-being of the people and the country's economic growth.",0.8704839186234907
The GoKR strategy is to transform WSS service providers into commercially viable entities that can provide high-quality and viable services.,0.26569808613170276
The New WSS Law includes provisions to incentivize investments in the sector and expand the services while ensuring a gradual transition into cost recovery.,0.9012678319757635
Business development support will be provided to the local private sector interested in FSM.,0.8505913127552379
"Further, the Project is deliberately designed to crowd in private-sector financing by designing technical solutions that prepare the ground for private investors.",0.9338137886740945
This approach will help enhance commercial discipline in the management of services and encourage the sector to reduce the dependence on donors and government financing.,0.5817548144947399
"Technical, Economic, and Financial Analysis (i) Technical Analysis 7 The World Bank Kyrgyz Republic: Water Supply and Sanitation Universal Access Program -1 Project (P500620) 61.",0.5256736495278098
"The Project is designed to build the foundation for a solid program to achieve universal access to water supply and, later, sanitation services.",0.6635912548411976
"The key Project pillars are: (i) building the program management capacity, investment models and tools to enable the implementation and attract additional financiers; (ii) targeted climate-smart water supply infrastructure to increase access to water supply services focusing on unserved and poorly served settlements; (iii) household and institutional sanitation infrastructure focused on containment while designing robust wastewater solutions for future scale-up; and (iv) results-based financing to incentivize service improvements and enhance the efficiency and sustainability of WSS services.",0.8898264278065074
"The Project will prioritize a learning agenda focusing on data-driven design, testing, and scale-up of infrastructure and service development solutions.",0.5495552149685946
The technical design of the infrastructure investments relies on data collected through SIASAR and analytics from engineering designs and works implementation under the previous and ongoing projects.,0.46275169199163263
The selection criteria for water supply investments prioritize unserved or underserved settlements in order to ensure basic services while gradually upgrading obsolete infrastructure to ensure high operational efficiency and service quality.,0.9116470163518732
"Detailed cost estimates have been prepared based on unit infrastructure development costs from ongoing World Bank and other projects funded by international financial institutions, complemented by the latest market rates, including the required contingency to cover unforeseen market changes and design complexity.",0.7665874307805841
Sanitation investments will start with simpler ones by consolidating the options developed under the ongoing interventions and studying more complex solutions.,0.4533529715104537
"So far, most sector investments in sanitation have targeted small- scale on-site sanitation focused on household and institutional containment solutions.",0.2593807957389138
"A priority package of water supply investments, comprising 60 percent of the Projectâs financing, will be designed through the ongoing CRWSP and the AIIB preparation grant.",0.8146663145585493
The economic benefits from the Project will derive from improvements in the access and quality of water supply services to households and from sanitation services for households and public institutions .,0.8726170279762961
"The analysis incorporates (i) the investment costs of Components 1, 2, and 3 and estimated O&M costs and (ii) all measurable benefits, including decreases in the time spent collecting water, welfare gains at the household level associated with reduced need for in-house treatment (for example, boiling of water), and reduced incidence of water-related diseases such as infectious hepatitis and diarrhea as a result of 8 The World Bank Kyrgyz Republic: Water Supply and Sanitation Universal Access Program -1 Project (P500620) improved access to quality water and decline in the reliance on standing water sources.",0.5033843734047629
"Based on the above assumptions, a four-and-a-half-year implementation period, and a total projection period of 25 years, the projected net cost-benefit stream yields an Economic Rate of Return (ERR) of 22.7 percent and a Net Present Value, using a five-percent social discount rate of US$263.9 million.",0.9389292110096324
"These results likely underestimate the economic returns due to non-incorporation of some current costs of coping and the very low electricity costs in Kyrgyzstan, where the estimates of the economic cost of electricity are far lower than those of comparable countries.",0.775103048844771
The output will be a predicted proforma financial statement and a Net Present Value (NPV) until 2035.,0.895096171985973
"Operational Policy on International Waterways (OP/BP 7.50) will be triggered because the Project will finance the construction, upgrade, and expansion of water supply systems located within the transboundary Chui and Syrdarya river basins.",0.8324244239113547
"The Project's environmental risks and impacts are mainly associated with the construction of new and rehabilitation of water supply schemes and infrastructure under Component 1 and the construction and/or rehabilitation and/or retrofitting of sanitation systems (i.e., toilet and septic tank upgrades for vulnerable groups and selected public institutions such as schools, kindergartens, health centers, etc.)",0.8566791361028497
The Project will involve a significant increase in sector investment activities and potentially put pressure on the local construction market.,0.9241185621781782
(WBG Scorecard Corporate Results Indicators) Frequency Biannual Data source PCU Project Progress reports Methodology for Data The indicator will be calculated by adding the number of people at households in the Project areas provided with access to at least basic drinking water as 7 The World Bank Kyrgyz Republic: Water Supply and Sanitation Universal Access Program -1 Project (P500620) Collection a result of Project interventions.,0.8955082459883257
(WBG Scorecard Corporate Results Indicators) Frequency Biannual Data source PCU Project Progress reports Methodology for Data The indicator will be calculated by calculating the percentage of people at households in the Project areas provided with access to safely managed drinking Collection water as a result of Project interventions.,0.025457127527757126
Responsibility for Data PCU Collection People benefiting from climate-resilient infrastructure (Number of people) CRI This indicator is defined as the number of people directly benefiting from improved climate risk management and increased climate resilience due to Description eligible investments during the intervention period.,0.8402670080011542
Collection Responsibility for Data PCU Collection â¢People benefiting from climate resilient infrastructure - Female (Number of people) CRI This indicator is defined as the percentage of female (out of the total number of people) directly benefiting from improved climate risk management and Description increased climate resilience due to eligible investments during the intervention period.,0.6741163513877175
"8 The World Bank Kyrgyz Republic: Water Supply and Sanitation Universal Access Program -1 Project (P500620) Collection Responsibility for Data PCU Collection â¢People benefiting from climate resilient infrastructure - Youth (Number of people) CRI This indicator is defined as the percentage of youth (out of the total number of people), based on the UN definition of youth (ages 15-24), directly Description benefiting from improved climate risk management and increased climate resilience due to eligible investments during the intervention period.",0.5920851013877175
"(WBG Scorecard Corporate Results Indicators) Frequency Biannual Data source PCU Project Progress reports Methodology for Data The indicator will be calculated by adding the number of people at households in the Project areas provided with access to at least basic sanitation Collection facilities as a result of Project interventions, obtained from PCU surveys.",0.9227732745083895
Responsibility for Data PCU Collection â¢of which % is provided with safely managed sanitation (Percentage) Safely managed sanitation means the use of improved facilities that are not shared with other households and where excreta are safely disposed of in situ Description or removed and treated offsite.,0.6648628494956277
"(WBG Scorecard Corporate Results Indicators) Frequency Biannual Data source PCU Project Progress reports Methodology for Data The indicator will be calculated by calculating the percentage of people at households in the Project areas provided with access to safely managed Collection sanitation as a result of Project interventions, obtained from PCU surveys.",0.8636272603815253
"(WBG Scorecard Corporate Results Indicators) Frequency Biannual 9 The World Bank Kyrgyz Republic: Water Supply and Sanitation Universal Access Program -1 Project (P500620) Data source PCU Project Progress reports Methodology for Data The indicator will be calculated by calculating the percentage of female in the Project areas provided with at least basic sanitation as a result of Project Collection interventions, obtained from PCU surveys.",0.5643530758944425
Responsibility for Data PCU Collection Improve the service delivery capacity Water and sanitation service providers with an operating cost coverage ratio of at least 100% (Percentage) This indicator measures the percentage of water and sanitation service providers in the Project areas benefitting from Project interventions with an Description operating cost coverage ratio of at least 100 percent.,0.8577110117132013
Collection Responsibility for Data PCU Collection Monitoring & Evaluation Plan: Intermediate Results Indicators by Components Component 1: Water Supply Investments Villages with water supply systems constructed or rehabilitated with climate-resilient design standards (Number) This indicator measures the total number of villages with water supply systems which have been constructed or rehabilitated with climate-resilient Description design standards under the Project.,0.9431641318581321
Collection Responsibility for Data PCU Collection â¢in Project areas affected by droughts or mudflows (Percentage) This sub-indicator measures the percentage of new metered household water connections installed in the Project areas which are affected by at Description least one drought or mudflow event during Project implementation.,0.5257109728726473
Collection Responsibility for Data PCU Collection Component 2: Sanitation Development Households with new or improved sanitation facilities (Number) This indicator measures the cumulative number of households in the Project areas with new or improved household sanitation facilities as a result of Description Project interventions.,0.8556753505359996
Collection Responsibility for Data PCU Collection Social institutions with new or improved sanitation facilities (Number) This indicator measures the cumulative number of social institutions in the Project areas with new or rehabilitated sanitation facilities as a result of Description Project interventions.,0.8559213118119673
Collection Responsibility for Data PCU Collection Operators that invest private capital in FSM services (Number) Description This indicator measures the cumulative number of operators in the Project areas that invest private capital in FSM services.,0.9378203478726473
Collection Responsibility for Data PCU Collection Component 3: Performance-based Service Improvement Program Legally created and fully operational district water and sanitation service providers (Number) This indicator measures the number of district water and sanitation service providers which are established and become fully operational as a result Description of Project interventions under the Project.,0.2911443493582986
Collection Responsibility for Data PCU Collection Water supply systems that maintain their NRW below 30 percent (Percentage) This indicator measures the percentage of water supply systems constructed or rehabilitated under the Project that maintain their NRW below 30 Description percent.,0.5222322724082253
"MPA Program Structuring and Management, and Institutional Development Support Villages with water supply subprojects designed and ready for implementation (Number) This indicator measures the cumulative number of WSS sub-projects with completed detailed engineering designs and which are ready for works Description implementation under Phase 2.",0.5715350671248003
"The SIDWSWD, as an implementing agency, will lead the Projectâs implementation, including Program and Project management, and establish the required capacity at the regional and local level for service delivery, including implementing reforms and the PBGs to establish autonomous service providers and, where feasible, public-private partnerships.",0.7354574203491211
"Procurement approach for key consultancy contracts: The Project will finance audit services, which will be procured through the Least Cost Selection procurement method.",0.22692201354286887
"The current state of the construction market has sufficient competition to offer the best value under all equal conditions, even taking into account the regionality, so that the construction market is quite competitive.",0.871374477039684
â¢ Procurement Process: The capacity of Project beneficiaries to prepare comprehensive designs and technical specifications for defined investments is limited.,0.21896691755814987
"To promote transparency, efficiency, and value for money under the country's public procurement system, the PPL provides for e-procurement system.",0.7719132683493874
The following details shall also be published in the United Nations Development Business and Bankâs external website: (a) an invitation for bids for procurement of goods and works following open international market approaches; (b) Request for Expression of Interest for selection of consulting services following open international market approaches; and (c) contract award details of all procurement of goods and works and selection of consultants.,0.15532695163380017
"Summary Procurement Plan â Description Total PP (US$) 1 Goods 3,380,000 1 Works 165,574,389 2 Consulting Services 6,688,938 3 Grants Results-based grants to service providers 18,000,000 4 Trainings 630,000 5 Additional Project Costs (Operational Expenses) - PCU Staff and Non-Procured 5,646,960 6 Component 5 â Contingent Emergency Response - Total 199,920,286 Financial Management 19.",0.6916710246693004
"Given that earlier Bank-financed projects in the Kyrgyz Republic have 9 The World Bank Kyrgyz Republic: Water Supply and Sanitation Universal Access Program -1 Project (P500620) experienced issues with sub-optimal designs and underestimated investment costs, and the generally low, albeit improving, capacity of the local consulting industry, reviewing designs is required to mitigate existing risks.",0.9031407616355203
The Government of the Kyrgyz Republic has set an ambitious target to supply centralized drinking water and achieve universal access to at least basic water supply by 2030.,0.24578944119540128
The government strategy builds upon more than two decades of infrastructure investments that have resulted in significant progress on WSS access and related health outcomes.,0.8232629082419656
"Between 2001 and 2023, 839 of the 2,014 villages benefited from infrastructure investments, leading to an additional 1.7 million people with access to improved water supply and a cumulative 6.5 million people with access to basic water supply.",0.926097262989391
"Of these, 84 (96,600 people) have planned interventions, and the remaining 279 villages require financing.",0.5470666451887651
"An additional 617 settlements (rural and urban) require some upgrade or service expansion to cover approximately 280,000 people.",0.8026148189197887
The program aims to gradually address the infrastructure gap by covering the last mile of villages while supporting service upgrades in the served settlements.,0.8146452470259233
"Phase 1 will focus on three strategic areas: (i) establish a framework for accelerating WSS infrastructure investments and capacity development in the country; (ii) progressively develop climate-resilient WSS infrastructure and enable water supply access in unserved settlements of the Kyrgyz Republic, and (ii) test and quick start the implementation of a PBG financing mechanism to incentivize service delivery efficiency and enable climate adaptation.",0.9039770473133434
"1 The World Bank Kyrgyz Republic: Water Supply and Sanitation Universal Access Program -1 Project (P500620) Component 1 â Water Supply Investments (US$143.75 million, of which US$61.55 million IDA credit, US$8.45 million IDA shorter maturity loan, US$50.00 million co-financing credit from the AIIB, US$ 3.75 million parallel financing grant from AIIB and US$20.00 million co-financing credit from the OPEC Fund) 4.",0.900340427051891
"This component will finance the construction and upgrade of water supply systems in 126 unserved rural villages in priority regions, targeting 450,000 people.",0.9177954413674094
"World Bank and AIIB co-financing for this component will focus on priority investments in Chui, Issyk-Kul, and Osh regions.",0.8791275024414062
"Additional village water supply system upgrades to ensure universality and service improvements will be covered through ADB financing in the Naryn Region53 (US$ 32 million serving 36,000 people) and IsDB financing in the Jalalabad Region.",0.9095430374145508
This sub-component will finance the design and construction of climate-resilient water supply systems in 48 currently unserved settlements in the target regions.,0.7092299027876421
"The first phase will prioritize settlements with a population of at least 1,000 people to ensure the economic 53 The AF for the Kyrgyz Republic: Naryn Rural Water Supply and Sanitation Development Program was approved in September 2024 and comprises a $27 million concessional loan and a US$5.35 million grant from the Asian Development Fund, and a contribution from the Government of the Kyrgyz Republic of $6.45 million.",0.9391156109896573
Source:  coverage-kyrgyz-republic 2 The World Bank Kyrgyz Republic: Water Supply and Sanitation Universal Access Program -1 Project (P500620) viability of the water supply services.,0.5443713014776056
"Specifically, the Project will finance resilient water source development, water treatment infrastructure (mostly ultraviolet disinfection systems) to ensure high drinking water quality, robust transmission and distribution networks capable of withstanding extreme weather conditions targeting 128,000 people in Chui, Osh, and Issyk-Kul regions.",0.8861333673650568
"This sub-component will finance the engineering design, rehabilitation, and upgrade of targeted water supply system upgrades in 78 villages and district centers in Aksu, Alai, Aravan, Karakulja, Kara Suu, Panfilov, Sokuluk, and Uzgen districts (around 322,000 beneficiaries).",0.8981855565851385
"The upgrades will prioritize investments with demonstrated impacts on service reliability, financial viability, and climate resilience in (i) settlements with low access and dilapidated infrastructure, (ii) economically important settlements (including secondary cities and district centers) with poor performing infrastructure and low service quality, and (iii) other settlements requiring service upgrades.",0.9317941665649414
"Specifically, the Project will finance investments focused on source and storage increase and management efficiency, network hydraulic improvements to reduce non-revenue water and expansion to secure water supply to communities affected by droughts in the face of climate variability, ensure efficient water management, and reduce vulnerability to climate impacts.",0.8251806605945934
"Ten of the larger systems serving small towns (approximately 145,000 people) will also benefit from solar power installations and pumping station upgrades to improve energy efficiency.",0.48170501535589044
"Cost estimates for water supply investments Number of Design and Population Population Construction Total costs â Rayon Village population Supervision costs 2024 2035 costs (US$) (US$) 2028 (US$) Total for the country 126 426,164 450,357 496,047 136,502,711 6,825,136 143,327,847 Sub-component 1.1 48 120,946 127,812 140,779 41,378,346 2,068,917 43,447,264 Osh oblast 47 119,511 126,296 139,109 40,760,330 2,038,017 42,798,347 Karakuljinskiy 10 29,120 30,773 33,895 9,599,955 479,998 10,079,953 Kara Suu 19 41,297 43,641 48,069 14,587,677 729,384 15,317,061 Uzgen 8 14,484 15,306 16,859 5,437,834 271,892 5,709,726 Aravan 7 17,884 18,899 20,817 5,903,811 295,191 6,199,002 Alai 3 16,726 17,676 19,469 5,231,053 261,553 5,492,605 Issik Kul Oblast 1 1,435 1,516 1,670 618,016 30,901 648,917 Aksuu 1 1,435 1,516 1,670 618,016 30,901 648,917 Sub-component 1.2 78 305,218 322,545 355,268 95,124,365 4,756,218 99,880,583 Osh oblast 35 122,013 128,940 142,021 37,664,719 1,883,236 39,547,955 Karakuljinskiy 1 4,535 4,792 5,279 1,319,665 65,983 1,385,648 Kara Suu 3 10,541 11,139 12,270 3,203,046 160,152 3,363,199 Uzgen 1 5,105 5,395 5,942 1,485,532 74,277 1,559,809 Aravan 29 100,230 105,920 116,666 30,966,537 1,548,327 32,514,864 Alai 1 1,602 1,693 1,865 689,939 34,497 724,436 Chui Oblast 29 147,703 156,088 171,924 45,430,041 2,271,502 47,701,543 Sokuluk 23 123,611 130,628 143,881 37,778,440 1,888,922 39,667,362 Panfilov 6 24,092 25,460 28,043 7,651,600 382,580 8,034,180 Issik Kul Oblast 14 35,502 37,517 41,324 12,029,605 601,480 12,631,085 Aksuu 14 35,502 37,517 41,324 12,029,605 601,480 12,631,085 Component 2 â Sanitation Development (US$29.00 million IDA credit) 7.",0.8982201489535245
"The Project will finance: (i) construction, rehabilitation/retrofitting of decentralized sanitation systems, including toilet upgrades for vulnerable households and selected public institutions (schools, kindergartens, hospitals, and health centers) in all 126 target settlements, thereby enhancing community resilience to climate-related health risks; (ii) TA, equipment and works for FSM services improvement, including the 3 The World Bank Kyrgyz Republic: Water Supply and Sanitation Universal Access Program -1 Project (P500620) guidelines for fecal sludge collection, transport, treatment, and re-use, which contributes to climate mitigation by preventing the release of methane from untreated waste; (iii) the implementation of a sanitation marketing and behavioral change strategy to incentivize the adoption and use of improved WASH and behaviors that are essential for climate resilience and mitigating the pressures on water resources; and (iv) TA for the assessment and engineering design of centralized and decentralized sewerage infrastructure in priority settlements where technically, financially, and environmentally feasible, aiming to improve water quality and public health while reducing environmental pollution and enhancing ecosystem resilience against climate impacts.",0.9380532178011808
The Project will engage sanitation marketing TA to provide strategic design and lead the implementation of the marketing campaign targeting the beneficiary households.,0.2674565315246582
The Project will finance FSM business development support to private and municipal operators on a competitive basis.,0.9382878216830167
"Operators will be selected based on their service improvement plan, including (i) quality of services at an affordable and predictable price, (ii) willingness to be regulated and join a service monitoring platform, and (iii) expanding emptying services in currently unserved areas.",0.26565098762512207
"The Project will specifically finance market assessment TA, business structuring, pricing, and customer services, and the development of call centers and other IT platforms to facilitate FSM service delivery.",0.9020350196144797
"Cost estimates for sanitation investments # of Total cost for Cost for FSM, Schools Total cost for on- Design and # of Cost of hh School toilets Kindergarten # of Clinics toilets institutional including Total cost â Rayon and site sanitation supervision Vacuum sanitation (US$) toilets (US$) clinics (US$) sanitation equipment (US$) Kidergar systems, USD (US$) trucks (US$) (US$) (US$) ten Total for the country 132 9,170,000 3,960,000 125 5,000,000 18,130,000 906,500 19,036,500 38 1,890,000 8,241,678 29,168,178 Osh oblast 83 5,740,000 2,490,000 81 3,240,000 11,470,000 573,500 12,043,500 25 1,230,000 4,577,421 17,850,921 Karakuljinskiy 10 700,000 300,000 10 400,000 1,400,000 70,000 1,470,000 3 165,000 535,795 2,170,795 Kara Suu 22 1,540,000 660,000 22 880,000 3,080,000 154,000 3,234,000 7 330,000 885,149 4,449,149 Uzgen 9 630,000 270,000 9 360,000 1,260,000 63,000 1,323,000 3 135,000 307,408 1,765,408 Aravan 38 2,660,000 1,140,000 36 1,440,000 5,240,000 262,000 5,502,000 11 540,000 2,661,304 8,703,304 Alai 4 210,000 120,000 4 160,000 490,000 24,500 514,500 1 60,000 187,765 762,265 Chui Oblast 33 2,310,000 990,000 29 1,160,000 4,460,000 223,000 4,683,000 9 435,000 2,633,913 7,751,913 Sokuluk 25 1,750,000 750,000 23 920,000 3,420,000 171,000 3,591,000 7 345,000 2,128,736 6,064,736 Panfilov 8 560,000 240,000 6 240,000 1,040,000 52,000 1,092,000 2 90,000 505,177 1,687,177 Issik Kul Oblast 16 1,120,000 480,000 15 600,000 2,200,000 110,000 2,310,000 5 225,000 1,030,343 3,565,343 Aksuu 16 1,120,000 480,000 15 600,000 2,200,000 110,000 2,310,000 5 225,000 1,030,343 3,565,343 10.",0.9395500529896129
"The Project will prioritize the design of sewerage pipelines capable of withstanding harsh weather conditions and wastewater and fecal sludge reuse solutions that enable methane capture for 4 The World Bank Kyrgyz Republic: Water Supply and Sanitation Universal Access Program -1 Project (P500620) settlements with multi-story buildings, whose sanitation systems are currently a source of environmental pollution, including groundwater contamination.",0.6572291200811212
"The Project will finance PBGs to DWSSPs to improve service delivery and sustainability, and the implementation of the professional and vocational training program.",0.028604539957913486
"The PBG allocation per district was estimated using the WSS district aggregation financial model, which considered planned infrastructure improvements, enhanced service levels, and operational efficiency.",0.828404426574707
"The Project will finance PBGs for eight DWSSPs (out of the ten planned for Phase 1) and will cover the start-up activities and operational and structural investments that are critical to enabling the operational and financial efficiency of the DWSSPs, and the resilience of water supply systems against climate variability.",0.5333630821921609
"Funding for the PBGs will be aligned with the DWSSPs institutional and service development plans and will focus on increasing DWSSP's service management capacity, innovative solutions for service expansion and climate resilience, asset management and operations, digital solutions for customer services and feedback, tariff-setting procedures, financial management, and service monitoring and reporting.",0.8447246551513672
This two- part design will enable service quality improvements to occur rapidly whilst the process of establishment and increasing revenue can occur gradually.,0.2270874110135165
"Other sector players, such as professionals working with consulting firms and contractors, 6 The World Bank Kyrgyz Republic: Water Supply and Sanitation Universal Access Program -1 Project (P500620) will also be eligible to attend the program training to enhance the capacity of service providers, particularly on non- conventional engineering topics such as FSM and sanitation marketing, among others.",0.2009699127890847
"Component 4 â MPA Program Structuring and Management, and Institutional Development Support (US$9.25 million, of which US$9.00 million IDA credit, US$0.25 million parallel grant from AIIB, and in kind counterpart financing) will finance technical assistance and institutional capacity building for the establishment of a program management framework and WSS infrastructure development capacity.",0.6324490633877841
"Specifically, the component will finance (i) TA and training for the development of the program management tools, including standard E&S instruments, implementation manuals and protocols, to enhance coordination and Program implementation efficiency, and a M&E, and the M&E systems, including program results tracking and sector coordination; (ii) TA for the preparation of investment packages, engineering design, and E&S instruments for future interventions planned for the subsequent phases of the MPA, using WB-RWIDB; (iii) Incremental operating costs, TA and equipment for program management; (iv) TA, equipment and services to support a knowledge development program and communications strategy for the MPA aiming to build awareness and understanding among stakeholders about the importance of accelerated WSS access, service delivery sustainability and climate resilience; (v) TA for the preparation of service contract agreements between the operator and asset owner and the PBG independent verification; vi) TA for targeted policy regulations, particularly focused on the implementation of the new service aggregation model and tariff framework.",0.5361692688681863
"Water supply investments are divided in two batches, starting with the low-complexity and easy to design subprojects.",0.7844627553766425
Water Supply Investments First batch of villages with low-complexity subprojects (45 villages) Selection of design and supervision firms 7 Detailed Engineering Designs 10 Selection of construction firms 9 Construction works 18 Commissioning 12 Second batch of villages with medium-high complexity subprojects (64 villages) Selection of design and supervision firms 8 Detailed Engineering Designs 12 Selection of construction firms 9 Construction works 24 Commissioning 18 Component 2.,0.9021293466741388
Sanitation Development Onsite Sanitation Selection of design firm for sanitary facilities for households and public institutions 7 Detailed Engineering Designs 8 Selection of construction firms 6 Construction works 30 Commissioning 27 Sanitation Marketing activities 46 Component 3.,0.9289347908713601
Performance-based Service Improvement Program Selection of the IVA 6 Institutional pre-requisites (legal establishment and institutional development 12 Initial verification and fixed grant disbursement 3 Second verification and first variable grant verification 3 Selection of the training providers for the PVDP 6 Implementation of trainings 49 8 The World Bank Kyrgyz Republic: Water Supply and Sanitation Universal Access Program -1 Project (P500620) Economic and Financial Analysis 22.,0.14763036641207608
"The economic benefits from the Project will derive from improvements in the quality of water supply services to households and from sanitation services to households and schools, pre-schools and other public buildings.",0.8660508069125089
"Investments in rural water supply systems are expected to result in improved water quality, expanded access to improved water sources, increased duration of water supply, and reduced seasonal variation.",0.6422793214971368
"Improving these services will enhance welfare by reducing coping costs (for example, time saved from water collection and reduced need for in-house drinking- water treatment, reduced household investments in water storage systems and, in some areas, elimination of the need to purchase water from tanker trucks).",0.3107538006522439
"World Bank financing for the first phase of the program will invest in improved water supply services for approximately 450,000 residents in 126 villages, as well as provide improved sanitation facilities for households and public institutions.",0.8956849358298562
"The beneficiary population is projected to increase approximately 1.4 percent per year over the next 10 years, to 489,247; after 2035, this analysis has assumed a stable beneficiary population.",0.09494636275551536
"The Projectâs economic analysis consists of a cost-benefit analysis projected over a 25-year period, including a four- and-a-half-year implementation period.",0.7136293324557218
"Costs consist of all investment costs of Components 1 and 3 (water supply investments and performance-based grants for water and sanitation service providers) and Component 2 (sanitation improvements for households and public institutions), as well as expected operating costs (assumed to be five percent of capital investment costs).",0.9092810370705344
"Expected benefits are based on results observed from earlier projects in the country, namely the Rural Water Supply and Sanitation Projects (RWSSP 1&2).",0.7950803583318536
"Operating costs and Project benefits are expected to be realized in the year following the implementation of each sub-project, and therefore increase incrementally each year until all Project investments are completed.",0.8738799528642134
"Given the rolling nature of sub-project construction, some benefits will begin to be observed in 2028, with full implementation (and benefits) in 2031.",0.8849746530706232
"Project benefits and the main assumptions of the analysis are as follows: â¢ Project Investment Costs: Component 1: US$ 143.75 million Component 2: US$ 29.0 million Component 3: US$ 22.0 million â¢ VAT: 12 percent, applied to 95 percent of costs of Components 1 and 2 9 The World Bank Kyrgyz Republic: Water Supply and Sanitation Universal Access Program -1 Project (P500620) â¢ Operating Costs: Five percent of investment costs of Components 1, 2 and 3 â¢ Reduced time in collecting water: Based on results obtained from earlier operations in the country (SRWSSDP, RWSSP 1&2), a reduction from approximately two hours to around 30 minutes of time for collecting water has been assumed.",0.9194260510531339
"Under these assumptions, the Project is projected to generate annual benefits of US$39.0 million upon full Project implementation.",0.8755320635708895
"Well-established benchmarks for the region are used in terms of energy requirements to boil water (0.09 kWh per liter of water), at an economic cost of only US$ 0.03 per kWh.55 Under these assumptions, the Project is expected to generate annual benefits of US$1.57 million from energy savings linked to boiling water.",0.8410425186157227
"Based on the above assumptions, an implementation period of four-and-a-half years, and a total projection period of 25 years (including implementation), the projected net cost-benefit stream yields an ERR of 22.7 percent and an NPV, using a five percent social discount rate of US$263.9 million.",0.8370343121615323
Incorporating the value of the reductions into the economic analysis results in an ERR of 22.8 percent using the low value of GHG emissions and an ERR of 22.8 percent using the high value.,0.5324136127125133
"55World Bank staff reported that both the economic cost and actual cost of electricity in rural areas is KGS 3 per kWh, or US$ 0.034 per kWh.",0.6833008419383656
"This is a very low number, and only a fraction of the economic cost presented in the World Bankâs 2012 report: Europe and Central Asia Balancing Act; Cutting Subsidies, Protecting Affordability, and Investing in the Energy Sector in Eastern Europe and Central Asia Region .",0.9503621188077059
"Poor water resource management, aggravated by limited development of these water resources, further impact already fragile livelihoods, worsening economic and human capital outcomes.",0.08065409551967274
The latest estimates for 2023 suggest that Maliâs gross domestic product (GDP) per capita is US$897 (current prices).,0.6852484182877974
"In Kayes, where households depend on remittances and livestock, poverty is lower (41.4 percent), and the lowest poverty rates are in Bamako (15.8 percent) and Kidal (4.9 percent).4 Mali ranks 153 out of 166 countries on the Gender Inequality Index, reflecting significant challenges in reproductive health, empowerment, and economic status of women.5 1 The Kabala program, which the government launched in 2013 with the support of seven donors, is designed to increase water production and expand services in unserved neighborhoods of Bamako.",0.8755431608720259
"It is projected that, unless urgent investments in climate adaptation are made, Maliâs annual GDP will have shrunk by roughly 10.7 percent by 2050, with 2.2 million additional people in poverty, mainly because of shocks related to climate change.10 B.",0.5302732207558372
"Because of years of climate shocks, compounded by poor water service management (e.g., underinvestment, failure to anticipate high population growth, poor service provider performance in rural areas), water supply services fail to deliver an adequate amount of good-quality water.",0.6501642140475187
The urban water perimeter covers 90 centers but lacks the resources to upgrade their systems.,0.3806456652554599
"To address these challenges, the government launched the Kabala program in 2013 with seven donors to increase water production and expand services in unserved neighborhoods of Bamako, but incomplete funding limits service delivery.",0.8019188100641425
"Expansion of the urban sector zone in 2018 to include 72 additional secondary centers with low coverage (31 percent, compared with 64 percent in the original 18 centers),15 has hindered the countryâs ability to meet the Sustainable Development Goals and to charge adequate tariffs for services, 16 exacerbating the sectorâs financial situation.",0.9154020656238903
"Mali's water tariffs, which have remained unchanged since 2004, are among the lowest in West Africa, are insufficient to cover operating expenses, and do not allow for necessary investments in climate resilience.",0.6540440212596547
"In 2020, a World Bank-funded study on the financial viability17 of the sector recommended debt relief in the short term to stabilize the sector, and the introduction of structural policies in the medium and long term, such as (i) socially acceptable tariff adjustments; (ii) subsidy compensation; and (iii) payment of the reform costs promised to SOMAPEP-SA when the assets of the former Eau et Energie du Mali were separated.. SOMAPEP's precarious financial situation and level of debt is a major constraint on increasing urban service coverage and improving performance.",0.2889898690310391
"16 Under the now-closed Mali Urban Water Supply Project (P122826), the Bank has financed feasibility studies for improvement of the water supply in 20 secondary towns that SOMAPEP-SA and SOMAGEP-SA serve.",0.47355816581032495
" The World Bank Mali Water Security Project (P181538) Although SOMAGEP-SA's service delivery performance is generally satisfactory, insufficient funding and lack of commercial viability of secondary centers it manageshinder its ability to provide climate-resilient water services.",0.3912136337973855
"Non-revenue water (NRW) and energy costs pose significant challenge to the water sectorâs financial sustainability and contribute to increased greenhouse gas (GHG) emissions.. With current network efficiency at less than 62 percent, which is considered very poor compared to the efficient range of 80 to 85 percent, there is a need for more water abstraction, which in turn further exacerbates the drought crisis.",0.4312617128545588
The financial model developed to monitor the sectorâs financial viability identified tariff adjustment as a way to increase water usage efficiency and enhance the financial sustainability of the water utility sector but these measures have not been implemented by the government.,0.4641678116538308
"According to SOMAGEP-SA, the main reasons behind the increase in NRW between 2018 to 2024 were (i) the commissioning of the new Bamako (Kabala) Water Treatment Plant, which puts pressure on the older network, causing numerous water leaks; (ii) water production that generates no revenue in towns experiencing insecurity (e.g., Kidal); and (iii) poor network quality in the 72 secondary centers added to the urban perimeter in 2018.",0.8623515909368341
"Through the Bamako Urban Resilience Project (PRUBA, P171658),19 the World Bank is developing two major fecal sludge treatment plants, 800 sanitary blocs, and 20,000 household latrines.",0.6177952939813788
"Given vulnerability to climate change and other water security challenges that Mali faces, an integrated approach is crucial to sustain economic development and reduce fragility.",0.9340521205555309
The proposed project will enhance drought and flood resilience by supporting sector development through a comprehensive water-management approach focused on increasing access to drinking water as a continuation of the Kabala investment program in Bamako and selected cities while protecting associated water resources at the sub-basin level.,0.8410733829845082
"The project will support important climate-resilient water investments for water supply, water source conservation, and operational and institutional measures to enhance sector performance such as reducing NRW and priority reforms.",0.47442908720536664
"The project will not only address immediate water access and quality concerns, but also lay the groundwork for long-term resilience and contribute to water-related job growth and economic activity.",0.723203485662287
"In supporting these activities, the project will help build a stable, sustainable future for the country; reduce the risks of water-related conflicts; and support economic growth in vulnerable regions.",0.8453275507146661
"19 250 million IDA aims at increasing access to urban waste, sanitation, and water services, increasing resilience to floods in selected vulnerable areas of Bamako and targeted neighboring communes, and increasing urban management capacity.",0.7558754140680487
 The World Bank Mali Water Security Project (P181538) Table 1: Project Development Objectives and Indicators PDO outcomes Outcome Indicators Increase access to improved drinking â¢ Lowered non-revenue water (NRW) (percentage) water supply in selected cities â¢ People provided with at least basic water (Number of people) (corporate scorecard).,0.8557625683871183
"Ac vi es Output Intermediate results Outcomes (PDO) Long term outcomes ncrease access to im roved Construc on rehabilita on of Water systems drin ing water su l in water supply infrastructure rehabilitated built selected ci es under the project Dra ing of water leaks Boreholes Addi onal storage capacity achieved under the project (m3) Number of people provided detec on methodology Household connec ons constructed under the project with at least access to basic constructed rehabilita Ac vity of water supply (Number) water in the project area ted Standpipes built rehabilitated (Unit) ected long network sectoriza on Water tanks Lowered non revenue water constructed rehabilita number of leaks detected and treated monthly on average (NRW) (percentage) term outcomes ted Opera ng cost ra o of are as follow Solar panels installed SOMAGEP improved (a) improved Capacity reinforcement living building Grievances addressed in project approved meline condi ons of behavior change (Percentage) popula on Reduc on in the average me women spend in water communica on and collec on (percentage) Ci zen Engagement (b) Be er resilience to master plan for water climate planning around current and development and future uses of water sources variability management (SDAGE) used for water supply developed, and shocks rehabilita on and construc on rainwater harves ng (drought and and storage nhance conserva on of water ex.",0.8769794810901989
"Rainwater harves ng and ood) infrastructure built sources in selected ci es storage, spreading and Water source River bank stabilized, Landscapes under enhanced percola on protected Monitoring network for water resource quan ty and quality established conserva on and or Watershed and plain restora on Areas restored against sustainable management and its related natural resources erosion (terrestrial and inland water areas) (Hectare(Ha))  The World Bank Mali Water Security Project (P181538) C. Project Beneficiaries 15.",0.6847492998296564
"It is estimated that at least 497,000 people will benefit directly from project investments, approximately half of whom are women and 19.2 percent youth.",0.7236257899891246
"Categories of beneficiaries include: â¢ 227,000 people with access to at least basic water services â¢ 270,000 people who will benefit from improved service quality â¢ 30,000 people in rural areas near project implementation cities who will benefit from ecosystem restoration D. Project Components 16.",0.1373032439838756
"Component 1: Water supply in Bamako and selected secondary centers (US$87 million equivalent): This component will ensure safe access to drinking water in the face of climate changeâexacerbated droughts and floods, by supporting development of efficient, well-performing drinking water services in Bamako and selected secondary towns.",0.7955971631136808
"Subcomponent 1.1: Water supply systems in secondary centers (US$47 million): This subcomponent will construct water supply systems to enhance drought resilience by increasing access to water supply services in selected secondary urban centers through the construction of water supply systems in three selected secondary centers: Mopti, San, and SÃ©varÃ©.",0.17190339348532938
"The works to be carried out include construction of water supply systems in secondary urban centers including (e.g., boreholes for production of 24,400 m3/day, tree pumping stations with mixed energy (solar/grid), four 2,000-m3 elevated water tanks and one 1,000-m3 ground-level water tank, water distribution networks, water transmission pipes, social household connections, community standposts) and implementation of protection zones in compliance with national legal requirements upstream of the water production boreholes in the targeted centers.",0.8930297331376509
"Subcomponent 1.2: Water supply systems in Bamako (US$28 million): This subcomponent will increase drought resilience by constructing and supervising water supply systems in Bamako, mainly a 9-km transfer from Djikoroni Para to Missira, a pumping station at Missira, a 6-km transfer from Missira to Kati-Sud, a 2,000 m3 elevated water tank, the distribution network, and household connections.",0.51664738221602
"Subcomponent 1.3: Management of non-revenue water (NRW (US$12 million): This subcomponent will enhance drought resilience by improving the quality of water supply services and reducing energy use by reducing network loss, improving metering for households and large consumers (companies, administration), procuring equipment to ease leak detection, replacing poor segments of the network, increasing capacity for network mapping, and establishing district metering areas (DMAs).",0.45729251341386273
"Activities under this subcomponent include rehabilitation of networks to replace 100 km of poor segments in BafoulabÃ©/Mahina, Bamako, Dioila, and OuÃ©lessÃ©bougou; establishing district metering areas in Bamako for efficient metering and water supply network management; renewing household and distribution meters for BafoulabÃ©/Mahina, Bamako, Dioila, OuÃ©lessÃ©bougou; installing production meters in BafoulabÃ©/Mahina, Dioila, and OuÃ©lessÃ©bougou; providing technical assistance to SOMAPEP-SA and SOMAGEP-SA to improve technical and commercial performance; procuring equipment to ease leak detection building; and building capacity for network mapping and reinforcement.",0.6976479617032137
"Such measures will reduce operating costs (a 5 percent reduction in water loss generates 24,255 m3/day of water); increase revenue (and thereby increase financial viability); and reduce the amount of water abstracted from water sources, thus increasing drought resilience.",0.5270963148637251
Component 2: Enhancing conservation of water sources (US$8 million equivalent): Infrastructure investments in Component 1 are closely tied to the water resources they depend on and are affected by climate change.,0.5290741920471191
"To ensure a climate-resilient water supply, this component will support (i) climate-resilient planning of current and future uses of water sources connected to infrastructure investments under Component 1 of the project; (ii) provide DNH and other institutions with data and tools to manage water resources securely (including strengthening the monitoring network for water resource quantity and quality [e.g., at raw water production sites] and effectively communicating monitoring results); (iii) reinforce water allocation tools on the Niger River in collaboration with the Niger Basin Authority to ensure effective management and equitable distribution of vital water resources; (iv) evaluate basin-level dynamics (including turbidity) of water from the Niger and Senegal rivers that is tapped for the selected secondary centers, including through dialogue and coordination with key stakeholders; (v) implement NBSs in collaboration with local communities to support soil and riverbank stabilization in selected areas; (vi) establish and implement immediate protection and close protection areas; and (vii) restore landscapes to preserve and enhance the natural recharge of identified aquifers and the application of NBSs to contribute to climate change mitigation.",0.6232044480063699
"The World Bank has been supporting Mali in the water sector since 2007 through the Niger Basin Authority (Autorite du Bassin du Niger -ABN).21 Since 2011, the World Bank has supported the government of Mali in urban water sector reform, including creation of SOMAPEP-SA (asset holding company) and SOMAGEP-SA (water operator utility).",0.5791778564453125
"The World Bank has also supported the investment program associated with this reform with the US$130 million Mali Urban Water Supply Project (PEMU, P122826) implemented from 2013 to 2022.",0.9058615944602273
"Currently, the water sector in Bamako is being supported through the PRUBA project (P171658), an urban development project with a water and sanitation component.",0.2375773083079945
"During implementation of previous project (PEMU), it was difficult to change the initially estimated number of social household connections in certain cities, even though demand for connections was less than planned.",0.20506501197814941
"Thus, the project will provide prepaid public standposts (public water points for which people pay ahead for the service through a vending machine) that can be relocated based on the needs of the area to avoid locking communities in as the network evolves.",0.019045759331096302
Service expansion must be combined with network performance improvement to deliver good-quality services.,0.41699725931341
"The increase in production and pressure in the network after the commissioning of the Kabala treatment plant in 2019 contributed to deterioration in the performance of the Bamako water network, which had been under pressure for a long time, falling from 76 percent in 2019 to 62 percent in 2024.",0.117351618680087
"To reduce this decline in performance and thus increase revenues, the project will reduce NRW and strengthen the network.",0.7946167859164152
"In an effort to enhance the financial viability of the sector, this project will support initiatives aimed at reducing operational costs, NRW, commercial losses, and network inefficiencies.",0.3323159868066961
"These measures are intended to increase cost recovery and revenue for the utility, ultimately narrowing the financial gap of the sector.",0.5332298712296919
The project team will continue policy dialogue with the government to allow for development of alternative solutions to sustain the financial viability of the urban water sector.,0.7328368967229669
"The project is anchored in SOMAPEP- SA, which has a strong project management team that has handled several investment projects, including the World Bankâfinanced PEMU (P122826) in the framework of the Kabala investment program, which has many donors.",0.7988007285378196
Figure 2: Institutional Relationships: Mali Water Security Project Water supply systems COMPONENT 1 in secondary centers Water supply systems Water supply in Bamako investment Management of non inistr of revenue water NRW nerg and ater COMPONENT 2 Enhancing the Enhancing the conserva on conserva on of the of the water water sources sources B.,0.8008080395785245
The water investment program that the proposed project supports originates from a priority investment program that SOMAPEP-SA designed with the assistance of SOMAGEP-SA to restore water services in critical areas of Bamako and other targeted secondary centers and to maximize the impact of the facilities built under the earlier phases of the Kabala program and those supported by a previous multi-donor Kabala program.,0.7995261279019442
"The proposed rehabilitation and expansion of water production facilities, feeder pipes, storage and pumping facilities, water distribution networks, and service connections is designed to increase the quantity of water available to existing customers and the quality of service.",0.6137650229714133
The proposed project will help provide sector actors with the tools to create financial viability and increase their capacity to conduct their missions.,0.7503097707575018
"SOMAPEP-SA and SOMAGEP-SA have demonstrated their capacity to implement these programs, including managing expansion projects in close coordination with identification of connection beneficiaries.",0.6791013804349032
"The project is also aligned with the World Bankâs G5 Sahel Country Climate and Development Report (CCDR), as the CCDR recommends developing improved integrated water resources management (IWRM) governance and diversifying water sources by leveraging surface and groundwater, both activities included in the proposed project.",0.03767245466058904
The project will prioritize solar energy for pumping and treatment 2 The World Bank Mali Water Security Project (P181538) whenever economically and technically feasible.,0.47066796909679065
Climate-resilient measures to be used to protect project investments include placing key infrastructure outside flood zones and areas prone to landslides and using materials that can withstand extreme temperatures.,0.579015775160356
Investments in water infrastructure such as tanks and water distribution networks will consider recommendations from the Resilient Water Infrastructure Design Brief to ensure design that is resilient to drought and flood.,0.7663992101495917
World Bank support will generate significant economic and financial benefits that will enhance the quality of the drinking water service.,0.8577199415727095
Rationale for public sector financing.,0.2568733908913352
"In the most recent Country Opinion Survey in Mali (conducted in June/July 2023), stakeholders surveyed identified water supply and sanitation infrastructure a high priority for World Bank Group support to Mali.",0.5031746517528187
"The public sector's contribution to ensuring development of the drinking water sector is crucial for several reasons: rapid urbanization is exacerbating the existing structural deficit observed in the supply of drinking water services, which justifies continued public financial support for the sector's development; SOMAPEP-SAâs revenues are insufficient to sustain a viable self-financing policy of water infrastructure; private sector involvement in financing drinking water infrastructure is limited, as the involvement of several traditional donors in the Kabala program (including World Bank, European Investment Bank, French Development Agency, African Development Bank) underscores; and development of the informal sector is unregulated, leading to a resurgence in water security problems.",0.8991566571322355
"In light of the above-mentioned development challenges, a strong commitment from and involvement of the public sector and related agencies can increase access to water infrastructure and services.",0.7186638225208629
"The project's economic internal rate of return is 11.3 percent, with a net present value (NPV) at 6 percent discount rate of US$44.9 million.",0.9233376763083718
These indicators show that the economic results that the project will generate are satisfactory.,0.07952563871036876
These indicators are robust despite the sensitivity of the economic internal rate of return to a sharp change in investment costs.,0.7599991018121893
"A 20 percent increase in investment costs lowers the economic internal rate of return to 8.9 percent, and an analysis using financial prices shows that the financial rate of return is significant (15.7 percent), because of the vigorous action taken to manage NRW such as NRW pilot supported by Dutch Cooperation.",0.9322117025201971
Economic Analysis Indicators for Mali Water Security Project Economic internal rate of 11.3% return NPV @6% US$44.9 million NPV @10% US$6.9 million B/C 1.5 51.,0.921005595814098
"When shadow prices of carbon (lower and upper limits) are considered to assess the economic viability of the project, the economic internal rate of return of the project rises from 11.3 percent to between 14.5 and 17.8 percent, and the NPV rises from US$44.9 million to between US$70.3 million and US$98.3, which indicates that the project is not only economically viable, but also contributes to the global public good.",0.899605317549272
Table 3: Project Cost-Benefit Analysis with Economic Impact of Greenhouse Gas Emissions Low estimate NPV @6% US$70.3 million NPV @10% US$22.8 million Internal rate of return 14.5% High estimate NPV @6% US$98.3 million NPV @10% US$39.3 million Internal rate of return 17.8% B.,0.9088515368374911
The project procurement strategy for development (PPSD) describes how fit-for-purpose procurement activities will support project operations to achieve development objectives and value for money.,0.7003584775057706
"The project will also finance technical assistance to SOMAPEP-SA and SOMAGEP-SA to enable the sector to achieve financial viability and improve technical and commercial performance, including customer management over the entire urban transferred area.",0.8792368281971324
"In addition, the tightening of financing conditions in the subregional market increases the cost of financing on the regional market given Maliâs high gross financing needs, and the long-standing risk of further climatic shocks remains.",0.7687576467340643
"The NRW reduction and use of solar energy will contribute to reduce operation cost, increase the sector revenue and therefore improve the financial viability of the utilities.",0.8106856779618696
"RESULTS FRAMEWORK @#&OPS~Doctype~OPS^dynamics@padannexresultframework#doctemplate PDO Indicators by PDO Outcomes Baseline Period 1 Closing Period Increase access to improved drinking water supply in selected cities People provided with at least basic water (Number of people) CRI Sep/2024 Dec/2027 Dec/2029 0 180,000 227,000 â¢People provided with at least basic water - Female (Number of people) CRI Sep/2024 Dec/2027 Dec/2029 0 90,000 113,500 â¢People provided with at least basic water - Youth (Number of people) CRI Sep/2024 Dec/2027 Dec/2029 0 34,200 43,130 Operating cost ratio of SOMAGEP improved (Percentage) Sep/2024 Dec/2027 Dec/2029 116 105 100 Lowered non-revenue water (NRW) (Percentage) Sep/2024 Dec/2027 Dec/2029 40 37 35 Enhance conservation of water sources in selected cities.",0.882360805164684
Frequency Every year Data source SOMAGEP Methodology for Data Ratio of operating costs to revenues.,0.3017249974337491
"Frequency Every six months Data source DNH Methodology for Data Measurement of areas under soil stabilization and reforestation and enhanced natural aquifer recharge because of the Collection project Responsibility for Data DNH Collection Monitoring & Evaluation Plan: Intermediate Results Indicators by Components Component 1: Water Supply investment Storage capacity achieved (Cubic Meter(m3)) Additional storage capacity attributable to the project: 2,000 m3 for Bamako, 5,000 m3 for Mopti-SÃ©varÃ©, and 2,000 m3 Description for San (Gao not considered yet) Frequency Every six months Data source SOMAPEP Methodology for Data Capacity of water tanks built Collection Responsibility for Data SOMAPEP Collection Household connections constructed under the project (Number) the indicator measure the number of households benefiting from household connection through social connections Description financed by the project Frequency Every six months Data source SOMAPEP Methodology for Data Capacity of water tanks built Collection Responsibility for Data SOMAPEP Collection Standpipes built/rehabilitated (Number) This indicator measures the number of standpipes built to allow people to access water for a time of round trip that will Description not exceed 30 minutes and in consultation with beneficiaries.",0.8739661303433505
The World Bankâs principal concern is to ensure that project funds are used economically and efficiently for the intended purposes.,0.15734107927842575
"Flow of Funds Direct payment International Development Agency Designated Account (Commercial Bank) Services, Goods Providers (Contractors, Suppliers) Flow of funds Flow of documents Local Taxes 18.",0.6493283618580211
This PPSD describes how fit-for-purpose procurement activities will support project operations for achievement of project development objectives and deliver value for money.,0.2991272969679399
"Expenditure Contract value Procurement method Contracts subject to prior category Threshold* review/(US$ equivalent) (US$ equivalent) Open competition international market â¥15,000,000 approach and direct contracting â¥10,000,000 1 Projects Open competition national market 500,000â15,000,000 approach â¤500,000 Request for quotation None Open competition international market Goods, information â¥3,000,000 approach and direct contracting technology, and â¥1,500,000 2 Open competition national market non-consulting 300,000â3,000,000 approach services â¤300,000 Request for quotation None National short list <400,000 For consulting services None 3 for selection of For engineering and construction â¤500,000 None consultant firms supervision International short â¥400,000 For consulting services â¥1,000,000 4 list for selection of For engineering and construction >500,000 â¥1,000,000 consultant firms supervision Selection of 5 individual All values All approaches â¥300,000 consultants As agreed in procurement 6 Direct contracting All values â plan Training, Based on approved annual work plan Annual work plan and 7 workshops and All values and budgets budgets study tours 38.",0.4999198913574219
"Component 1: Water supply in Bamako and selected secondary centers (US$87 million equivalent): This component will ensure safe access to drinking water in the face of climate changeâexacerbated droughts and floods by supporting development of efficient, well-performing drinking water services in Bamako and the selected secondary towns (Mopti, San, SÃ©varÃ©).",0.7685402956875887
"Activities under this component will be phased, initially targeting development of drinking water services in urban areas for which technical studies are already available.",0.32676391168074176
"In addition to infrastructure investments, technical assistance will be provided to the Malian Water Assets Holding Company (SociÃ©tÃ© Malienne de Patrimoine de l'Eau Potable, SOMAPEP-SA) and the Malian Drinking Water Management Company (SociÃ©tÃ© Malienne de Patrimoine de l'Eau Potable, SOMAGEP-SA) to improve the overall performance of the sector, in particular its financial viability.",0.7724569494074042
"Component 1 will also lower the amount of non-revenue water (NRW), and facilitate the operation of water systems, reducing energy consumption and thus GHG emissions and thereby increasing sector revenues.",0.2851744131608443
"Works include construction of boreholes for production of 24,400 m3/day, three pumping stations, four elevated 2000-m3 water tanks and one 1,000-m3 ground-level water tank, the water distribution network, water transmission pipes, and social household connections and community standposts.",0.8603647405450995
"Subcomponent 1.2: Water supply systems in Bamako (US$28 million): This subcomponent will construct and supervise works of water supply systems in Bamako, mainly a 9-km transfer from Djikoroni Para to Missira, a pumping station at Missira, a 6-km transfer from Missira to Kati-Sud, a 2,000-m3 elevated water tank, the distribution network, and household connections, to increase drought resilience by increasing access to water services.",0.8082991513338956
This subcomponent will also include exploratory activities to anticipate the need for diversification of 24 In compliance with World Bank resilient water infrastructure design brief.,0.2709016366438432
"Subcomponent 1.3: Management of NRW (US$12 million): This subcomponent will enhance drought resilience by improving the quality of water supply services, reducing energy use through network loss reduction, improving metering for households and large consumers (companies, administration), procuring equipment to ease leak detection, replacing poor segments of the network, increasing capacity to map networks, and establishing district metering areas.",0.49977428262883966
"Activities under this subcomponent include network rehabilitation works to replace 100 km of poor segments in Bamako and three secondary cities (BafoulabÃ©/Mahina, Dioila, OuÃ©lessÃ©bougou); implementation of a district metering area in Bamako for efficient metering and water supply network management; renewal of household and distribution meters for Bamako, BafoulabÃ©/Mahina, Dioila, and OuÃ©lessÃ©bougou; and installation of production meters in BafoulabÃ©/Mahina, Dioila, and OuÃ©lessÃ©bougou.",0.7236879088661887
Bamakoâs water supply system generates almost 60 percent of the utilityâs revenues and has the least -efficient water supply network because of the increase in production and water pressure that affect the old network on the left bank of the Niger River.,0.5296173962679777
"Activities to be financed include technical assistance to SOMAPEP-SA and SOMAGEP-SA to enable the sector to achieve financial viability and improve technical and commercial performance, including customer management over the entire urban perimeter (Bamako and secondary centers).",0.8482595790516246
"By emphasizing consolidation of knowledge and building consensus around resource availability, the project aims to highlight opportunities linked to investments at the sub-basin scale, encompassing groundwater and surface water.",0.8777973001653497
"In addition to the protection zones, this component will focus on preserving and enhancing natural recharge of aquifers experiencing adverse impacts of changing rainfall patterns by restoring landscapes in the aquifer recharge areas and using NBSs, such as reforestation, construction of terraces, and use of contour bunds, which will sequester carbon, helping mitigate climate change.",0.07313023913990367
"Table 5.1 : Greenhouse Gas Emissions According to Subcomponent Table 5.2: Climate Adaptation and Mitigation Contribution According to Activity Components, subcomponents, and Climate adaptation activities and Climate mitigation activities and activities investments investments Component 1: Water supply in Bamako and selected secondary centers (US$87 million) Subcomponent 1.1: Water supply This subcomponent will significantly Activities under Subcomponent 1.1 systems in secondary centers increase drought resilience in Maliâs will reduce GHG emissions.",0.8309051340276544
"(US$47 million) secondary cities by constructing water The subcomponent will finance â¢ Consultant service works supply systems, which will provide construction of boreholes, which supervision (US$2.1 million) reliable, convenient water sources to will lead to a net reduction of 7,502 â¢ Construction of boreholes highly drought-vulnerable populations tons of carbon dioxide equivalent (US$0.9 million) who did not previously have secure water over lifetime.",0.921439604325728
"Because climate change is a This subcomponent will reduce solar panels, network, water major driver of the investments, emissions by 27% for the new tanks, pumps (US$ 40.0 groundwater and surface water sources, boreholes constructed and by 41% millions) which have different climate vulnerability for the water supply system â¢ Household connections levels depending on location, will be used annually from baseline.",0.3404549251903187
"Subcomponent 1.2: Water supply This subcomponent will increase drought systems in Bamako (US$28 resilience in Bamako by construction million) water supply systems, providing the â¢ Consultant service works vulnerable urban population with a more- supervision (US$1.9 million) drought-resilient water supply system that â¢ Meters to count for water will provide convenient, secure access to (US$1.2 million) water during water-scarce periods.",0.7926179712468927
"The â¢ Transmission pipes, network, exploratory activities are designed to reservoir and pumping station increase diversity of water supply systems, in Bamako US$ 24.9 millions thereby increasing drought resilience if certain sources become unavailable during droughts.",0.48178924213756213
"Component 2: Increasing conservation of water sources (US$8 million) â¢ Preparatory studies of NBS activities in this subcomponent, Based on a preparatory study riverbanks (US$0.4 million) including reforestation, soil and riverbank conducted to identify optimal soil (adaptation) stabilization, and establishment of stabilization and reforestation â¢ Preparatory studies of aquifer aquifer protection zones, will enhance solutions, reforestation activities recharge areas (US$0.8 million) natural aquifer recharge, which changing under this component will lead to (adaptation and mitigation) precipitation has severely decreased, by sequestration of 519922 tons of â¢ Civil works for NBSs for increasing vital water storage, which will carbon dioxide equivalent over the riverbank stabilization (US$2.9 increase drought resilience while lifetime of the project.",0.7702227505770597
"million) (adaptation) reducing runoff and erosion, decreasing Long-term maintenance that local â¢ Civil works for NBSs for soil flood peaks and landslides, and water committees will perform will stabilization and reforestation increasing flood resilience.",0.30479457161643286
"5 The World Bank Mali Water Security Project (P181538) ANNEX 6: COST TABLE Mali Water Security Project (PASEMa) West African African Financial PASEMa Project Activities U.S. dollars Community francs Total PASEMa 58,000,000,000 100,000,000 Component 1: Water supply investment 49,760,000,000 85,793,000 Subcomponent 1.1: Water supply systems in secondary centers 26,560,000,000 45,793,000 CONSULTANT SERVICES 1,225,000,000 2,112,000 Control and supervision of drilling works in San and Mopti/SÃ©varÃ© 34,000,000 59,000 Control and supervision of water storage, transmission, and distribution 1,191,000,000 2,053,000 network works in San and Mopti/SÃ©varÃ© GOODS 95,000,000 164,000 Acquisition of office furniture, computers and office equipment for engineering assistants, accountants, ES screening and the project 95,000,000 164,000 management unit WORKS 25,240,000,000 43,517,000 Construction of boreholes in San and Mopti/SÃ©varÃ© 500,000,000 862,000 Drilling equipment, storage facilities, and supply and installation of 23,140,000,000 39,897,000 distribution networks (4 lots) Realization of 20,000 social connections on the distribution network in 1,600,000,000 2,759,000 secondary centers and Bamako (3 lots) o Subcomponent 1.2: Water supply system in Bamako 16,240,000,000 28,000,000 CONSULTANT SERVICES 1,122,984,085 1,936,000 Control and supervision services for water storage, transmission, and 1,122,984,085 1,936,000 distribution works in Bamako GOODS 700,000,000 1,207,000 Supply of 20,000 meter (2 lots) 700,000,000 1,207,000 WORKS 14,417,015,913 24,857,000 Construction of Missira to Kati-Sud transfer pipe, water tower, and 4,814,138,223 8,300,000 pumping station Realization of a transmission pipe to supply Missira reservoirs from 8,542,800,002 14,729,000 Djicoroni-Para station Works for realization of water distribution network (main, secondary, 1,060,077,688 1,828,000 tertiary pipes) Subcomponent 1.3: Management of non-revenue water 6,960,000,000 12,000,000 6 The World Bank Mali Water Security Project (P181538) CONSULTANT SERVICE 330,000,000 569,000 Topographic studies to determine contours in areas not covered by the geographic information system network geographic information system 80,000,000 138,000 and to update pipe plans Consultant service (firm) to collect information for updating SIC and 100,000,000 172,000 geographic information system databases in Bamako Consultant service for civil works supervision for distribution network 150,000,000 259,000 replacement in Bamako, BafoulabÃ©/Mahina, Dioila, and OuÃ©lessÃ©bougou GOODS 3,587,179,056 6,185,000 Acquisition of meters for household connections and production and 1,076,410,386 1,856,000 distribution facilities Acquisition of hydraulic parts for meter installation 225,268,670 388,000 Acquisition of pressure regulation equipment 285,000,000 491,000 Acquisition of distribution network parts for Bamako 195,000,000 336,000 Acquisition of remote management equipment 525,500,000 906,000 Acquisition of meters equipped with remote reading transmitters 200,000,000 345,000 Acquisition of geo-radar and differential global positioning system 250,000,000 431,000 Acquisition of five leak-detection vehicles 490,000,000 845,000 Acquisition of wheeled hydraulic shovel 120,000,000 207,000 Acquisition of truck crane 220,000,000 379,000 WORKS 3,042,820,942 5,246,000 Installation of meters and accessories 168,518,515 291,000 Construction of access points for meters, flowmeters, and pressure 500,502,428 863,000 regulators Work on distribution networks to replace fictitious pipes in of Bamako, 1,623,799,999 2,800,000 BafoulabÃ©/Mahina, Dioila, and OuÃ©lessÃ©bougou (5 lots) Renewal of 25,000 existing household connections (5 lots) 750,000,000 1,293,000 Component 2 : Enhancing conservation of water sources 4,640,000,000 8,000,000 CONSULTING SERVICES 1,364,000,000 2,352,000 Supervision and monitoring of six exploratory boreholes and six 50,000,000 86,000 piezometers Hydrogeological synthesis and identification of water abstraction 350,000,000 603,000 categories in project area Control and monitoring services for development of well fields, repair of 130,000,000 224,000 degraded riverbanks, and restoration of mined sites in Niger River Identification and characterization of aquifer recharge areas 50,000,000 86,000 Control and monitoring services for protection of wellfields and recharge 140,000,000 241,000 zones in Kabala, San, Mopti, BafoulabÃ©, OuÃ©lesÃ©bougou and Mahina Preliminary and detailed designs for construction of groundwater recharge structures (e.g., hillside reservoirs, filtering dikes, underground 100,000,000 172,000 dams) 7 The World Bank Mali Water Security Project (P181538) Master plan for water development and management for Upper Niger River, including flow modeling to optimize resource allocation at Bamako 325,000,000 560,000 and Mopti Control and supervision services for installation of specialized equipment 30,000,000 52,000 for water quality monitoring and surveillance network Catering service provider for organization of water resource allocation 75,000,000 129,000 monitoring meetings Technical assistance and support engineer at National Directorate of 54,000,000 93,000 Hydraulics Water quality analysis 60,000,000 103,000 GOODS 328,000 Procurement and installation of five hydrometric stations, five radar 172,000 flowmeters, and six automatic data recorders Procurement of equipment and field missions sets hand piezometer probe (light signal, 200 m with bottom sensor and transport bag) + 86,000 multiparameter probe: pH, temperature, conductivity, oxidation reduction, oxygen, turbidity; inspection camera Procurement of specialized software for cartography, modeling, and 69,000 remote sensing WORKS 3,085,999,998 5,321,000 Construction of six exploratory boreholes and six piezometers 400,000,000 690,000 Rehabilitation of degraded riverbanks and restoration of mined sites in 1,120,000,000 1,931,000 Niger River (2 lots) Wellfield layout and immediate protection perimeter and preservation of aquifer recharge zones in BafoulabÃ©, Kabala, Mahina, Mopti, 1,170,000,000 2,017,000 OuÃ©lesÃ©bougou, and San (3 lots) Installation of specialized equipment for water quality monitoring 295,999,998 510,000 network Development and reforestation of riverbanks in accordance with action 100,000,000 172,000 plan of the Kangaba, Sansandingue, and Selingue local water committees.",0.8558316664262251
"Component 3: Project management and capacity reinforcement 3,600,000,000 6,207,000 Malian Potable Water Heritage Company 3,259,000,000 5,619,000 Recruitment of support engineer based in San 90,000,000 155,000 Recruitment of support engineer based in Mopti/SÃ©varÃ© 90,000,000 155,000 Recruitment of accounting assistant to support project financial 120,000,000 207,000 management specialist Recruitment of procurement assistant to support project procurement 120,000,000 207,000 specialist Services of environmental specialist 240,000,000 414,000 Services of social safeguard specialist 150,000,000 259,000 Services of four junior environmental and social experts 45,000,000 78,000 8 The World Bank Mali Water Security Project (P181538) Acquisition of office furniture, computers, and office equipment for engineering assistants, accountants, Environmental and social 95,000,000 164,000 safeguards, and project management unit Recruitment of financial and accounting audit consultant 100,000,000 172,000 Support for grievance management committees 24,000,000 41,000 Recruitment of nongovernmental organization to provide citizen 235,000,000 405,000 engagement services to people in Bamako, Mopti/SÃ©varÃ©, and San Consultant service for elaboration environmental and social impact assessment and resettlement action plan of the water transmission pipe 75,000,000 129,000 from the Djicoroni station to Missira Implementation of project resettlement action plans 900,000,000 1,552,000 Consultant service for project implementation completion report 50,000,000 86,000 Consultant service for technical audit of project investments 100,000,000 172,000 Strengthening of Malian Potable Water Heritage Company information technology system (e.g., management software, mapping software, 150,000,000 259,000 backup software, storage servers) Client satisfaction survey 75,000,000 129,000 Payment of travel expenses for project follow-up (e.g., fuel, per diem, tolls) 250,000,000 431,000 Study tour and benchmarking 200,000,000 345,000 Project communication 50,000,000 86,000 Organizational and institutional studies 100,000,000 172,000 Malian Drinking Water Management Company 121,000,000 209,000 Payment of travel expenses for project follow-up (e.g., fuel, per diem, tolls) 51,000,000 88,000 Study tour and benchmarking 70,000,000 121,000 National Directorate of Hydraulics 220,000,000 379,000 Procurement of computer equipment for technical assistance and 5,000,000 9,000 support engineer Procurement of furniture for technical assistance and /support engineer 5,000,000 9,000 Procurement of 4x4 vehicle 35,000,000 60,000 Travel expenses for project follow-up (e.g., fuel, per diem, tolls, vehicle 75,000,000 129,000 repairs, taxes, insurance).",0.3225195191123269
Panama has emerged as one of the fastest growing economies in the world.,0.4426703453063965
"Between 2008 and 2016, real GDP growth averaged 6.7 percent, more than double the average of 2 percent for the Latin America and the Caribbean Region (LCR).1 This strong growth stems from numerous factors including the transfer of Panama Canal management and operations to Panama in 2000 and high rates of public and private investment.",0.9063357439908114
"In addition, the Bankâs financial support is important given that there is little scope for private sector investment in basic services due to the high levels of poverty and elevated costs of service delivery in Indigenous areas.",0.9052183844826438
Four reinforcing factors underpin the inequalities between Panamaâs Indigenous Territories and the rest of the country: (a) the remote and disperse nature of Indigenous communities; (b) the lack of service personnel to provide quality and culturally pertinent12 services; (c) low-levels of public investment; and (d) limited GoP capacity for planning and coordination across sectors and with Indigenous Authorities.,0.8119092421098189
Difficult access is exacerbated by low levels of public investment in Indigenous Territories and limited capacity among government agencies to plan and coordinate public investments across sectors and with Indigenous Authorities.,0.9505346471613104
"Finally, public information constraints, where only 3 of the 12 Territories have standardized disaggregated data, challenge planning and evaluation of development investments and outcomes.",0.5889986645091664
"Its driving principles are: (a) Indigenous Authorities play a leading role as partners in defining and implementing development investments in their Territories; (b) development programs should address the multi-dimensional aspects of poverty and well-being, based on Indigenous cultural norms and values; and (c) development investments should benefit all 12 Indigenous Territories.",0.8633588444102894
MINGOB has been invited to participate within the governmentâs Social Cabinet16 to improve the alignment of social policies and public investments with the Plan.,0.5366205735640093
A significant increase of investments has been made to a few of the comarcas and in January 2017 a Presidential Decree transferred to MINGOB the resources and mandate to institutionalize the IP Roundtable.,0.7443248575383966
Data on investment in the comarcas is based on 2015 data from the Ministry of Economy and Finance.,0.6610102220015093
"Since 2015, the Bankâs TA has been key to: (a) ensure that the Plan was integrated into MINGOBâs institutional planning and budgeting; (b) promote the meaningful participation of the Indigenous Authorities and communities in the prioritization of sectors and types of investments to be supported by the Project; (c) commission technical sector studies to assess critical structural barriers and approaches to inform investment decisions; (d) explore different implementation alternatives, including fiduciary and results implications; and (e) serve, when called upon to do so, as a trusted third party.",0.8765941966663707
"Several national agencies and international donors have expressed interest to support the Planâs second pillar for productive development, including the Food and Agricultural Organization (FAO), the Inter-American Development Bank (IADB), the Ministry of Agricultural Development (MIDA), and the Authority for Small and Medium Size Enterprises (AMPYME).",0.24079886349764737
"Others are engaging with MINGOB and the IP Roundtable on issues such as the census, decentralization, and consultation for private sector investments.",0.6502837267788973
"In the short-term, the Project will respond to urgent and tangible infrastructure and equipment needs, as prioritized by the Indigenous Authorities.",0.44180570949207654
"The SCD highlights the significant inequalities faced by IPs in Panama, despite impressive and sustained economic growth.",0.7109653732993386
"It does this by expanding access for IPs to health, education, and water and sanitation services, while improving the quality and cultural pertinence of service delivery, and strengthening overall governance and capacity for the effective inclusion of IPs.",0.36190527135675604
"The Project will contribute to national climate change objectives19 and World Bank climate targets20 by generating climate co-benefits, estimated at approximately 30 percent of total project costs.21 This will be achieved by climate resilient and green building design, standards, and construction techniques for infrastructure investments.",0.9007362018931996
"The Project builds on, and has been designed through, extensive citizen engagement with IPs at the national and community level.",0.6439916003834117
"The Project Development Objective (PDO) is to strengthen: (a) the capacity of Indigenous Authorities and the Borrower to jointly plan and implement development investments for Indigenous Territories; and (b) the delivery of selected public services in those Indigenous Territories, as identified in the National Indigenous Peoples Development Plan.",0.8615862239490856
"The Projectâs direct beneficiaries for infrastructure investments include approximately 50,000 people who will have access to new and improved schools, health facilities, and water and sanitation systems.",0.9183463183316317
"Hence, it is only feasible to estimate the number of beneficiaries from each intervention as follows: (a) 200,000 people will have access to higher quality and more culturally pertinent service delivery at 8 health centers and 53 health posts in Indigenous Territories; (b) 8,250 students will benefit from new or expanded IBE, 15,500 will benefit from improved school management, and 200 Indigenous youth will gain access to higher education; and (c) 30,000 people (150 communities) will benefit from capacity building for operation and maintenance of their existing water and sanitation system and, among these, 20,000 people (100 communities) will benefit from the rehabilitation of existing systems.",0.6443627097389915
"The Projectâs indirect beneficiaries include Panamaâs entire Indigenous population --approximately 418,000 people-- who will enjoy improved recognition and inclusion in public policy, planning, and investments.",0.8956370787187056
" The World Bank Support for the National Indigenous Peoples Development Plan (P157575) Public Investment (SINIP),23 that are aligned with the Plan and consulted with the relevant Indigenous Authorities.",0.7354069623080167
"The objective of this component is to enhance the capacity of the GoP and the Indigenous Authorities to carry out key governance functions as outlined in Pillar 1 of the Plan and identified as structural barriers necessary to improve the opportunities and living conditions in Indigenous Territories.26 To do so, the component will finance: A. Subcomponent 1.1: Institutional strengthening of VMAI to effectively plan and coordinate public policies, investments, dialogue, and conflict resolution with IPs, through: (a) the carrying out of an institutional assessment and the implementation of an action plan to strengthen VMAIâs capacity to deliver effectively on its institutional and legal mandate with IPs; (b) the coordination and establishment of consultation platforms with IPs and with other actors to promote the implementation of the Plan; (c) the provision of support for the design and operation of information systems to monitor public investments in Indigenous Territories; and (d) the provision of support for the implementation of relevant sector laws for IPs.",0.8773371089588512
"B. Subcomponent 1.2: Capacity building and strengthening of Indigenous Authorities for effective governance within their Territories, through: (a) the carrying out of an institutional assessment and the implementation of an action plan to strengthen the Indigenous Authorities; (b) the purchase of equipment and the provision of support for the carrying out of small-scale infrastructure investments; (c) the 23 To receive public funds, programs must be registered in the SINIP, managed by MEF, prior to being allocated resources.",0.7988791899247603
"C. Subcomponent 1.3: Institutional strengthening and the provision of support for other selected Borrower's authorities to enhance public planning and investments in Indigenous Territories, through: (a) the design and consultation of methodologies for the carrying out of selected censuses in Indigenous Territories; (b) the improvement of the SINIP system to track public investment projects for Indigenous Territories and their relevant consultation processes; (c) the carrying out of an institutional assessment and the implementation of action plans to strengthen both MINSA and MEDUCAâs capacity to deliver effectively on their institutional mandates with IPs; (d) the preparation and consultation of regulations for relevant sector laws for IPs; and (e) the provision of support for the participation of Indigenous Authorities in municipal developing planning processes mandated under Law No.",0.844527851451527
"This subcomponent will finance: (a) the design and construction of new, or rehabilitation or expansion of existing, educational centers; (b) the design and expansion of the intercultural bilingual education (IBE) curriculum; (c) the provision of technical assistance to improve school management; and (d) the design and implementation of a program to promote access, retention, and pertinence of higher education for IPs.",0.8954730467362837
"This subcomponent will finance: (a) the design and construction of new, or rehabilitation or expansion of existing, health posts and centers; (b) the design and implementation of an intercultural health system, including the development of intercultural health protocols; and (c) the carrying out of capacity building activities for health care providers working in Indigenous Territories.",0.724212949926203
"This subcomponent will finance: (a) the design and construction of new, and rehabilitation of existing, water and sanitation systems; and (b) the design and implementation of a capacity building program to improve the operation and maintenance of water and sanitation systems and promote behavioral change in basic hygiene and sanitation practices among Indigenous communities.",0.9481223713267933
" The World Bank Support for the National Indigenous Peoples Development Plan (P157575) Box 2: Cultural Pertinence For this Project âcultural pertinenceâ is defined as: âincorporating the voice and preferences of beneficiary populations, as established by their cultural norms, values and ways of living, into the design and delivery of investments and the measurements of their success.â Respect for cultural identity is at the core of Panamanian IPsâ call for recognition of their rights and ways of living.",0.8198028044267134
"Neglecting consideration of cultural pertinence in how to deliver investments can lead to failure both in terms of results and sustainability, or worse, distortions in traditional practices and identity, local conflict, or a breakdown of traditional social safety networks.",0.5157787583091042
"The total cost of the Project is estimated at US$85.2 million, to be financed by a IBRD Investment Project Financing loan of US$80 million and US$5.2 million from the GoP.",0.9160451022061434
"Table 1: Project Costs by Component and Financing Project IBRD or IDA Counterpart Project Components cost Financing Funding Component 1: Institutional strengthening and governance capacity for the GoP and 5.50 5.50 0 Indigenous Authorities Component 2: Improved quality and cultural pertinence of select public service 67.00 67.00 0 delivery in education, health, and water and sanitation in Indigenous Territories Component 3: Project Management, Monitoring and Evaluation 12.50 7.50 5.00 Total Costs ($ mil) 85.00 80.00 5.00 Total Project Costs 85.00 80.00 5.00 Front End Fees .20 0 .20 Total Financing Required 85.20 80.00 5.20  The World Bank Support for the National Indigenous Peoples Development Plan (P157575) C. Lessons Learned and Reflected in the Project Design 29.",0.8871590007435192
"Initially the PCU will: (a) coordinate the Project, make budget and approval 27Reducing extreme poverty and fostering prosperity among IPs and Afrodescendants in LCR (P154045), the GT Crecer Sano Project (P159213), the EC Supporting Education Reform in Targeted Circuits (P152096), the CR Higher Education (P123146), as well as lessons from the Bankâs WSS Services for Indigenous Peoples in LCR Toolkit (P152977), the LCR Flagship study ""Indigenous Latin America in the 21st Century"" (2016) and from the WB-FIAY Guidance Notes on Application of IP Rights in Health and Education, 2017.",0.7243686589327726
"There are high-expectations for prompt delivery of investments and services, given that the IPs have worked with MINGOB and other stakeholders for years to prepare the Plan and establish priorities.",0.48121781782670453
"The M&E system will monitor evolutions toward which the Project may contribute, such as trends in overall public investment in Indigenous Territories.",0.3064086437225342
"Finally, beyond the specific Project M&E system, Component 1 will make significant investments to improve the quality and quantity of data on IP development in Panama.",0.30618745630437677
These contributions should inform policy and investment planning and improve the capacity of the GoP to respond to development deficits.,0.7129956592213024
"These investments include: (a) design, training, and equipment for a more inclusive methodology for census data collection; (b) data collection to update and integrate additional Water Supply and Sanitation (WSS) systems and communities into the SIASAR; (c) updating and improving the geo-referenced public investment database for Indigenous Territories29; and (d) creating an information system for education and health services available in Indigenous Territories.",0.896855354309082
Project sustainability is rooted in: (a) IPsâ continued ownership of the Project and sense that it is contributing to implement their Plan; (b) the GoPâs commitment and political will; and (c) increasing institutional capacity of the GoP to deliver services and investments in Indigenous Territories.,0.7250279946760698
"Although the GoPâs future investment commitments are limited to annual budget cycles, the MEF envisions this Project as a first phase to create the institutional platform and capacity for the long-term implementation of the Plan.",0.4161361347545277
"The Inter-Institutional Agreements governing project implementation require the commitment of the relevant partner ministries to resource long-term staffing, operations, and maintenance of all project infrastructure investments.",0.7562646865844727
" The World Bank Support for the National Indigenous Peoples Development Plan (P157575) support the strengthening of key cross-cutting functions: monitoring public investments and service delivery in Indigenous Territories, preparing and consulting the regulatory framework for relevant laws, and coordination and dialogue platforms.",0.858517820184881
"Some development partners are active in the health, education, and water and sanitation sectors and have investments targeting Indigenous Territories.",0.7089719338850542
"In July 2017, MINGOB and the Food and Agriculture Organization (FAO) signed an agreement to begin investing in Pillar 2 on productive development and food security.",0.7476931485262784
"Similarly, both MEDUCA and MINSA are implementing IADB-financed projects in education, health, and water and sanitation with some investments in Indigenous Territories.",0.5088713819330389
"Overall, the results of the economic analysis show a positive net benefit of the different investments proposed under the project.",0.9227426702325995
Investments in water and sanitation showed the greatest returns followed by education and health.,0.7803858843716708
"The analysis only accounts for direct beneficiary effects, ignoring potentially significant spillover effects on neighboring communities, and thus is on the conservative side and may well underestimate the returns on the proposed investments.",0.739577900279652
The cost-benefit analysis estimated the net benefits on an incremental basis under the two scenarios of with and without the project.,0.9321588169444691
"For each sector, a specific approach was applied to estimate benefits.",0.21040816740556198
Benefits from water investments were estimated as the amount households would save on water costs while sanitation benefits were estimated as the saving in health costs associated with improved sanitation.,0.9207346656105735
The benefit of the education investment thus is measured as the probability of increased income.,0.6378449960188433
The flow of costs and benefits were discounted at a rate of 6 percent.,0.8852832967584784
"The interventions in water and sanitation show particularly strong effects, with the expected returns being 12 percent and the net benefit close to US$4 million.",0.7374984567815607
"Education investments that will increase access to, and the quality of, the educational infrastructure itself are also shown to have a net benefit on graduation and enrollment rates.",0.8369803862138228
The results show that there is a 77 percent likelihood of the education investments having returns higher than the 6 percent discount rate and thus providing a net benefit.,0.863517241044478
"As no analytic work has been done in Panama quantifying the link between access to a health facility and health improvement, the evaluation of the impact was based on the economic impact of premature death in terms of lost wages and economic outputs generated now and in the future.",0.5923413796858354
"Results show that if each of these indicators were to improve by 15 percent, the intervention would yield a 10 percent return and net benefits of US$0.5M, as a conservative estimate.",0.8342877301302823
"Given the progress Panama has made in other areas of the country, a 15 percent improvement across the indicators appears achievable.",0.6173845637928356
"Given the high levels of poverty, deficit in service delivery and the elevated costs of delivery in Indigenous areas, public funds are the appropriate channel for financing.",0.7459752342917703
There is little scope for private sector investment in these basic services as the very poverty of the communities and the lack of profitability in providing the services creates a situation wherein public service provision is needed.,0.8826827135953036
The current project design was defined after assessing the potential of different approaches to contribute to systemic change within a public-sector environment with weak capacity to deliver in Indigenous Territories.,0.5164844339544122
"Whereas the projectâs investments are prioritized and validated by beneficiaries, similar to CDD, the direct transfer and management of resources by communities would not have allowed for the scale of investments needed, nor would it have addressed the need to strengthen the GoPâs capacity.",0.6433989351445978
An approach that only strengthened governance capacity was not feasible as communities expect responses to urgent needs in infrastructure and service investments.,0.93468900160356
The proposed approach supports short-term results for multi-sector development in all Indigenous Territories while addressing structural issues in governance and capacity for long-term change.,0.8458918658169833
"It also ensures longer-term sustainability of investments made, by including and supporting sector partner ministries to participate in the planning of investments, selection of contractors, and approval of products, services, and infrastructure delivered.",0.9263686266812411
"The Project is designed to create an operational platform for the Planâs implementation to attract additional resources from other donors, national public funds, and the improved participation of Indigenous Authorities in municipal-level development planning.",0.8965606689453125
"The consultations served to identify each Territory's priorities for investments, social risks, and mitigation measures for project implementation.",0.12400455908341841
"Although pre-feasibility screening and assessment has been undertaken for an initial list of prioritized works, the final decision on which investments will be selected will only take place once each proposed investment undergoes: (a) the relevant planning process within the relevant partner ministry to confirm adequate demand; (b) topographic, land, and technical studies to ensure feasibility of siting; and (c) designs are prepared, consulted with the beneficiary communities, and approved by the partner ministry.",0.4467108466408469
The Policy for International Waterways (OP/BP 7.50) is triggered due to small scale water system rehabilitation investments that could occur in border regions with Costa Rica and Colombia where international rivers are located.,0.4685978455977006
"Given the limited amounts of water to be abstracted and the localized nature of the sources, the Project has processed an exception to the notification requirement, as provisioned under this Policy, as the potential investments in said areas will be made only with respect to ongoing schemes, involving additions or alterations that will require rehabilitation, construction, or other changes that: (a) will  The World Bank Support for the National Indigenous Peoples Development Plan (P157575) not adversely change the quality or quantity of water flows to the other riparian; and (b) will not be adversely affected by the other riparian possible water use.",0.6940064430236816
"RESULTS FRAMEWORK AND MONITORING Results Framework COUNTRY : Panama Support for the National Indigenous Peoples Development Plan Project Development Objectives The Project Development Objective (PDO) is to strengthen: (a) the capacity of Indigenous Authorities and the Borrower to jointly plan and implement development investments for Indigenous Territories; and (b) the delivery of selected public services in those Indigenous Territories, as identified in the National Indigenous Peoples Development Plan.",0.8887406262484464
"Project Development Objective Indicators Unit of Responsibility for Indicator Name Core Baseline End Target Frequency Data Source/Methodology Measure Data Collection Name: Percentage of Percentage 0.00 75.00 Annually SINIP Records MEF & MINGOB national investments within Indigenous Territories, as registered in SINIP, that are aligned with the IP Plan and consulted with the relevant Indigenous Authorities Description: The National System for Public Investment or SINIP is the system where all public investment projects are registered once they have formally entered the national budgeting system.",0.8925832401622426
"Name: Percentage of Percentage 0.00 60.00 Annually Project MIS & MEDUCA, MINGOB beneficiary schools that are FECE utilizing their assigned resources to implement their PEC  The World Bank Support for the National Indigenous Peoples Development Plan (P157575) Unit of Responsibility for Indicator Name Core Baseline End Target Frequency Data Source/Methodology Measure Data Collection Description: Equity and Quality Education Funds.",0.5063869302923029
Name: Number of Number 0.00 50000.00 Semi-annually Reports from territorial PEA beneficiaries from planning processes infrastructure investments supported by the Project Description: Beneficiaries include both direct and indirect beneficiaries from improved infrastructure investments.,0.9215536117553711
Beneficiaries will be estimated through the territorial planning process that will be implemented as part of the preparatory work for each infrastructure investment.,0.894837119362571
" The World Bank Support for the National Indigenous Peoples Development Plan (P157575) Target Values Project Development Objective Indicators FY Indicator Name Baseline End Target Percentage of national investments within Indigenous Territories, as registered in SINIP, that 0.00 75.00 are aligned with the IP Plan and consulted with the relevant Indigenous Authorities Number of schools in Indigenous Territories implementing the new or expanded IBE 121.00 176.00 Percentage of patients provided treatment in accordance with intercultural care protocols 0.00 60.00 for 4 risk areas within beneficiary areas Percentage of water and sanitation systems within beneficiary Indigenous communities 0.00 85.00 reported in SIASAR as operational and sustainable (with an A or B grade) Percentage of Indigenous Peoples in beneficiary communities who perceive that they are 0.00 60.00 benefitting from the National Indigenous Peoples Development Plan Intermediate Results Indicators FY Indicator Name Baseline End Target Presidential Decree drafted that establishes the National Indigenous People Roundtable as a No Yes permanent structure for dialogue and development planning Number of regulations drafted and consulted for key Indigenous laws 0.00 3.00 Number of Indigenous leaders who have completed their leadership, planning, and 0.00 250.00 management capacity building program  The World Bank Support for the National Indigenous Peoples Development Plan (P157575) Indicator Name Baseline End Target Percentage of beneficiary schools that are utilizing their assigned resources to implement 0.00 60.00 their PEC Number of Indigenous ethnicities that have intercultural health protocols established 0.00 7.00 Number of graduates of the training program for health personnel in Indigenous Territories 0.00 200.00 Number of WSS systems in beneficary Indigenous communities updated or newly integrated 0.00 150.00 into SIASAR Number of trainings delivered to communities, service providers, and local authorities in 0.00 150.00 water, sanitation, and hygiene Percentage of grievances received which are resolved 0.00 70.00 Percentage of beneficiary Indigenous communities with JAARs that have women in 0.00 100.00 management positions Percentage of women participating in the IP Roundtable as official members of traditional 8.00 30.00 structures' delegation Number of beneficiaries from infrastructure investments supported by the Project 0.00 50000.00  The World Bank Support for the National Indigenous Peoples Development Plan (P157575) ANNEX 1: DETAILED PROJECT DESCRIPTION COUNTRY: Republic of Panama Support for the National Indigenous Peoples Development Plan A.",0.8418838327581232
"Finally, it puts all 12 Indigenous Territories on the map versus only the five comarcas, thus giving visibility and proposed investments to communities that have been largely marginalized from public investments.",0.8579919121482156
"The Plan is organized around three Pillars, namely: (a) political and legal (governance and land rights); (b) economic (productive activities and food security); and (c) social (access to basic infrastructure and services).",0.5345217964865945
"Project preparation included thorough technical and participatory processes to define a scope of investments in line with the Plan that: (a) were identified as highest priority by Indigenous communities and their Authorities; (b) were not already included in GoP programmed investments; (c) were politically, technically, and operationally feasible; (d) would avoid involving the Project in highly conflictive or risky issues; (e) would respond to urgent basic development needs; and (f) could contribute to overcoming long-term structural barriers for quality and culturally pertinent service delivery in Indigenous Territories.",0.7023518735712225
"MINGOB, the IP Roundtable, and the Bank agreed that the Project would focus on governance (Pillar 1) and access to quality and culturally pertinent public services (Pillar 3).",0.13806234706531872
"Pillar 3: Access to Quality and Culturally Pertinent Public Services Overarching Objective: Specific Objectives Supported by the Specific Objectives NOT Supported by Project: Project: Improved living conditions for Objective 1: Increase the Objective 4: Improved housing IPs through the implementation implementation and quality of conditions for IPs through of programs in education, intercultural bilingual education.",0.20605434070933948
infrastructure identified as part of this the development plans of each Objective 3: Improved health of IPs Objective 3 will be supported by the of the 12 Indigenous Territories.,0.542689626867121
"Objective 5: Increased and improved public infrastructure in Indigenous Territories (including in health, education, and cultural centers), the construction and maintenance of which respect environmental sustainability.",0.29297633604569867
"In parallel, a mapping of public investments under implementation or programmed for the twelve territories was developed by identifying all communities in each territory, collecting MEF SINIP data on investments for these communities, and verifying data in bilateral meetings with sector agencies.",0.5184031833301891
"In order to ensure an equitable distribution of resources for infrastructure investments per territory, an approximate allocation was developed utilizing the following variables: (a) a minimum floor to ensure that the smallest territories have adequate resources for critical projects; (b) population size; (c) population density; (d) poverty levels; and (e) existing and planned government and other donor investments.",0.9353947205977007
"Governance: â¢ Information for Policy Planning and Investments: Lack of data on IPs and their territories in Panama is a major obstacle for effective policy making, planning, and equality in investments.",0.7664098739624023
The results of the mapping show that the vast majority of public investments go to the three Indigenous comarcas reported on as separate Indigenous Territories in public data.,0.6264055858958851
 An example of this can be seen in the Bri-Bri territory where the mapping found that no public investments were programmed despite the lack of basic public services.,0.19273809953169388
"The Plan calls for integral development and a systematic and structured seat at the table for Indigenous Authorities in defining, planning, and implementing development policies and programs within their territories.",0.5915688601407137
"â¢ Indigenous Governance: One of the primary requests of Indigenous Authorities, manifested both in the Plan and in the consultation process for this project, was for support to improve their own governance and negotiation capacity at a community and territorial level and with external actors, ranging from mayors, governors, private sector, and the national government.",0.4633687192743475
"Achieving these goals will require: (a) investing in infrastructure and equipment to repair, expand, and in some cases, build new education centers in the Indigenous Territories, both to improve the physical conditions in which children study and to reduce the extent of multi-grade teaching; (b) supporting the continued development and expansion of IBE to enhance the content and extend years of coverage, including teacher training and production of relevant materials; (c) expanding training programs and strengthening of incentives for teachers and administrators who have the professional skills to work in Indigenous Territories; (d) exploring alternative strategies to support a greater number of Indigenous students to stay in school at all levels, access university, and go on to graduate studies; (e) strengthening education governance in the Indigenous Territories (developing/strengthening parent-teacher and student associations, accounting for how resources are spent, increasing opportunities for two-way communication between communities and education authorities); and (f) developing the regulations needed for implementation of Law 88 on Intercultural Bilingual Education.",0.9502064964988015
"Much of the existing health infrastructure in the Indigenous Territories needs repair, expansion, and/or re-equipping.",0.9145648262717507
"o Sanitation infrastructure: The key aspect leading to the classification of communities into C and D is the lack of sanitation infrastructure, followed by the insufficient coverage of water systems (almost 40 percent of the sample has no coverage).",0.24546337127685547
"This underscores the relevance of carrying out capacity building and awareness campaigns with communities to ensure that they fully understand the potential benefits, how to utilize new infrastructure, and feel ownership and pride in the investments.",0.7306670275601473
"o Sector Institutions: On the institutional side, the political economy analysis from the WASH Poverty Diagnostic revealed, among other aspects, that: (a) sectoral planning and investments do not respond to the cultural and geographical specificities and preferences of Indigenous communities; and (b) lack of proper consultation and awareness activities limits acceptance of government interventions and undermines the sustainability of WASH services.",0.7173144600608132
"Based on this analysis, priorities for action include: (a) support both pre and post construction capacity building and technical assistance for community water committees, their local authorities and regional operations; (b) complement TA with investments for systems rehabilitations; and (c) increase water quality and demand for sanitation services through health and hygiene campaigns.",0.9438512108542703
c) Support for upstream territorial planning in communities benefiting from the projectâs infrastructure and equipment investments.,0.3726802305741744
"In coordination with MEF, strengthen the design, operation and accessibility for use by Indigenous Authorities, of the geo- referenced information platform to monitor public investments in Indigenous Territories.",0.048036564480174675
"Support for consulting services and logistics to carry out territorial planning processes within the communities, and with representatives of surrounding communities, where the Project will support infrastructure investments.",0.9412716085260565
(iii) Small-scale investments in infrastructure and equipment for Indigenous territorial governance.,0.857668009671298
"The purchase of equipment, small-scale infrastructure and critical inputs for territorial governance.",0.7669186158613726
(c) Subcomponent 1.3: Institutional strengthening and support for other critical actors to enhance public planning and investments in Indigenous Territories.,0.874241828918457
"Technical assistance to support MEF in creating a revised format, guidelines and a tracking system for its SINIP in order to identify and track public investments in Indigenous Territories, and measures to ensure alignment with the Plan and adequate consultations.",0.5749724128029563
"The types of investments foreseen could include: (a) the design, operation, capacity building, and equipment for  The World Bank Support for the National Indigenous Peoples Development Plan (P157575) an information system to monitor the state of critical infrastructure, equipment, and service delivery in Indigenous Territories; (b) the preparation of databases of experienced and recommended contractor/service provider lists; (c) the establishment of realistic unit costing tables that reflect the climate, accessibility, and other challenges for infrastructure construction, maintenance, operation, supply/goods delivery, and service provision in Indigenous Territories; (d) technical assistance to revise and resolve institutional administrative and fiduciary procedures and bottlenecks for operating in Indigenous Territories; (e) the assessment, reorganization, and strengthening of regional offices attending to Indigenous Territories; and (f) the support to scholarships and exchange programs to improve knowledge on international good practice in their respective sectors, among others.",0.8459799506447532
"Prefeasibility studies were carried out during project preparation of 53 prioritized infrastructure and equipment investments, of which 42 were deemed feasible from a technical and budgetary perspective and will undergo further planning and analysis to determine their final inclusion in project investments.",0.9194297790527344
"Whereas infrastructure and equipment investments are localized in those communities prioritized by each Indigenous Congress and Council, service interventions, in their majority, include the design of tailored programs and the pilot implementation of the program in a select set of communities, schools, health centers/posts, and/or with teachers/health providers.",0.21491857008500534
"(a) Subcomponent 2.1: Improved quality and cultural pertinence of educational service delivery and opportunities in Indigenous Territories, including: (i) Education infrastructure and equipment: Designs, equipment, and construction of new, or rehabilitation or expansion of existing educational centers; (ii) The expansion of Intercultural Bilingual Education (IBE): (a) a diagnostic of the state of IBE per ethnic group, experience to date in implementing IBE (grade levels already covered), bilingual teacher availability, and the level of integration of cultural concepts into curriculum, teaching materials, and practices; and (b) the preparation and implementation of an action plan to advance the state of IBE32 31 The decentralization law transfers resources to local government representatives to attend to local development priorities.",0.3337310010736639
"(b) Subcomponent 2.2: Improved quality and cultural pertinence of health service delivery in Indigenous Territories, including: (i) Health infrastructure and equipment: Designs, equipment, and construction of new, or rehabilitation or expansion of health posts and centers.",0.7470936341719194
"(iii) Capacity building for existing and new health providers working in Indigenous Territories, including: a) The design and pilot implementation of an in-service training program for MINSA health personnel working in Indigenous Territories, both to improve cultural sensitivity and to support their continued education in relevant health attention protocols and issues; and b) Support for the expansion of existing programs to train nursing assistants and community health promoters to increase the supply of qualified personnel within Indigenous Territories for behavioral change and basic care.",0.03314177014610984
"(c) Subcomponent 2.3: Improved quality of water supply and sanitation in Indigenous Territories, including: (i) WSS Infrastructure: Designs, equipment, and construction of new, or rehabilitation or expansion languages is oral only, where as in others, such as Guna Yala, IBE curriculum has been developed and implemented in many schools up to third grade.",0.8559160232543945
" The World Bank Support for the National Indigenous Peoples Development Plan (P157575) of existing water and sanitation systems, including small-scale rehabilitation of up to 100 systems.",0.895261677828702
"(ii) Capacity building and technical assistance for service providers (JAARs, DAPOs, and Comarcal Water Commissions): The capacity building program will benefit up to 150 communities and will include TA and training for community and local service operators in operations and maintenance, campaigns to promote behavioral change for basic hygiene and sanitation practices, inclusion or updating of the relevant systems into SIASAR.",0.3052287751978094
"The objective of this component is to ensure that overall project management delivers on the expected range of investments, is agile and transparent, and maintains effective participation and coordination among the key stakeholders.",0.3901553153991699
"Table 3: Direct beneficiaries from investments in improved and culturally pertinent service provision Sector (a) Intervention Types of Interventions Number of Number served Total category Participating per year Potential Entities Beneficiaries Health Health Centers & Improved service delivery & Health Centers: Average patients Health Centers Health Posts application of intercultural health at least 50% of attended to in = 54,660 attention protocols as a result of: 20 existing Indigenous 1.",0.7926797866821289
"Construction of traditional medicinal gardens and other basic infrastructure Education Schools Schools applying new or 55 Average students 8,525 expanded IBE curriculum & per school in materials Indigenous Territories = 155 Schools benefiting from school 100 Average students 15,500 management strengthening per school in program Indigenous Territories = 155 Schools applying environmental 36 30 students per 1,080 & sanitation education program school Teachers Teachers from Indigenous 450 Average number of 7,650  The World Bank Support for the National Indigenous Peoples Development Plan (P157575) Territories benefiting from students per continued education program teacher = 17 Students Number of new Indigenous 200 Incremental 200 students enrolled in participating increase in Universities Indigenous students enrolled in Universities during project Water & Communities Communities benefiting from 150 Average number of 30,000 Sanitation W&S service provider people per strengthening program (water Indigenous committees, Indigenous community = 200 Authorities, and regional W&S authorities) W&S Systems Benefiting from investments to 100 Average number of 20,000 rehabilitate WSS systems people per Indigenous community = 200 Registered in SIASAR 150 Average number of 30,000 people per Indigenous community = 200 D. CLIMATE CO-BENEFITS 19.",0.7531000484119762
"The majority of climate-co benefits will be achieved under Component 2, through the use of climate resilient siting, design, and construction techniques for territorial infrastructure investments in health, education, water and sanitation.",0.8832522305575284
"The use of new technologies to improve energy efficiency contribute to Panama's mitigation objectives for the energy sector, as outlined in the Nationally Determined Contributions (NDC) (2016), and to achievement of the Bank's Climate Action Plan targets to promote energy efficiency and resilient building by 2020.",0.6681191271001642
"Additionally, albeit not calculated as part of the climate co-benefits analysis, non-infrastructure investments supporting enhanced service provision and the expansion of intercultural services in health, education, and water and sanitation under Component 2 also have the potential to contribute to climate change adaptation.",0.6783565607937899
"â¢ There are high expectations for prompt delivery of investments and services, given that the IPs of Panama, through their Roundtable and other formal channels, have worked with the MINGOB and other stakeholders for several years to consult and prepare the Plan, and subsequently arrive at an agreed and justified list of priority activities to be supported within the Project.",0.41479522531682794
"If some of these criteria are met, but not others, it may be possible to consider moving some functions to the PCU while leaving others with the PEA, modifying its contract to reduce some deliverables while extending the duration of the contract.",0.05048030072992498
"Such capacities include: âª Knowledge and information base for defining needs and progress for improving living conditions in Indigenous Territories, including: o More accurate Census data; o Mapping and monitoring system of public infrastructure, facilities, services, and needs.",0.8511792963201349
" The World Bank Support for the National Indigenous Peoples Development Plan (P157575) âª Territorial planning and enhanced participation of Indigenous Authorities in municipal planning processes to access decentralization funds; âª Platforms for consultation, coordination, and conflict resolution; âª Strong Indigenous Councils and Congresses, building on diagnostic analysis; âª In MINGOB, MEDUCA, and MINSA, stronger organizations and capacities, knowledge bases, and skills to handle all aspects of improving sectoral infrastructure and services in Indigenous Territories for their respective sectors; and âª Support for the design and consultation of regulations for three critical laws for the implementation of IPsâ rights and priorities.",0.27254585786299274
"These complexities stem from: (a) multi-sectoral interventions in a country with very weak inter-institutional planning and coordination; (b) location of investments in 12 Indigenous Territories with, in some cases, very difficult access, and with long-standing unresolved issues with the government; (c) a counterpart ministry with limited experience with externally financed projects; (d) an implementation environment with lengthy administrative and oversight procedures for the implementation of public funds; and (e) a limited market of service providers and contractors with the specialized capacity and interest to work in Indigenous Territories or on intercultural issues.",0.7644217231056907
"Advising PCU on key IP issues/external conflicts  The World Bank Support for the National Indigenous Peoples Development Plan (P157575) Table 1: Summary of Key Actors for Project Implementation and their Roles & Responsibilities Project Executing Agency (PEA) Project Manager Administrative support Infrastructure Sectoral Projects Safeguards Finance Procurement Logistics Works Governance Architect(s), Social Procurement Logistics Accountant Specialist engineer(s), etc.",0.44493029334328393
"For works, carry-out necessary upstream HIGHER EDUCATION: Select investments under planning and process SINIP Universities (TBD) their âownershipâ 5.",0.9419876445423473
Approve final ToRs or technical The PEA can finance consultants to specifications prior to bidding support the partner agencies in 6.,0.45032509890469635
"A PPSD, prepared by the Borrower, describes how procurement in this operation will support the PDO and deliver value for money under a risk-based approach.",0.7303569967096503
"The Project will finance new constructions, rehabilitation and expansion of schools, health centers, and water and sanitation services, as well as other minor civil works.",0.8733729449185458
"Goods to be financed under this project include school furniture, medical equipment, information technology, water supply (machinery and equipment), etc.",0.39434593374078925
"The Project will finance services such as design and printing, workshops and training logistics, etc.",0.5187713016163219
"Consulting services to be financed under the Project will be focused on project executing services (PEA), M&E services, design and supervision of civil works, external auditing, information systems, design and development of plans and programs to support capacity building and service delivery in governance, health, education, and water and sanitation in Indigenous Territories, among other services.",0.9316935972733931
"Given that certain weaknesses have been detected, the Project will finance individual consultants, office equipment, and operating costs to support the ministerial agencies involved in: (a) the preparation of technical specifications; (b) the resolution of technical issues during procurement processes; and (c) acting as the technical counterpart for the administration of contracts financed with funds from the Bank loan.",0.14415893771431662
"Summary of PPSD (recommended procurement approach for higher value contracts) Table 2: List of Main Procurement Activities Description Estimated Prior / Market Procurement cost Post approach method Review (US$M) CIVIL WORKS Rehabilitations school and health center (Lano Nopo, Request for Soloy) National- Bids (RFB), 7.8 Prior Open post- qualifications New constructions and rehabilitations of schools and National- RFB, post- health posts/centers (Alto Platon, Nargana, Playon 3.9 Post Open qualifications Grande) â 3 Lots.",0.9433232220736417
"New constructions and rehabilitations of schools and National- RFB, post- health posts/centers (Akua Yala, Arimae, Ipeti EmberÃ¡, 3.2 Post Open qualifications Puerto Lara) â 5 Lots.",0.8376576683738015
"GOODS Scholl furniture (Alto Playon, Nargana y Playon Nacional - 1.6 Prior RFB Grande) Open Spares Water system International 2.5 Prior RFB - Open CONSULTING SERVICES Project executing services (PEA) Quality and Cost Based International 5.9 Prior Selection - Open (QCBS) â Shortlist Consulting services to implement training programs International- 2.4 Prior QCBS - Shortlist for Health Assistants.",0.02629555897279219
Open M&E services International 2.3 Prior QCBS â Shortlist - Open Design and implementation â strengthening program International for key actors of water and sanitation services in IP 2.1 Prior QCBS - Shortlist - Open territories.,0.06288990107449619
MINGOB will open a segregated DA in the Banco Nacional de Panama in compliance with regulations issued by CGR for opening government bank accounts.,0.2353134805505926
"Disbursement Table by Expenditure Category Category Amount of the Loan Percentage of Expenditures to Allocated be financed (expressed in USD) (inclusive of Taxes) (1) Goods, works, non- 80,000,000 100% consulting services, consultantsâ services, operating expenses, and training for Components 1, 2, and 3 of the Project TOTAL AMOUNT 80,000,000 100% Audit Arrangements 49.",0.2552056746049361
"Participatory identification and representatives to form part of the PCU project validation of: preparation team â¢ Validation of first AOP, ESFM, and Gender â¢ Priority investments in health, water and Strategy, documented through Act of the IP sanitation, education, governance for each Roundtable (signed by Indigenous Authorities Territory, within the framework of Pillars 1 representing the 12 Congress and Councils on and 3 of the Plan; the IP Roundtable, MINGOB and the World Bank â¢ Project-related social risks; on ) â¢ Concrete measures for ESMF and Gender Strategy National Indigenous womenâs organizations: â¢ Dedicated community consultations and workshop with national Indigenous womenâs organizations to prepare Gender Strategy 55.",0.2669001709331166
The pre- feasibility studies for the siting of infrastructure investments excluded any sites where potential land conflicts exist.,0.6626609021967108
"Construction of new and â¢ Approval final list of works â¢ Identify territorial â¢ Participate in free, prior, and â¢ Territorial Planning rehabilitation of existing to be included in each AOP infrastructure investment informed consultations to Processes infrastructure in health, â¢ Facilitation of contacts and priorities establish agreements with PEA (Contractor of this water and sanitation, communication with â¢ Facilitate planning studies and contractors around: (a) process & PEA education, and governance territorial and local â¢ Support and facilitate land adaptation of design of works â¢ Supervision in 12 IP territories Authorities for PEA use transfers, when (where feasible); (b) community Contractor Reports (Subcomponents 1.2 and â¢ Communication of necessary counterpart for construction and â¢ PEA social specialist 2.1-2.3) community level grievances â¢ Facilitate and support materials; (c) community Supervision to PEA, PCU, and PSC as territorial planning operations and maintenance â¢ PCU 3 IP Roundtable necessary processes to establish: plans; (d) protocols for technical specialists community counterpart and contractors; (e) community operations and supervision; (f) agreements for maintenance plans, local income generation; and (g) protocols for contractors, agreements on for community involvement in communication and grievance construction, design channels, etc.",0.9274842522361062
"Whereas an initial list of prioritized works have gone through a pre-feasibility screening and assessment, the final decision on works will only take place once each proposed investment undergoes: (a) the relevant planning process within the partner ministry to confirm adequate demand (in some cases this is complete and in others in process); (b) topographic, land, and technical studies to ensure feasibility of siting (in process for almost all cases); and (c) approvals by the relevant line ministry of designs which are prepared and consulted with the beneficiary communities, and approved by the partner ministry (readiness of designs vary by case).",0.3052716688676314
"Only once the Project is approved will the conditions be in place (Inter-Institutional Agreements) for the partner agencies to commit to integrating proposed investments in their long-term budgeting, which, in turn, clears the way to determine the final lists of eligible investments.",0.07953045584938744
The Policy for International Waterways (OP/BP 7.50) is triggered due to small scale water system rehabilitation investments that could occur in border regions with Costa Rica and Colombia where international rivers are located.,0.4685978455977006
"Given the limited amounts of water to be abstracted and the localized nature of the sources, the Project has processed an exception to the notification requirement, as provisioned under this Policy, as the potential investments in said areas will be made only with respect to ongoing schemes, involving additions or alterations that will require rehabilitation, construction, or other changes that: (a) will not adversely change the quality or quantity of water flows to the other riparian; and (b) will not be adversely affected by the other riparian possible water use.",0.7809015620838512
These include: (a) contracting the PEA and its review and endorsement by the CGR; (b) signing and attaining review and endorsement over the Inter-Institutional Agreements; (c) establishing a quality PCU team; (d) passing the Ministerial Resolution to establish the PSC; (e) finalizing planning and pending technical studies/designs to bid out the first lot of works; and (f) drafting initial ToRs for some service contracts that need to be procured by late 2018.,0.05894381349736994
"In addition to overall project management and implementation support, Bank support will focus on providing detailed guidance and advice for the establishment and proper functioning of the PEA, and technical inputs for the design and rollout of the sectoral service support investments for education, health, and water and sanitation.",0.8018494519320402
"Table 1: Main Focus in Terms of Support to Implementation Resource Time Focus Skills Needed Estimate 0 â 12 â¢ Project start-up and general Project management/launch â¢ 16 SW months implementation support (see para 1) workshop, TTL, Legal, FM, procurement â¢ Procurement of PEA and establishment FM and procurement â¢ 4 SW of project implementation systems specialists â¢ Fiduciary training FM and procurement â¢ 2 SW specialists â¢ Project Communications Communications â¢ 3 SW â¢ Detailed design of IBE, Census, TTL â¢ 14 SW Intercultural health, WSS training, and Education specialist Institutional strengthening service ToRs Health specialist and contracts, IP Roundtable WASH Specialist Institutional Capacity/Governance Specialist Census/Data specialist â¢ Detailed designs of infrastructure and Infrastructure specialist â¢ 5 SW equipment, Lot 1 â¢ Safeguards Environment and Social â¢ Safeguards Safeguards Specialists: 3 SWs social, 2 SWs env.",0.2332844083959406
"â¢ Procurement and FM assessment and FM and procurement â¢ 12 SW post-reviews specialists â¢ Infrastructure quality/ contractor Engineer â¢ 10 SW responsiveness â¢ Institutional strengthening & Governance/public sector â¢ 8 SW National/sub-national planning and management specialist coordination mechanisms â¢ Regulations for Laws Lawyer â¢ 4 SW â¢ Decentralization Public sector management â¢ 4 SW â¢ On-going diagnosis of Indigenous Education specialist â¢ 8 SW education service delivery constraints â¢ On-going diagnosis of Indigenous Health specialist â¢ 7 SW health service delivery constraints â¢ Community based water and sanitation WASH specialist â¢ 7 SW support â¢ Safeguards Environment and Social â¢ Safeguards safeguards Specialists: 6 SW social, 6 SW env.",0.8328429135409269
"â¢ Analysis of survey data; design advice Poverty data/M&E â¢ 12 SWs for special studies â¢ Citizen engagement, qualitative Social development specialist â¢ 6 SWs analysis  The World Bank Support for the National Indigenous Peoples Development Plan (P157575) Table 2: Skills Mix Required (FYâ18-â23) Skills Needed Number of Staff Weeks Number of Trips General project management/ implementation support 45 30 intâl; 20 domestic Financial Management, Disbursement 10 10 intâl Procurement (standards, training, reviews) 10 10 intâl Safeguards - Social 10 10 intâl; 10 domestic - Environment 7 10 intâl Engineer 15 10 intâl; 50 domestic Health Specialist 12 5 intâl; 10 domestic Education Specialist 10 5 intâl; 10 domestic WASH Specialist 10 2 intâl; 20 domestic Quantitative analysis 14 7 intâl; 7 domestic CE/Qualitative analysis 8 2 intâl; 2 domestic Governance/institutional strengthening/decentralization 15 10 intâl; 5 domestic specialist Communications 4 3 intâl; 3 domestic Legal 4 3 intâl  The World Bank Support for the National Indigenous Peoples Development Plan (P157575) ",0.4272982423955744
"Country Context Paraguay has been characterized by relatively solid economic growth and poverty reduction in recent years, however the COVID pandemic and recent droughts are likely to lead the country into a third economic contraction in the last four years.",0.7384454553777521
"1 In 2021 after two years of recession, the economy recovered with GDP growth of 4.2 percent and a decline in poverty to 20.8 percent.2 The Gini coefficient declined from 45.7 to 42.9 between 2019 and 2021, reflecting income reductions for top-earning households and social transfers to the lowest-earning households during the pandemic.",0.6420321031050249
"However, GDP growth is expected to slow down in 2022 because of the drought that is dampening commodity exports and private consumption.",0.6841347000815652
These events resulted in rising food and fuel prices that led to a 6.8 percent increase in inflation in 2021 (up from an average of 2.2 in 2020)-the fastest pace in a decade.,0.7162436138499867
"It is expected to be even higher in 2022 (8.9 percent).4 Higher inflation hinders poverty reduction, especially for those at the lower end of the income distribution.",0.33344244956970215
"The population of AMA has grown very fast over the last forty years from 774,000 in 1980 to 2.8 million in 2021 and represents close to 76 percent of the national urban population contributing around 47 percent of the national GDP.12 This has not been accompanied by the necessary capacity to plan and provide services to an increasingly complex and vulnerable urban landscape.13 The city has experienced low- density urban sprawl and an increase in informal settlements in areas at high-risk to climate change impacts, particularly along and in the natural floodplains of the Paraguay River, whi ch runs along the cityâs northern and western borders.",0.7326437343250621
"âUrban green space interventions and health: A review of impacts and effectiveness.â  The World Bank Asuncion Riverfront Urban Resilience Project (P175320) The Historic Center, located close to the riverfront, has suffered from years of lack of public and private investment, resulting in underutilized public spaces and assets, abandoned buildings and empty lots.",0.6915773911909624
"From 2002 to 2012, the Historic Center lost almost a third (30 percent) of its residents, and many businesses and services moved elsewhere because of this decline.",0.100952993739735
"In 2014, the Municipality of AsunciÃn (MCA) published the Master Plan for the Historic Center (Plan CHA),18 which includes initiatives to upgrade public space and improve walkability, promote densification on vacant land, and spur economic and social development in the area.",0.8470345410433683
The average annual loss of infrastructure in the AMA due to climate- related flooding risk could go up to US$36.4 million by 2030.,0.3714110634543679
"âPlan de AcciÃn: Ãrea Metropolitana de AsunciÃn sostenible.â  The World Bank Asuncion Riverfront Urban Resilience Project (P175320) public services and infrastructure,29 exacerbating their vulnerability to climate change impacts, natural disasters and health-related events like COVID.",0.5493682081049139
"On average, major flood events occur every five years and cost families between US$1.2 to 1.5 million in temporary relocation (often for periods of up to six months) and job losses, a serious burden given the average monthly income of below US$500 for families along the riverfront.31 In BaÃ±ado Norte alone, the average annual loss of infrastructure due to flooding risk is estimated to reach US$4.75 million by 2040.",0.4103167273781516
"In 2018, with support from the Bank, the government developed AsuParticipa, an online platform to facilitate public participation and consolidate information from several urban projects from the MPCA.",0.5752791924910112
"In 2020, the World Bank financed a technical assistance project to support the Government in prioritizing and consolidating existing MPCA projects into an implementable urban action plan.",0.631531151858243
"Building on these engagements, and as part of the country's investment economic recovery plan, the Government has requested the Bankâs support for a mul tipurpose, integral program to jumpstart a resilient revitalization of the riverfront of AsunciÃn in alignment with the MPCA.",0.8545568639581854
"The Government has prioritized four transformational infrastructure investments from the MPCA as part of this Project, which will contribute to climate resilience by redirecting urban growth and safely resettling families at high risk of flooding into long-term housing solutions in flood-safe areas, as well as investing in low-carbon and climate resilient public spaces, green areas, and urban infrastructure.",0.9285369352860884
"The proposed Project would aim to create an environmental, social, economic, and institutional enabling environment for medium-term riverfront regeneration and urban climate resilience.",0.6252550211819735
"The Bank will support the government to ensure that international best practices are used to develop a public-private management model to orient future real estate investments, while mitigating the risk of gentrification and avoiding proliferation of new informal settlements.",0.919139948758212
"Within these pillars, this Project can contribute to the following NDP strategies for poverty reduction, urban development, human capital, and climate change: (i) Strategy 1.3 âLocal participatory developmentâ; (ii) Strategy 1.4 âAdequate and sustainable habitatâ; (iii) Strategy 2.1 âEmployment and social securityâ; and (iv) Strategy 3.4 âSustainability in the global habitat.â34 This Project will also respond to the Governmentâs recent COVID Economic Recovery Plan through local economic 34Gobierno Nacional de Paraguay.",0.517975243655118
"âPlan Nacional de Desarrollo Paraguay 2030.â  The World Bank Asuncion Riverfront Urban Resilience Project (P175320) development and reactivation of the construction sector, as well as building capacity in urban planning to support urban resilience.",0.786395939913663
The proposed investments address Focus Area Two: Increase Resilience and Strengthen Natural Capital Management and the Rural Economy with regards to supporting Paraguay to increase its resilience to climate shocks (like rain-related hazards like floods and droughts) at the national and household levels.,0.1654451543634588
"The Project will contribute to the three dimensions of the WBG Green, Resilient, and Inclusive Development (GRID) approach.39 Project investments will focus on low-carbon climate resilient housing and investments including energy efficiency as part of the green component; support a more resilient Riverfront of AsunciÃn by providing nature-based solutions, preservation of existing ecosystems, and encouraging non- motorized transport, as part of the Resilient component; and provide targeted support for communities in flood- prone areas which are most vulnerable to climate change.",0.7576827135953036
"The project will enhance Paraguayâs institutional capacities on territorial and environmental planning and management; low-carbon, energy-efficient and resilient infrastructure construction; and green jobs to contribute to a more resilient and inclusive recovery.",0.5351000699129972
Project Development Objective PDO Statement The project development objectives are to improve living conditions for targeted vulnerable households and to increase resilience40 in selected areas in the riverfront of AsunciÃn.,0.09890219298276035
"Number of people provided with improved urban living conditions, disaggregated by gender (CRI).41 b.",0.2023921012878418
"c. Number of people with new jobs after receiving training, technical assistance, or grants, disaggregated by gender.43 d. Increased use of upgraded and rehabilitated public spaces and green areas with climate resilience design.44 B.",0.5994860042225231
"Project Components The Project will have four components: (i) Component 1 will finance the design and development of a mixed-use and inclusive riverfront area with the construction of definitive in-situ resettlement housing and connections to public services; (ii) Component 2 will support the design and implementation of three sets of targeted urban interventions to revitalize public spaces and green areas; (iii) Component 3 will support economic development and participatory strategies for improving the quality of life and livelihoods of vulnerable communities; and (iv) Component 4 will support capacity building for national and municipal authorities on urban planning, land use and risk management.",0.9455210078846324
"This Project promotes an integral approach that includes: (i) environmental resilience to flooding and other climate change impacts; (ii) physical resilience through the creation of green and safe housing and infrastructure; and (iii) social and economic resilience though creating job opportunities, boosting local productivity, and promoting community integration programs with focus on the vulnerable population in the riverfront of AsunciÃn.",0.8864068984985352
"41For the purposes of this Project, âimproved urban living conditionsâ refers to increased access to low-carbon climate resilient formal housing with increased access to basic public services including water supply and sanitation.",0.2922870462590998
"44Public spaces refer to the new, upgraded, and rehabilitated parks, streets and green areas intervened of the riverfront of AsunciÃn with climate resilient design to enhance adaptation to climate change and include energy efficiency measures.",0.48593672839078034
"Component 1: Eco-Inclusive District (US$52 million): This Component will finance the design and development of a low-carbon, climate resilient, inclusive, mixed-use riverfront neighborhood on municipal land through: (i) the construction of 650-75045 definitive in-situ resettlement housing units to provide long-term and formal housing solutions on an elevated area (> 64m MAMSL) with strong reduced flood risk (return period is > 100 years) for climate vulnerable families that live in the flood-prone area; (ii) basic urban infrastructure to service the climate resilient resettlement housing units; and (iii) financing of resettlement expenditures, if applicable.",0.9276064959439364
"In order to enable effective resettlement, this Component will finance the following basic urban infrastructure investments: (i) connecting the new housing units to the existing public services networks including electricity, water and sanitation; (ii) building the road network to access the new resettlement housing with sustainable urban drainage systems to reduce the risk of pluvial flooding, as well as pedestrian walkways and bicycle lanes to incentivize active mobility and reduce carbon dioxide (CO2) emissions; (iii) constructing community social service facilities; (iv) creating public parks and green infrastructure for flood risk management and stormwater drainage; (v) restoring two streams that run through the area to optimize their added value to urban development, including flood mitigation; (vi) installing low energy consumption public lighting; and (vii) building an underground high-voltage power line.",0.9424088217995383
"All infrastructure investments under this Component, including the housing units will incorporate low- carbon and climate resilient design elements such as the use of materials and construction methods including financing passive design solutions to regulate indoor temperature, rainwater harvesting systems, and waterproofing foundations and walls in areas exposed to floods or high groundwater levels .",0.5583259842612527
" The World Bank Asuncion Riverfront Urban Resilience Project (P175320) Component 2: Climate Resilient Public Spaces and Green Areas (US$39 million): This Component will finance the design and upgrading of three existing riverfront public spaces to enhance adaptation to climate change, recreational and educational value, social inclusion, accessibility, and financing of resettlement expenditures, if applicable, under each subcomponent.",0.866469990123402
"Subcomponent 2.1: Historic Center (US$19.5 million): This subcomponent will finance climate resilient, low-cost, high-visibility upgrades to public spaces in the Historic Center along three key corridors, focused on supporting commercial activities, recreation, and tourism, attracting, and retaining employment opportunities, creating spaces for dynamic social interaction, and preserving cultural heritage.",0.9054444919932972
"The three corridors are: (i) the Civic Corridor, which will link the cityâs most iconic public buildings and cultural hubs; (ii) the Commercial Corridor, which will concentrate the cityâs main retail stores and office buildings; and (iii) the Ecological Corridor, which will create a green connection between the Historic Center and nearby public parks and plazas.",0.5257344245910645
"The upgrades will include: (i) pedestrian and semi-pedestrian streets and connections to bike lanes to incentivize active mobility and disincentivize motor vehicle use, reducing GHG emissions; (ii) upgrades to public plazas with urban furniture and play areas; (iii) low-energy consumption street lighting; (iv) shading structures to mitigate climate-induced heatwave and heat-island effects; (v) planting of trees and native flora to provide shade to regulate temperatures including during heatwaves; (vi) replacing overhead electrical cables with underground cables; (vii) improved retention and drainage of stormwater, including green infrastructure, permeable streetscapes, and rain harvesting, to reduce flooding impacts; (viii) flexible spaces to accommodate street vendors and artisans; and (ix) signage and wayfinding elements.",0.9318268515846946
Subcomponent 2.2: Parque Caballero (US$12 million): This subcomponent will finance basic climate resilient upgrades to an existing 13-hectare historic urban public park as well as its expansion to an adjacent plot of six hectares of vacant municipal land available for development.,0.9316273602572355
"The investments include: (i) revamping entrances, surrounding streets and interior pedestrian walkways to improve accessibility and incentivize active non-motorized mobility; (ii) constructing climate resilient community facilities and spaces for diverse users and activities, including playgrounds, a skate park, community gardens for local food and plant production, and flexible, modular areas for community development and commercial uses; (iii) planting of trees and native flora to mitigate climate-induced heatwave impacts by increasing the shaded areas; and (iv) creating a retention area to mitigate flood impacts; among other small-scale upgrades like (v) installing low-energy- consumption public lighting.",0.9267103021795099
"There is a low-lying area between the existing park and the proposed four-hectare expansion that currently hosts around 100-15049 families in informal housing units at high risk of flooding, who 49Ãbidem.",0.00792214951731942
" The World Bank Asuncion Riverfront Urban Resilience Project (P175320) will be offered resettlement alternatives in accordance with the RPF, including the option to relocate to the resettlement housing units in the Eco-Inclusive District (Component 1).",0.015851382504809986
"Subcomponent 2.3: Banco San Miguel (US$7.5 million): The subcomponent will finance small-scale investments to strengthen the ecological function and climate resilience of Banco San Miguel and BahÃ­a de AsunciÃn, a 300-hectare ecological reserve, as the main open natural protected space.",0.5498798977244984
"Component 3: Social Resilience, Local Economic Development, and Citizen Engagement (US$6 million): This Component will finance activities to (i) support local economic development along the riverfront through a bundled52 economic inclusion program and (ii) support the participatory design of public spaces and resettlement housing to be financed under Components 1 and 2, participatory processes to inform prefeasibility studies for selected flood-prone areas in the BaÃ±ados, and technical assistance to strengthen the stakeholders engagement under the MCPA.",0.8612733320756392
"Subcomponent 3.1: Local economic development (US$5 million): This subcomponent will finance: (i) a participatory diagnostic of post-COVID socioeconomic challenges and opportunities in AsunciÃn; (ii) the design and construction of a low-carbon and climate resilient Center for Local Economic Development and Social 50Though the official name is âBanco San Miguel y BahÃ­a de AsunciÃn,â the Project will refer to Banco San Miguel for ease of reference.",0.9142873937433417
"51IADB (2018) âStrengthening Urban Resilience in Riverside AsunciÃn.â Available at:  52Bundled economic inclusion interventions, which pair cash grants with complementary interventions like training and technical assistance, have proven effective at developing sustainable livelihoods of poor and extreme poor beneficiaries.",0.4112925962968306
" The World Bank Asuncion Riverfront Urban Resilience Project (P175320) Innovation (CEDELIS)54; (iii) the design and implementation of capacity building and professional training programmatic activities of the CEDELIS; (iv) the provision of technical assistance and grants for social and economic development initiatives to strengthen community-based organizations (CBOs), and micro, small, and medium enterprises (MSMEs), and individual beneficiaries to help them formalize and link to existing value chains and markets (local, regional or national); and (v) the implementation of community-driven social and economic development activities (See detailed project description in Annex 2).",0.9055839885364879
"It will finance (i) participatory design of resettlement housing and public spaces to be financed under Components 1 and 2;55 (ii) participatory processes to inform the prefeasibility studies for strategic urban interventions in the Chacarita Inundable and Banco San Miguel areas to be financed under Component 4; and (iii) technical assistance to strengthen the stakeholders engagement and promote a socially inclusive citizen engagement mechanism to inform the implementation of the MPCA.56 These investments will set a precedent for urban development by enhancing womenâs and vulnerable groupsâ voice and agency, modeling effective public participation, and preventing potential negative impacts like gentrification.",0.872090686451305
"Component 4: Institutional Capacity Building for Urban Resilience and Project Management (US$7.74 million): This Component will finance (i) capacity building activities for national and municipal government institutions (including MOPC, MUVH and MCA) on territorial and environmental planning, including adaptation to climate change; (ii) the design of a public-private management model to guide future developments in the riverfront area; and (iii) carrying out project management activities performed by the Project Implementation Unit (PIU).",0.7368359132246538
"The Project will directly benefit around 650- 750 low-income households (about 2400 people) who will be resettled into new housing units in the Eco-Inclusive 54This kind of Centers work as boundary spaces that facilitate multidisciplinary learning, foster partnerships between small businesses, and also work as a one- stop-shop for all government programs (both national and municipal).",0.7358957637440074
" The World Bank Asuncion Riverfront Urban Resilience Project (P175320) District, respecting their preferences for housing design and location in the same area.",0.29214280301874335
The Project will also benefit households who have also suffered the most from the economic downturn as a result of the COVID pandemic.,0.004455009983344512
"Around 1,000 people57 in the area of influence of the Project will directly benefit from local economic development (LED) activities, with an emphasis on engaging women, who have experienced disproportionate impact on livelihoods due to COVID.",0.033467449925162575
"The Project will also benefit the wider public residing in or visiting AsunciÃn through the upgrading of public spaces and green areas for commercial, recreational, and educational purposes, as well as the preservation of cultural heritage.",0.7638952948830344
"Around 300,000 people visit the Historic Center every day, who will enjoy improved public spaces as well as benefit from increased economic activity and a more attractive environment for tourism, including vulnerable communities who will benefit from more socially inclusive and accessible activities, areas and infrastructure.",0.6800581325184215
"Indirect beneficiaries include those employed in the construction of the infrastructure and public spaces financed by the Project, which is estimated to generate over 2,300 jobs.",0.6613150509920988
"An additional estimated 6,700 jobs will be created through the increase in economic activity anticipated as a result of Project investments.",0.9644717303189364
" The World Bank Asuncion Riverfront Urban Resilience Project (P175320) E. Rationale for Bank Involvement and Role of Partners The World Bankâs support to this Project draws on its long -standing global experience in the design and implementation of urban resilience projects focused on improving living conditions and livelihoods for vulnerable communities through a range of advisory, policy and investment instruments, including recent and ongoing engagement in Argentina, Brazil, Colombia, India, Mexico, and Vietnam, among others.",0.5582182190634988
"Key characteristics of successful World Bank engagements in urban resilience include ensuring well-targeted use of public resources, enabling private sector engagement, and convening global expertise.",0.8380099209872159
"Through P095235 âPY Water and Sanitation Sector Modernization,â the Bank financed improvements to water services and access to sewerage services in AsunciÃn between 2010 and 2019.",0.5116873220963911
"The IADB has been working with MOPC for several years to improve housing quality and public infrastructure in the southern riverfront area (BaÃ±ado Sur), including a resettlement process in the TacumbÃº neighborhood.58 The IADB is also financing a slum upgrading project in Chacarita Alta, an area adjacent to the Project investments, creating opportunities for coordination and incorporating lessons learned, particularly from the resettlement process.",0.9220928712324663
"In 2021, the World Bank has supported coordinating efforts with an IADB-financed project with the Ministry of Information Technologies and Communication that intends to develop a âDigital Districtâ along the riverfront, aligning the Ministryâs plans with the proposals for the Eco-Inclusive District (Component 1).",0.40781172839078034
"Around the world, financing urban revitalization through public spaces and cultural assets like historic city centers has been shown to improve social inclusion, accessibility, civic participation, public health, perceptions of safety, well-being, and a sense of belonging.",0.05428785627538508
"These investments can enhance the competitiveness of a location to attract economic activity, ultimately contributing to poverty reduction.",0.8569117459383878
"Past failed attempts to redevelop the riverfront have seeded mistrust in both the vulnerable communities living in high-risk informal settlements and in private sector actors with an interest in investing, whose expectations have been raised and then frustrated on several occasions.",0.6398663087324663
"Early interventions, like 58IADB.âPR-L1152: Housing and Rehabilitation Program for BaÃ±ado Sur in AsunciÃn.â  -L1152 59Including: âWater & Sanitation Sector Modernization Projectâ (P095235), âParaguay Public Health Sector Strengtheningâ (P16799 6), and âParaguay Transport Connectivityâ (P147278).",0.8516555265946821
This will be balanced with the support in creating appropriate management model and building institutional capacity for future development along the riverfront.,0.2768979072570801
"Lesson 3: Transformational investments in infrastructure and urban upgrading must be matched by dedicated social and economic development.61 Experiences from Bank-financed urban upgrading programs in Belo Horizonte, Buenos Aires, Haiti, and Honduras show that complementary investments in citizen engagement, human capital and local economic development not only contribute significantly to Project ownership and sustainability but can also bolster recovery from COVID impacts, and help to reduce the risk of gentrification.",0.9262063286521218
"With a mix of workforce development, support for CBOs, and participatory design, Component 3 will support lasting economic and social benefits for vulnerable communities along the riverfront of AsunciÃn.",0.9325354316017844
"As part of Component 4, this Project will increase the capacity of national and municipal authorities to analyze and utilize hydrodynamic models as an integral part of urban development investments along the riverfront area.",0.7448332526467063
MOPC has a proven track record in terms of technical capacity for planning infrastructure with international financing.,0.8640598817305132
"Given the limited capacity of the MCA, all large investment projects in the riverfront of Asuncion have been executed by the national government in recent years.",0.840998649597168
"Project investments have been approved as part of the MPCA, which provides a solid urban planning framework.",0.8826440464366566
"Project investments will be incorporated into the medium-term national investment portfolio, as approved by the National Congress, ensuring proper consideration and the support of the major political parties.",0.8172221617265181
"While the current Project is a publicly-financed operation on land owned by the Municipality, it helps to create the enabling environment âand critical infrastructureâ which will allow for future private-led development of greater BaÃ±ados area and the adjacent neighborhoods.",0.928325739773837
"Specifically, the interventions in the Eco- inclusive District will generate new elevated land in an area surrounding the resettlement housing constructed under Component 1 suitable for future public-private urban development.",0.9275491020896218
"Additionally, the Project will help the local authorities define land use and building regulations in the area to engage with potential private developers and financiers in the future.",0.7096313563260165
"While the proposed Project does not include any direct private development or the commercialization and permission for the private development on the public lots, the operation does set the stage for the authorities to explore all possibilities for the development of lands into the future.",0.4594161727211692
"Component 4 will finance Technical Assistance to support the GoP to facilitate consideration of international best practices to develop a public-private management model guiding future real estate investments, however, its implementation is not considered as part of the Project.",0.8800868121060458
"The designs of the infrastructure investments (including resettlement housing units, improvements to public spaces, and green and gray infrastructure) will be based on participatory processes and will incorporate climate-smart, gender-informed and universal design criteria.",0.17158497463573108
"The MOPC has committed to executing the initial infrastructure investments, while the MCA has committed to supporting the process and assuming associated costs related to plan and undertake regular maintenance of urban infrastructure and LED activities.",0.9358481493863192
Part of the commitment of the MCA is to work closely with beneficiary communities to maintain the investments proposed through a behavioral change strategy.,0.392096302726052
"The Bank team will support MCA with models, case studies, and best practices for funding, programming and maintaining a successful public space.",0.29102095690640534
"In addition, the training and hiring of local labor for the construction, operation and/or maintenance of infrastructure investments will promote appropriation of the investments by riverfront communities.",0.9217523228038441
The four infrastructure investments were selected from the MPCA and prioritized through a multi-criteria analysis.,0.9047156247225675
"The pre-feasibility studies indicate phasing of the Project investments, including civil works that could be bid out immediately after Project Effectiveness.",0.7792811827226118
"The pre-feasibility studies will be complemented and adjusted with a series of technical studies, including: (i) a census of the informal settlements in the Eco-Inclusive District, Parque Caballero and Banco San Miguel; (ii) a study of resettlement alternatives in the AMA, including underutilized public land and public buildings available for development and the current stock of affordable housing that could be utilized for resettlement purposes; (iii) a study of feasibility of land value capture mechanisms and the access of affordable housing in the surrounding intervention areas; (iv) a market sounding for real estate in the Eco-Inclusive District to support a strategy for private-sector investments.",0.6790437698364258
(ii) Economic analysis The Project will generate positive economic impacts by (i) reducing damages and losses due to floods affecting the riverfront of AsunciÃn for households reallocated to areas with reduced flood risks; (ii) generating new employment and entrepreneurial opportunities for the vulnerable riverfront communities; and (iii) generating revenues through the sale of public land to private investors thus creating conditions for real estate development in the area.,0.9321952299638228
"The economic analysis includes the determination of the Internal Rate of Return and the Net Present Value, considering a discount rate of 9 percent according to the recommendation of the National System of Public Investment of the Ministry of Finance.",0.863286018371582
 The World Bank Asuncion Riverfront Urban Resilience Project (P175320) The Project is economically viable.,0.22248456694863059
"The second group considers the indirect benefits, such as the increase in property values and the enhanced economic activity generated by the improvements in urban infrastructure and the upgrading of public spaces.",0.9574206959117543
"Lastly, the economic analysis considers the potential revenue from the sale of 25 hectares for construction in the Eco-Inclusive District.",0.8326453295621005
"Under these assumptions and estimates, the Net Present Value (NPV) of the Project reached US$82.2 million and the Internal Rate of Return (IRR) was 23 percent.",0.9260696931318804
"Table 1 displays the economic analysis at efficiency prices, with estimated cost and benefit flows, as well as the sensitivity analysis performed to determine the impact of changes in certain variables or assumptions.",0.31968060406771576
"Table 1: Economic analysis of the Project, including sensitivity analysis Scenarios Net Present Value (US$ million) IRR Costs Benefits Net Benefits (percent) Baseline scenario -92.49 175.18 82.22 23.0 Baseline with a 25 percent reduction in -92.49 131.52 38.43 16,6 project benefits Baseline with a 25 percent cost increase -112.76 175.18 62.42 18.4 Baseline with a 25 percent reduction in -112.76 131.52 18.63 12.2 benefits and a 25 percent increase in costs Future potential benefits.",0.9063248200850054
"The Project is also expected to generate additional benefits to AsunciÃn such as increasing employment, and generating new business opportunities, and economic development, not contemplated above.",0.9485562931407582
"In particular, once completed, the strategic public sector investment in the Eco-Inclusive District and the revitalization of the Historic Center can mobilize private sector investment in the medium term, especially given the prime location (e.g., upgraded public and green spaces, and riverfront access), thereby laying the foundation for inclusive and mixed-use areas with both residential and commercial activities.",0.9377343437888406
"The Project will contribute to adaptation and mitigation of climate change by: (i) redirecting urban growth and building resettlement housing in areas less exposed to increasing flood risk; (ii) conserving nature reserves and green public spaces to improve their ecosystem services and mitigate impacts of floods and heatwaves; (iii) introducing green and grey infrastructure to address climate vulnerabilities; (iv) employ low-carbon and climate-resilient design, building materials and construction practices; (v) engaging and raising awareness among citizens (and, in particular, vulnerable families) on climate change associated risks and mitigation measures; and (vi) building the capacity of national and municipal authorities in the application of climate risk analysis and hydrodynamic models for risk-sensitive land planning and management.",0.8845360495827415
The NDP promotes community participation in âhousing construction and in improving the human habitatâ¦ and the environment.â64 Component 3 of this Project has been designed to include citizen engagement through public participation in the design and oversight of Project investments.,0.5211857448924672
The Project will include a citizen engagement indicator to monitor the share of beneficiaries who consider that design of investments subject to consultation is responsive to their needs/views with a target of 75 percent.,0.206001801924272
"With the construction of 650-750 housing units and relocation of people from flood prone areas, the existing water supply and sanitation system will be expanded, and more households will be connected to the sewage system and wastewater will be treated before being discharged to the Paraguay river, which is shared by Argentina, Bolivia, Brazil, and Paraguay.",0.8915020335804332
"The main social risks are linked to carrying out a resettlement program in a socially complex area, which will require systematic and comprehensive social management and informed consultations, fully inclusive of vulnerable groups at risks of exclusion from sharing in project benefits, to ensure equitable, transparent and efficient processes and to minimize any adverse impact on the livelihoods of the affected communities.",0.33179848844354803
"Finally, there are potential risks associated with potential gentrification that could arise as infrastructure and accessibility are improved, and as the value of the land increases.",0.6681472171436657
"Lessons learned that will be incorporated include for instance: (i) tenure regularization mechanisms that will allow low-income residents to remain at the Eco-Inclusive District; (ii) a strategy to gradually introduce property tax and service tariffs; (iii) land use criteria to maintain low-income housing areas, and mixed uses areas with low-income housing requirements; (iv) more efficient use of public spaces; (v) mixed income housing; and others.",0.873245586048473
The Project is expected to finance small and medium infrastructure works and has a low risk of labor influx since it will be fully implemented in urban areas and most of the labor force is expected to be locally recruited.,0.5994186834855513
"Projected interventions under Component 3 would support design and construction or rehabilitation of one small-to-medium scale public building (3 or 4 stories in height), programs for socioeconomic development and strengthening of neighborhood institutions and community-based organizations and might include some small-scale rehabilitation or construction works.",0.834516091780229
"Project Development Objective Indicators RESULT_FRAM E_TBL_PD O Indicator Name PBC Baseline End Target Improve living conditions for targeted vulnerable households People provided with improved urban living conditions (CRI, 0.00 2,400.00 Number) People provided with improved urban living conditions - 0.00 1,200.00 Female (RMS requirement) (CRI, Number) Increase resilience in selected areas in the riverfront of AsunciÃn Number of vulnerable households with reduced risk of flooding in the riverfront of AsunciÃn considering climate change impacts 0.00 700.00 (Number) Number of people with new jobs after receiving training, 0.00 1,000.00 technical assistance, or grants (Number) Percentage of whom are female (Number) 0.00 60.00 Increased use of upgraded and rehabilitated public spaces and 0.00 50.00 green spaces with climate resilient design (Percentage)  The World Bank Asuncion Riverfront Urban Resilience Project (P175320) PDO Table SPACE Intermediate Results Indicators by Components RESULT_FRAM E_TBL_IO Indicator Name PBC Baseline End Target Component 1: Eco-Inclusive District Share of resettled population who report their living situation 0.00 75.00 has improved (Percentage) Share of female resettled population who report their living 0.00 75.00 situation has improved (Percentage) Recovery of Las Mercedes and Peru urban streams within the No Yes project intervention area (Yes/No) Component 2: Climate Resilient Public Spaces and Green Areas Streets upgraded with low-carbon climate resilient design and 0.00 4,000.00 improved green and gray infrastructure (Meter(m)) Walking and cycling paths to improve the accessibility of Banco San Miguel (Meter(m)) 0.00 9,800.00 Component 3: Social Resilience, Local Economic Development, and Citizen Engagement Center for Local Economic Development and Social Innovation constructed (Yes/No) No Yes Women trained in skills for labor-intensive non-traditional 0.00 250.00 sectors (Number) Share of beneficiaries who consider that design of investments subject to consultation is responsive to their needs/views 0.00 75.00 (Percentage) Share of female beneficiaries who consider that design of investments subject to consultation is responsive to their 0.00 75.00 needs/views (Percentage) Component 4: Institutional Capacity Building and Project Management for Urban Resilience Municipal and national government officials trained by capacity building activities (Number) 0.00 100.00  The World Bank Asuncion Riverfront Urban Resilience Project (P175320) RESULT_FRAM E_TBL_IO Indicator Name PBC Baseline End Target Percentage of whom are female (Percentage) 0.00 30.00 Guidelines, studies, and technical notes to promote low-carbon 0.00 5.00 climate resilient urban planning (Number) IO Table SPACE UL Table SPACE Monitoring & Evaluation Plan: PDO Indicators Methodology for Data Responsibility for Data Indicator Name Definition/Description Frequency Datasource Collection Collection The PIU will be responsible for the evaluation of progress.",0.26828419078480115
"The indicator measures the number of people that have Surveys to contractors access to formal jobs and hired under other income generation Components 1 and Number of people with new jobs after activities, including self- MOPC and Annual 2 and beneficiaries of MOPC receiving training, technical assistance, or employment and the MCA records trainings, grants or grants implementation of other technical assistance kind of entrepreneurial under Component 3. activities, as a product of activities financed under the Project.",0.5279655023054644
"The PIU will be responsible for the Increased number of people evaluation of the use of using the new, upgraded Increased use of upgraded and MOPC the new, upgraded, and and rehabilitated parks, Annual MOPC rehabilitated public spaces and green records rehabilitated project streets, and green areas spaces with climate resilient design interventions through intervened with a climate an observational resilient design survey.",0.0727594332261519
the Peru and Las Mercedes Midterm The numbers will be Recovery of Las Mercedes and Peru urban Progress urban streams have been and end of provided in the MOPC streams within the project intervention reports restored and integrated in project supervision reports and area the urban development will be measured by the plan.,0.6519201885570179
"The PIU will assess the The indicator measures the number of meters of all meters of all roads roads with new constructed, rehabilitated or drainage infrastructure, upgraded under the project.",0.9374785856767134
"The Annual MOPC resilient design and improved green and drainage infrastructure, reports numbers will be gray infrastructure balancing green and gray provided in the infrastructure and supervision reports and accounting for expected will be measured by the climate change impacts, are supervision of the accounted.",0.8396053314208984
The indicator measures the The PIU will assess the Progress Walking and cycling paths to improve the meters of walking and Annual length of walking and MOPC reports accessibility of Banco San Miguel cycling paths constructed to cycling paths improve controlled constructed in the area  The World Bank Asuncion Riverfront Urban Resilience Project (P175320) accessibility of Banco San of the Banco de San Miguel.,0.6307467113841664
"The indicator will measure The PIU will assess the the progress on the progress of the construction of the Center Progress construction of the Center for Local Economic Development Annual MOPC for Development of reports Center and will update and Social Innovation constructed Employment, the Bank in the Entrepreneurship and Social supervision reports.",0.9508360949429598
"The PIU will carry out This indicator will measure participatory urban the percentage of design processes beneficiaries of new, together with the MCA, Share of beneficiaries who consider that upgraded, and rehabilitated Progress will prepare minutes of design of investments subject to public spaces and Annual MOPC and MCA reports the different consultation is responsive to their resettlement housing that participatory activities needs/views participated in the design and will prepare annual process and consider that progress reports and a the final designs respond to final report with the their needs and views.",0.6904231418262828
Draft terms of reference for the construction of housing and community facilities.,0.016345830126242203
"Category Description Amount Percentage of Expenditures to Allocated be Financed (inclusive of Taxes) (US$) (1) Goods, works, non-consulting services, 99,737,500 100% consulting services, Grants, Operating Costs and Training and Workshops for the Project (2) Resettlement Expenditures 5,000,000 100% (3) Front-End Fee 262,500 100% (4) Interest Rate Cap or Interest Rate Collar 0 premium Total IBRD Project Costs 105,000,000 100% 26.",0.6602009859952059
"The main procurement risks identified at this preliminary stage are: i) the PIUâs technical capacities must be strengthened; ii) weak procurement performance of MOPC in previous Bankâs financed operations; and iii) complexity of Project design, which includes the participation and coordination of many institutions; iv) some works will require prior resettlements, and v) Local Economic Development (LED) projects through grants are foreseen under Subcomponent 3.1.",0.45296391573819245
The Borrowerâs team will have to develop with close support from the Bank a Proje ct Procurement Strategy for Development (PPSD) identifying the procurement arrangements that will ensure the delivery of value for money while efficiently achieving the PDO.,0.757187236439098
This area has been considered a priority for redevelopment within the MPCA for several years.,0.49730036475441675
"In addition to developing the area itself with resettlement low-carbon climate resilient housing and basic infrastructure, the Project will improve connectivity with surrounding neighborhoods and public assets, including Parque Caballero and Banco San Miguel (Component 2).",0.9407564509998668
"The pre-feasibility study includes proposals for specifications for the design and land use planning for the resettlement housing within the Eco-Inclusive District, considering a diversity of families and needs, including flexible housing solutions like duplex apartments, rowhomes with patios, the option to include mixed- use commercial spaces, and floor-level units for people with mobility-related disabilities.",0.7207694920626554
Implementation of the RPF will be carried out in phases to respond to the beneficiariesâ will to be relocated in the same area but will also incorporate alternatives for those who prefer to be relocated in existing houses in other areas within the AMA.,0.5126915411515669
Implementation of the RPF will be carried out in phases to respond to the beneficiariesâ will to be relocated in the same area but will also incorporate alternatives for those who prefer to be relocated in existing houses in other areas within the AMA.,0.5126915411515669
"The Historic Center of AsunciÃn is a site that has been studied in depth and several proposals have been made over the years to revitalize it as a center for political, economic, and social activity of the city.",0.2362858165394176
"The proposal to develop three themed corridors of public spaces â Civic, Commercial and Ecological â to revitalize the Historic Center is based on the concept approved by the Mesa Interinstitucional in the October 2020 technical assistance.",0.5085300532254305
"The Project will finance climate resilient improvements in public spaces and complete streets in all three Corridors, including raising the road at the same level as the sidewalk, traffic calming measures (like bollards to separate different mobility users), bike lanes to incentivize active mobility reducing GHG emissions, the installation of shade structures, urban street furniture (e.g.",0.9307159944014116
"Additionally, the Project will finance improvements in the streetside water drainage system and the burying of underground cables.",0.08376512744209984
"The proposal includes building civic pavilions in key points to provide shade, sitting space and signage.",0.5142266533591531
"), which passes through the main downtown commercial streets, is intended to promote local economic development.",0.6550594676624645
"The proposal will install tall metal and mesh structures with climbing plants to demarcate the space and provide shade, to widen the sidewalk and expand pedestrian areas, to build permanent and temporary public seating structures, and to create an area for informal vendors to sell their wares.",0.7794062007557262
"creates green connections between the main plazas of the Historic Center through a network of shaded public spaces, bicycle lanes, rain gardens, and the planting of native species.",0.6915871880271218
"The intervention will build a section of a broad circuit that connects Parque Caballero (subcomponent 2.2), passes through Avenida Costanera on the north and links up with the main plazas of the Historic Center to the south.",0.7025769407098944
"In addition to the three Corridors themselves, the Project will also finance upgrades in public spaces (100,700 sq.",0.7468956167047675
"This will include widening the sidewalk, raising crosswalks, installing energy-efficient public lighting, permeable surfaces, and street furniture.",0.6250922029668634
"The four latter plazas include additional thematic elements: two historical timelines installed in the pavement in Plaza de los HÃ©roes, new spaces for playgrounds and table games in Plaza Oâleary, a kiosk design that can be offered as a more formal structure for local artisans or street vendors to sell their wares in Plaza de los Artesanos, and the historical restoration of the original structures in Plaza de la Democracia.",0.17588082226839932
The Government prioritized the revitalization of Parque Caballero as a key project within the MPCA as part of a strategy to improve and connect green and public spaces in the city.,0.7912142493508079
"This subcomponent will facilitate increased use of this public space, incorporate new green areas and climate-smart nature-based solutions to climate change impact, and improve connectivity between the Historic Center and the riverfront.",0.5199953859502618
"The upgrades to the existing 13-hectare park will install programmatic spaces for diverse users and activities, including (i) a food truck area; (ii) three small playgrounds; (iii) a skate park; (iv) a sport court; (v) open-air exercise equipment; (vi) benches and other public furniture; (vii) flexible, open and green spaces; and (viii) pedestrian walkways through the park.",0.5308502370660956
This Project intends to unite these two areas and develop the vacant land into an extension of the existing park.,0.18705248832702637
"The proposal to unite the existing park with the extension park across the slope includes the construction of (i) a series of pedestrian platforms, walkways, and bridges to improve pedestrian mobility and encourage non-motorized transport; (ii) an area for concessionary restaurant and/or bar services; and (iii) areas for additional water retention capacity and to mitigate flood impacts.",0.8230935010043058
The proposal for the 4-hectare extension park area includes building (i) urban gardens for food and plant production; (ii) flexible spaces for public fairs or community events; and (iii) an observation deck for looking out to the Bay of AsunciÃn.,0.5327849388122559
"The first phase will focus on investments to improve the existing park, as well as the initial preparation of the land in the extension park for gardens and nurseries.",0.7510126287286932
The second phase will improve side streets and begin to consolidate the two sections of the park.,0.21707075292413885
"The final phase will require potential resettlement of families from the slope that separates the two sections, followed by construction of the water retention laguna, the pedestrian platforms and the concessionary commercial spaces over the slope, as well as the flexible community centers in the extension park.",0.5518726869062944
"The first phase would focus on constructing: (i) pedestrian walkways, lookouts and rest areas; (ii) the expanded public space on the southern border; (iii) the research and education center; (iv) the observatory and park ranger center; and (vi) improved access control points.",0.34046881849115546
"This Component will finance activities to support local economic development (LED) through a bundled economic inclusion program, participatory design of public spaces and resettlement housing, as well as citizen engagement and social communications strategies to engage relevant stakeholders along the riverfront, including technical assistance to strengthen the stakeholdersâ engagement under the MPCA .",0.8533263639970259
"73 The infrastructure construction activities under Components 1 and 2 are expected to provide temporary employment opportunities during Project implementation, leading to short-run improvements in welfare.",0.20098675381053577
"This subcomponent will address the urgent needs of targeted vulnerable communities in selected disadvantaged neighborhoods in the riverfront of AsunciÃn, as well as lay the foundation for medium-term economic recovery through local economic development.",0.9314449483698065
"It will finance (i) a participatory diagnostic of post- COVID socioeconomic challenges, opportunities, and beneficiaries based on the findings of the Project's Environmental and Social Assessment and the Stakeholders Engagement Plan; (ii) the design and construction of a CEDELIS, (iii) the design and implementation of capacity building and professional training programmatic activities of the CEDELIS; (iv) the provision of grants and technical assistance to support social and economic development initiatives from CBOs MSMEs, help them formalize, 75 link to existing value chains and markets, and support the creation of new value chains where possible; and (v) the implementation of community-level social 73World Bank (2020) Measuring the Impact of Urban Resilience Interventions on Local Economic Development Indicators.",0.8909013921564276
75These proposed policy actions are intended to unleash the growth potential of the informal sectorâs resources that represents a high proportion of the economy in the BaÃ±ados by promoting their transfer to the formal sector and providing better public services and social safety nets to protect vulnerable groups who remain in the informal sector.,0.7881585901433771
Informal economic and social activities must be supported because âthey not only provide live lihoods for the working poor but also supply goods and services that keep the cityâs formal economy runningâ.,0.6030158563093706
" âSeven Transformat ions for More Equitable and Sustainable Cities.â World Resources Report, Towards a More Equal City.",0.36840092052112927
" The World Bank Asuncion Riverfront Urban Resilience Project (P175320) and economic development activities, including those associated with social innovation76, and/or the operation and/or maintenance of infrastructure financed under the Project.77 20.",0.8795830986716531
Center for Local Economic Development and Social Innovation.,0.6801200780001554
"The CEDELIS will provide a range of employment and vocational education and training programs to promote access to job opportunities and social 76This approach was also supported by the Bank in other Projects like Ethiopiaâs Urban Productive Safety Nets and Jobs Project (UPSNJP) that tackles urban poverty and limited access to economic opportunities through a combination of public works and activities responsive to the diverse needs of the urban poor, including specialized social services for street children and homeless adults.",0.5677504106001421
"77Labor-Intensive Public Works generate opportunities to support beneficiaries with income or wages in exchange for labor in the recovery, creation, maintenance or provision of public goods.",0.7073133208534934
"The Project will prioritize green works (i.e., employment intensive development, restoration and maintenance of public infrastructure, community assets, natural areas and landscapes to contribute to environmental goals such as adaptation to climate change and natural disasters, environmental rehabilitation, ecosystem restoration and nature conservation).",0.8771696090698242
80World Bank (2021) The Circular Economy: Could it provide opportunities for greener and better jobs?,0.6868153051896528
" The World Bank Asuncion Riverfront Urban Resilience Project (P175320) innovation activities82, thereby increasing human capital in riverfront communities.",0.8343433900312944
"The training will be targeted to improve the skills of 1,000 beneficiaries in the BaÃ±ados with focus on the most excluded and vulnerable groups mentioned above, increasing the level of human capital in this area, which is expected to improve employment opportunities for workers in this area.",0.40600893714211206
Support to social and economic development initiatives.,0.3978639949451793
"The subcomponent will also finance (i) the provision of grants and technical assistance, to support economic development and social innovation initiatives of CBOs and MSMEs, help them link to existing value chains and markets (local, regional and/or national) and support the creation of new value chains where possible; and (ii) the implementation of community-driven social and economic development activities, including those associated with social innovation, and/or the operation and/or maintenance of climate smart infrastructure financed under the Project.",0.9383765133944425
"The beneficiaries of the grants will include any individual or collective productive unit that carries out economic and social innovation activities, producing goods or services in search of satisfying their needs, with a view to its insertion in the formal labor or commercial market with a low capitalization and productivity scale, whose main asset is the workforce.",0.9076010097156871
"Increasing access to financing for MSMEs and community development activities will help both formal and informal businesses grow and eventually formalize, resulting in an increase in employment opportunities for the residents of the BaÃ±ados.84 Access to financing could also spur the creation of new businesses and social 82Social innovation activities include social practices that aim to meet social needs in a better way than the existing solutions resulting from - for example - working conditions, education, and health.",0.841005498712713
"This subcomponent will support the participatory design of healthy, universally accessible, gender- inclusive and low-carbon climate resilient resettlement housing87 and public spaces.",0.5380610119212758
The people living in the BaÃ±ados know their neighborhoods best; they can mobilize resources and ensure support for Project investments.,0.7082482684742321
"This technical assistance will help to guarantee the participation of residents and promote inclusion, empowerment, and social and community transformation, with special attention to vulnerable and hard to reach groups.",0.416395057331432
"Furthermore, It will also finance several sectoral studies that the national and municipal governments identified through the Mesa Interinstitucional as necessary for riverfront development, which could include: (i) hydrodynamic models to assess impacts of future investments in the riverfront area to reduce flood risks and promote risk-sensitive land use planning; (ii) medium-term scenario planning for adjacent vulnerable 85Since solid waste management can be labor intensive, it can significantly contribute towards relieving poverty.",0.8405212922529741
This Component will also finance the design of a public-private management model guide future developments in the riverfront area .,0.8497174869884144
"The objective is to: (i) support the long-term sustainability of Project investments as well as medium-term land and asset management in line with the MPCA; (ii) prioritize the voices and needs of populations vulnerable to climate change impacts and other socioeconomic conditions, ensuring that they benefit from riverfront development; (iii) implement strategies ensuring equitable distribution of value; and (iv) guide future urban development under low-carbon and climate resilient criteria.",0.8842027837579901
"); (iii) how security of tenure will be achieved; (iv) types of infrastructure to be installed under Components 1 and 2; (v) location and cost to the resettlement houses; (vi) design and development of public facilities and spaces such as parks, and playgrounds; etc.",0.883373347195712
"While Components 1 and 2 will provide access to a more accessible, connected, safe, healthy and climate resilient city through the design and development of a mix-use and inclusive riverfront area including flood-safe revitalized public space, green areas and resettlement housing; (ii) participatory urban design under subcomponent 3.2 will help to identify residentsâ needs and priorities and, promote universal accessibility and gender -inclusive design.",0.756168625571511
"The Government has committed to the following activities to ensure disaggregated data collection and analysis: Carry out baseline and end-line socioeconomic surveys with potential and actual beneficiaries of Project investments and of resettlement processes, which will serve to refine local data on the gender gaps identified above.",0.06121806123039939
"Number of people with a new job after receiving training, technical assistance, or grants - percentage of whom are female, with a target of 60 percent for female.",0.21389798684553665
