seq,ecological domination
Persistent inflation (5.6 percent as of February 2023) has prompted the tightening of monetary policy rate (13.75 percent as of February 2023) to anchor 2023-24 inflation expectations.,0.38655948638916016
"Improved revenues, gradual economic recovery and elevated prices of commodities boosted fiscal results in 2022, with the 12-month primary surplus of the public sector reaching 1.2 percent of GDP and public debt declining to 72.9 percent of GDP as of January 2023 (a 5.4 p.p reduction).",0.022974789142608643
"2 Furthermore, roughly 65 percent of Brazil’s electricity is generated from hydropower.3 Future demand for irrigated agriculture and hydroelectricity is likely to result in increasingly competing demands for water considering the climate-driven projected reduction in precipitation, prolonged dry periods, and increasing 1 Using the recently published US$6.85 purchasing power parity line for upper-middle-income economies.",0.8724179701371626
"2 National Water and Sanitation Agency (ANA): Water Resources Situation in Brazil, 2021 (Conjuntura dos Recursos Hídricos no Brasil 2021).",0.6115631623701616
"  The World Bank Brazil: Espirito Santo Water Security Management Project (P176982) water evaporation rates.4 If not managed well, water can become a limiting factor to social and economic betterment in the country.5 4.",0.8453207015991211
"Floods comprise over 65 percent of the natural hazards in Brazil, and intense rainfall events that triggered flash floods and landslides were responsible for 74 percent of the deaths related to natural disasters in the 1991-2010 period.7 Addressing the challenges imposed by this context requires resilience from the water sector, as well as investments in better planning and institutional strengthening, increased water storage capacity, improved water reuse systems, and flood and drought infrastructure, including climate-resilient green infrastructure and hybrid green-gray solutions.8 State of Espírito Santo Context 5.",0.8763914975253019
"Contributions to GDP are drawn mainly from services (70 percent), followed by industry (26 percent – of which more than 45 percent from oil and gas, and to a lesser extent, mining, steel and cellulose industries) and agriculture (4 percent).",0.8776760101318359
"The extractives segment (oil and gas) has grown more than 200 percent in real terms since 2002, generating a massive increase in state revenues.",0.6132801229303534
"7 World Bank, 2021, Brazil: Climate Risk Country Profile 8 World Bank, 2021, World Bank Group Climate Change Action Plan 2021-2025: Supporting Green, Resilient, and Inclusive Development.",0.511170127175071
" The World Bank Brazil: Espirito Santo Water Security Management Project (P176982) state’s population) were registered in Brazil’s Cadastro Único social registry,10 rendering them eligible to receive government assistance.",0.871982140974565
"These would be achieved through a combination of public sector reforms, job creation programs and increased investment in many areas, including climate adaptation through increased water security, which the proposed Project will support.",0.8778873790394176
"In December 2020, the state government launched an economic recovery plan (Plano Espírito Santo – Convivência Consciente) to mitigate the effects from the COVID-19 pandemic, focused on boosting public and private investments, promoting productive inclusion, and creating jobs.",0.19552980769764294
"The State has a history of partnering with the World Bank on water initiatives dating back to the 1990s, when the focus was primarily on improving water supply and sanitation (WSS) services, coupled with watershed conservation and restoration to reduce water treatment requirements for domestic water supply.",0.8776356957175515
"While the ongoing Bank-financed Espírito Santo Integrated Sustainable Water Management Project13 has continued investments to improve sanitation services,14 it has started strengthening the State’s capacity to manage water resources in a more sustainable manner and to prepare and respond to water-related disasters.",0.8825804970481179
"This progressive evolution of the State’s priority and the Bank’s water agenda from basic WSS services to a more complex water security agenda, related to the sustainable management of water resources for multiple uses and the reduction of hydrological risks is typical in a well performing state, in an upper-middle-income country, whose water security is at risk because of the effects of climate change.",0.871325059370561
This evolution towards a more sophisticated water security agenda focused on reducing expected climate change impacts and strengthening institutional capacity will deepen in the proposed Project.,0.8418736024336382
Access:  13 Espírito Santo Integrated Sustainable Water Management Project (P130682) approved in 2014.,0.8622582175514915
14 Bank operations have contributed to improved sewerage treatment and collection indicators in Espírito Santo.,0.9255551424893466
 The World Bank Brazil: Espirito Santo Water Security Management Project (P176982) B.,0.8712085377086293
"As a result, the state faces chronic water deficits during the dry season in 3 of the 8 hydrographic units (or the northern half of its territory) and competing demands for water allocation.",0.862449125810103
" The World Bank Brazil: Espirito Santo Water Security Management Project (P176982) and along steep hillside slopes, with often inadequate or poorly maintained urban drainage systems and illegal dumping into drains.",0.8793947046453302
"To foster climate adaptation by addressing these water security risks, SES has implemented both green and gray infrastructure:16 (a) As regards green (or nature-based) interventions, Espírito Santo was among the first states to pioneer payments for environmental services (PES)17 as a means of restoring degraded watersheds and the hydrological services they provide.",0.8697391856800426
"Brazil’s largest state- level restoration program – the Reflorestar Program – was launched in 2011 to promote the restoration of the hydrological cycle and reduce erosion, initially focusing on the river basins that supply water to the Great Vitoria Metropolitan Region.",0.8795212832364169
The program protects downstream water uses by offering upstream landholders payments for reforesting and adopting sustainable land use practices in watersheds that could generate substantial environment services.,0.8521821282126687
"The implementation of such interventions together with the establishment of protected areas, and control of illegal logging has allowed SES to stabilize its forested area over the past 20 years, in stark contrast to Brazil as a whole.",0.867723985151811
"In addition to the PES, the state finances complementary structures for soil and water conservation, such as water infiltration ponds, contour ditches and terraces.",0.8670022270896218
"These practices and structures improve soil retention and water infiltration, thus helping: (i) reduce water treatment costs; (ii) reduce maintenance costs and increase the life of reservoirs and other water infrastructure by decreasing sediment flows; and (iii) reduce flood risks during the wet season and decrease vulnerability to dry spells and droughts by increasing water availability during the dry season by slowing runoff.",0.8090010556307706
"Moreover, most of these land use practices and structures increase participating landholder incomes, rendering them “no regret” options.",0.9274046637795188
(b) Traditional gray infrastructure applied to water resources management (WRM) has gained more traction recently.,0.9140976125543768
"The few existing water 16 “Gray” infrastructure generally refers to conventional human-built structures (such as storm drains, pumps, dams, levees, reservoirs, treatment plants, and pipes) while “green” interventions refer to solutions that harness natural systems (such as forests, wetlands, soil or mangroves) to provide water resources management options.",0.8870251395485618
"Evidence suggests that integrating green and gray infrastructure provide lower-cost and more resilient services, helping fill the need for climate-resilient solutions.",0.030449769713661888
"17 Espírito Santo has received continued World Bank support throughout this process, first under the Espírito Santo Biodiversity and Watershed Conservation and Restoration Project (P094233) and subsequently, under the Espírito Santo Integrated Sustainable Water Management Project (P130682).",0.8595848950472745
 The World Bank Brazil: Espirito Santo Water Security Management Project (P176982) storage structures were constructed over the past 20 years for power generation.,0.8881281939419833
It was not until the 2014 drought that the need to build reservoirs to store water and regulate river flows or use hydroelectric reservoirs for emergency water supply was first raised.,0.8752924312244762
"Recognizing the devastating impacts of drought on agriculture and animal husbandry, in 2017 the State Secretariat for Agriculture, Livestock and Fisheries launched a State Dams Construction Program with the aim of building 60 reservoirs and refurbishing large dams to mitigate the impacts of drought on the sector.",0.871915643865412
The 22 small reservoirs that have been built to date under the program have improved both the reliability and availability of water to rural populations.,0.8611730228770863
"Additional gray investments, in combination with green infrastructure, will likewise be needed to control or mitigate flooding (storage, dykes, river channeling, among others), in line with the state’s plans to continue investing in more integrated green-gray solutions to address water security risks and adapt to climate change.",0.8494389273903586
"The State has identified priority river basins and municipalities requiring urgent interventions to increase climate adaptation through increased water security, by reducing hydrological risks and managing water deficits.",0.8532955863259055
"The priority flood risk areas encompass the Itapemirim basin, as well as the municipalities of Águia Branca, João Neiva, Ibiraçu, Iconha and Alfredo Chaves, which are mostly located in the southern half of the state.",0.7709048011086204
"Although Espírito Santo boasts solid institutional and policy frameworks for Water Resources and Disaster Risk Management, their implementation needs strengthening to address water security risks and increase climate adaptation.",0.8628569516268644
(a) Water Resources Management (WRM).,0.8743707483465021
"The 2014 State Water Law18 establishes the State Water Resources Policy with the objective to ensure that water resources are managed in an integrated and sustainable manner to guarantee water security of adequate quantity and quality for current and future generations, as well as the prevention of adverse hydrological events.",0.8632437966086648
The Policy defines the seven instruments to achieve these objectives and establishes the State’s Integrated Water Resources Management System (Sistema Integrado de Gerenciamento de Recursos Hídricos do Estado do Espírito Santo - SIGERH-ES) which serves as the organizational framework governing WRM in Espírito Santo and comprises five entities with key WRM roles.,0.8650822205977007
The implementation/modernization of the seven instruments and the strengthening of the key entities is considered pivotal to bolster SIGERH-ES’ effectiveness in improving water security and implementing the Water Resources Policy.,0.8700450550426136
"The description and main challenges of the WRM instruments and SIGERH-ES’ organizational structure are summarized, respectively, in tables 1 and 2 below: Table 1 – WRM policy instruments Instrument Status and challenges 1) State Water Resources The 2018-2038 State Water Resources Plan and 10 (of the 14 required) river basin Plan (Plano Estadual de water resources plans were enacted.",0.8646774291992188
" The World Bank Brazil: Espirito Santo Water Security Management Project (P176982) Instrument Status and challenges 3) Classification of water Water quality standards have been defined where basin plans were developed, but bodies they have yet to be operationalized.",0.8665637102994052
"4) Water use and discharge The granting of water use rights has been in place since 2005, however most users permits do not have a water permit and permitted users face low compliance control.",0.857508659362793
"The formalization of water use rights is key to increase financial resources for WRM and are also critical to determine water use, control abstractions, and manage water deficits and droughts risks.",0.9270482496781782
"5) Water use and discharge Water use fees, a key source of river basin plan and SIGERH-ES financing, have yet fees to be defined and approved by the river basin committees.",0.8677698482166637
6) Water resources The system needs to be upgraded.,0.5285215811295942
"There are significant including water users water availability, quality and demand data gaps that jeopardize both the registry sustainability of water resources, and protection against extreme hydrological risks.",0.4869329279119318
"7) Payment for Although the PES has been successfully implemented under the Reflorestar Environmental Services - Program since 2011, additional efforts could be made to (i) have direct beneficiaries PES (such as municipalities) share at least part of the costs with the state government, which would require a stronger impact monitoring program; and (ii) bridge gender gaps given the significant underrepresentation of women among the beneficiary landholders of Reflorestar.19 Table 2 – SIGERH-ES: WRM organizational framework Entity Functions Status and challenges 1) State Water Resources (i) enact and monitor implementation of the The CERH has been established and Council (Conselho State WRM policies and Plan; (ii) establish holds periodic meetings, however Estadual de Recursos water rights, discharge permits and water its operation would benefit from Hídricos - CERH) use and discharge fees criteria and rules; (iii) more proactive discussions and authorize the creation of basin agencies and actionable proposals related to committees; (iv) approve water bodies conflicts over water resources.",0.8385663466020064
classification; (v) act as court of appeal for water conflicts; and (vi) monitor the use of water use and discharge fees.,0.7307080355557528
"2) State Water Resources (i) regulate water resources use; (ii) plan and AGERH lacks sufficient qualified Agency (Agência promote actions to reduce droughts and staff, equipment and financial Estadual de Recursos floods risks in conjunction with state civil resources to fulfill its mandate.",0.8555006547407671
Hídricos - AGERH) defense agencies; (iii) oversee the planning and execution of public works for multi-use water storage and supply; and (iv) perform hydrological monitoring.,0.8681383999911222
 The World Bank Brazil: Espirito Santo Water Security Management Project (P176982) Entity Functions Status and challenges 4) River Basin Committees (i) approve the River Basin Plan; (ii) propose The 14 River Basin Committees that (RBCs) water use and discharge fees to CERH; (iii) serve SES’s entire territory have monitor the implementation of the Basin been created but need additional plans; (iv) submit criteria for the granting of support to be fully operational.,0.8779121745716442
"As is water rights to CERH; (v) approve criteria for the case nationally, RBCs are the cost allocation of multiple use water endowed with strong deliberative works and services; (vi) approve respective powers, but generally have limited Basin Agency annual budget; and (vii) implementation capacity and play arbitrate water conflicts.",0.887061899358576
"5) River Basin Agencies Function as executive, financial and The agencies are not yet in place administrative entity to support the and their functions are partly being respective RBCs in managing water implemented by AGERH.",0.8701702464710582
"Its resources under their mandate, including (i) establishment is conditional to updates/revisions and implementation of evidence of financial sustainability the River Basin Plans, (ii) support to through funds generated by water municipal administrations, (iii) maintaining charges.",0.9807682037353516
water user registries and balance of water availability in its area of operation.,0.8695137717507102
(b) Disaster Risk Management (DRM).,0.15092096545479514
"The Federal and State Civil Defense Laws20 establish the State Civil Defense System (Sistema Estadual de Proteção e Defesa Civil - SIEPDEC-ES) which plays a critical role in managing hydrological risks since it is responsible for coordinating disaster prevention, mitigation, preparedness, response, and reconstruction.",0.87109713120894
" The World Bank Brazil: Espirito Santo Water Security Management Project (P176982) Table 3 – SIEPDEC-ES Functions and instruments Status and challenges Approval and regular updating of The operationalization of the PEPDEC could be improved with each the State Protection and Civil organization involved defining in detail how they would carry out their Defense Plan (Plano Estadual de disaster preparedness and response functions as defined in the plan, Proteção e Defesa Civil - PEPDEC) ensuring they have the equipment, staff and resources available and protocols in place.",0.8712400956587358
"Mapping of risk areas and studies Significant progress has been made in rolling out the system, including to identify threats and mapping high and very high-risk areas throughout the state’s 78 vulnerabilities municipalities.",0.09220187230543657
"Hydrometeorological and Information gathered under “Alert!Espírito Santo” system, which integrates geological monitoring in risk areas different monitoring systems and emits automatic early warnings in case of floods, landslides and dry spells.",0.862360954284668
"Supporting municipalities in Important achievements include support to 17 municipalities in preparing surveying of risk areas, preparing their Municipal Rainwater Master Plans and Disaster Risk Reduction Plans; Civil Protection and Defense and the inclusion of 69 municipalities (88 percent of the state’s total) in the Contingency Plans and disclosing national disaster monitoring and alert system.",0.6549319353970614
"(c) In addition to the member entities of the WRM and DRM governance frameworks, the Department of Buildings and Roads of Espírito Santo (Departamento de Edificações e de Rodovias do Espírito Santo – DER-ES) has recently taken a more central role in executing civil works and recovering infrastructure related to hydrological disasters.",0.8468954779885032
"(d) Overall, there is still a significant need to reduce water-related risks through the preparation and implementation of integrated structural and non-structural measures, identified through rigorous integrated flood and drought planning processes that factor in climate change uncertainties.",0.8606539639559659
"Building on the long-term engagement between the State and the Bank, the Government of Espírito Santo has requested the Bank’s assistance to respond to and address the above challenges, encompassing climate adaptation through water security in priority areas by financing drought and flood management plans, implementing a combination of green and gray infrastructure (notably expanding the Reflorestar program), as well as improving State-level WRM and DRM governance and management instruments.",0.9020290374755859
This broader initiative seeks to expand and consolidate prior results achieved in these areas and move the needle on reducing the state’s water security risks and increasing its capacity to prepare and respond to extreme hydrological events.,0.862950325012207
"The proposed operation is fully aligned with the World Bank Group's FY18-FY23 Country Partnership Framework (CPF) for Brazil21 and informed by the Bank Group’s Climate Change Action Plan 21Report No113259-BR, discussed by the Executive Directors on , and confirmed by the corresponding Performance and Learning Review (PLR).",0.8693617907437411
" The World Bank Brazil: Espirito Santo Water Security Management Project (P176982) (CCAP) and the Brazil Country Climate and Development Report (under preparation).22 It fits within the CPF’s Focus Area 3, Inclusive and Sustainable Development and contributes to Objectives 3.1 (Support achievement of Brazil’s Nationally Determined Contribution (NDC) under the Paris Agreement23 with a particular focus on land use) and 3.2 (Provide more inclusive and sustainable urban services), by addressing the vulnerability and exposure of people and assets to increased water security risks, which are the main manifestations of climate change impacts in SES, contributing to adaptation objectives, as well as increasing carbon sequestration through increased forested area, thus supporting mitigation targets.",0.8792370015924628
"In addition, by investing in institutional strengthening and more effective WRM tools, the Project will help enhance the SES water sector’s governance, operational efficiency, and sustainability, increasing resilience to flood and drought risk.",0.8844318389892578
"The national strategy lays out a transition to a cleaner energy mix and an increased use of climate risk management approaches, which is aligned with the Project’s objectives.",0.8040084838867188
"The Project likewise fosters innovation, via the integration of flood risk reduction, green interventions, and water basin revitalization activities, reflecting the Bank’s global lessons and prior engagements with the state (see sections E and F).",0.873323613947088
"The Project is aligned with the Bank Group’s paper on Global Crisis Response Framework (GCRF), discussed by the Executive Directors on .24 The proposed activities under the Project fit into two of the interrelated four pillars that are underpinned by the Green, Resilient and Inclusive Development (GRID) agenda: (Pillar 3) Strengthening Resilience and (Pillar 4) Strengthening Policies, Institutions, and Investments for Rebuilding Better.",0.8564933430064808
"The operation will (i) help build the state’s long-term resilience by strengthening crisis preparedness and disaster risk management to support the SES’ capacity to handle hydrological disasters (Pillar 3 contribution through Components 1 and 2), and (ii) advance climate-smart investments and build strong institutions to promote climate adaptation and improve development outcomes (Pillar 4 contribution through Components 1 and 3).",0.802840839732777
"The proposed Project contributes to the SES goals set out in its 2030 Development Plan aimed at improving the quality of life of its population, economy and the environment, and adapting to a changing climate by reducing water security risks.",0.870644829489968
"Support will focus on strategic municipalities and river basins where it will increase water security by improving the State’s capacity to manage water deficits, drought, flood and landslide risks, contributing to climate adaptation and mitigation and environmental conservation.",0.8375139236450195
It will also support implementation of federal and state water resources and civil defense policies/laws.,0.8738301017067649
22 The Country Climate and Development Report (CCDR) is a new World Bank core diagnostic tool to help countries align climate action and development efforts and absorb new climate-related technologies as they emerge.,0.8544753681529652
"The CCAP 2021-2025 aims to advance the climate change aspects of the Bank Group’s Green, Resilient, and Inclusive Development (GRID) approach, which pursues poverty eradication and shared prosperity with a sustainability lens.",0.8656401200727983
"23 Based on the second cycle of the National Adaptation Plan (NAP), the Project will support three of the four NDC adaptation measures: (i) the strengthening of the management of water resources; (ii) the development of adaptation strategies in the agricultural sector through drought plans and alert systems, as well as natured-based solutions and payments for environmental services; and (iii) adaptation plans for the urban landscape to ensure the resilience of the population and infrastructure (through the reduction of flood and landslide risks).",0.8835121501575817
It will also support its mitigation strategies through carbon sequestration in reforested areas.,0.8538729060779918
"24 World Bank Group, 2022, Global Crisis Response Framework Paper: Navigating Multiple Crises, Staying the Course on Long- Term Development - The World Bank Group’s Response to the Crises Affecting Developing Countries.",0.8507681759920988
 The World Bank Brazil: Espirito Santo Water Security Management Project (P176982) II.,0.8710668737238104
"The Project Development Objectives (PDO) are: (i) to strengthen the Borrower’s capacity to manage water security risks in a changing climate; (ii) to reduce those risks in selected areas of the Borrower’s territory; and (iii) in case of an Eligible Crisis or Emergency, respond promptly and effectively to it.",0.8334983478892933
"Strengthening the State’s capacity to manage water security risks will be measured by the improvement in the application of water resources and disaster management policy instruments (State WRM plan; flood or drought management plans; water rights; water use charges; flood forecast and alert systems), and in the quality and availability of water and climate information for decision making.",0.8691402782093395
"This increased capacity to manage water security risks will also come from improvement in the State’s capacity to use these instruments and information as a result of training, better equipment and other improvements that will be recommended by the AGERH institutional assessment and the WRM system financing assessment.",0.8601977608420632
"PDO Level Indicators • PDO 1: Water resources management instruments improved;25 • PDO 2: Digital operations command system implemented;26 • PDO 3: Land area under sustainable landscape management practices (Corporate Results Indicator – CRI); • PDO 4: Itapemirim river basin forecast and early warning system operational and issuing reports; and • PDO 5: People benefitting from reduced water security risks, disaggregated by gender.27 B.",0.9221050956032493
"The proposed Project is a US$113.6 million Investment Project Financing (IPF) operation, financed by a US$86.1 million IBRD loan and US$27.5 million in state counterpart funds.",0.8477375724098899
"Proposed interventions are grouped around three components focused on the following geographic scales: statewide (Component 1), river basin (Component 2) and 25 Water resources management instruments improved will be measured by: (i) an increase in water rights decisions, based on revised criteria, improved information and use of a decision support system; (ii) the State Water Resources Plan updated and approved by the State Water Resources Council; and (iii) the State Water Resources Information System modernized and operational.",0.8661101081154563
27 It refers to the people that will benefit from the implementation of structural and non-structural measures to reduce water security risks in selected areas.,0.8566318858753551
 The World Bank Brazil: Espirito Santo Water Security Management Project (P176982) municipal (Component 3) levels as well as support to Project management (Component 4) and a zero-fund Contingent Emergency Response (Component 5 - CERC).,0.8763531771573153
Component 1 – Building the Borrower’s capacity for water security in a changing climate (US$15.52 million of which US$14.05 million IBRD).,0.8899492783979936
"This component will strengthen the state’s capacity to manage water security risks by strengthening both SIGERH-ES and CEPDEC water resources and disaster management capacities, respectively, and fostering their better integration.",0.9032488736239347
"This will contribute to climate adaptation in two ways: firstly, by improving the capacity to manage water security risks, as most climate change impacts people, the economy, and the environment, through increases in those risks (see sectoral context) and, secondly, by designing and implementing policy instruments taking into account climate change uncertainty, improving climate change related information for decision making and providing specialized staff training on this topic.",0.3914928002790971
Strengthening SIGERH-ES’s water resources management capacity (US$7.43 million of which US$7.43 million IBRD).,0.9589674689553
This subcomponent aims to strengthen SIGERH-ES’ institutional capacity to manage water resources within the context of ever increasing vulnerability to climate change.,0.8969873948530718
"Financed activities include, inter alia: (i) the completion of AGERH’s institutional assessment, the preparation of a state water resources management financial sustainability assessment, and the implementation of their key recommendations; (ii) capacity building activities targeted to SIGERH-ES’ institutions, including hydrological disasters and climate change training; (iii) the strengthening of key WRM tools, including: (a) the strengthening of the criteria underlying the issuance of water rights taking into consideration water related risks, processes, and decision making system; supporting water users to effectively prepare their water rights requests; and upgrading/updating user and water rights digital registries; (b) the development of instruments to finance the state water resources management activities, including the definition and submission for approval of water use charges at the river basin committees level; (c) the modernization and operationalization of the state’s water resources information system (Sistema Estadual de Informações sobre Recursos Hídricos – SEIRH) and related hydrological and hydrogeological monitoring networks; and (d) updating of the State Water Resources Plan (PERH) to consolidate other water related sectoral planning and strengthen hydrological extreme events related aspects; (iv) the development of hydrogeological and hydrological studies of selected aquifers and river basins; and (v) the strengthening of a State Water Quality Laboratory, including laboratory and IT equipment, licenses and software necessary for ongoing water quality monitoring and testing.",0.9007538015192206
"Subcomponent 1.1 supports the implementation of the World Bank’s GCRF, Pillar 4 “Strengthening Policies, Institutions and Investments for Rebuilding Better”.",0.8499453284523704
Strengthening CEPDEC’s disaster risk management capacity (US$8.09 million of which US$6.62 million IBRD).,0.8289498415860262
"This subcomponent seeks to strengthen the State Coordination for Protection and Civil Defense’s (CEPDEC) capacity to manage water security risks and respond to disasters by supporting, inter alia: (i) the construction and supervision of works of a specialized disaster response center (Centro Especializado de Resposta a Desastres – CERD); (ii) the acquisition of specialized equipment, notably fire trucks and emergency kits; (iii) the provision of training, including on gender aspects in DRM; and (iv) the design and implementation of an electronic emergency command, control and coordination response system (Incident Command System software).",0.9026766690340909
"Subcomponent 1.2 supports the implementation of the World Bank’s GCRF, Pillar 3 “Strengthening  The World Bank Brazil: Espirito Santo Water Security Management Project (P176982) Resilience”.",0.8757541829889471
Component 2 – Demonstrating climate-smart integrated water security risk reduction approaches in selected basins (US$30.18 million of which US$23.39 million IBRD).,0.8699045181274414
"Activities are divided into two subcomponents, both of which support the implementation of the World Bank’s GCRF, Pillar 3 “Strengthening Resilience”: (a) Subcomponent 2.1.",0.8509088863026012
Expanding the support to the Reflorestar Program in selected river basins (US$16.06 million of which US$12.40 million IBRD).,0.9157837087457831
"This subcomponent aims to support PES to increase forest cover and implement other climate smart nature-based solutions to reduce water security risks in selected river basin’s priority areas, including Itapemirim, Itabapoana and Benevente, in the South, and Pontões e Lagoas do Rio Doce and Santa Maria do Doce, in the Center-North.",0.786979155106978
"It will finance, inter alia: (i) the provision of payment for environmental services to land users for the reduction of water security risks through reforestation, improved land use and agricultural practices; (ii) the implementation of physical water and soil conservation structures (such as small/mini water detention ponds or soil built dry boxes); and (iii) the provision of technical assistance to SEAMA to improve the Reflorestar Program’s efficiency and effectiveness, including by, inter alia: (a) strengthening the Program’s targeting; (b) developing additional financing sources, such as from the private sector; (c) strengthening its institutional capacity, including through the hiring of a Technical and Operational Firm to provide support to the Program; (d) improving its communication strategy; (e) assessing its effectiveness (in inter alia, attracting participants – including vulnerable and marginalized groups, with a specific target to reach 40 percent of women among new Reflorestar participants – targeting payments to priority areas; providing the desired environmental services; and keeping administrative costs low) and using the lessons to improve it; and (f) improving the Portal Reflorestar, which participants use to enroll in the Reflorestar PES Program and SEAMA uses to administer it.",0.9714834039861505
Improving flood and drought management in priority river basins (US$14.12 million of which US$10.99 million IBRD).,0.9729876951737837
"This subcomponent aims to apply an integrated flood risk management approach, with an emphasis on nature-based solutions (NBS), to reduce flood risks in the Itapemirim river basin; and to increase capacity to respond to drought in priority basins located in the State’s Center-North region (tentatively the following four river basins: Santa Maria do Rio Doce, Santa Joana, Pontões e Lagoas do Rio Doce, Barra Seca e Foz do Rio Doce),29 through, inter alia: (i) in the Itapemirim basin: (a) the development of an integrated flood risk management plan; and the implementation of nature-based solutions identified in the plan that would complement Reflorestar activities financed under subcomponent 2.1; (b) the strengthening of the flood monitoring, forecasting and alert system; and (c) the implementation of flood risk preparedness communications campaigns for at-risk populations, with a focus on women through targeted awareness raising campaigns; and (ii) in the Center-North region: (a) the development of drought preparedness plans; 28 By promoting conservation of forest cover, restoration of degraded ecosystems and adoption of sustainable land management in upstream watershed areas, Component 2 interventions seek to increase infiltration, reduce runoff, and limit access to rivers by livestock.",0.8599602092396129
 The World Bank Brazil: Espirito Santo Water Security Management Project (P176982) the preparation and implementation of rational water use plans; and (b) the piloting of issuance of collective water rights to groups of family farmers in micro-basins to facilitate participatory reallocation of water in times of drought.30 25.,0.9336346712979403
Component 3 – Reducing flood risk in targeted municipalities (US$60.91 million of which US$41.67 million IBRD).,0.8647242459383878
This component aims to reduce floods risks in targeted municipalities which have faced strong flood episodes over the past few years.,0.8705872622403231
"It will finance, inter alia: (i) Design and Build contracts for the implementation of urgent flood risk reduction investments,31 as well as supervision of work services, in three municipalities (Águia Branca, João Neiva and Ibiraçu) for which technical solutions have been identified, but feasibility studies need revisions; and (ii) the carrying out of studies to identify more innovative integrated structural and non-structural solutions to reduce flood risks in two additional municipalities (Iconha and Alfredo Chaves); and (iii) the implementation of some of the prioritized innovative solutions resulting from these studies.",0.8120800365101207
"Component 3 supports the implementation of the World Bank’s GCRF, Pillar 4 “Strengthening Policies, Institutions and Investments for Rebuilding Better”.",0.894705512306907
Component 4 – Project Management (US$6.99 million of which US$6.99 million IBRD).,0.8690196817571466
"This component aims to strengthen the Borrower’s capacity to carry out Project activities, including fiduciary, technical, environmental and social, and monitoring and evaluation (M&E) aspects.",0.8706540194424716
"To this end, it will finance the provision of technical assistance, consulting and non-consulting services, training, operating costs and goods to key government agencies necessary to effectively carry out activities associated with Project implementation, including the hiring of a consulting firm to provide technical and operational support.",0.8693234703757546
"This component will support the State of Espírito Santo, following an Eligible Crisis or Emergency, to respond to emergency situations associated with hydrological events.",0.8651539195667614
"This disaster recovery contingency zero-fund component could be triggered following the declaration of a disaster or emergency, defined as “an event that has caused, or is likely to imminently cause, a major adverse economic and/or social impact associated with natural or man-made crises or disasters.” When triggered, funds may be reallocated to facilitate the rapid financing of goods and services under streamlined procurement and disbursement procedures.",0.8653391057794745
"Eligible activities may include emergency rehabilitation works, supply of critical equipment, or any other critical inputs to respond to the impacts of floods, landslides, droughts and other hydrological climate-related extreme events.",0.538726416501132
"If activated, this component would therefore directly enhance the residents’ resilience to climate change.",0.8572281057184393
"The CERC supports the implementation of the World Bank’s GCRF, Pillar 3 “Strengthening Resilience”.",0.869116869839755
30 These are water rights issued to a group of family farmers using water from a defined portion of the river.,0.8610913536765359
The water right is issued to the group and they reallocate among themselves as needed.,0.8624639511108398
"31 These no-regret interventions consist of drainage works to increase runoff capacity, including dredging, widening of cross sections and river channeling.",0.9012067968195135
The Global Facility for Disaster Reduction and Recovery (GFDRR) supports the tool in partnership with the World Bank Group and other institutions.,0.859889724037864
 The World Bank Brazil: Espirito Santo Water Security Management Project (P176982) C. Project Beneficiaries 28.,0.8747048811479048
The proposed Project is expected to benefit Espírito Santo’s 4.1 million residents by enhancing both the State’s integrated water resources and disaster risk management capacities (Component 1).,0.7397743571888317
"At the river basin level, 2,800 landowner participants will directly benefit from the PES program, whereas an estimated 1.3 million will indirectly benefit from increased water security in the five selected river basins (subcomponent 2.1); the population of the Itapemirim River Basin (523,000 inhabitants) will benefit from integrated flood management interventions (subcomponent 2.2); and residents of the four river basins (538,000 approximately) will benefit from increased capacity to respond to drought (subcomponent 2.2).",0.6332550915804777
"At the municipal level, roughly 39,000 residents of the three targeted municipalities (Águia Branca, Ibiraçu, and João Neiva)33 will benefit from flood risk reduction interventions (Component 3), among which a significant share earn less than half a minimum wage per capita, and thus are either poor or at high risk of becoming poor,34 while 29,000 residents of Alfredo Chaves and Iconha35 will stand to gain from improved designs and innovative studies that will inform future flood risk works in the municipalities.",0.8863478573885831
"It will contribute to strengthening the State’s capacity to promote improved water resources and land management and nature-based solutions applied to disaster risk management, the adoption of climate-smart and sustainable practices in integrated water management, all of which would eventually be applied in interventions beyond the Project’s targeted areas.",0.8763184113935991
"Finally, public investments made through the proposed Project will help unlock opportunities for economic development and mobilization of private investments.",0.8845406445589933
Planned interventions for flood risk reduction and disaster risk management are expected to stimulate the local economy through private investments in urban development and expansion of local businesses.,0.9007646387273615
"The expansion of Reflorestar PES will help leverage additional financing sources, by supporting studies and the development of strategies that could lead to the expansion of funding sources, including the private sector.",0.8537483215332031
" The World Bank Brazil: Espirito Santo Water Security Management Project (P176982) D. Results Chain Activities Outputs Outcomes PDO High-Level Outcomes AGERH Institutional assessment completed Prepare AGERH institutional assessment Specialized equipment and training delivered SIGERH and CEPDEC capacities to Acquire and install specialized DRM equipment A1 Specialized Disaster Response Center (CERD) created manage water related risks Build CERD Specialized training targeted to SIGERH and CEPDEC strengthened Conduct capacity building of SIGERH and CEPDEC completed In case of an Eligible Crisis or Emergency, respond promptly and effectively to it State capacity to manage water Prepare WRM financial sustainability assessment State WRM financial sustainability assessment prepared security risks strengthened Develop and implement Incident Command System Management tool for command & control emergency - Implementation of water resources Update State WRM Plan response system developed​ WRM & DRM Instruments improved & A2 management instruments improved Develop and/or upgrade WRM instruments and State WRM Plan (PERH-ES) updated incorporating implemented - Digital operations command system tools extreme events risks aspects implemented Water use charge methodology developed​ - Land area under sustainable Water rights issuance procedures improved​ landscape management practices (CRI) Decision support system for issuance of water rights Activate decision support systems for water rights operational​ Prepare hydrological and hydrogeological studies Hydrological & hydrogeological studies completed​ Information systems strengthened and A3 Climate change Improve monitoring networks Hydrological and hydrogeological monitoring networks used for decision-making adaptation increased Implement Water Quality Laboratory improved​ State Water Quality Laboratory created A4 Flood and Drought Management Plans developed for selected river basins​ Develop flood and drought management plans and Flood Forecast & Alert systems strengthened & studies population at-risk prepared​ Non-structural measures to reduce Water security risks reduced in Strenghten flood forecast and alert systems PES schemes scaled-up​ with increased participation of water security risks implemented in targeted areas Mobilize at-risk population women (family farms run by women) among the targeted basins and municipalities - Itapemirim river basin forecast and Scale up PES schemes beneficiaries early warning system operational and Studies to reduce flood risks in targeted municipalities issuing reports developed - People benefitting from reduced water security risks, disaggregated by Inovative solutions for flood mitigation identified and gender Structural measures to reduce water Design flood mitigation studies and projects implemented in targeted areas security risks implemented in selected Implement flood risk reduction infrastructure No regret flood risks reduction works implemented in basins and municipalities selected municipalities ​  The World Bank Brazil: Espirito Santo Water Security Management Project (P176982) Critical assumptions include: • A1.",0.8981833024458452
Water use charges are approved by the State Water Resources Council and lead to increased revenues to finance SIGERH-ES institutions and non-structural and structural measures identified in the State and River Basin plans; • A2.,0.9214907559481534
"Increased water rights issuance and registration, improved information on water use, allowing better water allocation and control of abstractions, and reducing the risks of water deficits and droughts; • A3.",0.9520268006758257
Information used to help climate change cognizant decision making to reduce water security risks; and • A4.,0.44912307912653143
"Over the past 30 years, the Bank has maintained a successful engagement with the State of Espírito Santo in the water sector, with projects and technical assistance in water supply and sanitation (WSS), coastal pollution management, and watershed conservation and restoration.",0.8648893182927911
"More recently, through the ongoing Bank-financed Espírito Santo Integrated Sustainable Water Management Project,36 the scope of the Bank water engagement has started to evolve to include, in addition to investments in sanitation and watershed restoration,37 some technical assistance to strengthen the State’s capacity to manage increasing water security risks, exacerbated by climate change.",0.8745000145652078
"With its deep level of engagement in the water sector in Espírito Santo and its global experience in WRM and disaster management, the Bank can play a unique role, through the proposed Project, in promoting a paradigm shift in addressing water security risks in the State, building the capacity to further move away from traditional sectoral and reactive approaches, to more integrated, proactive and innovative approaches based on risk management and nature-based solutions (see section F).",0.8641403371637518
"The World Bank is the only development partner supporting SES in the areas of water security and disaster management, and related climate adaptation.",0.8703555193814364
The World Wildlife Fund for Nature (WWF) and the Global Environment Fund (GEF) have been long-time partners to the Reflorestar Program and its PES program.,0.8626499176025391
The following lessons learned on technical approaches and implementation arrangements have informed Project design.,0.8557485233653676
Adopting a proactive approach based on flood and drought risk management is critical to achieving technical and economic efficiency.,0.8436702381480824
The traditional approaches to both flood and drought 36 Espírito Santo Integrated Sustainable Water Management Project (P130682) approved in 2014 and scheduled to close in June 2024.,0.8695430755615234
37 Bank operations have contributed to improved sewerage collection and treatment in Espírito Santo.,0.8299697529185902
" The World Bank Brazil: Espirito Santo Water Security Management Project (P176982) management are reactive, based on crisis management, when measures are taken in emergency situations.",0.8699341687289152
"They are technically and economically inefficient when compared to proactive approaches based on risk management where measures are designed in advance with appropriate planning tools and stakeholder participation and where the question regularly arises as to what safety is available at what price, and how much of the remaining risk has to be accepted by society.",0.881415540521795
"Lessons learned and international best practices considered in Project design include the European Union (EU) experience in implementing the EU Flood Directive38 and EU Drought Planning guidelines,39 as well as Brazil’s rich drought management experience in the Northeastern region.40 Project design also builds on the recommendations of the EPIC Innovative Governance for Flood and Drought Risk Management41 focusing on an integrated approach, with clear definition of roles and responsibilities of all institutions and sectors as well as their adequate coordination.",0.7163378542119806
Nature-based solutions and payment for Environmental Services (PES) should incorporate key lessons to improve their cost-effectiveness and sustainability.,0.8674308603460138
"Lessons learned from international experience and the Reflorestar program under the ongoing Espírito Santo Integrated Sustainable Water Management Project (P130682) have shown that PES can provide strong incentives for private land- owners to adopt nature-based solutions, such as reforestation or beneficial agro-environmental solutions that generate ecological services such as reduced water pollution and sediment loads, increased groundwater recharge and water infiltration, and reduced runoff velocity.",0.9000693234530363
"They also reveal that the following elements are key to ensure PES cost-effectiveness and sustainability: (i) identification of the specific needs of service users in the watersheds (in the ongoing project case, reducing sediment loads in Espírito Santo Water and Sanitation Company-CESAN's water sources), (ii) establishing what land uses in what areas can help generate the specific services needed by the water users, and (iii) ensuring appropriate implementation arrangements.",0.872675895690918
"Following considerable experimentation, Reflorestar has settled on an approach in which implementation arrangements are sub-contracted to BANDES, a state public bank with considerable experience in working with landholders through its work with rural credit programs.",0.8666400042447177
This arrangement has both reduced implementation costs and allowed Reflorestar to considerably expand the area enrolled and will be continued under the proposed Project.,0.913196477023038
Water resources and disaster risk management are multisectoral in nature and require multisectoral implementation arrangements ensuring adequate participation of all government institutions involved.,0.8526790792291815
"Moreover, the implementation capacity of the institutions involved should be strengthened based on the recommendations of a thorough and ongoing capacity assessment to be completed during Project implementation, which in this case includes the establishment of a dedicated project management unit within SEAMA, combined with staff training and technical assistance to the various institutions involved, including the support of a project 38 European Union Directive 2007/60/EC on the assessment and management of flood risks, which entered into force on :  39 The EU report on drought management plans was launched in 2007 as part of the Common Implementation Strategy of the Water Framework Directive:  40 It includes several knowledge products and tools supported by the World Bank, including the Drought Monitoring instrument (Monitor de Secas):  41 The EPIC Response is an integrated flood and drought approach to better manage hydro-climatic risks.",0.8529116890647195
The World Bank report was launched in 2021:   The World Bank Brazil: Espirito Santo Water Security Management Project (P176982) management firm (see implementation arrangements).,0.8752562782981179
"Design and build procurement has been used successfully in the execution of civil works under the ongoing operation (P130682) with reduced costs and project delivery time compared to other methods, provided contract management is strong.",0.6230273246765137
Participation of citizens in decision making processes related to water resources and disaster risk management is critical to ensure the effective implementation of WRM and DRM instruments.,0.8554829684170809
"Local mobilization and outreach will also rely on strengthening the capacity of River Basin Committees, given that working with and strengthening existing institutional bodies has the potential to scale up and ensure sustainability of participatory processes.",0.863859003240412
"The ongoing Espírito Santo Integrated Sustainable Water Management Project (P130682) is supporting the preparation of terms of reference (TORs), works feasibility studies and technical requirements; and carrying out an institutional assessment and technical studies, preparing the ground for project implementation.",0.8659941933371804
"It is also funding additional staffing to improve the capacity of implementing agencies for advancing preparatory activities, with the expectation of an overlap between the two operations.",0.912688515403054
The Secretariat of Environment and Water Resources (SEAMA) will be responsible for the overall Project leadership and coordination through the establishment of the Project Management Unit (PMU).,0.8570716164328835
"It will carry out the coordination, supervision and reporting on Project activities and results; perform technical, fiduciary and administrative functions; as well as advise and support the four implementing agencies in fulfilling their Project responsibilities, in compliance with Project regulations and World Bank policies.",0.8742393146861683
"The Project’s institutional arrangements have been formalized by decree enacted by the Borrower.42 See Annex 1 for 42 Decree Nº 5344-R, issued on .",0.8689259615811434
 The World Bank Brazil: Espirito Santo Water Security Management Project (P176982) details.,0.8697742115367543
"AGERH, CEPDEC and SEAMA will share the implementation of subcomponent 2.2,45 which is expected to enhance their coordination and improve interinstitutional and cross-sectoral collaboration under the SIGERH-ES, resulting in a positive externality.",0.3127048232338645
"This firm is expected to provide technical and operational expertise and support in the following areas: (i) administrative and financial management support; (ii) implementation of the environmental and social framework (ESF); (iii) reviewing and updating designs and TORs for various Project activities and assisting in the preparation of documents related to the procurement cycle; and (iv) providing specialized individual consultants with specific technical expertise, as required.",0.8739500045776367
The RF includes selected indicators used by the Borrower for the purposes of monitoring Project impacts.,0.8516319448297675
The PMU will consolidate the relevant data from the four implementing agencies and present the Bank with semi-annual progress reports that include data on Project execution and Project outputs and outcomes.,0.5180797576904297
"44 AGERH will also implement the studies to identify more innovative integrated structural and non-structural solutions to reduce flood risks in the municipalities of Iconha and Alfredo Chaves, under Component 3.",0.8549939935857599
"45 AGERH will be responsible for nearly all activities under subcomponent 2.2, with the exception of (i) activities related to the warning systems, Civil Defense contingency plans, registration of residents in at-risk areas, and production and dissemination of communications materials, to be led by CEPDEC; and (ii) green/gray infrastructure interventions to be implemented under the Itapemirim river basin flood risk management plan, under SEAMA’s responsibility.",0.8442913402210582
 The World Bank Brazil: Espirito Santo Water Security Management Project (P176982) The World Bank team will conduct at least semi-annual implementation support missions to monitor progress towards achievement of results and agree on adjustments or corrective measures when necessary.,0.8612694306807085
The sustainability of investments supported by the Project relies on the state institutions’ capacity to work closely with the municipalities in preparation and during implementation of works.,0.8699224645441229
The responsibility for maintaining infrastructure investments belongs to the municipalities.,0.5910978317260742
The State will coordinate with municipalities to ensure that they incorporate it in their overall maintenance functions and budget prior to transferring the completed works.,0.758416002446955
"Resilient integrated structural and non-structural solutions to flood, drought and WRM management.",0.8896123712713068
"The Project will promote a risk-based approach to water security and promote NBS, in combination with more traditional gray infrastructure, which tend to provide solutions that are more cost- effective to invest and operate, more robust to uncertainties, more resilient to risks in general and climate change in particular, making them more sustainable measures over time.",0.8175064433704723
"Most sustainable land management practices and NBS supported by the Reflorestar program are expected to be beneficial for water security, biodiversity, climate adaptation and mitigation, but also in the farmers’ interest, so that they are expected to maintain them after the Project closes.",0.5947444222190164
"To ensure that this is the case, technical assistance will be provided to help farmers adopt practices that are best suited to their conditions and to promote their effective implementation.",0.8626351789994673
"Moreover, the State Fund for Water Resources (Fundágua) that was created in 2008, provides the State Water Resources Policy an instrument to secure and apply funds to improve management of water resources and the environment (including PES).",0.878232175653631
"These funds, which are executed by SEAMA, come from petroleum royalties and contribute to the long-term availability of resources to be applied to the PES programs, including the one to be supported by this Project.",0.8707970705899325
Sustainability of WRM improvements under SIGERH-ES.,0.6560999696904962
The Project will finance several activities that will be key to ensure the sustainability of WRM capacity improvements supported under the Project: the assessments of AGERH’s institutional capacity and of the SIGERH-ES financial system and implementation of key recommendations from those assessments.,0.8750213276256215
"Moreover, as a result of the Project, collection of revenues from water uses charges should start and increase over time, as the Project will support their design at river basin levels and will improve the effectiveness in the issuance of water rights which constitute the revenue base for these charges.",0.9028182463212446
The Water use charges is a key financial instrument for the implementation of the WRM plans and the functioning of key SIGERH-ES institutions.,0.8968285647305575
"These activities, in combination with Fundágua and the state budget, should improve the medium and long-term financial sustainability of the SIGERH-ES and the implementation of its seven policy instruments.",0.8781375018033114
"The sustainability of Project results beyond its closing will also be ensured through capacity building of government officials and specialists responsible for water resources and disaster risk management, in the innovative approaches that will be included by the Project.",0.8649688200517134
"This will be done through specialized training, on-the job training as well as study tours, and partnership  The World Bank Brazil: Espirito Santo Water Security Management Project (P176982) building.",0.877164667302912
The areas chosen to benefit from on the ground water security risk reduction interventions and piloting of innovative approaches were selected based on the State’s prioritization of flood and drought risks.,0.8677762638438832
Technical approach to flood and drought management.,0.873031963001598
"The Project will support the SES in the process of moving from reactive, crisis approaches to flood and drought, to proactive risk management approaches, which requires ex ante design of measures with appropriate planning tools and stakeholder participation (see lessons learned).",0.8701816905628551
"It will do so by financing within select high risk basins (the Itapemirim and the State’s Center-North hydrographic region), the preparation of participatory flood and drought plans that define measures necessary to reduce risks, considering prevention, protection and preparation.",0.8755474090576172
It will also strengthen flood monitoring and forecasting systems to allow for timely warning of flood conditions and activation of pre-defined measures.,0.8642425537109375
"Basin-scale, participatory and integrated water resources, flood and drought management combining both structural and non-structural measures.",0.8780332912098278
"In line with good practices, Project design considers the hydrographic basin (or-sub-basin) as the planning unit for water resources, flood and drought management, where coordinated water, land and related resources management actions should take place.",0.8614213249900124
"This approach is fundamental to avoid passing water management problems onto other users, municipalities or states located downstream or upstream.",0.8372020721435547
"As such, flood, drought and water resources management plans should be closely coordinated at the basin level.",0.8612748926336115
"The proposed operation will finance basin- scale, participatory flood, drought and water resources management planning, combining both structural and non-structural measures, with special attention to the introduction of innovative nature-based solutions.",0.8870175101540305
"It will also strengthen the institutional framework for WRM and disaster risk management fostering strong coordination mechanisms between the two and other relevant institutions, at the municipal, state and federal levels.",0.6463149677623402
"Firstly, the entire Project, whose objective is to increase the capacity to manage  The World Bank Brazil: Espirito Santo Water Security Management Project (P176982) water security risks and reduce those risks in selected areas, improves climate adaptation.",0.8792279850352894
"For example, the State WRM plan, the flood and drought plans, and the design of structural measures to reduce flood risks will be developed factoring in climate change uncertainty, thereby increasing their climate resilience; the water information system will include climate information; staff training of public DRM and WRM institutions will cover climate change.",0.8677134947343306
"By addressing preparation to water related extreme events, and improvement of water resources and disaster risk management capacity, the Bank involvement is justified given its vast experience in addressing these water issues that ultimately bolsters water security.",0.867447246204723
The lessons learned from past World Bank’s projects in the SES and other Brazilian States has strengthened water institutions and established a long history of engagement in capacity building and water infrastructure development.,0.6613919951698997
The cost-benefit approach was used to compare the economic costs and benefits with and without the Project.,0.8565801273692738
"If benefits surpass costs, the Project is economically viable.",0.917641899802468
"The present value of expected net benefits was calculated, as well as the economic internal rate of return, and benefit-to-cost ratios.",0.8708986802534624
"The economic evaluation was completed with greenhouse gas (GHG) emissions estimates, a sensitivity analysis with various scenarios to measure the impact that changes in costs and benefits, and a qualitative description of potential ancillary economic impacts of the Project.",0.8293190002441406
"The economic analysis of the Project focused on three subcomponents: the Reflorestar program, the interventions in the Itapemirim basin and the urban and flood risk management interventions in three vulnerable municipalities.",0.8603463606400923
"The parameters used in the analysis include an exchange rate of R$5.15 per US$1, with a Project lifetime of 30 years, and standard conversion factor of 1.09 to transform financial to economic values.46 Finally, a discount rate of 10 percent was considered for estimating Net Present Values (NPVs).",0.8616045171564276
GHG net emissions of the Project were estimated and added to the economic analysis using the Shadow Price of Carbon (SPC) to monetize GHG net emissions with a baseline year in 2022 with different SPCs.,0.8762416839599609
"A sensitivity analysis included the following scenarios that modified direct costs and benefits: (i) increasing Reflorestar direct benefits of reducing sedimentation and increments in avoided damages in Itapemirim’s locations, (ii) cost overruns of 50 percent during the lifetime of the Project for all components under economic evaluation, (iii) a decline in both costs and benefits that reduces the NPV to zero (breakeven point), and (iv) delays of Project’s implementation up to 10 years.",0.8909119692715731
Indirect benefits included increases in farm income due to better environmental and agricultural practices with higher economic value due to Reflorestar.,0.9243516055020419
The estimation of costs comprised the investment in infrastructure works for the three subcomponents and the recurrent operation and maintenance (O&M) costs from these interventions .,0.9126879952170632
Administrative and transaction costs of interventions were added based on data availability of each component.,0.8460329229181464
"In the case of Reflorestar, an opportunity cost per hectare annually is proxied at R$11,879 46The standard conversion factor is the ratio or economic price value of all goods in the economy at their border price equivalent values to their domestic market price value.",0.9026811773126776
" The World Bank Brazil: Espirito Santo Water Security Management Project (P176982) (US$2,306) spent for alternatives of productive activities and environmental outcomes (see Annex 3 for detailed description).",0.8857723582874645
The economic rate of return of the Project is 14.9 percent for the entire lifetime of the Project.,0.9507687308571555
"The Net Present Value (NPV) of all components included in the economic evaluation is US$75.8 million, with benefits reaching US$234.3 million, and total costs reaching US$158.5 million at present values.",0.8801787983287465
"By reducing water security risks, the Project is generating significant climate adaptation benefits considering that, climate change predominantly impacts water security risks.",0.8417011607776989
These benefits are already accounted for in the Project’s economic analysis.,0.9586391448974609
"In addition to those adaptation benefits, the Project, through its PES program, will provide mitigation co-benefits, by increasing carbon sequestration through increased forested area and farming practices.",0.7976473894986239
"Expected carbon sequestration is estimated at 8,682 tCO2-eq, generating economic benefits ranging from US$4.4 million to US$9.0 million, depending on the shadow price of carbon considered.",0.9460148377852007
"This is based on a carbon sequestration rate of 3.45 tCO2-eq per ha for reforestation program in Brazil as a result of recent research studies, considering that the Project would reforest 2,715 ha (or 70 percent of the project area to be converted into sustainable land management practices).",0.8713736967606978
"A climate and disaster risk screening has been undertaken for the Project that shows that while the exposure of the Project location and impacts on the Project’s physical infrastructure and assets are High, the operation has a significant focus on capacity enhancement, basin-wide integrated flood planning and drought preparedness, and disaster risk awareness raising.",0.8742410486394708
"Combined, these features will reduce the anticipated risk from climate and geophysical hazards, thus leading to a Moderate outcome rating (Risk to the outcome/service delivery of the project).",0.8447200601751154
"The Project is essentially designed to build the state’s resilience and adapt to climate change, with important elements included within the Project scope that will contribute to achieving high climate co-benefits.",0.8092426820234819
"Further to those adaptation benefits, the Project also includes mitigation measures such as: enhanced carbon sinks from interventions in Component 2; a clear link between addressing flood and drought risks (in Components 1 and 3) and avoiding further soil erosion and carbon loss; and potential displacing of GHG emissions from materials by implementing pilots with a green infrastructure approach.",0.846074104309082
"The impact of Project investments on the Borrower’s fiscal situation is expected to be very small, considering the excellent fiscal situation of the SES, which can easily absorb the additional investment and recurrent costs, but also because some of those costs are expected to be recovered through reduced expenses associated to avoided flood and drought damages and compensations, lower potable water treatment costs and increased life of water reservoirs.",0.9480920271439985
Fiduciary Financial Management 63.,0.7012177380648527
A Financial Management Assessment (FMA) was carried out in accordance with the Investment Project Financing and Bank Directive “Investment Project Financing and the Financial Management in Bank Financed Operations and Other Operational Matters issued and effective on ”.,0.8702767979015004
"It concludes that: (i) the financial management (FM) arrangements for the proposed Project are considered  The World Bank Brazil: Espirito Santo Water Security Management Project (P176982) adequate; (ii) the flow of funds, disbursements, monitoring, auditing, and supervision arrangements have been designed to respond to the Project’s implementation arrangements; and (iii) the residual FM risk associated with the Project is rated Moderate.",0.8730590126731179
"The proposed FM institutional arrangements respond to the Project’s multisectoral nature, while taking into consideration lessons learned from the ongoing Espírito Santo Integrated Sustainable Water Management Project (P130682).",0.8673398277976296
The PMU will undertake the primary fiduciary responsibilities for the Project.,0.7311299063942649
"These responsibilities include: (i) preparing and obtaining approval of Project FM arrangements; (ii) coordinating and supervising Project implementation; (iii) preparing and submitting Project interim unaudited financial reports (IFRs) to the Bank; (iv) preparing and providing all financial documentation and Project reports requested by external auditors and Bank staff; and (v) preparing, updating, and ensuring that the POM is observed.",0.8673106973821466
"The FMA identified the following risks to the achievement of the Project Development Objectives: (i) the Project includes four implementing entities; (ii) the IFRs will run through a different system (“SAFF – Sistema de Acompanhamento Físico Financeiro”, or Solution for Physical and Financial Project Management system), since the State FM information system (the Integrated System of Public Financial Management of Espírito Santo – SIGEFES) does not account for cash basis nor allows the transactions to be booked by category, component and subcomponent; and (iii) the current workload posed by the ongoing project.",0.8513633554632013
"Procurement will be conducted per the World Bank’s “Procurement Regulations for IPF Borrowers”, issued in November 2020, for the supply of goods, works, non-consulting and consulting services under the Project.",0.8768083398992365
"AGERH, CEPDEC, SEAMA and DER- ES are responsible for the technical aspects of their respective activities and for managing the contracts.",0.8754643526944247
"SEAMA has an experienced procurement team in terms of Bank Group’s procurement rules, since the Secretariat has already implemented components in the ongoing Project (P130682), specially goods and non- consultant services.",0.8761537725275214
"The Borrower has developed a Project Procurement Strategy for Development (PPSD) , and  The World Bank Brazil: Espirito Santo Water Security Management Project (P176982) based on the PPSD, a Procurement Plan has been prepared by the Borrower and approved by the Bank, covering the first 18 months of Project implementation.",0.8772181597622958
"The adverse impacts are mainly related to the civil works to minimize floods and landslides, and increase water security to climate-related extreme events in selected basins and municipalities of the State.",0.8609428405761719
"Their interventions will consist of civil works to be carried out on urban land, partially anthropized, and implementation of green infrastructure, and water and sediment retention devices in rural areas, respectively.",0.8668901270086115
The Project consists of a series of subprojects for which environmental and social risks cannot be specifically determined until their details have been identified.,0.17696854201230136
"In consequence, the Borrower has prepared an Environmental and Social Management Framework (ESMF) as the main instrument of Environmental & Social (E&S) assessment of the Project.",0.8493985262784091
The ESMF was publicly disclosed on a dedicated  The World Bank Brazil: Espirito Santo Water Security Management Project (P176982) website.47 It was consulted through this online channel from June 15 to .,0.7918343977494673
"The ESMF defines the principles, rules, guidelines and procedures to assess the E&S risks and impacts of the Program, considering its components, subcomponents and activities, whether the latter are already well defined in terms of scope and location of intervention or still lacking definitions that will be reached in the future.",0.8608438318425958
"The ESMF presents measures and plans to reduce, mitigate, and/or neutralize risks and adverse impacts, information on the agencies or entities responsible for managing the program's risks and impacts, including their institutional capacity for such management.",0.8566563346169211
"As per the ESMF, the Borrower will be required to develop (as necessary) a set of management plans/programs to address the main E&S risks and impacts of the project implementation.",0.8659934130581942
"In order to address the environmental and social risks of the Project in a manner consistent with the relevant Environmental and Social Standards (ESSs), an Environmental and Social Commitment Plan (ESCP) was developed and agreed jointly by the Bank’s and Borrower’s staff, and incorporates several commitments related to the compliance with the relevant ESSs, monitoring and reporting, capacity building and institutional strengthening.48 Social 76.",0.8471155166625977
"The main adverse social impacts are related to land acquisition, physical and economic displacement on a temporary or permanent basis for the construction of flood reduction infrastructures in urban areas as well as, at least potentially, for the green and gray interventions envisaged in the context of the flood risk management plan for the Itapemirim river basin.",0.9022717042402788
Resettlement and land acquisition costs will be financed with counterpart funds.,0.8761711120605469
 The World Bank Brazil: Espirito Santo Water Security Management Project (P176982) manner.,0.8714256286621094
"Nevertheless, the Project supports a technical assistance activity that will be relevant for all State territory: updating of the State Water Resources Plan.",0.8681021603670988
It is worth noting that Indigenous Peoples leaderships and representatives of FUNAI (the National Indian Foundation) have played active roles in the Water Basin Committee since its inception in 2009 as required by State Decree 2376-R/2009 that created the North-Central Coast Water Basin Committee (which encompasses the area of the Aracruz municipality and the basins of the Piraquê-Açu and Piraquê-Mirim rivers).,0.766334360296076
"Therefore, Indigenous Peoples participation in water resources management is already embedded in the Borrower’s institutional system.",0.8661407990889116
"The ESMF also emphasizes potentially adverse downstream effects of some technical activities envisaged under Subcomponent 1.1 – namely, updating of the State Water Resources Plan (PERH/ES) and the studies aiming at financial sustainability for water resources management – because they may have implications on the collection of water use fees with potentially adverse distributive impacts in detriment of small family farmers.",0.880950234153054
" The World Bank Brazil: Espirito Santo Water Security Management Project (P176982) assessment adopted a gender sensitive lens and identified relevant gender gaps still present in the State that can lead to disproportionate impacts of natural disasters on the well-being of women and female- headed households caused by water security risks as well as their negligible participation so far in benefits provided by the Payment for Environmental Services (Reflorestar Program), stemming from imbalances in access to assets, coping and responsive capacities, and voice and representation in decision making arenas.",0.3896804722872647
The Project will also aim to enhance citizen engagement in decision making processes related to water resources and disaster risk management.,0.8586840196089311
"Stakeholder engagement is a core element in water resources, engaging various entities in the forums provided for in the Policy: the State Council of Water Resources (CERH), the River Basin Committees (RBCs) and the Forum of River Basin Councils (FCCBH).",0.8627211830832742
Citizen/stakeholder engagement will be monitored through three indicators included in the Results Framework.,0.853045030073686
Communities and individuals who believe that they are adversely affected by a project supported by the World Bank may submit complaints to existing Project-level grievance mechanisms or the Bank’s Grievance Redress Service (GRS).,0.869106032631614
Project affected communities and individuals may  The World Bank Brazil: Espirito Santo Water Security Management Project (P176982) submit their complaint to the Bank’s independent Accountability Mechanism (AM).,0.8662817694924094
"They will include, among others, solid waste and wastewater management, dust and noise control and monitoring, erosion control, emergency preparedness and response, forest clearing procedures, inclusion of Environmental & Social requirements within bidding documents and contracts, capacity building and institutional strengthening.",0.8654003143310547
 The World Bank Brazil: Espirito Santo Water Security Management Project (P176982) VII.,0.8697651949795809
"RESULTS FRAMEWORK AND MONITORING Results Framework COUNTRY: Brazil Brazil: Espirito Santo Water Security Management Project Project Development Objectives(s) (i) to strengthen the Borrower’s capacity to manage water security risks in a changing climate; (ii) to reduce those risks in selected areas of the Borrower’s territory; and (iii) in case of an Eligible Crisis or Emergency, respond promptly and effectively to it.",0.8693678595803
"Project Development Objective Indicators RESULT_FRAME_TBL_ PD O Indicator Name PBC Baseline Intermediate Targets End Target 1 Strengthen the Borrower's capacity to manage water security risks in a changing climate a) 1,500 decisions on water permits a) 50% increase in water rights decisions a) 100% increase in water rights decisions assessed per year based on few criteria and per year.",0.8541798158125444
"PDO 1: Water resources management instruments focus on extreme events related aspects; improved (Text) c) 1,000 accesses to the system, including c) 2,000 accesses to the system, including c) Information system with low availability 50% of water rights analyses.",0.8638665459372781
100% of water rights analyses.,0.8772099234841086
"PDO 2: Digital operations command system No system System developed System implemented implemented (Text) Land area under sustainable landscape 0.00 2,100.00 3,000.00  The World Bank Brazil: Espirito Santo Water Security Management Project (P176982) RESULT_FRAME_TBL_ PD O Indicator Name PBC Baseline Intermediate Targets End Target 1 management practices (CRI, Hectare(Ha)) Reduce water security risks in selected areas of the Borrower’s territory PDO 4: Itapemirim river basin forecast and early Simplified system in operation, with few System in operation and issuing monthly System in operation and issuing weekly warning system operational and issuing reports information and not issuing reports.",0.8834648132324219
"(Text) PDO 5: People benefitting from reduced water 0.00 100,000.00 security risks (Number) People benefitting from reduced water security 0.00 0.00 48,000.00 risks, of which female (Number) PDO Table SPACE Intermediate Results Indicators by Components RESULT_FRAME_TBL_ IO Indicator Name PBC Baseline Intermediate Targets End Target 1 1-Building the Borrower’s Capacity for Water Security in a Changing Climate 1.1) Reduction in the average time for issuing water rights for irrigation using surface water 60 days 15% reduction 25% reduction (Text) 1.2) Water use charges proposals submitted to the 0.00 1.00 13.00 River Basin Committees (Number) 1.3) Commitment agreements signed between socioeconomic sectors and SIGERH-ES institutions 0.00 3.00 5.00 to implement actions/programs agreed on the PERH-ES (Number) 1.4) Technical staff and key SIGERH-ES and Civil Defense system stakeholders trained in water 0.00 169.00 350.00 resources and disaster risk management and  The World Bank Brazil: Espirito Santo Water Security Management Project (P176982) RESULT_FRAME_TBL_ IO Indicator Name PBC Baseline Intermediate Targets End Target 1 disaster response (Number) 1.5) Increase in the participation of women in the annual training courses offered by CEPDEC to municipal civil defense and protection committees 29.00 35.00 40.00 (COMPDEC) and Community Civil Defense Centers (NUDEC) (Percentage) 2-Demonstrating Climate-Smart Integrated Water Security Risk Reduction Approaches in Selected Basins 2.1) Water retention structures installed through 0.00 840.00 1,680.00 the Reflorestar Program (Number) 2.2) Properties supported with projects for soil 0.00 2,100.00 2,800.00 and water conservation practices (Number) 2.3) Priority land area reforested and/or implementing sustainable land use practices 0.00 630.00 900.00 through Reflorestar Program (Hectare(Ha)) 2.4) Beneficiaries satisfied with the Reflorestar 0.00 70.00 90.00 Program (Percentage) 2.5) Increase in the participation of women (women-headed family farms) among the 30.00 35.00 40.00 beneficiaries of the Reflorestar PES Program (Percentage) 2.6) People benefitting from measures to mitigate 522,932 as the total population living in the 79,524 as the population living in at-risk 0.00 Itapemirim river basin according to the the impacts of floods (Text) areas in the Itapemirim river basin.",0.8898806138472124
"7) People benefitting from drought preparedness measures identified in the drought 0.00 0.00 591,807.00 preparedness plans (Number) 3-Reducing Flood Risk in Targeted Municipalities 3.1) Area under reduced flooding risk 0.00 654.32 (Hectare(Ha)) 3.2) Area mapped for flood risk reduction 0.00 0.00 320.75  The World Bank Brazil: Espirito Santo Water Security Management Project (P176982) RESULT_FRAME_TBL_ IO Indicator Name PBC Baseline Intermediate Targets End Target 1 (Hectare(Ha)) 4- Project Management 4.1) Participants satisfied with the events organized by the Project in which they take part 0.00 70.00 70.00 (Percentage) 4.2) GRM: the rate of complaints related with the Project that are properly and timely responded 0.00 70.00 90.00 (Percentage) IO Table SPACE UL Table SPACE Monitoring & Evaluation Plan: PDO Indicators Methodology for Data Responsibility for Data Indicator Name Definition/Description Frequency Datasource Collection Collection a) The baseline considers the online application system for irrigation processes between 2020 and 2022.",0.8713468204845082
"The indicator Six-monthly measures the increase in Six-monthly progress AGERH (Subcomponent PDO 1: Water resources management Bi-annual progress the number of water rights reports 1.1) instruments improved reports decisions, considering the revised analysis criteria, improved information and the use of a decision support system, comparing the amount of processes  The World Bank Brazil: Espirito Santo Water Security Management Project (P176982) analyzed in June 2022 (baseline), during Project implementation and at the end of the Project.",0.9086151990023527
"b) State Water Resources Plan (PERH-ES) updated, incorporating aspects related to extreme events risks, submitted by AGERH and approved by CERH-ES, aiming at making it more operational: well-identified water resource management problems, measures to address problems identified and implemented.",0.8638123598965731
"Together with the Plan, AGERH will also forward to the CERH-ES the signed commitment agreements between the socioeconomic user sectors and SIGERH/ES institutions, aiming to improve the Plan's implementation capacity.",0.7728625210848722
"c) Water Resources  The World Bank Brazil: Espirito Santo Water Security Management Project (P176982) Information System operational, including improved and publicly available information used for decision-making in the face of different climate scenarios.",0.8654061230746183
"More effective response, greater control over the execution of tasks, better  The World Bank Brazil: Espirito Santo Water Security Management Project (P176982) management, also providing greater effectiveness in documenting disasters.",0.8711945793845437
"The indicator measures, in Definition: Areas in ha hectares, the land area for reforested and/or which new and/or improved implementing sustainable landscape sustainable land use management practices have practices through the been introduced.",0.8625317486849698
"management (SLM) Key premises: the PES practices refers to a contracts initiated in combination of at least two years 1 and 2 of the technologies and Project are able to be  The World Bank Brazil: Espirito Santo Water Security Management Project (P176982) approaches to increase land fully concluded within quality and restore the Project degraded lands for example, implementation period, agronomic, vegetative, whereas contracts structural, and management started in years 3 and, measures that, applied as a mainly, in year 4, will combination, increase the hardly have enough connectivity between time for the forest protected areas, forest land, restoration process to rangeland, and agriculture be considered land.",0.8765440854159269
"Although the Project is expected to support overall the restoration of approximately 5,600 hectares, it is expected that at least 3,000 ha will be demonstrable within the Project period.",0.8658218383789062
"The indicator measures the PDO 4: Itapemirim river basin forecast strengthening of disaster Six-monthly Six-monthly progress AGERH (Subcomponent Bi-annual and early warning system operational and risk management capacities, reports reports.",0.8464365872469816
"2) issuing reports including the forecast and information of the following  The World Bank Brazil: Espirito Santo Water Security Management Project (P176982) parameters: level and discharge rate (outflow) of rivers (current, forecast and discharge rate/permanence curve), flood maps, and population affected by the observed level at that point in time, meteorological data (current and projection of climatological scenarios), with information periodically published to the public.",0.8541278839111328
The indicator measures the population benefited by the implementation of structural and non- structural measures to reduce the risk to water security in the selected Six-monthly areas.,0.8709461905739524
" The World Bank Brazil: Espirito Santo Water Security Management Project (P176982) The inhabitants of the municipalities of Iconha (14,083, of which 6,876 women) and Alfredo Chaves (14,670, of which 7,203 women) will benefit from the mapping of flood risk areas and the implementation of structural and non- structural measures to be prioritized for implementation.",0.9158923409201882
"Finally, inhabitants of at least two basins that will have drought preparedness actions planned (subcomponent 2.2) will benefit from the planning and implementation of selected activities.",0.8525212027809836
"The indicator measures the population benefited by the implementation of structural and non- Six-monthly structural measures to Six-monthly progress People benefitting from reduced Bi-annual progress DER-ES (Component 3) reduce the risk to water reports water security risks, of which female reports security in the selected areas.",0.8643814433704723
"The inhabitants of the municipalities of João Neiva (16,774 in total, of which 8,486 are women); Ibiraçú  The World Bank Brazil: Espirito Santo Water Security Management Project (P176982) (12,705, of which 6,413 women); and Aguia Branca (9,621, of which 4,667 are women) will benefit from already identified works to reduce the risk of flooding.",0.2172757712277499
"The inhabitants of the municipalities of Iconha (14,083, of which 6,876 women) and Alfredo Chaves (14,670, of which 7,203 women) will benefit from the mapping of flood risk areas and the implementation of structural and non- structural measures to be prioritized and implemented according to the available time and resources.",0.9431899677623402
"Finally, inhabitants of at least two basins that are the focus of the planning and implementation of preparedness actions for droughts (subcomponent 2.2) will benefit from the selected plans and actions.",0.782156684181907
ME PDO Table SPACE Monitoring & Evaluation Plan: Intermediate Results Indicators Methodology for Data Responsibility for Data Indicator Name Definition/Description Frequency Datasource Collection Collection Measurement of the reduction in the average total time for issuing water rights for irrigation with Six-monthly 1.1) Reduction in the average time for surface abstraction Six-monthly progress AGERH (Subcomponent Bi-annual progress issuing water rights for irrigation using (counting from the request reports 1.1) reports surface water to the decision on the right).,0.9905848936601118
"The percentage will be calculated in relation to the average time for issuance on June/15/2022,  The World Bank Brazil: Espirito Santo Water Security Management Project (P176982) considering the results of the water rights improvement study and the use of a decision support system.",0.9009975086558949
"AGERH will submit proposals for water use charges to the River Basin Committees, following coordination and discussions with water user Six-monthly sectors, civil society and Six-monthly progress AGERH (Subcomponent 1.2) Water use charges proposals Bi-annual progress public authorities on the reports 1.1) submitted to the River Basin Committees reports financial sustainability of the water resources management and applicable parameters, as well as on the importance of the water use charges for improving WRM in the State.",0.8828773498535156
Commitment agreements signed during and after the update of the State Water 1.3) Commitment agreements signed Resources Plan (PERH-ES) to Six-monthly AGERH (Subcomponent between socioeconomic sectors and implement action(s) under Bi-annual Six-monthly reports reports 1.1) SIGERH-ES institutions to implement the responsibility/interest of actions/programs agreed on the PERH-ES the socioeconomic sectors and the SIGERH-ES institutions.,0.6931720213456587
"4) Technical staff and key SIGERH-ES Technical staff and other Bi-annual Six-monthly Six-monthly progress AGERH and CEPDEC and Civil Defense system stakeholders key actors trained through progress reports (Subcomponents 1.1 and  The World Bank Brazil: Espirito Santo Water Security Management Project (P176982) (among others) participation trained in water resources and disaster reports 1.2) risk management and disaster response in the preparation of Drought and Flood Risk Plans; technical courses in areas related to water resource, disaster risk management and disaster response, systems training, participation in workshops, and technical visits.",0.8725447221235796
The indicator measures the number of water retention structures that will be installed in the rural properties.,0.8793199712579901
"It has been calculated taking into account the universe of rural properties that joined Reflorestar in the previous Six-monthly Six-monthly progress SEAMA-Reflorestar 2.1) Water retention structures installed year, of which at least 60% Bi-annual progress reports (Subcomponent 2.1) through the Reflorestar Program will receive support to reports implement at least one physical intervention in the soil, which may be mini water detention ponds, soil built dry boxes or similar (barraginha, couxinho or caixa seca).",0.84224778955633
"This final determination on the type and number of interventions  The World Bank Brazil: Espirito Santo Water Security Management Project (P176982) to be implemented in each property will rely on knowledge of the characteristics of each rural property, technical viability and the expression of interest by the property's owner.",0.8752066872336648
It allows assessing whether the implementation of the component is creating the necessary conditions for the Six-monthly Six-monthly progress SEAMA (Subcomponent 2.2) Properties supported with projects other indicators to be Bi-annual progress reports 2.1) for soil and water conservation practices achieved.,0.8702190572565253
"Although the reports establishment of new PES contracts does not mean that they will be successful, it is essential that there are active contracts for the restoration objectives to be achieved.",0.8714918656782671
It Bi-annual progress implementing sustainable land use reports (Subcomponent 2.1) reflects the Reflorestar reports practices through Reflorestar Program Program's evolution towards measuring priority areas within the restored  The World Bank Brazil: Espirito Santo Water Security Management Project (P176982) areas.,0.8326960476962003
"The relationship between areas under restoration/priority areas was measured empirically and considering as a baseline the correlation verified in the PES contracts that went into effect from the 2021 call for proposals, which has revealed a ratio of 1 ha in priority areas for each 5 ha allocated for restoration (or 20%).",0.8665393482555043
"Priority areas are those that have been identified through the Invest model that, if restored, deliver the best sediment retention results.",0.8757057189941406
The baseline will be  The World Bank Brazil: Espirito Santo Water Security Management Project (P176982) defined before the implementation starts.,0.8708352175625887
"PES Program Between 2013 and 2019, Reflorestar has financed 3,795 landholdings in the State, of which women- headed family farms accounted for just 0.79% (and comprised 0.68% of the total women-headed family farmers in the state).",0.873293703252619
"In 2020, a new call for expression of interest supported by the World Bank was launched and 30%  The World Bank Brazil: Espirito Santo Water Security Management Project (P176982) of the total of 300 contracts signed by Reflorestar benefit women-headed family farmers.",0.9202958887273615
(subcomponent 2.2) mitigate the impacts of floods population mapped by the reports.,0.6026067733764648
Itapemirim river basin flood risk integrated management plan and benefited from green and/or gray infrastructure measures.,0.9607154672796075
Total number of inhabitants of river basins benefiting from Drought Preparation Plans and implementing measures provided for in the Plans.,0.950499794699929
"It reflects the Six-monthly 2.7) People benefitting from drought need to implement Six-monthly progress AGERH (Subcomponent Bi-annual progress preparedness measures identified in the preparedness and response reports 2.2) reports drought preparedness plans actions in the basins, including in the normal scenario (without identified drought), seeking to increase the adaptive capacity and reduce and mitigate negative impacts,  The World Bank Brazil: Espirito Santo Water Security Management Project (P176982) considering the severity of the drought.",0.8840319893576882
population in risk areas - CPRM - SECTORIZATION OF  The World Bank Brazil: Espirito Santo Water Security Management Project (P176982) GEOLOGICAL RISK AREAS Urbanized Area - IJSN/Geobases - Mapping Project of Periurban Areas of ES Percentage of Risk Areas in the Urbanized Area (ha) - Agerh/C ohip.,0.8681741194291548
"Six-monthly progress reports Sources: Population, To tal risk areas, Total properties at risk, Total people at Urban areas in the risk, Percentage of municipalities of Iconha and Six-monthly population in risk areas Alfredo Chaves that will be Bi-annual progress - CPRM AGERH (Component 3) 3.2) Area mapped for flood risk reduction mapped through reports - SECTORIZATION OF hydrological modelling for GEOLOGICAL RISK flood risk reduction.",0.850655815818093
AREAS Urbanized Area - IJSN/Geobases - Mapping Project of Periurban Areas of ES Percentage of Risk Areas in the Urbanized Area (ha) - Agerh/C  The World Bank Brazil: Espirito Santo Water Security Management Project (P176982) ohip.,0.864185940135609
"and 3) take part disaster preparedness training, use of systems open to the public, and procedures for requesting water rights.",0.8594913482666016
ME IO Table SPACE  The World Bank Brazil: Espirito Santo Water Security Management Project (P176982)  The World Bank Espirito Santo Water Security Management (P176982) ANNEX 1: Implementation Arrangements and Support Plan COUNTRY: Brazil Brazil: Espírito Santo Water Security Management Project Implementation Arrangements 1.,0.8669868816028942
"The Implementation Arrangements and Support Plan considers a multi-sectoral approach and is based on the Project’s scope and risk profile, as well as on the lessons learned from the implementation of the ongoing Espírito Santo Integrated Sustainable Water Management Project (P130682).",0.8671068711714311
"The SUBCAP/SEP has extensive experience in managing externally financed operations, and the proposed SC model reflects a similar arrangement to the one in place for the Espírito Santo Integrated Sustainable Water Management Project (P130682).",0.8719459880482067
"SEAMA will house the PMU to carry out its overall Project coordination/leadership functions, including to coordinate, supervise and report on Project activities and results; perform technical, fiduciary and administrative functions; as well as advise and support the four implementing agencies in fulfilling their Project responsibilities, in compliance with Project regulations and World Bank policies.",0.8706529790704901
"The state government has selected SEAMA as implementing agency given its legal mandate to formulate the State Water Resources and Environment Policies, however despite having prior experience with World Bank-financed operations, it has not performed roles of leadership or coordination.",0.8635507930408824
"To mitigate associated risks, Project design includes specific measures to strengthen implementation capacity and effective coordination of the different entities involved, including a management firm, an SC, staff training and both comprehensive Project launch workshops and POM.",0.8674260919744318
 The World Bank Espirito Santo Water Security Management (P176982) 4.,0.872973008589311
"The PMU will serve the following key functions: (i) ensuring proper and timely implementation of Project activities; (ii) monitoring and supporting proper implementation of the Project’s ESF; (iii) assisting in the preparation of TORs; (iv) ensuring that procurement is carried out in the most expeditious manner, with technical input provided by relevant departments and/or expertise in the relevant area being financed, following World Bank rules; (v) monitoring contracts under the Project; (vi) presenting Project progress and financial reports on a timely basis as required by the World Bank; (vii) disseminating results in such a manner as to strengthen stakeholders’ feedback; and (viii) hosting and facilitating World Bank support missions and working to optimize the operation’s results and impact.",0.8562583923339844
"More specifically, these teams will be responsible for the preparation of TORs and bidding documents, participation in the bid evaluation commissions, contract management and supervision, monitoring Project indicators, implementation of environmental and social standards, payments and budgeting.",0.8809245716441761
"With the exception of AGERH, the other three implementing agencies have experience working with the Bank and are currently implementing activities under the ongoing Espírito Santo operation (P130682).",0.8218319632790305
Figure A1.1 – Project Implementation Arrangements  The World Bank Espirito Santo Water Security Management (P176982) 7.,0.8683806332674894
Component 4 (US$6.85 million) will strengthen the State´s capacity to carry out Project activities.,0.8038846796209161
"To this end, it will finance the provision of technical assistance, consulting and non-consulting services, training and goods to the four implementing agencies necessary for the effective implementation of the respective activities under their mandate.",0.8693127198652788
"This Component will likewise support training aimed at qualifying professionals directly or indirectly involved in World Bank procurement policies, in the development of TORs, budget and costs, contract management, supervision, Project monitoring & evaluation, disbursement, and controls, as well as implementation of the environmental and social standards.",0.8750962344082919
"The Implementation Support Plan is based on the Project’s risk profile, the lessons learned of previous operations with the State of Espírito Santo, and water sector projects of similar scope.",0.8434384085915305
Biannual World Bank implementation support missions will be complemented by continuous dialogue on Project progress and challenges.,0.8589569438587535
"This interaction will cover technical and nontechnical aspects of implementation, including FM, procurement, and ESF.",0.8713669343428179
"The World Bank will continue to provide fiduciary, ESF and other Project-related training as needed.",0.8646558414806019
"At the halfway point of Project implementation, a midterm review will be undertaken with a view to making any changes to the design and implementation arrangements, including any changes to the Loan Agreement that would require a restructuring.",0.6880786202170632
"It is understood that any changes to the Project that require amendments to the Loan Agreement 51AGERH will also implement the studies to identify more innovative integrated structural and non-structural solutions to reduce flood risks in the municipalities of Iconha and Alfredo Chaves, under Component 3.",0.8789587020874023
 The World Bank Espirito Santo Water Security Management (P176982) will require a formal request from the government’s signatory.,0.8701431967995383
Tables A1.2 and A1.3 estimate the level of inputs and staffing that will be needed from the World Bank to provide implementation support to the proposed Project.,0.8644428253173828
"Table A1.2 - Resource Requirements Focus Skills Needed Project management and Project implementation Team Leaders support coordination Compliance with E&S standards and management of Environmental and Social Development Specialists E&S risks Task Team Leaders, Technical Specialists (Water Technical, oversight of civil works, and quality review Resources Management, Land Management, Flood of Terms of Reference, technical reports and bidding and Drought Risk Management, DRM, Engineering, documents Gender, Climate Change), Externally hired consultants (as needed) Procurement review of bidding Procurement Specialist documents/implementation support FM supervision / implementation support FM Specialist Table A1.3 - Implementation Support Plan Skills Needed Number of Staff Weeks Number of Trips per Year per Year Task Team Leaders 20 2 WRM Specialist 6 2 Flood Risk Reduction and DRM 6 1 Gender Specialist 1 0 Climate Change Specialist 1 0 FM Specialist 3 2 Procurement Specialist 3 2 Environmental Specialist 3 3 Social Specialist 6 3 Operations support 3 2 STC Consultants (support to project management; 6 0 oversight of civil works; technical expertise on drainage, DRM, flood and drought risk reduction, reforestation; support to procurement and contract management) Financial Management 14.",0.9056627967140891
The Bank performed a FMA of the FM arrangements for the Brazil Espírito Santo Water Security Management Project (P176982).,0.8762619712136008
The FMA was carried out in accordance with Bank Policy: Investment Project Financing and Bank Directive: Investment Project Financing and the Financial Management in Bank Financed Operations and Other Operational Matters issued and effective on .,0.8647333491932262
 The World Bank Espirito Santo Water Security Management (P176982) 15.,0.8710952238603071
FM arrangements should place emphasis on governance controls applicable to Project components.,0.8671145872636274
"The conclusion of the FMA is that: (i) the FM arrangements for the proposed Project are considered adequate; (ii) the funds flow, disbursements, monitoring, auditing, and supervision arrangements have been designed in a way to respond to the Project’s implementation arrangements; and (iii) the residual FM risk associated with the Project is rated as Moderate.",0.8630247983065519
"The above risks’ mitigation measures are: (i) the PMU will need to work closely with SEFAZ and the implementing partners to ensure the coordination is working as planned, (ii) the SAFF system will be contracted for this Project, so the Project’s transactions can be booked per category, component, and subcomponent and the automated IFRs can be generated through the system and (iii) to hire additional professionals, especially the dedicated FM Specialist.",0.8760341297496449
"Implementing Entity: SEAMA is a body directly administered by the State Government and manager of public policies for the Environment and Water Resources, responsible for managing the tools that help improve environmental conditions and promote sustainable development in Espírito Santo.",0.8668687993829901
"It was created by Law No4,126 of 1988 as the State Secretariat for Environmental Affairs.",0.8520221710205078
In 2002 it was renamed the State Secretariat for the Environment and Water Resources through Complementary Law No248 of 2002.,0.8542648662220348
"Among its attributions are supporting the development of research, scientific studies, and projects for the definition of standards for the release of liquid effluents, solid waste, water resources, pollution, soil, among other parameters for the control of potentially polluting and degrading activities.",0.8794420415704901
"SEAMA is also responsible for coordinating the actions of the State Council for the Environment (CONSEMA), the Regional Councils for the Environment (CONREMAs) and the State Water Resources Council (CERH).",0.6994294253262606
"Staffing: SEAMA’s financial department (GFS)52 in conjunction with the Planning and Budget area 53 (GPO) are responsible for the management of processes, projects, and routines related to the preparation, execution, and monitoring of the budget, financial, and accounting procedures.",0.8850907412442294
"In addition to having adequate knowledge of the state budget, accounting, administrative rules and procedures, the current Head of GFS/SEAMA has extensive experience with various Bank policies and procedures participating in both the implementation of the ongoing Project and other previous projects 52 GFS – Gerência Financeira 53 GPO – Gerência de Planejamento e Orçamento  The World Bank Espirito Santo Water Security Management (P176982) financed by the Bank.",0.8748156807639382
It is expected that the financial management team (from all the implementing agencies) will participate in all Bank’s fiduciary and disbursement trainings throughout the Project life.,0.8673418218439276
"SEFAZ will include the Project in the next PPA, by .",0.16071986068378796
The Project will be executed under the “Programa de Gestão Integrada dos Recursos Hídricos e Revitalização de Bacias Hidrográficas do Espírito Santo – Águas e Paisagem II”.,0.24224699627269397
"The Project’s budgeting, accounting, and financial transactions will be processed through the integrated SIGEFES that is used by all state institutions that receive/transfer government funds.",0.8373939340764825
A specific ledger of accounts is created in the SIGEFES system under each of the executors for budget and financial reasons to identify the source of funds.,0.8663463592529297
"All payments will follow the official commitment (empenho), verification (liquidação), and payment (pagamento) routines.56 The budget preparation and expenses are fixed based on the revenue forecast and the monitoring of budget execution is carried out by the Planning, Budget, and Finance Management.",0.7466287612915039
"In parallel, the SAFF,57 a license owned by the State of Espírito Santo utilized to monitor the state’s projects, will consolidate the Project’s accounting entries, for 54 PPA, LDO, and LOA include the government’s goals and programs that are approved by Congress every five years, 18 months, and 12 months, respectively.",0.6840857592496005
"According to Article 57 of Law No11,354/2021, all entities of the Executive Power must provide budget, financial and asset management sent by the State Secretariat of Economy and Planning within the deadlines stipulated in the aforementioned requests.",0.8632718866521661
57 Solution for Physical and Financial Project Management system (Sistema de Acompanhamento Físico Financeiro ).,0.8297273462468927
 The World Bank Espirito Santo Water Security Management (P176982) monitoring and reporting purposes.,0.8703960071910511
It also allows for monitoring the POA and the main bidding data.,0.7817392349243164
"Any relevant variations to the originally planned budget need to be submitted and reviewed by SEP. For Project purposes, SEAMA will be responsible to undertake monthly budget variations reviews and request any increase of the approved budget, that requires pre-approval, which is sought through a budget supplemental process.",0.74304875460538
Each executor will only have access to its budget and financial transactions per its own “UG – Unidade Gestora” or Management Unit.,0.8671747554432262
"As to better monitor the project, the PMU will request to SEFAZ, within one month after loan effectiveness, system access as “read-only”, for the Project’s executing agencies or the “Management Unit” participating in the Project.",0.8839269117875532
"Although the Bank is not financing any PIPCP activity, it will follow up on it throughout the Project’s life as it is directly related to the achievement and sustainability of the Project Development Objectives.",0.8735239722511985
SIGEFES is managed by the SEFAZ Information Technology department.,0.8037850640036843
"The SIGEFES system was implemented in 2014, which was the result of the consolidation and integration of three technologically outdated systems, such as: i) SIAFEM - “Sistema Integrado de Administração Financeira dos Estados e Municípios do Espírito Santo” or the integrated financial administration system for the states and municipalities, ii) SIPLAN - “Sistema Integrado de Planejamento” or the integrated financial planning, and iii) SISPPA (“Sistema do Plano Plurianual”), the Pluriannual Plan System.",0.8760483481667258
"The SIGEFES is a modern solution developed in state-of- the-art language and aimed at web environments, allowing a high degree of process automation and ease of generating management reports.",0.648594466122714
"The system guarantees the state government’s compliance with the accounting standards required by the STN for convergence with the international standards (IPSAS) and  The World Bank Espirito Santo Water Security Management (P176982) provides more transparency to the financial and budget management in the executive and legislative branches by converging all information on expenditures and investments directly to the Court of Auditors (TCE-ES), Public Prosecution (MP-ES) and court of Justice (TJ-ES).",0.8849450891668146
"The Bank evaluated the robustness of the SIGEFES system and although it follows the current national accounting procedures, it does not allow the monitoring of the Project’s transactions per category, component, and subcomponent.",0.8746293674815785
"Since any customization will not be finalized in time for the Project’s launch, the operation will follow the accounting arrangements established for the current project (P130682), which is made through the financial management system called SAFF.",0.8701598427512429
The Project will be included in the Annual Audit Plan and the PAINT system within one month after loan effectiveness.,0.8090540279041637
"SEAMA, in conjunction with SEFAZ, will manage the two Project’s bank accounts (Brazilian reais and US dollars).",0.8954226753928445
"In addition, the PMU will ensure that all the Projects’ assets that are being acquired with the loan’s funds will be accounted for.",0.869345404885032
"The Project’s assets will be accounted for through the SIGEFES, SIGA/Asset System, and SAFF systems.",0.8703349720348011
"SEAMA and state agency staff must report allegations of fraud and corruption in connection with the use of the loan proceeds, maintain appropriate fiduciary and administrative arrangements, cooperate with Bank investigations, take timely and appropriate action to address the problem, and follow other applicable government related rules and guidelines.",0.8509616851806641
"The POM should be prepared by the PMU, approved by the Bank and maintained/updated throughout the Projects’ life.",0.08268955620852383
Funds Flow and Disbursement Arrangements: The disbursement of Project funds will be processed following Bank procedures as stipulated in the Legal Agreement and in the Disbursement and Financial Information Letter (DFIL).,0.8257820822975852
"The proposed funds flow and disbursement arrangements were considered satisfactory and will be streamlined within the project to facilitate execution, avoid unnecessary incremental operational arrangements, and rely as much as possible on Public Financial Management (PFM) country systems.",0.8706387606534091
"The Designated Account (DA) will have a fixed ceiling of US$ 16,000,000.",0.8759473453868519
"SEFAZ will open a segregated DA, in “Banco do Brasil”, in Brasília, in the name of the State of Espírito Santo to receive loan funds in US dollars.",0.7909442728215997
"An operational account, exclusive for the Project, will also be opened in Banco do Brasil, in Brazil in local currency (Reais) to receive and transfer resources to the implementing agencies’ transitory accounts, which will be opened by each project executor to receive  The World Bank Espirito Santo Water Security Management (P176982) the transfers from SEFAZ and pay suppliers, contractors, and PES (Payment for Environmental Services) in local currency.",0.884172959761186
"There will be a total of five transitory accounts (to account for the cash inflows from SEFAZ and the cash outflows to the suppliers and PES): two in SEAMA (one of which in FUNDÁGUA), one in AGERH, one in DER-ES and one in CEPDEC.",0.7902250289916992
"Since all transfers from SEFAZ will be made against the list of invoices and PES submitted, the transitory account will serve mainly as a registering and controlling process and they will always be kept zeroed.",0.8694565512917258
"The Designated Account, the Operational Account and the transitory accounts should be opened, exclusive for the Project, within one month after loan signing.",0.8602123260498047
SEFAZ will be responsible for managing the Designated Account and SEAMA will be responsible for managing the Operational Account.,0.8689847425981001
The below flow of funds and internal processes will be included in the POM.,0.7998884374445135
"Based on the bank statements and the electronic payment notification received from each implementing agency’s financial focal point, (who will function as a liaison between the PMU and the implementing agency’s financial department - per the current Project design), all Project financial information from the SIGEFES, SIGA/Asset System and SAFF systems, will be reconciled by the PMU, monthly.",0.8672547773881392
 The World Bank Espirito Santo Water Security Management (P176982) 40.,0.8708610534667969
The PMU will include in the POM the process to monitor the counterpart funds.,0.8461826497858221
"Retroactive financing will be allowed for this Project up to an aggregate amount not to exceed US$17,220,000 to be made for payments up to twelve months before the signing date of the Loan Agreement for eligible expenditures.",0.8997804468328302
"The ESCP includes provisions to carry out an environmental and social audit – according to a methodology agreed upon between the Bank and the Borrower – to ensure the consistency of the Environmental, Social, Health and Safety management procedures adopted during the implementation of the activities proposed for retroactive financing with the principles and requirements of the relevant ESSs and to submit to the Bank an Evaluation Report and establish (as required) a Plan of Corrective Actions that is satisfactory to the Bank as conditions to obtain the Bank’s no objection for retroactive financing.",0.859772422096946
"The loan will also have a four-month grace period after the closing date, during which the World Bank will accept withdrawal applications relating to project transactions incurred before the closing date.",0.8399951241233132
"The Minimum Application Size for Direct Payments will be US$ 1,000,000 equivalent.",0.8786679181185636
The table below specifies the categories of eligible expenditures that may be financed out of the proceeds of the Loan.,0.866588679226962
The information required for the compilation of Statements of Expenditure and Summary Sheets will be maintained by the Financial Management sub-unit in the PMU.,0.052094069394198333
"Table A1.4 - Disbursement Categories Percentage of Expenditures Amount of the Loan Category to be Financed (Inclusive of allocated (US$) Taxes) (1) Goods, consulting services, non-consulting services 29,451,417 100% and Training under the Project (2) Works under Components 1.2, 2 and 3 48,394,100 67% (3) PES under Component 2.1 7,439,233 67% (4) Operational Costs under Component 4 of the 600,000 100% Project (5) Emergency Expenditures 0 100% Amount payable pursuant to Section 2.03 of this (6) Front-end fee 215,250 Agreement in accordance with Section 2.07 (b) of the General Conditions TOTAL 86,100,000 43.",0.9167339151555841
"Payment for Environmental Services: Considering that the Bank is currently supporting the Payment for Environmental Services under the Espírito Santo Integrated Sustainable Water Management Project (P130682), Loan No8353 and that the proposed Project areas may overlap in some few cases with the areas under the ongoing Project, and to avoid supporting twice the same areas, a disbursement condition will restrict the disbursement of PES funds under the new loan before the complete use of PES allocated funds under the ongoing Project.",0.8777112093838778
 The World Bank Espirito Santo Water Security Management (P176982) 44.,0.8722701506181196
Contingent Emergency Response Component (CERC): The objective of this zero-fund component (financed under category 2) is to support the State of Espírito Santo in eventual emergencies associated with natural disasters that affect water systems.,0.871375864202326
"The Bank will revise the ceiling or limit of the DA and the MAS , taking into consideration the planned emergency program expenditures, potential delays or difficulties in banking transfers in emergency situations, communication difficulties in working in remote or inaccessible areas and other factors to ensure that sufficient liquidity is secured always to enable smooth Project implementation.",0.8595538572831587
"Financial Reporting: The SAFF system will control, account for, report on, and manage the proposed Project.",0.8772740797563032
"The system can provide the necessary data to prepare the respective reports in local currency (Brazilian reais) and US dollars, for monitoring purposes on a cash-basis (although the State also follows accrual accounting).",0.8446184505115856
SEAMA should submit for Bank’s validation the IFRs (the automated format and content) no later than sixty days after loan effectiveness.,0.8741022456776012
"Accordingly, the format and content of the IFRs will cover the following items: • IFR 1 - Sources and Uses of Funds by disbursement category, with evidence of the World Bank’s share in the financing of expenditures, cumulative (project-to-date, year-to-date, and for the period) versus actual expenditures, including a variance analysis • IFR 2 - Uses of Funds by Project Activity or Component and subcomponent, cumulative (project-to-date, year-to-date, and for the period) versus actual expenditures, including a variance analysis • IFR 3 - Designated Account bank reconciliation and Bank statements • IFR 4 - Disbursement Forecast 48.",0.8704495863481001
"Specifically for this Project, annual financial statements will be audited by independent auditors, satisfactory to the World Bank, in accordance with acceptable auditing standards.59 The external audit will be conducted according to the TOR acceptable to the World Bank (prepared by the PMU and approved by the Bank) and in accordance with International Standards on Auditing (ISAs) issued by The International Auditing and Assurance Standards Board (IAASB) of the International Federation of Accountants (IFAC) or national auditing standards if, as determined by the Bank, these do not significantly depart from international standards.",0.8601618680087003
"The audited financial statements will be prepared in accordance with 58 If another entity, other than the ones stated under the Project will be responsible for the CERC, a new FMA will need to be performed of that entity.",0.8012617284601385
" The World Bank Espirito Santo Water Security Management (P176982) accounting standards acceptable to the Bank (that is, IPSAS or national accounting standards where, as determined by the Bank, they do not significantly depart from international standards).",0.8692784742875532
"The auditor’s report will be submitted to the World Bank no later than six months after the closing of the fiscal year, and the annual audit may be financed out of the loan proceeds.",0.8286924362182617
Specific audit TORs will be prepared by SEAMA and submitted to the Bank’s No Objection within sixty days of the signature of the Legal Agreement.,0.8745379014448686
"Conditions or Nonstandard/Significant Financial Covenants (Relevant issues to be included in the Legal Documents): Except for the first disbursement condition, there are no other FM-related conditions for Board and/or Effectiveness.",0.8726393959738992
Procurement under the proposed Project will be carried out in accordance with the World Bank Procurement Regulations for IPF Borrowers dated November 2020 and the provisions stipulated in the Legal Agreement.,0.8669167431918058
"For each contract to be financed by the Loan, the different procurement methods or consultant selection methods, the need for pre-qualification, estimated costs, prior review requirements, and time frame will be agreed between the Borrower and the Bank in the Procurement Plan.",0.7995523105968129
"Civil works procured under the Project will include, among others, civil work for installations under a Design and Build approach, for example, CERD and civil works to mitigate flooding risks in areas as defined in the Project.",0.10478466207330878
"Goods procured under the Project will include, among others: pipes and hydraulic equipment, software packages, communications services, educational materials, vehicles, IT equipment and other tools required to put in place an integrated client system control.",0.6111362630670721
"Non-consulting services under the Project will include, among others: capacity building support to the implementation and beneficiaries’ agencies; monitoring, reporting and evaluation-related services; events of various natures, including training, workshops and seminars; logistics, such as hotel services, catering and travel services; printing services,  The World Bank Espirito Santo Water Security Management (P176982) videoconferencing materials, brochures, magazines, intranet, and videos; communication and education campaigns and events.",0.8846855163574219
"Consulting services under the Project will include technical assistance and advisory services of various natures and purposes, including: engineering services; water resources and environmental studies, feasibility and pre-feasibility studies, diagnostics and impact assessments; software and system development-related services; among others.",0.8801393508911133
"The procurement procedures and standard bidding documents to be used for each procurement method, as well as model contracts for works and goods to be procured, are presented in the POM.",0.8880171342329546
"The Bank reviewed the organizational structure for Project implementation and the interaction between Project staff responsible for technical aspects and PMU staff skills, quality and adequacy of supporting and control systems, and suitability of applicable laws, rules and regulations.",0.8721712285822089
"The following action plan was proposed to address and/or mitigate risks during Project implementation:  The World Bank Espirito Santo Water Security Management (P176982) Table A1.5 - Procurement Action Plan Action Description Action Time frame SEAMA must complete the Create an SBC and hire and/or designate staff 1 By Effectiveness Procurement Team for the SEAMA’s SBC responsible Little experience of Hiring of an ad hoc procurement specialist to SEAMA and lack of support Agencies’ staff; experience of DER- 2 Strengthening the capacity of Agencies, By Effectiveness ES in implementing through ongoing Bank support and specific World Bank- procurement training financed projects Use of: (i) national media to increase interest Lack of Interest of for works, goods and non-consulting services, companies to (ii) international media to increase interest in 3 participate in the As defined in the POM the selections of consultancy of higher tendering complexity, and (iii) direct contact with the procedures market Prior to Effectiveness, as the Obtain expert advice to inform the definitions TORs and TEs are prepared, Inadequate quality of the TORs and TEs and throughout of TORs and 4 implementation Technical Technical no objections to technical Specifications (TEs) documents to be issued by the World Bank Prior to launch of each Project procurement process Look for budgeting based on data that reflects Prior to Effectiveness, as cost Weak and imprecise 5 the market and not just on official tables estimates are prepared, and cost estimates issued by various spheres of government throughout implementation Maintain strict control over the companies and Before signing the first Companies involved individuals present in the different control lists contract using Loan funds, 6 in fraud and in Federal, State, and Municipal scope, and and throughout corruption issues even in lists of international financing implementation institutions Members of the team with responsibility for the formal control of the execution of Before signing the first Contract contracts, controlling and monitoring the contract using Loan funds, 7 management progress of the contracts, also the milestones and throughout for their development, such as deadlines, implementation.",0.7568361108953302
"It was agreed that an approximate amount of US$ 200,000 will be made available under Project proceeds to finance procurement capacity deemed appropriate and previously approved by the Bank.",0.8231270530007102
"The technical agencies (AGERH, DER-ES, SEAMA and CEPDEC) are responsible for elaborating the Terms of Reference and Technical Specifications.",0.8361989801580255
The SBCs are responsible for elaborating the bidding documents and Requests for Proposals and conducting the  The World Bank Espirito Santo Water Security Management (P176982) procurement/selection processes.,0.8772628090598367
The Procurement Plan will be updated in agreement with the Bank on an annual basis or as required to reflect actual Project implementation needs and improvements in institutional capacity.,0.8636904629794034
"Based on the strategy developed and low-risk and low-value activities planned so far, it is expected that the activities will be carried out with the following arrangements: (i) Works: carried out through RFB and RFC - National approach; (ii) Goods and non-consulting services: the Project plans to finance the procurement of goods to be acquired through SDO, SDC - National Approach and e- reverse auction, with bidding documents acceptable to the Bank; (iii) Consulting Services: the Project will finance, inter alia: consulting activities, mainly for planning, construction projects, auditing, monitoring, supervision and data collection.",0.8247021761807528
"In addition to the prior review supervision to be carried out from Bank offices, the Bank will undertake at least one early supervision mission to visit the field and carry out post review of procurement actions.",0.867351618680087
 The World Bank Espirito Santo Water Security Management (P176982) ANNEX 2: Detailed Project Description COUNTRY: Brazil Espírito Santo Water Security Management 1.,0.8670135844837535
"The proposed Project is a US$113.6 million Investment Project Financing (IPF) operation, financed by a US$86.1 million IBRD loan and US$27.5 million in state counterpart funds.",0.8477375724098899
"Proposed interventions are grouped around three components focused on the following geographic scales and objectives: statewide institutional strengthening (Component 1), river basin level approaches to build water security (Component 2) and municipal no- regret interventions to reduce flood risks (Component 3), as well as support to Project management (Component 4) and a zero-fund Contingent Emergency Response (Component 5 - CERC).",0.8685901815241034
Component 1 – Building the Borrower’s capacity for water security in a changing climate (US$15.52 million of which US$14.05 million IBRD) 2.,0.805332443930886
"This component will build the state’s capacity to manage water security risks by strengthening both SIGERH-ES and CEPDEC water resources and disaster management capacities, respectively, and fostering their better integration.",0.9046385504982688
Strengthening SIGERH’s water resources management capacity (US$7.43 million of which US$7.43 million IBRD).,0.9471941861239347
"The subcomponent is underpinned by the principles set out in the WRM policy instruments established by the State Water Law, whose implementation/modernization is considered pivotal to bolster SIGERH-ES’s effectiveness in improving water security in the state (see Figure A2.1) The proposed activities reflect the key recommendations presented in the State’s Water Resources Plan (PERH) and related Action Plan as selected by AGERH for priority implementation under the Project.",0.8740230907093395
"The Water Law suffers from a number of implementation problems due to overlapping responsibilities and weak I-State Water Resources coordination between federal, state and basin Plan-PERH level authorities, as well as an insufficient use VII-Financial II-River Basin of economic instruments to regulate water compensation for water use Plans demand and poor capacity to enforce more efficient water allocation.",0.8800403421575372
"The use of water rights and charges for agricultural producers SES Water are still in their infancy, while water tariffs for Resources households are rarely sufficient to cover the VI-Water Policy & Law III- Resources Classification investments needed to ensure universal Information of water System bodies access and reduce network losses.",0.9128294858065519
"Some positive experiences exist in managing water conflicts at the basin level, but water basin V-Water IV-Water use management plans rarely serve their purpose charges rights to anticipate and mediate potential conflicts among users.",0.8552400415593927
"Activities under this subcomponent are summarized as follows:  The World Bank Espirito Santo Water Security Management (P176982) AGERH’s institutional assessment, including WRM financial sustainability in the state: 5.",0.8765791112726385
"As the agency responsible for implementing the State’s Water Resources Policy, AGERH’s strong capacity is a crucial element to fulfilling the Policy’s objectives.",0.8670558062466708
"The AGERH institutional assessment will consist of specialized consulting services to deliver a study to: (i) assess AGERH’s attributions and functions; (ii) assess the current stage of implementation of the WRM Policy and its instruments by AGERH; (iii) conduct a gap analysis of AGERH’s structure, functions and performance; (iv) identify, map and rate the WRM services, activities, measures and instruments developed and implemented by AGERH; (v) conduct a financial sustainability assessment to determine financing needs, assess water use charges and identify alternative financing sources for AGERH’s operation; and (vi) develop a restructuring proposal for strengthening AGERH’s performance in fulfilling its attributions, including the appropriate structure (technical, administrative and logistical) and staffing.",0.6596167304299094
The study will include as final deliverable a draft of a legal or regulatory provision to change AGERH’s current structure.,0.874343525279652
"The development, improvements to, and/or implementation of key WRM tools: (a) water rights: 6.",0.8673133850097656
"AGERH currently holds a backlog of over 15,000 water rights requests under review, most of them paper-based and some date back to as far as 2007, in addition to the average 100 requests logged each week.",0.8705899498679421
"It will be necessary to digitalize these requests, strengthen the agency’s human resources and establish effective systems to not only reduce the current backlog but also set appropriate time and quality standards to issue water rights.",0.7843185771595348
"The improvement of the water rights system includes the revision of methodology and criteria, the establishing of process flows to ensure that water uses are allocated effectively, producing draft legal instruments and effective mechanisms to monitor the implementation of water rights grants in the state.",0.8789581819014116
"The activity will include strengthening the criteria taking into consideration water related risks, processes, and decision making system underlying the issuance of water rights; supporting water users to effectively prepare their water rights requests and promote training and capacity building of stakeholders, including a water users support network; and upgrading/updating user and water rights digital registries.",0.8824280825528231
(b) Modernization and operationalization of the state’s water information system (SEIRH/ES) and related hydrological and hydrogeological monitoring networks: 8.,0.8517036437988281
"Although Espírito Santo has a wealth of information related to the management of water resources, these are not organized in the same system and do not provide easy access to the public to properly grasp the situation or for use in technical studies.",0.8389757329767401
"The effective operation of the system is expected to produce technical information related to water availability and monitoring, qualitative-quantitative analysis of water, in addition to presenting aspects related to governance, legislation, as well as the level of implementation of WRM instruments and their results.",0.8601339513605292
The implementation of the SEIRH would include a decision-supporting system to issue water rights and would be completed sequentially to other studies that would serve as inputs to upgrading and modernizing the SEIRH.,0.8770103454589844
 The World Bank Espirito Santo Water Security Management (P176982) (c) Updating of the State Water Resources Plan (PERH): 9.,0.8701407692649148
"The State Water Resources Plan (PERH) provides an overall diagnostic of water resources issues (including lower resolution flood and drought mapping) and climate, an analysis of the institutional capacity for WRM management and degree of implementation of the legal framework, an action plan to address WRM issues at the strategic level, and detailed actions to strengthen institutional capacity and to better implement the instruments and rules detailed in the State Water Law.",0.8646055568348278
"The river basin-level plans are complementary to the PERH, providing a more detailed diagnostic of WRM issues at the basin level (including higher resolution flood and drought mapping), and detailed action plans including structural and non-structural measures to address them.",0.8635882464322177
"The updating of the PERH (PERH-ES 2018) will include a preliminary risk analysis of floods and droughts, considering the various River Basin Plans carried out after its approval, in addition to strongly incorporating a strategic dimension and involvement of different actors with greater focus on the operationalization and implementation of the Plan.",0.8714351654052734
"The key guiding principle for this activity is on the governance of the implementation, with the definition of actors, indicators and goals, while also reinforcing the need to incorporate absent elements in the previous PERH, such as hydrological extreme events and climate analysis.",0.8546862168745561
The revision of the PERH will enable a more risk-based approach of integrated drought and flood management (thus incorporating lessons from the EU Directive) and will consolidate the Plan with other sectoral planning.,0.8725708181207831
Development of hydrogeological and hydrological studies of selected aquifers and river basins: 11.,0.5325084166093306
"The current information gap on groundwater persists, in particular in regions of intense use, and requires an in-depth analysis and technical knowledge to improve the process of issuing water rights.",0.8148120533336293
The study will undertake a hydrogeological mapping of aquifers in the Metropolitan Region of the capital Vitoria and other water use conflict areas to be defined.,0.86926607652144
"It will produce proposals for a monitoring network and integrated management of superficial and ground waters, which is expected to enhance groundwater allocation and security.",0.8745196082375266
"Strengthening of a State Water Quality Laboratory, including laboratory and IT equipment, licenses and software necessary for ongoing water quality monitoring and testing: 12.",0.806806130842729
"This activity will contribute to improving and expanding the state network for quantitative hydrological monitoring and will include the procurement of hydrological stations, flow meters, and other equipment to structure the support labs (LACAR/CPID) dedicated to water quality analysis.",0.852790659124201
Strengthening CEPDEC’s disaster risk management capacity (US$8.09 million of which US$6.62 million IBRD).,0.8289498415860262
This subcomponent seeks to strengthen the State Coordination for Protection and Civil Defense’s (CEPDEC) capacity to manage water security risks and respond to disasters.,0.8733870766379617
The proposed activities are underpinned by the PEPDEC and have been selected as priority actions to enhance the state’s DRM in response to hydrological events and introduce a more integrated risk-based approach.,0.857200102372603
Activities are  The World Bank Espirito Santo Water Security Management (P176982) summarized as follows: Construction of the Specialized Disaster Response Center (CERD): 14.,0.8721110604026101
The procurement of equipment seeks to complement goods acquired under the scope of the current operation in SES to contemplate additional areas and fill gaps that emerged during the COVID-19 pandemic as specific goods became unavailable in the market.,0.6339138637889515
The goods to be acquired include specialized rescue vehicles that are expected to strengthen the response capacity of CBMES/CEPDEC and expand its service delivery in response to extreme hydrological disasters.,0.6587263454090465
"The corporation has identified specific competences, abilities  The World Bank Espirito Santo Water Security Management (P176982) and skills needed to improve the human resources capacity to respond: (i) Confined Space Rescue, (ii) Rope Rescue, (iii) Trench Rescue, and (iv) Incident Command System (ICS) 300/400 – General Complex Incidents.",0.8525489460338246
"CBMES currently lacks a computer-based tool to support resource command, control and management actions.",0.858146147294478
Component 2 – Demonstrating climate-smart integrated water security risk reduction approaches in selected basins (US$30.18 million of which US$23.39 million IBRD) 20.,0.8648531653664329
Expanding the support to the Reflorestar Program in selected river basins (US$16.06 million of which US$12.40 million IBRD).,0.9157837087457831
"This subcomponent aims to support PES to increase forest cover and implement other climate smart nature-based solutions to reduce water security risks in selected river basin’s priority areas, including Itapemirim, Itabapoana and Benevente, in the South, and Pontões e Lagoas do Rio Doce and Santa Maria do Doce, in the Center-North.",0.786979155106978
"Brazilian states and municipalities have experimented with alternative approaches to tackle inappropriate land use, chief among which has been that of Payments for Environmental Services (PES), in which landholders are paid to maintain or adopt appropriate land use practices.60 Espírito Santo was a pioneer in this effort.61 The state’s Reflorestar PES Program, Brazil’s largest state-level restoration program, was launched in 2011 (Law 9,864, of ) to promote restoration of the hydrological cycle through the conservation and recovery of forest cover and the improvement of farming practices.",0.8622358495538885
"The program, which consolidates and builds on the lessons of two earlier PES programs,62 encourages the adoption of land uses that protect downstream water uses by offering landholders payments for reforesting or adopting sustainable land uses in hydrologically important sub-watersheds.",0.8423057902943004
"Since 2011, over 9,000ha have been put under sustainable uses by Reflorestar (5,400ha reforested and 3,700ha under 60 See Experiências de pagamentos por serviços ambientais no Brasil, São Paulo: Secretaria do Meio Ambiente (2013).",0.8584821874445135
"61 Espírito Santo has received continued World Bank support throughout this process, first under the Espírito Santo Biodiversity and Watershed Conservation and Restoration Project (P094233) and then under the Espírito Santo Integrated Sustainable Water Management Project (P130682).",0.8611879348754883
"62 The ProdutorES de Água program, which had been Brazil’s first state-wide PES program, and the Florestas para Vida program, which had been developed with GEF support under the Espírito Santo Biodiversity and Watershed Conservation and Restoration Project (P094233).",0.8683308688077059
" The World Bank Espirito Santo Water Security Management (P176982) productive sustainable uses) and over 10,000ha of standing forest have been conserved.",0.7709862969138406
"An important lesson learned from the implementation of Reflorestar to date, and other PES programs around the world, is that the hydrological benefits vary substantially depending on the land uses being implemented, its location within a watershed, and the nature and magnitude of downstream water uses.",0.8677988919344816
"Thanks to these efforts, the proportion of land enrolled in the program located in the most valuable hydrological areas has increased from 1 ha in 12 to 1 ha in 5.",0.8562876094471324
"As currently designed, Reflorestar is narrowly targeted to areas that protect domestic water users.",0.7478462566028942
"Under the proposed Project, the Reflorestar program will be expanded in two ways: (i) by adding areas that contribute to other hydrological benefits, including reducing flood risk and dry season water shortages,63 and (ii) by incorporating additional contract options (including physical conservation structures – such as small/mini water ponds or soil built dry boxes).",0.725053223696622
"The Project will also finance studies and provide technical assistance (TA) to SEAMA to help continuously improve the Reflorestar program’s efficiency and effectiveness, including by, inter alia (a) strengthening Program targeting; (b) developing additional financing sources, such as from the private sector; (c) strengthening its institutional capacity; (d) improving its communication strategy; (e) assessing its effectiveness (in inter alia, attracting participants - including vulnerable and marginalized groups, with a specific target to reach 40 percent of women among new Reflorestar participants; targeting payments to priority areas; providing the desired environmental services; and keeping administrative costs low); and using the lessons to improve it; and (f) improving the Portal Reflorestar, which participants use to enroll in the Reflorestar PES Program and SEAMA uses to administer it.",0.7215199904008345
"The subcomponent will support the continuous improvement of (a) the identification of priority areas for land use change and establishment of soil conservation measures, using hydrological models such as INVEST; and (b) the program's operating rules with the objective of increasing the allocation of registered lands to these priority areas.",0.8692600943825461
"Based on these lessons, the subcomponent will also no longer simply count the registered hectares, but will use a weighted indicator that takes into account whether a given hectare is located in a priority area or not and the nature of the land use.",0.5035962191495028
Co-financing of project payments to farmers will also be proportionate to this weighted indicator.,0.8583208430897106
The Bank is currently supporting the Reflorestar PES Program under the Espírito Santo Integrated Sustainable Water Management Project (P130682).,0.8783910057761453
"Considering that the proposed Project areas may overlap in a few cases with the areas under the ongoing Project, and to avoid supporting twice the same areas, a disbursement condition will restrict the disbursement of PES funds under the new loan before the complete use of PES allocated funds under the ongoing Project.",0.8601477362892844
"In addition, the Bank will receive for approval the list of geo-referenced proposed PES contracts, before the Project submit the correspondent request for disbursement (all areas enrolled under the PES program are geo-referenced, not only to 63Studies being undertaken under the current Project will help identify the new priority areas, which may be different from current areas, or may overlap with them, in which case they will receive a higher priority.",0.8669819398359819
" The World Bank Espirito Santo Water Security Management (P176982) ascertain that they are indeed located in the priority areas, but also to avoid double-dipping).",0.8651823564009233
"It is important to note however, that landholders that have already participated in Reflorestar can apply to the program to support conversion of additional areas to sustainable practices, if they have successfully completed earlier land use changes.",0.8434869592840021
The mechanism for payment and eligibility are described in detail in the Reflorestar Annex to the POM.,0.8683487285267223
"Box A2.1 PES in Espírito Santo Coordinated by the State Secretariat for the Environment and Water Resources – SEAMA, Espírito Santo's Reflorestar PES Program was established in 2012 under Law No8,960, building on the earlier ProdutorES de Agua program.",0.8736740459095348
"ProdutorES de Agua was created under Law No8,995 of 1998, and was the first state-wide PES program in Brazil.",0.8797728798606179
"It supported forest conservation in hydrologically important areas, paying participating landholders to preserve existing forests, using funding from Fundágua, which was also established in 2012, under Law No8,960.",0.8740048841996626
"Fundágua receives 2.5 percent of oil and natural gas royalties paid to the state and must devote at least 80 percent of its resources to PES; as an example, annual transfer to the PES program has already reached around US$5.6 million in the past and, in recent years, it has been varying between US$1.9 and US$2.8 million per year.",0.8649993376298384
"Among the innovations in the Espírito Santo PES mechanism implemented by Law 9,864, of 06/26/2012, the possibility of substantially higher payments stands out, with emphasis on those that aim to support the costs involved in forest restoration.",0.8956259814175692
"To exemplify, considering costs with the acquisition of inputs and labor, 1 hectare of restoration is hardly feasible with costs below R$ 20,000, which is higher than the average annual income of most rural producers in Espírito Santo.",0.8321297385475852
"The legal framework for PES established by the 2012 Law allows rural producers to receive support in the restoration of 1 hectare of forest of up to R$ 12,912, destined to the acquisition of inputs necessary for the restoration, leaving the rural producer in charge of providing the workforce for the preparation, implementation and maintenance of the plantations.",0.8673933202570135
"The amounts to be paid as a form of support for the restoration of each hectare, the Short Term PES, vary according to the forest arrangement to be supported, and can reach R$ 3,954 if the restoration is carried out by conducting natural regeneration; R$ 5,447, if the restoration is carried out after the implementation of a silvopastoral system; R$ 8,554, if the restoration is carried out after the implementation of managed forest; R$ 12,226 if the restoration is carried out using sole native species, and R$ 12,912, if the restoration is carried out based on the implementation of an agroforestry system.",0.8668906471946023
"A management plan is developed for every participant, which shows existing forest areas and areas to be restored.",0.8649375221946023
"As of November 2016, through a technical and financial cooperation agreement, the PES mechanism implemented by Reflorestar began to be operated by the Development Bank of ES – BANDES, which also made its network of independent consultants available to Reflorestar, who started to take over the entire technical assistance part of the Program and taking over the development of management plans, and monitoring of compliance.",0.8799575458873402
"Participants are not obligated to bring their entire property under compliance with environmental laws, but receive lower payments if they do not; conversely, they receive higher payments if they exceed requirements.",0.8725561662153765
This approach avoids the all-or-nothing approach that has proven a major obstacle to participation in similar programs in other states and creates an on-going incentive to meet or exceed conservation requirements.,0.8575137745250355
The criteria is published annually detailing eligible areas and payment rates.,0.8707921288230203
"In addition to the Reflorestar PES, the Project will finance physical water and soil conservation structures.",0.9144261100075461
"They are built scattered around the properties with the function of catching runoff, controlling erosion, and allowing rainwater to infiltrate into the ground and aquifers.",0.35381306301463733
"Their construction according to the approved technical criteria) cannot occur in perennial watercourses, in permanent protection areas (APPs), inside gullies, in ""V"" grottos with deep ravines, nor on slopes with a gradient of more than 12 percent.",0.23447110436179422
"According to the legislation of the SES, which deals with the environmental licensing process, the implementation of barraginhas belongs to the list of activities that have low/negligible environmental impact and, therefore, do not require any type of licensing or specific authorization.",0.8637045946988192
"The implementation of these structures is part of several municipal programs to improve water quality and increase water availability during the dry season in rural watersheds, with over 600,000 barraginhas built in the country between 2008 and 2019.",0.8344389308582653
Improving flood and drought management in priority river basins (US$14.12 million of which US$10.99 million IBRD).,0.9729876951737837
"This subcomponent aims to apply an integrated flood risk management approach, with an emphasis on NBS, to reduce flood risks in the Itapemirim basin; and to increase capacity to respond to drought in priority basins located in the State’s Center-North region (tentatively the following four river basins: Santa Maria do Rio Doce, Santa Joana, Pontões e Lagoas do Rio Doce, Barra Seca e Foz do Rio Doce).",0.8745108517733488
(a) In the Itapemirim river basin: Development of an integrated flood risk management plan (AGERH) and the implementation of nature- based solutions identified in the plan (SEAMA): 31.,0.8574827367609198
"This activity will include the preparation of a basin-scale integrated flood risk management plan, following the EU experience on integrated flood risk management.64 Structural and non-structural measures recommended under the plan will be prioritized for implementation.",0.8606489354913885
"If gray infrastructure is 64 The EU Floods Directive available at   The World Bank Espirito Santo Water Security Management (P176982) identified and prioritized, implementation will be carried out under Component 3 of the Project.",0.8686881498856978
"Strengthening of the flood monitoring, forecasting and alert system (AGERH): 32.",0.8646671988747336
"It includes the development of a systematic hydrometeorological monitoring process for the Itapemirim river basin, implementation of technology and installation of equipment for data generation and transmission and data and information management.",0.8657439838756215
"It will also involve (i) the preparation of an action plan for alerts emission including data flow and procedures, protocols and standardization of informative pieces; (ii) development of an IT platform (computer and cell phone) for management and disclosure of data and information to different audiences (technical staff, decision makers) and the general public; and (iii) development of mechanisms for monitoring the system use including its access by users.",0.658556114543568
"Implementation of flood risk preparedness communications campaigns for at-risk people, with a focus on women through targeted awareness raising campaigns (CEPDEC): 33.",0.838370063088157
This activity seeks to improve the risk perception of people affected by extreme hydrological events and improve the warning systems and response procedures in case of emergency situations.,0.3672169338573109
(b) In the Center-North region: Development of drought preparedness plans (AGERH): 34.,0.8548375909978693
"Drought preparedness plans will focus on the operational dimension in the following four river basins: Santa Maria do Rio Doce, Santa Joana, Pontões e Lagoas do Rio Doce, Barra Seca e Foz do Rio Doce.",0.8692339116876776
The plans will be prepared following the methodology developed under the Bank-supported NLTA on Drought Preparedness and Climate Change Resilience65 based on the Drought Monitor66 information in the State of Espiríto Santo.,0.8615019538185813
The plan will include both preventive measures to reduce drought risks as well as preparedness measures to know in advance what measures would be taken once drought is coming and declared.,0.7664097005670721
Preparation and implementation of rational water use plans (AGERH): 35.,0.5400368083607067
The activity includes the preparation of rational water use plans in the same river basins and implementation of select actions proposed by such plans.,0.8582963076504794
"It involves the diagnosis of water use for irrigation, human and industrial water supply; implementation of targets for rational use upon participatory negotiation; and monitoring of results in a pilot selected area.",0.8434858322143555
65 Brazil Water Series 10 ( PUB-P146301-ADD-SERIES-AND-ISBN-PUBLIC-Aguas-Brasil-no-10.pdf) 66   The World Bank Espirito Santo Water Security Management (P176982) Piloting of the issuance of collective water rights to family farmed micro-basins to facilitate participatory reallocation of water in times of drought (AGERH): 36.,0.9240679307417436
"The activity seeks to develop a methodology and testing it through a pilot, for the issuance of collective water rights to family farmers in rural micro-watersheds with a focus on developing and implementing community self-management.",0.8672538237138228
"This will include the revision of good practices and local legal and regulatory context, the development of a methodology based on this review, the testing of the methodology in a micro-watershed, the evaluation of the pilot and the strengthening of the methodology, the preparation of manuals for AGERH civil servants to replicate the methodology in other areas, communication campaigns guiding the implementation of self-management activities in smallholder microbasins, and provision of technical assistance to landowners for the application of the methodology and tools.",0.8728592612526633
"According to an OECD study,67 collective entitlements depend on devolving responsibility for management to local users, either through a water users’ association or some other entity.",0.8595213456587358
"The resource manager (AGERH) is then only concerned with ensuring compliance with collective entitlement, and not the water use of individual water users.",0.8590809215198864
"A few advantages of this approach include: (i) reducing the number of compliance points and hence the time and cost to government involved in monitoring; (ii) fostering a culture of compliance among users, as it increases recognition that the water allocation process is a zero-sum game; and (iii) potentially providing water users with greater flexibility in how they use the resource.",0.8627006357366388
Key factors for the success of collective water rights include: (i) providing sufficient incentives for water users to take on the management responsibility and move away from the existing arrangements; (ii) ensure water user support; and (iii) support the capacity of the water management agency to monitor and enforce compliance with the entitlement.,0.8709098642522638
Component 3 – Reducing flood risk in targeted municipalities (US$60.91 million of which US$41.67 million IBRD).,0.8647242459383878
"Component 3 aims to reduce floods risks in targeted municipalities, which are divided in two groups of critical flood occurrence: (a) The first group includes the municipalities of Águia Branca, João Neiva e Ibiraçu, for which technical solutions have been identified, but feasibility studies need revisions.",0.8602346940474077
"Solutions include dredging to increase flow capacity, widening of the cross section of canals, and internal coating of canals.",0.9410510496659712
"These studies will be revisited, reviewed, and eventually adapted depending on results from the hydrological-hydrodynamic modeling and dimensioning of the interventions to be carried out.",0.8507066206498579
"After studies are ready, DER-ES will be responsible for the implementation of the Design and Build contracts for each municipality and for contracting the supervision of work services.",0.8838488838889382
"67 OECD (2015), Water Resources Governance in Brazil, OECD Studies on Water, OECD Publishing, Paris, ",0.8566565947099165
"68 In addition to AGERH, to a smaller extent, as AGERH will implement the studies to identify more innovative integrated structural and non-structural solutions to reduce flood risks in the municipalities of Iconha and Alfredo Chaves.",0.8603316220370206
 The World Bank Espirito Santo Water Security Management (P176982) 38.,0.8704592964865945
The State Government has designated the selected municipalities impacted by increasing flooding events as high priority areas requiring urgent attention.,0.40542775934392755
"Recent recurrences throughout municipalities in the upper part of the state – Águia Branca, João Neiva and Ibiraçu – prompted the SES Government to single them out for priority infrastructure investments aimed at mitigating the impacts of floods in their respective urban areas.",0.921319614757191
Component 4 – Project Management (US$6.99 million of which US$6.99 million IBRD).,0.8690196817571466
"This component aims to strengthen the State’s capacity to carry out Project activities, including fiduciary, technical, environmental and social, and monitoring and evaluation aspects.",0.8700936057350852
"To this end, it will finance the provision of technical assistance, consulting and non-consulting services, training, operating costs and goods to key government agencies necessary to effectively carrying out activities associated with Project implementation, including the hiring of a firm to provide Technical and Operational Support.",0.8687411221590909
"This component will support the State of Espírito Santo, following an Eligible Crisis or Emergency, to respond to emergency situations associated with hydrological events.",0.8651539195667614
"This disaster recovery contingency zero-fund component could be triggered following the declaration of a disaster or emergency, defined as “an event that has caused, or is likely to imminently cause, a major adverse eco nomic and/or social impact associated with natural or man-made crises or disasters.” When triggered, funds may be reallocated to facilitate the rapid financing of goods and services under streamlined procurement and disbursement procedures.",0.8605334542014382
"Eligible activities may include emergency rehabilitation works, supply of critical equipment, or any other critical inputs to respond to the impacts of floods, landslides, droughts and other hydrological climate-related extreme events-.",0.41507170417092065
"If activated, this component would therefore directly enhance the residents’ resilience to climate change.",0.8572281057184393
"The ongoing Espírito Santo Integrated Sustainable Water Management Project (P130682) is supporting the preparation of terms of reference (TORs) and carrying out an institutional assessment and technical studies, preparing the ground for the proposed Project implementation.",0.8650565580888228
"It is also funding additional staffing to improve the capacity of implementing agencies for advancing preparatory activities, with the expectation of an overlap between the two operations.",0.912688515403054
 The World Bank Espirito Santo Water Security Management (P176982) Table A2.1 – Project readiness and status of preparatory activities Activity Status Expected completion Hire consulting firm to provide TORs under preparation to start selection Nine months after technical and operational support to process as soon as (or prior to) signing of effectiveness the PMU and PIUs Loan Agreement.,0.8640147122469816
Contract studies to identify new areas Under implementation as part of ongoing January 2024 of intervention by Reflorestar also project.,0.747317140752619
focusing on reducing impacts of floods and droughts (Subcomponent 2.1) Revise feasibility studies and prepare Hiring of individual consultants.,0.7344790371981534
December 2023 technical requirements for flood risk interventions in 3 municipalities (Component 3) Prepare Design and Build State project team trained in November 2022 December 2023 procurement documents for the to start preparation of bidding documents.,0.8665702126242898
implementation of flood risk interventions in 3 municipalities (Component 3) Contract modeling studies to inform Individual consultants being hired to support May 2024 flood risk interventions in 2 preparation of TORs.,0.8489553278142755
municipalities (Component 3) Integrated Risk Management The experience of World Bank projects Study tour by October approach following EU Integrated implemented in the Eastern Europe and 2023 Flood Directive Central Asia (ECA) region has been shared through a virtual introductory workshop with SES.,0.854245966131037
 The World Bank Espirito Santo Water Security Management (P176982) ANNEX 3: Economic Analysis COUNTRY: Brazil Espírito Santo Water Security Management Rationale for Bank’s Involvement 1.,0.8704307729547675
The World Bank funding of this Project is based on a wealth of unique knowledge and experiences of the water sector from around the world.,0.8596231287175958
The lessons learned from past World Bank’s projects in several Brazilian States have strengthened water institutions and established a long history of engagement in capacity building and water infrastructure development.,0.5627830678766425
The environmental and economic impacts of infrastructures and institutional development support will create better conditions for inclusive and green growth in the State.,0.9535851045088335
"By strengthening Espírito Santo water sector management, promoting water-related disaster risk management, improving land management practices, and refining water quantity and quality, the Project will contribute for long-term water security in the State.",0.8596337058327415
Improved coordination and strengthened capacities of State’s water sector institutions are important support activities to achieve the development objectives of the Project.,0.8636713894930753
"The financial support to the State for integrating water resources and disaster risks management, with strong capacity building activities represent a shift in the policy landscape of the sector for the coming years.",0.8778584220192649
The integrated Water Resources Management (WRM) and climate-related Disaster Risk Management (DRM) approach will contribute to support the development of tools to improve local decision making processes to ultimately reduce the hydrometeorological risks in the State.,0.8686272014271129
"Specifically, the Itapemirim river basin and three vulnerable municipalities are critical Project areas with a potential of accruing relevant environmental and economic gains.",0.9108716791326349
The cost-benefit approach was used to compare the economic costs and benefits with and without the Project.,0.8565801273692738
"If benefits surpass costs, the Project is economically viable.",0.917641899802468
"The present value of expected net benefits was calculated, as well as the economic internal rate of return, and benefit-to-cost ratios.",0.8708986802534624
"The economic evaluation was completed with GHG emissions estimates, a sensitivity analysis with various scenarios to measure the impact that changes in costs and benefits, and a qualitative description of potential ancillary economic impacts of the Project.",0.8661212921142578
"The economic analysis of the Project focused on three subcomponents: the Reflorestar program, the interventions in Itapemirim basin and the urban and flood risk management interventions in three vulnerable municipalities.",0.8539456454190341
"The parameters used in the analysis include an exchange rate of R$5.15 per US$1, with a Project lifetime of 30 years, and standard conversion factor of 1.09 to transform financial to economic values.70 Finally, a discount rate of 10 percent was considered for estimating Net Present Values 70The standard conversion factor is the ratio or economic price value of all goods in the economy at their border price equivalent values to their domestic market price value.",0.8613184148615057
 The World Bank Espirito Santo Water Security Management (P176982) (NPVs).,0.8745103315873579
GHG net emissions of the Project were estimated and added to the economic analysis using the Shadow Price of Carbon (SPC) to monetize GHG net emissions with a baseline year in 2022 with different SPCs.,0.8762416839599609
"A sensitivity analysis included the following scenarios that modified direct costs and benefits: (i) increasing Reflorestar direct benefits of reducing sedimentation and increments in avoided damages in Itapemirim’s locations, (ii) cost overruns of 50 percent during the lifetime of the Project for all components under economic evaluation, (iii) a decline in both costs and benefits that reduces the NPV to zero (breakeven point), and (iv) delays of Project’s implementation up to 10 years.",0.8909119692715731
Indirect benefits included increases in farm income due to better environmental and agricultural practices with higher economic value due to Reflorestar.,0.9243516055020419
"Indirect costs considered costs of additional works (small ponds, dry boxes, and biodigesters) required for the first two subcomponents to materialize the indirect benefits after 10 years.",0.8551292419433594
The estimation of costs comprised the investment in infrastructure works for the three subcomponents and the recurrent operation and maintenance (O&M) costs from these interventions.,0.9126879952170632
Administrative and transaction costs of interventions were added based on data availability of each component.,0.8460329229181464
"In the case of Reflorestar, an opportunity cost per hectare annually is proxied at R$ 11,879 (US$ 2,306) spent for alternatives of productive activities and environmental outcomes (see document on file for detailed description).",0.8637788945978339
Direct Project benefits estimate economic impact of three subcomponents.,0.9237366589632902
For the reforestation interventions (PES-R Payment for Environmental Services - Reflorestar) it was assumed that the extension of forest areas modifies the future values of productive activities and promote better environmental outcomes.,0.8601771267977628
"The Reflorestar benefits are accounted with an increase in mean value of land R$6,400 (US$1,242) per hectare for agricultural activities, with an increase up to R$ 2,411 (US$ 468) per hectare per year of land conversion.",0.939979379827326
Benefits were net out by considering different transaction costs and subsidies of the Reflorestar program.,0.9934898723255504
The flood and drought management interventions in the Itapemirim basin component will aim to increase capacity to cope with severe droughts and manage excess water from floods in the State’s selected hydrographic region.,0.876934138211337
These interventions will result in more water available (from 866 m3/sec without the Project to 1772 m3/sec.,0.8188756595958363
"with the Project) intended for different productive uses, mainly agriculture.",0.870937780900435
A value of extra available water of R$1.7 (US$0.3) per m3 was assumed to monetize these additional water volumes as economic benefits.,0.9338501149957831
"Because the specific nature-based solutions are to be designed as the Project gets implemented, changes in the effectiveness of this component are included in the sensitivity analysis by adding both indirect costs and benefits of complementary infrastructures.",0.9208715612238104
"The third component subject to economic evaluation (flood and landslide risk management interventions in the municipalities of Ibiraçu, João Neiva and Águia Branca) accrue benefits based on the avoided damages to property and physical assets resulting from extreme rainfall.",0.9666785326871005
Investments in structural and non-structural solutions contribute to avoid economic damages in the future.,0.8779485875909979
"The effectiveness of this component is due to improvements in water-related risk management, dredging, cleaning of riverbeds, diversion channels, channeling rivers of structural investments implemented in three urban municipalities (Ibiraçu, João Neiva and Águia Branca).",0.9409794373945757
"There are also benefits from increments in the value of properties and incomes of US$494,000 per year (due to improved urban conditions that reduce  The World Bank Espirito Santo Water Security Management (P176982) landslide risks).",0.9030636007135565
The economic rate of return of the Project is 14.9 percent for the entire lifetime of the Project.,0.9507687308571555
"The Net Present Value (NPV) of all components included in the economic evaluation is US$75.8 million, with benefits reaching US$234.3 million, and total costs reaching US$158.5 million at present values.",0.8801787983287465
The financial assessment of 30 years of Reflorestar in Espírito Santo shows a financial return that ranged between 8.1 to 11.3 percent.,0.8745129325173118
The discount payback of Reflorestar was between 11 and 17 years after full implementation of the program.,0.8881149291992188
"The annual present value of the financial assessment is between R$ 1.2 million (US$ 240,000) and R$1.7 million (US$335,000).",0.9464607238769531
"The net GHG emissions of the Project are -8,682 tCO2-eq on average per year.",0.2819249846718528
"This includes the benefits from avoided gross emissions of -9,362 tCO2-eq average per year from the expansion of reforested areas, and gross emissions of +680 tCO2-eq on average per year.",0.7055711312727495
"The extra net benefits with the low shadow price of carbon (US$ 41.8 per tCO2-eq) are US$ 1.9 million and US$ 3.8 million in the case of the high shadow price of carbon scenario (US$ 83.7 per tCO2-eq), and these benefits could add up to extra US$ 9.0 million of NPV using the most updated price of carbon of US$185 per tCO2-eq.",0.9343204498291016
"With increased water regulation and GHG emissions and capture capabilities of small ponds, there could be additional benefits or costs based on the future changes in the net emissions (including methane).",0.8292458274147727
"A multiple scenario sensitivity analysis considered four initial scenarios of changes in direct costs and benefits, and a scenario that added indirect costs and benefits from the construction of complementary water storage and biodigesters facilities.",0.37987362254749646
The results of the sensitivity scenarios show that the Project’s economic efficiency is more sensitive to changes in cost structures compared to changes in benefits.,0.7968019138682972
"The sensitivity analysis also showed that Reflorestar’s and Itapemirim’s interventions could have substantial economic gains in the future if additional works (small ponds and biodigesters) are used to produce extra environmental and productive outcomes, particularly for farmers.",0.8946039026433771
Other qualitative impacts of the Project show that the environmental and hydrological benefits could be substantial if the efficiency in implementation and adequate rollout of interventions are achieved.,0.8427692760120739
 The World Bank Espirito Santo Water Security Management (P176982) ANNEX 4: Gender Action Plan COUNTRY: Brazil Espírito Santo Water Security Management 1.,0.865820971402255
"The proposed Project aims to strengthen the State of Espírito Santo’s capacity to manage water resources and extreme hydrological events, to reduce their long-term social impacts and increase resilience to water security risks.",0.8894469521262429
"The Project will also support technical assistance activities of statewide relevance, including strengthening of SIGERH and CEPDEC as well as the updating of the State Water Resources Plan (PERH).",0.8631833683360707
"The Community Civil  The World Bank Espirito Santo Water Security Management (P176982) municipalities across the State, female participation accounted for only 29 percent of the 1,399 participants.",0.24498870156028055
"The participation of women in Payments for Environmental Services is largely limited by the invisibility of their economic contribution in rural areas, poor control of land assets and imbalances in intra-household decision making.",0.8647238991477273
" The World Bank Espirito Santo Water Security Management (P176982) Santo, the participation of female family farmers has been negligible.",0.7129064906727184
"Between 2013 and 2019, this program – which will be supported by Subcomponent 2.1 – has financed 3,795 landholdings in the State (3.5 percent of the rural landholdings), which has resulted in the adoption of sustainable land use practices in a total of 9,000ha (5,400ha reforested and 3,700ha under productive sustainable uses) and the preservation of over 10,000ha of standing forest (",0.8490525158968839
Most Relevant Gender Gaps for the Proposed Project • Women are underrepresented among the State’s Payment for Environmental Services beneficiaries.,0.86696702783758
 The World Bank Espirito Santo Water Security Management (P176982) a set of actions and gender sensitive approaches that are expected to reduce gender gaps.,0.8576023795387961
These actions are: (a) Increasing the participation of women beneficiaries in the Reflorestar Program: Ensuring female family farmers are provided a more equitable share of the benefits of the Reflorestar Program’s payment for environmental services.,0.876822211525657
"Achievement of this goal will include activities related with: (a) carrying out an assessment of the drivers of exclusion of women family farmers (in addition to imbalances on land tenure) from the Program, aiming to better identify and help overcome gender barriers that have so far hampered women’s equitable participation in its benefits as well as to promote the payment of ecosystem services that are mostly recognized and valued by women; (b) improving its communications strategy and the web-based Portal Reflorestar (which participants use to enroll in the program) aiming to attract, reach out and foster participation of female family farmers; and (c) implementing a participatory strategy to monitor and evaluate the effects on increase in income and agency as a result of the expansion of women's contracts with payment for environmental services – Reflorestar Program (participatory monitoring implemented.",0.8659519715742632
 The World Bank Espirito Santo Water Security Management (P176982) Management.,0.8736254952170632
"Thus, the Project will support actions fostering women’s participation in the RBCs so that their specific concerns are better represented in these planning and consultative instances which play a central role in water resources management.",0.8599789359352805
 The World Bank Brazil: Espirito Santo Water Security Management Project (P176982) ANNEX 5: Map COUNTRY: Brazil Espírito Santo Water Security Management ,0.8645799810236151
