seq,ecological domination
"The implied economic cost of environmental degradation was estimated as 2.2 to 3.1 percent of gross domestic product (GDP) annually between 2004 and 2017, 3 evident in widespread air, soil, and water pollution and diminishing biodiversity levels.4 Impacts from climate change have compounded these environmental issues and contributed further to economic costs.",0.8635146401145242
"China's 13th Five Year Plan (FYP) (2016â2020) emphasized the need for high-quality green development based on productivity and innovation, rebalancing of growth toward consumption and services, and increased stringency of environmental regulations.8 Central government funding of environmental protection and pollution control increased to US$35.7 billion by 2019, five times more than in 2017.9 China saw a slowdown in the growth of greenhouse gas (GHG) emissions, reduced local air and water pollution,10 improved resource efficiency, and enhanced land management during this period.11 The 14th FYP (2021â2025), released in March 2021, reflected a strengthening of ambitions, including planned reductions in GHG emission intensity and improved water pollution and land management, and references the importance of climate change adaptation.",0.6802664670077238
 âImprovements in Ecosystem Services from Investments in Natural Capital.â Science 352: 1455â1459 (link).,0.8542643460360441
" The World Bank Yangtze River Protection and Ecological Restoration Program (P171644) and ecosystem function.15 Pollution sources include industrial, domestic, and agricultural activities, with challenges increasingly around non-point sources (NPSs) such as agriculture.",0.7538938522338867
"Over 200 billion cubic meters of water are drawn from the basin annually, supporting industry and providing drinking water for almost 600 million people.22 The YREB is an important manufacturing hub, lying at the heart of global supply chains, and is one of the worldâs busiest inland waterways for freight traffic.",0.41570546410300513
22 This includes direct beneficiaries of the South-to-North Water Transfer (around 120 million people).,0.0935317494652488
Update of 2009 APEC Report on Economic Costs of Marine Debris to APEC Economies .,0.21328304030678488
37 The Program area was assessed using the World Bank Groupâs Climate and Disaster Risk Screening Project Level Tool.,0.7448362870649858
"Results highlighted risks from extreme precipitation and flooding, informing the Programâs activities on pollution management under climate extremes (see para.",0.347184419631958
"A 10â21 percent increase in runoff is forecast for 2041â2070 relative to 1970â2000, 38 which is likely to exacerbate flooding and associated economic costs39 and increase the levels and variations in water pollution (including plastic debris) due to more intense precipitation and floods events resulting in spikes in runoff.",0.48070790550925513
The Governmentâs overarching objectives are articulated by a series of targets and plans for water and the environment.,0.8188477429476652
"The âMost Stringent System for Water Resource Managementâ was established in 2012, setting âThree Red Linesâ with specific targets for water withdrawals, water use efficiency, and water quality.",0.8688548694957386
"The âWater Ten Planâ, issued in 2015, proposed measures to strengthen water pollution control and improve ecosystem services.",0.8666763305664062
"These have been complemented by three further âredlineâ policies promoting green development: the âEcological Redlinesâ, the âEnvironmental Quality Baselineâ, and the âResource Utilization Thresholdâ.",0.8253481604836204
These complement wide-ranging sectoral reforms aimed at addressing persistent pollution challenges.,0.8494902524081144
"For example, a National Sustainable Agricultural Development Plan (2015â2030) targets zero growth of fertilizer as part of efforts to combat NPS pollution and reduce GHG emissions.",0.45291016318581323
The waste management sector is under transition as part of efforts toward a circular economy.,0.8618196140636097
"Sector developments include policies banning certain plastic waste imports in 2017, plastic pollution control measures (January 2020), and specific provisions in the Solid Waste Law (April 2020) to improve the management of solid waste and reduce plastics use, including agricultural plastic film.41 Moreover, Chinaâs National Biodiversity Conservation Strategy and Action Plan (2011â2030) targets measures to address environmental pollution given the significant impacts on aquatic, riverine, and coastal biodiversity and habitats, specifically prioritizing efforts in Yangtze River to improve conservation of rare and critically endangered species, such as the Siberian white crane, Chinese sturgeon, and finless porpoise.",0.6292619705200195
"Significant public and private infrastructure investments have resulted in improved water quality in the Yangtze River Basin; however, further improvements will require institutional measures.",0.8119246742942117
"Total phosphorus levels, for example, remain above national standards in some water quality monitoring sections.42 The portion of lakes and reservoirs in the Yangtze River Basin exhibiting âmoderateâ eutrophication43 increased from 31 percent in 2009 to 42 percent in 2018.44 While further infrastructure investments are needed for the control and treatment of point and non-point sources of pollution in specific locations, broader and sustained improvements will require improvements in institutions and management 38 CWR.",0.751941594210538
"44 Changjiang Water Resources Commission (CWRC) Draft Program Proposal (November, 2021).",0.646436171098189
 The World Bank Yangtze River Protection and Ecological Restoration Program (P171644) systems.,0.8282663171941583
"These include harmonized and better-enforced standards, integrated monitoring platforms, basin-wide data and management systems that can improve coordination between branches and levels of government, and improved technical understanding of pollution hotspots and sources.",0.8396575234153054
"Recognizing these needs, the Yangtze River Protection Law45 was approved by the National Peopleâs Congress on .",0.8532199859619141
The law came into effect in March 2021 and is the first legislation for a specific river basin in China.,0.7728748321533203
It was formulated to strengthen the protection and restoration of the ecological environment in the Yangtze River Basin; it proposes the establishment of a National Yangtze River Basin Coordination Mechanism 46 and infers obligations on the national line agencies and provinces to align with its goals of ecological protection and improved water quality.,0.8415733684193004
"The law calls for local governments to establish water quality baselines, prepare total phosphorus pollution control plans, reduce pollutant discharge through investments in wastewater treatment facilities and piped networks, and control agricultural NPS pollution, including through the promotion of organic fertilizers and control of agricultural plastic film.",0.8120151866566051
"The law is an element of the Government's national strategy for the YREB, which was articulated in the âYREB Development Planâ developed by the National Development and Reform Commission (NDRC) in 2016.",0.2319260077043013
The Yangtze River Protection Law represents the latest in a series of national-level reforms aimed at improving the management of natural resources and the coordination of water resources development.,0.8891142931851473
"Earlier reforms include an amendment to the National Water Law in 2016 to support integrated planning and coordinated basin development.47 Water-related responsibilities were reorganized within the administrative government system in 2018, with water pollution control responsibilities transferred to the Ministry of Ecology and Environment (MEE), a new Ministry of Natural Resources (MNR) established, and responsibilities within the Ministry of Water Resources (MWR) consolidated.",0.863136811689897
The system evolved from efforts to solve water pollution issues in Lake Tai in 200748 and was implemented nationally in 2016.,0.5334008823741566
"It raises the priority of water-related issues and has proven useful in addressing challenges of coordination and cooperation between responsible departments and regions.49 Implementation of the RCS is supported through various mechanisms including River Chief Offices (RCOs), that usually sit within water agencies at the respective levels.50 China now has over 1.2 million river chiefs with more than 460,000 in the Yangtze River Basin, providing opportunities to address information asymmetries, promote integrated basin management, and increase public participation in the decision-making process.51 45 The Yangtze River Protection Law of the People's Republic of China (March 2021) (link).",0.41993093490600586
"46 The coordination mechanism has the responsibility of âcoordinating, guiding and supervising Yangtze River protection work; co ordinating and negotiating the management work between relevant State Council departments and provincial-level governments along the river; organizing and coordinating joint law enforcement; organizing the establishment and improvement of relevant standards, monitoring, risk early warning, assessment and evaluation, information sharing and other systems in the Yangtze River basin, and carrying out overall coordination of the operation of all systems.â 47 Clause 15 of the amended Water Law indicates that âplanning for regions within the boundary of a river basin should follow [p rinciples of] river basin planning, and sector planning should follow [principles of] integrated planning.â 48 Li Y, J Tong, and L Wang.",0.8514969565651633
 âFull Implementation of the River Chief System in China: Outcome and Weakness.â Sustainability 12 (9): 3754.,0.03996787829832597
"(link) 49 The River and Lake Chief System is intended to strengthen enforcement and accountability regarding water use control, water quality protection, and restoration of degraded waterways.",0.7977959025989879
 The World Bank Yangtze River Protection and Ecological Restoration Program (P171644) 14.,0.6627876975319602
"While these institutional reforms provide the foundation for integrated river basin management, the transition is challenged by overlapping institutional and jurisdictional mandates, among other factors.",0.8610834641890093
"The YREB Development Plan and Yangtze River Protection Law are relatively high-level instruments, and their measures require new regulations and operating procedures at multiple levels of government.",0.836179646578702
"More broadly, while the institutional reforms of 2018 signaled an important shift toward environmentally oriented water policies and clarified responsibilities, they also created challenges such as the division of responsibilities in basin-level organizations between water quantity management (under the MWR), water quality management (under MEE), and ecosystem services (under MNR).",0.8546213670210405
"Chinaâs river basin organizations do not have the administrative authority or the coordination mechanisms required to align provincial actions, build consensus with local government, or arbitrate in cases of dispute.",0.5072865052656694
"Operating efficiency in some water-related infrastructure is low, and the knowledge base for integrated river basin management (for example, eco-hydrology and related pollution flows) requires further development.",0.8455872969193892
"Key water-related data are still segregated across various platforms and agencies, and the availability of data and consistency over time and between different sources remain a challenge.52 Data sharing within and between the RCS and the traditional basin management authorities is limited, and data collection protocols are not fully standardized.53 Addressing these challenges requires an appropriate institutional framework, such as that envisaged by the National Yangtze River Basin Coordination Mechanism, the continued resolve of political leaders, and mechanisms that can facilitate inter-jurisdictional cooperation and cross-sectoral coordination.",0.8318810896439985
"The proposed Yangtze River Protection and Ecological Restoration Program (YRPERP, or the âProgramâ, see Section II) emphasizes global public goods.",0.014419345693154768
This is aligned with the World Bank Groupâs Country Partnership Framework (CPF) for China (FY 2020â2025) (Report No.,0.8671131134033203
"117875-CN), which was discussed by the World Bank Board of Executive Directors on ,54 and the new phase of the World Bank Groupâs engagement in China.",0.15722715854644775
"Specifically, the program focuses on institutions and systems for integrated basin management that can make a significant contribution to global public goods through pollution reduction and biodiversity protection (Box 1).",0.865684682672674
"It thus contributes to Engagement Area 2 of the CPF, ""promoting greener growth,"" by reducing water and marine plastic pollution and strengthening sustainable management of natural resources.",0.8509793715043501
"Moreover, lessons and knowledge generated by the Program are expected to be relevant for addressing integrated natural resource management issues elsewhere and may be scaled up (including with non-World Bank Group resources) in other basins in China and internationally.",0.8561510606245561
"The Program aligns with the World Bank Groupâs Green, Inclusive, and Resilient Development (GRID) framework and the Climate Change Action Plan 2021- 2025.55 52 Hsu.",0.6660521680658514
 âSeeking Truth from Facts: The Challenge of Environmental Indicator Development in China.â Environmental Development 3: 39â51.,0.26420528238469904
 âRiver Chief System as a Collaborative Water Governance Approach in China.â International Journal of Water Resources Development 36 (4): 610â630 (link).,0.8656851161609996
World Bank and DRC (Development and Reform Commission).,0.7874357050115411
Watershed: A New Era of Water Governance in China - Synthesis Report.,0.35352995178916236
"55 Alignment with GRID (link) and the Climate Change Action Plan 2021-2025 (link) is seen in the Programâs focus on environmental sustainability objectives, while increasing resilience to climate change threats, mitigating emissions, and promoting inclusivity in economic opportunities (see Section II for Program Description).",0.6231900561939586
 The World Bank Yangtze River Protection and Ecological Restoration Program (P171644) Box 1.,0.4448882449756969
"â¢ Marine plastics: The Yangtze River is estimated to be one of the worldâs largest single riverine sources of plastics, which affect marine ecosystems and wildlife via entanglement and indigestion and ecotoxicity.56 The Program builds on an increasing portfolio of World Bank-financed projects supporting the collection and removal of plastic waste,57 including agricultural plastic films that commonly ends up in waterways.58 The Program will support the development of implementation plans for plastic pollution management in demonstration provinces for longer-term institutionalized impact.",0.7375698089599609
"â¢ Greenhouse gases: The Program will lessen eutrophication and thus methane emissions from waterways, a potent GHG source.59 This will be achieved through the support for measures such as manure management and reuse, increased treatment plant operating efficiencies, and management plans for key nutrient pollutants, actions that reduce nutrient loads in waterways and thus eutrophication.",0.8679365678267046
"Support for improved phosphorus source identification, measurement, and mitigation under the Program is expected to benefit ecosystems locally while providing lessons for improved phosphorus management in large watersheds globally.",0.8056810552423651
"The PforR is designed to support a nested hierarchy of interlinked institutional improvements at multiple levelsâbasin, province, sub-basin, and countyâthat are required to address the Basin's challenges in a complex and evolving development context (box 2).",0.8460968190973456
"The PforR instrument leverages significant resources under existing Government programs, providing for impact beyond traditional Investment Project Financing (IPF).",0.9044992273504083
60 Global Partnership on Nutrient Management.,0.8810193321921609
"62 Ramsar-recognized wetlands within the Programâs target sub -basins are: Poyanghu, Poyang Lake Nanji wetlands, Dong (East) Dongting Lake, Xi (West) Dongting Lake, and Nan (South) Dongting Lake.",0.5054345997897062
" The World Bank Yangtze River Protection and Ecological Restoration Program (P171644) and water management programs (known as eco-compensation), making it a natural complement in this sector.63 The PforR financing is complemented by a basin-level IPF to support cross-jurisdictional technical assistance (TA) activities at the basin scale.",0.8771558241410689
Evolution of World Bank Support in the Yangtze River Basin The World Bank has a long history of supporting Chinaâs efforts toward sustainable development.,0.8700125434181907
"Since 1981, the World Bank has financed more than 170 projects with over US$26 billion in commitments in China.",0.20919015190818094
"The majority of these have been in transport (31 percent of financing), water (24 percent) and energy (16 percent) (Figure 1).",0.72939378565008
Sectoral Distribution of World Bank Financing in China during the Four Phases of Development The design of these projects has evolved to respond to the changing development context.,0.8695191470059481
Early support in the water sector focused on infrastructure and rural development.,0.8246932463212446
"The Yangtze River Basin Water Resources Project (P003596), for example, approved in 1995, supported multi- purpose dam construction, flood management measures, and the rehabilitation and construction of irrigation schemes with capacity building.",0.8609462217851118
"The subsequent CN- Yangtze Dike Strengthening (P064730) Project in 1998 and the Changjiang/Pearl River Watershed Rehabilitation Project (P081255) in 2006, focused on essential Figure 2.",0.8793837807395242
World Bank Financing and Number of Projects by Province infrastructure and sustainable rural development.,0.8932788155295632
"In more recent years, project focus has evolved toward more complex issues around integrated water resource management, ecological protection, and natural resources institutions.",0.7969783436168324
The YRPERP will build on China's now considerable capacity for infrastructure development by focusing on contemporary challenges of inter-jurisdictional cooperation and cross-sectoral coordination.,0.8239017833362926
"It supports a nested hierarchy of activities that link financing with performance-based targets at the basin, provincial, and local levels, to address challenges of ecological protection and water pollution.",0.8482594056562944
World Bank support aims to unblock institutional processes that are limited not by technical capacity but by constraints and incentives that undermine collaboration and data sharing across and between levels of government.,0.8555188612504439
"63Eco-compensation programs aim to financially incentivize improved land and water management by sub-national governments, firms, or households.",0.9476654746315696
Eco-compensation in China's Evolving Environmental Management Regime: Ecological Protection and Water Pollution Control in the Yangtze River Basin.,0.8273346640846946
 The World Bank Yangtze River Protection and Ecological Restoration Program (P171644) II.,0.8340504386208274
"The YREB Development Plan aims to prioritize ecological protection, river basin coordination, and integrated development across the YREB.",0.5858677083795721
"Implementation of the YREB Development Plan is guided by the â Action Plan for Yangtze River Protection and Restorationâ (the Action Plan).64 In addition, provincial-level subsidiary plans outline local actions and the expected results that contribute to the YREB Development Plan and Action Plan.",0.8498010635375977
The Yangtze River Protection Law (see para.,0.027756980874321678
"Two provinces, Jiangxi and Hunan, have been selected for support under the World Bank-financed Program (discussed further in Section C below).",0.8590077486905184
"The Governmentâs program at the provincial level in Jiangxi is outlined in the â5-Rivers-1-Lakeâ Plan.65 Issued in March 2019, the 5-Rivers-1-Lake Plan covers the Poyang Lake Basin, defined by the lake and its five major tributaries,66 which spans 94 percent of the province.",0.5389044501564719
"The plan aims to âpromote coordinated socio-economic development and sustainable resource management, safeguard the health of rivers and lakes, and ensure environmental protection while supporting a rich, beautiful, happy and modern Jiangxi.â It outlines the basic principles, guidelines, and implementation arrangements for management and protection of Poyang Lake Basin, along with specific activities and targets within seven priority areas: (a) coordination for integrated management; (b) spatial management and shoreline protection; (c) water resources protection; (d) water pollution control including solid waste management; (e) water environment improvement; (f) rehabilitation of river and lake ecosystems; and, (g) enhancement of river-and-lake management capacity.",0.8743053783069957
"Implementation is supported by the Jiangxi River Basin Eco-Compensation Mechanism, which pools67 a range of financing sources including earmarked funds from national, provincial, municipal, and county governments, as well as private sector contributions.",0.8975543975830078
"The Governmentâs program at the provincial level in Hunan is outlined in the âIntegrated Water and Environment Management Plan for Dongting Lake Basinâ.68 Issued by NDRC in December 2018, the plan covers Dongting Lake Basin, defined by the lake and its four major tributaries.69 The basin area spans 97 percent of Hunan, along with small parts of Hubei Province.",0.8404008691961115
The objective of the plan is to ensure the safety of water supply and to significantly improve water and environmental quality.,0.846878398548473
"It outlines the basic principles, guidelines, and implementation arrangements for governance 64 Eight priorities are outlined in the Action Plan: (a) establishing an ecological and environmental control system and strictly implementing the ecological redlines; (b) investigating and managing sewerage outlets and promoting integrated land-water monitoring and management systems; (c) strengthening the control of industrial pollution and reducing environmental risks; (d) improving environment conditions in rural areas including control of agricultural non-point source pollution; (e) addressing gaps in environment-related infrastructure, and ensuring the security of drinking water sources; (f) strengthening pollution control from inland waterways transport, and preventing environmental risks at harbors and ports; (g) optimizing the allocation of water resources and ensuring ecological flow requirements; and (h) enhancing ecosystem protection.",0.7969087253917347
Action Plan for the Uphill Battle for the Conservation and Restoration of the Yangtze River (link).,0.5895476774735884
67 The Jiangxi River Basin Eco-Compensation Mechanism is not a single provincial budget line and instead comprises a related set of budget lines (coherently monitored and implemented) that form a program.,0.8276781602339311
Integrated Water and Environment Management Plan for Dongting Lake Basin (link).,0.8845742832530629
" The World Bank Yangtze River Protection and Ecological Restoration Program (P171644) and protection and describes specific activities, expected results, and indicative targets.",0.8128098574551669
"To support the Dongting Lake Basin Plan, the implementation plan70 includes specific targets, including that by 2025: (a) 95 percent of rivers and waterbodies will reach water quality of Grade III, and the level of total phosphorous will be reduced by 10 percent relative to 2018; (b) the utilization rate of animal manure will remain at least 75 percent, and fertilizer consumption will remain at zero growth relative to 2020; (c) the coverage rate of rural wastewater treatment facilities will reach 90 percent, and the coverage rate of rural solid waste collection and treatment will reach 100 percent; and, (d) the area of wetland restoration will reach 1 million mu (66,000 ha).",0.24177546934647995
"As in the Jiangxi program, the Hunan program pools a range of financing sources including earmarked funds from national, provincial, municipal, and county governments, as well as private sector contributions.",0.8608339483087714
"The core challenges that the Program addresses include insufficient coordination of ecological and water management actions across jurisdictions and sectors; a need for provincial-level guidelines, regulations, and policies to operationalize the new Yangtze River Law; inefficient wastewater treatment; deficiencies in the management of NPS pollution, including farm manure and agricultural plastic films; and a need for greater technical understanding (and data sharing) on key issues of pollution and ecological management, particularly under expected climate shifts within the Basin (see para.",0.8329892591996626
"The Program will support interventions that address these challenges on four levels: (a) basin-level coordination, technical guidance, and capacity building; (b) provincial-level development of policies, regulations, and guidelines; (c) sub-basin-level ecological protection and integrated water management; and, (d) county-level activities to reduce plastics and nutrient pollution.",0.8093108263882723
"The expected results are captured in the three outcomes linked to the Program Development Objective (PDO) âon institutional strengthening, ecological management, and water pollution reductionâand reflect the Programâs contribution to the Governmentâs program .",0.8143437992442738
"Key assumptions required for the Programâs success are that: (a) cross-sectoral coordination and inter- jurisdictional cooperation at the national, provincial, and local levels will work effectively both for implementation of Program activities (for example, information and data sharing) and M&E of Program results; (b) the Basin RCS platform is established on schedule to facilitate connection of the provincial platforms; (c) provincial policies developed and approved under the Program are enforced and not contradicted by county- or municipality-level actions; (d) there are no major droughts or external events that undermine the ability to meet the minimum flow requirements; (e) improved treatment, management, and reuse of on-farm manure leads to reduced nutrient runoff; (f) there are no major external changes to pollutant loads that overwhelm the Programâs contribution to key pollution reduction targets; and, (g) improved RCS information platforms inform river chief actions.",0.3057029030539773
Implementation Plan for the Dongting Lake Integrated Water Environment Management Plan in Hunan Province (2018 â 2025) (link).,0.889322887767445
 The World Bank Yangtze River Protection and Ecological Restoration Program (P171644) Figure 3.,0.699878605929288
Activities supported by PforR financing contribute to ecological protection and water pollution reduction goals contained in the provincial plans (see paras.,0.7720284895463423
"Results Area 2 supports ecological protection and climate resilience in the Gan River sub-basin, which has a length of 766 km and a catchment area of 83,500 km 2 covering 51 percent of 71 Yunnan, Sichuan, Chongqing, Guizhou, Hubei, Hunan, Jiangxi, Anhui, Jiangsu, Zhejiang, and Shanghai.",0.07621057467027144
" The World Bank Yangtze River Protection and Ecological Restoration Program (P171644) the province, making it the largest river in Jiangxi Province and the fourth largest tributary of the Yangtze River in terms of annual runoff.",0.8097092888572
"Results Area 3 supports activities to reduced water pollution and transmission of plastic waste in the demonstration counties of Dayu county, Chongyi county, and Yudu county of Ganzhou municipality; Yongfeng county of Jiâan municipality; Yugan county of Shangrao municipality; and Fuliang county of Jingdezhen municipality.",0.5944487831809304
"Results Area 2 supports ecological protection and climate resilience in the Yuan River sub-basin, the second largest river in Hunan Province with a length of 1,033 km and a catchment area of 89,163 km2 covering 24 percent of the province.",0.3852947408502752
"Results Area 3 supports activities to reduced water pollution and transmission of plastic waste in the demonstration districts and counties of Miluo county-level city of Yueyang municipality, Ziyang district of Yiyang municipality, Shimen county of Changde municipality, and Yuanling county of Huaihua municipality.",0.7995135567405007
"Hunan and Jiangxi face important pollution challenges, including NPS from extensive agricultural development, and are home to critical natural resource assets including the unique ecologies of Poyang and Dongting lakes and their associated tributaries (which are major tributaries for the basin), as well as sub-national provincial YREB programs ready for support and scaling.",0.6979886835271661
"Within these provinces, demonstration counties were selected based on several factors, including: (a) an RCS in place and either an existing management information platform or willingness to connect to the provincial river chief platform; (b) a long-term water environment protection plan or an equivalent plan under preparation; (c) plans to take innovative measures to ensure sustainability of program investments; and (d) location within the demonstration sub- basins.",0.8704930218783292
Relationship between the PforR Program and Multilevel Government program  The World Bank Yangtze River Protection and Ecological Restoration Program (P171644) 25.,0.6301195838234641
"In addition to the PforR financing of provincial-level activities, the Program includes a Central Basin IPF to support basin-level activities aligned with the national program for the YREB (with the central government as the borrower for the IPF).",0.8694151098077948
The Programâs Central Basin IPF is proposed to be financed by an IBRD loan in the amount of US$7.5 million.,0.8706186467950995
"The supported activities will promote cross-sectoral coordination and inter-jurisdictional cooperation toward improving water quality, ecological protection, and climate resilience in the Yangtze River Basin, through enhanced coordination mechanisms, research and policy options for water pollution reduction, ecological guidelines and standards, improved data compilation and management, and capacity building.",0.780286355452104
"NDRC, through the Program Steering Committee, will provide strategic guidance for the implementation of the Central Basin IPF, with a Central Project Management Office (CPMO) hosted by the Changjiang Water Resources Commission (CWRC), the basin management authority for the Yangtze River under the MWR, being responsible for day-to-day implementation.",0.8690997037020597
The design for such a mechanism was completed by the CWRC with World Bank support in 2021.,0.8350549177689985
"72 This mechanism will be complemented by a basin RCS platform to promote inter-jurisdictional sharing of river management and climate-related information.73 This includes technical protocols and capacity building for data collection and use of the platform, which will also be connected with provincial platforms supported under the PforR.",0.8667296496304598
This comprises research inputs for policies and guidelines for freshwater ecosystem restoration and protection.,0.844062024896795
"Research will support river health guidelines to inform evaluation of riverine ecology, guidelines for determining appropriate ecological flows, and mechanisms for protection and restoration of the aquatic ecosystems of Poyang Lake, Dongting Lake, and important tributaries (namely the Jialing, Wujiang and Chishui Rivers).",0.029381164095618507
"This comprises research inputs for policies and guidelines for persistent pollutants, focused on phosphorus.",0.8379405628551136
"This includes identification of major phosphorus sources, transportation of phosphorus in the Yangtze River system, and the impact of climate change 72 Working rules for this mechanism were drafted in 2021 with World Bank financing under the China Economic Transformation and Institutional Capacity Building Project (P144270).",0.8723871057683771
"73 Platforms include data on administration and management, ecology and hydrology, including data that are important for climate-informed management decisions, policies and strategies.",0.4080833521756259
 The World Bank Yangtze River Protection and Ecological Restoration Program (P171644) (extreme precipitation and runoff events) on phosphorus pollution as well as the proposing of technical and policy options for prevention and control of phosphorus pollution under climate extremes.75 (d) Research on âvalue realization mechanismsâ (ecological incentives).,0.8176897222345526
"This comprises research for the development of innovative incentive mechanisms for ecosystem protection, including on the economic value of ecosystem services in the Yangtze River Basin, methods for integrating ecological data into statistical accounts, definition and clarification of natural resources property rights, and the design of incentive mechanisms for ecosystem and water quality protection (such as eco-compensation, water markets, and pollution discharge fees).",0.9084781299937855
"Activities to support technical capacity, including training and knowledge exchanges (including international exchanges focused on Basin coordination mechanisms), support for the operation of the Program Steering Committee, and program implementation support (including consolidated Program reporting).",0.25885473598133435
"Overview of the Government Program and PforR Program: Results Areas and Activities by Geographic Unit Results Area 2: Results Area 3: Results Area 1: Advancing Ecological Reducing Water Pollution Improving Institutions and Protection through Integrated and Transmission of Plastic Innovations River Basin Management Waste Government Jiangxi 5-Rivers-1-Lake Plan (2019â2025) Program76 Covers 94 percent of the province and 90 of the 100 counties Hunan Integrated Water Environment Management Plan for Dongting Lake Basin (2018 â2025) Covers 97 percent of the province and 100 of 122 counties PforR Geographic Provinces Demonstration Sub-Basins Demonstration Counties Program boundary Jiangxi Province Gan River in Jiangxi Province 6 counties in Jiangxi Hunan Province Yuan River in Hunan Province Province 4 counties in Hunan Province Program (1) Integration of county, municipal, (1) Development of integrated (1) Improved integrated Activities provincial, and basin RCS water environment wastewater management information platforms management plans services (2) Development of water (2) Development of river health (2) Prevention of plastics environment management assessment guidelines entering waterbodies regulations and guidelines (3) Implementation of sub-basin through collection of (3) Development of plastic waste water allocation schemes agricultural plastic waste management plans (4) Determination of ecological (3) Management and (4) Development of monitoring and flow requirements and utilization of evaluation protocol for agricultural supervision livestock/poultry manure plastic film collection (5) Development and dissemination of RCS public engagement manuals (6) Public awareness campaigns 75 More intense rainfall under climate change is expected to lead to higher nutrient runoff, with phosphorus in particular showing large spikes in concentration that degrades water quality.",0.6305608749389648
"Development of a Yangtze River Basin phosphorous assessment and climate resilience strategy, which will propose strategies to mitigate such phosphorus-related harms, is a climate indicator in the results framework.",0.7976349917325106
 The World Bank Yangtze River Protection and Ecological Restoration Program (P171644) 26.,0.4774257486516779
"Activities under Results Area 1 include (a) Strengthening of RCS coordination through the integration of county and municipal, provincial, and basin-level RCS information platforms; (b) Development of provincial-level policies, regulations and guidelines on integrated water environment, ecological protection, and plastic waste management; and (c) Public engagement in water management, through pollution awareness campaigns, participatory management and river cleanup activities, and development and dissemination of public engagement manuals for the RCS.",0.8667846159501509
"Activities supported by Results Area 1 will be implemented by the Provincial Development and Reform Commission (PDRC) as the coordinating counterpart, with the Provincial Department of Finance (PDF), Department of Water Resources (DWR), Department of Ecology and Environment (DEE), and Department of Agricultural and Rural Affairs (DARA) in each province.",0.8015434091741388
"The supported activities are expected to provide institutional coordination and the policy foundation for environmental and water management outcomes and increased ecological resilience via healthier river and lake ecosystems, across the two provinces.",0.8497244228016246
"Activities under Results Area 2 include (a) Strengthening of integrated water environment management systems, including water environment management plans; (b) Development of river health assessment and ecological flow guidelines based on national standards; (c) Implementation of water allocation schemes based on national standards; and (d) Determination of ecological flow requirements and incorporation into county water allocations to ensure long-term restoration and protection of the ecosystem services.",0.8370587609030984
"(2) The river chief data platforms that will be connected under results area 1 contain extensive climate-relevant data (see footnote 73); integrating these data will assist water resource managers in understanding trends, responding with climate-sensitive management actions, and devising climate-sensitive strategies and plans.",0.8385709415782582
" The World Bank Yangtze River Protection and Ecological Restoration Program (P171644) mitigation through climate-related data collection and climate-sensitive planning and ecological restoration, as well as through improved water management under climate-change-induced runoff and water quality extremes.",0.8598947525024414
This results area will support reduction of point- and non-point-source pollution in demonstration counties.,0.2740552642128684
"This will contribute to the reduction of water pollution loads, including plastics, by improving the operation of township wastewater systems, improving the management and utilization of livestock/poultry manure, and collecting and recycling agricultural plastic waste, in line with provincial policies in the demonstration counties.",0.6231904463334517
Activities under Results Area 3 include: (a) Improved integrated wastewater management services and collection systems at township level; (b) Prevention of plastics entering waterbodies through collection and recycling of agricultural plastic film; and (c) Reduced nutrient runoff via improved management and utilization of livestock/poultry manure.,0.8048899390480735
"Results areas are aligned with, and supported by, the activities undertaken as part of the Central Basin IPF, as part of the YRPERPâs nested hierarchy design.",0.741222468289462
"The Central Basin IPF supports the operationalization of the RCS collaboration mechanism at the Basin level, with Results Area 1 supporting the connection of provincial-level RCS data platforms to the basin-level RCS platform to be established by the CWRC.",0.8248128024014559
"The Central Basin IPF also supports research aimed at informing and harmonizing provincial-level guidelines, regulations, and policies while providing capacity building and knowledge exchange activities that will support their implementation.",0.7028068629178134
The Central Basin IPF focuses its ecological research activities and resulting management recommendations on Poyang Lake and Dongting Lake Basins (key biodiversity hotspots and target areas under Results Area 2).,0.4507946101101962
"Total Program financing over 2022â2026 is expected to be US$6,526 million, of which an expected US$6,126 million (93.87 percent) will be funded by the Government and US$400 million equivalent (6.13 percent) financed through IBRD (Table 1).",0.7030765360051935
"Of the US$6,126 million Government financing, it is estimated that US$2,519 million will come from Jiangxi Province and US$3,607 million will come from Hunan Province.",0.42946477369828656
"The IBRD loan will comprise US$392.5 million equivalent as part of the PforR in support to the two sub-national provincial programs, with US$196.25 million for each province, and US$7.5 million equivalent for the Central Basin IPF.",0.8773083253340288
(2) The Gan River Water Environment Information Platform will collect climate-related data to support management to mitigate the impacts of climate extremes on target riverine ecosystems.,0.8226531635631215
(3) Integrated water environment plans for the sub-basins will include specific chapters on climate change impacts and potential management responses.,0.8517091924493964
"These plans will incorporate climate considerations (for example, flood risks) in their infrastructure investment recommendations.",0.9029550552368164
"79 Net emissions reductions from Program-supported activities within the demonstration counties (DLI.3) include mitigation (net) of 25,705 tons CO2-e annually from improved wastewater treatment; and 13,244 tons CO2-e annually from utilization of livestock/poultry manure, for total net emissions reductions of 38,949 tons CO2-e annually and 584,239 tons CO2-e over 15 years.",0.8410212776877664
 The World Bank Yangtze River Protection and Ecological Restoration Program (P171644) activities that involve the procurement of: (a) works estimated to cost US$75 million equivalent or more per contract; (b) goods and non-consulting services estimated to cost US$50 million equivalent or more per contract; or (c) consulting services estimated to cost US$20 million equivalent or more per contract.,0.728685812516646
"Program Financing (2022â2026) Central (IPF) Jiangxi (PforR) Hunan (PforR) Total Amount Amount Amount Amount Source % of % of % of % of (US$, millions, (US$, millions, (US$, millions, (US$, millions, Total Total Total Total equiv.)",0.8375909978693182
"Government 0 0 2,519 92.77 3,607 94.84 6,126 93.87 IBRD 7.5 100 196.25 7.23 196.25 5.16 400 6.13 Total program 7.580 0.12 2,715.25 41.60 3,803.25 58.28 6,526 100 financing D. Program Development Objective(s) (PDO) and PDO Level Results Indicators 29.",0.45774182406338776
"â¢ PDO#2: Improved water environment management system for the demonstration sub-basins: indicated by the number of defined water environment management actions undertaken at sub-basin level, including (a) approval of sub-basin water environment protection plans for the two sub-basins; (b) enhancement of inter-jurisdictional cooperation (that is, water environment information sharing platform for Jiangxi and a technical guideline for data connections to improve the RCS information platform for Hunan); and (c) compliance of ecological flows (meeting defined flow targets) on the mainstream and major tributaries, in each of the two demonstration sub-basins.",0.8843938654119318
â¢ PDO#3: Reduced pollutant loads entering waterways in demonstration counties: indicated by the number81 of key pollutant reduction targets met (yes/no) by the demonstration counties.,0.6958673650568182
"The pollution reduction targets refer to three annual targets: (a) reductions in chemical oxygen demand (COD)82 (quality difference between inflow and outflow) at township wastewater treamtent plants, (b) the weight (tons) of agricultural plastic film collected; and (c) livestock/poulty manure utilization rates (that is, treatment and use of manure for biogas and organic fertilizer) and two one-off targets: (a) establishment of integrated wastewater service systems agreements and (b) establishment of wastewater management strategies.",0.9102421673861417
"80 Not more than CNY 48 million as approved by the central government, with the actual amount during implementation to be based on an agreed annual workplan submitted by the CWRC to the World Bank.",0.8766206394542347
81 There are three pollutant reduction targets for each of the two provinces each year for 2022 â2026.,0.7151197953657671
COD is often used as a measure of WWTP efficiency.,0.6077098846435547
 The World Bank Yangtze River Protection and Ecological Restoration Program (P171644) 31.,0.49532621557062323
"The World Bank will review and provide feedback on the terms of reference (TOR) for the verification agent, with the final agreement subject to confirmation of acceptability by the World Bank.",0.7157531651583585
It supports establishing and maintaining the connection of county and municipality river chief information platforms to the provincial information platform and connection of the provincial platforms to the basin platform.,0.65815899588845
Results Area 2: Advancing Ecological Protection through Integrated River Basin Management DLI 2: Improved water The purpose of this DLI is to improve environmental water management.,0.8516956676136364
"It supports approval environment management of water environment protection plans for the demonstration sub-basins, enhancement of system in the demonstration inter-jurisdictional cooperation through facilitating information and data sharing, and sub-basins monitoring compliance of ecological flows on the mainstream and major tributaries, in each of the two demonstration sub-basins.",0.8294188759543679
Results Area 3: Reducing Water Pollution and Transmission of Plastic Waste DLI 3: Reduced pollutant loads The purpose of this DLI is to improve systems for wastewater services and to reduce plastic and entering waterways in NPS pollution in waterways.,0.8495766899802468
"It supports the establishment of integrated wastewater systems, demonstration counties the collection of agricultural plastic waste, and the increased utilization of livestock and poultry manure.",0.8832442543723367
â¢ Verification: Information on the number of river chief platforms connected and transmitting data will be collected by the provincial RCOs and verified through the verification agency.,0.708428209478205
 The World Bank Yangtze River Protection and Ecological Restoration Program (P171644) 35.,0.6614502560008656
DLI 2: Improved water environment management system in the demonstration sub-basins.,0.853291858326305
"DLI 2 is a composite index with a series of discrete actions with recurrent compliance monitoring, including (a) approval of water environment protection plans covering the demonstration sub-basins (Gan River in Jiangxi and Yuan River in Hunan); (b) establishment of a water environment information platform (Jiangxi) or issuing technical guidelines on data connection for the RCS information platform (Hunan); and (c) implementation of ecological flows (meeting defined flow targets) on the mainstream and major tributaries, in each of the two demonstration sub-basins.",0.8540705767544833
"â¢ Verification: Public disclosure of the integrated water environment management plans will be required for verification, along with publication of monthly ecological flow monitoring bulletins.",0.7974105314774946
"This information, plus the status of the information platform (in Jiangxi supporting data sharing and decision-making) and public disclosure of the Technical Guideline on data connection for the RCS information platform (in Hunan), will be collected by the DEE and the RCO in the two provinces, respectively, and verified through the verification agency.",0.20309766856106845
DLI 3: Reduced pollutant loads entering waterways in demonstration counties.,0.3357402194630016
"DLI 3 includes three sub-DLIs that are aimed at reducing plastic and point and non-point source pollution in waterways and mitigating GHG emissions: â¢ DLI 3.1 (improved township domestic wastewater service systems) is defined by (a) integrated wastewater management strategies issued considering institutional arrangements, financial sustainability, plant and network operations and maintenance (O&M), climate resilience, social inclusion and low-carbon technologies, among others; (b) integrated institutional arrangements for plant and network O&M; (c) COD reductions (that is, plant efficiency) that increase annually during project implementation at WWTPs due to improved utilization of plant capacity.",0.9095688733187589
Verification: Confirmation of integrated wastewater systems is based on (a) county-level integrated wastewater management strategies are publicly disclosed at county government websites; (b) valid contracts of integrated county wastewater collection and treatment; (c) verification of COD concentrations according to environment bureau real-time monitoring data records.,0.8670355189930309
â¢ DLI 3.2 (plastic waste (agricultural plastic film) prevented from entering water bodies) is defined by the quantity of agricultural plastic film recovered through plastic collection.,0.8156637711958452
"Verification: Data on agricultural plastic film collection will be obtained from the inventories established at county-level collection sites (including agro-input sale networks, solid waste sorting centers, and recycling centers among others) and verified by the verification agencies based on random sampling.",0.7707008882002397
â¢ DLI 3.3 (demonstration counties meeting annual targets for manure utilization) is defined by the number of counties meeting their annual livestock and poultry manure utilization ratio targets (%) in the demonstration counties.,0.8291431773792614
Unutilized and improperly managed manure is a source of NPS water pollution and GHG emissions.,0.2250739877874201
 The World Bank Yangtze River Protection and Ecological Restoration Program (P171644) 37.,0.4756601507013494
"RCS data platform connections (DLI 1), as well as the Gan River Environment Information Platform (DLI 2) will support the sharing of climate-relevant hydrological and ecological data necessary for coordinated climate-sensitive management actions, strategies, and plans; integrated water and environmental management plan for the Yan River (DLI 2) will include climate impacts and management responses and incorporate climate considerations (for example, flood risks) in infrastructure investment planning; ecological flows (DLI 2) are expected to increase resilience to temperature extremes and drought, as well as mitigate low-flow related methane emissions and build up carbon stocks; Integrated Wastewater Management Strategies will include options for treatment plant resilience measures (for example, for site selection in the context of flood-related risks) and low-carbon technologies (for example, installation of energy management systems) (DLI 3.1), while county-level investments will deliver substantial GHG mitigation through improved wastewater service systems and utilization of manure waste to replace chemical fertilizer use (see footnotes 77 and 78 and para.",0.8955518549138849
A Program Steering Committee (PSC) will be led by the Office of the Leading Group for the Development of the Yangtze River Economic Belt under NDRC (YREB Coordination Office).,0.833030874078924
The Central Program Management Office (CPMO) will be hosted by the Changjiang (Yangtze) Water Resources Commission (CWRC).,0.858855507590554
"The CWRC is a river basin authority under the MWR, with a mandate to undertake integrated water resources management (including water conservation and allocation), basin planning, water infrastructure construction, and scientific and policy research.",0.8835497769442472
"The CPMO will be responsible for coordination, reporting, management, including management of environmental and social (E&S) aspects, and M&E of the activities under the Central Basin IPF, the provision of capacity building, support to the PSC, along with Program implementation support, including consolidated Program reporting.",0.8578227650035511
"The CWRC will host the CPMO given its alignment between its mandate and the Program objectives, plus technical capacity, to ensure an integrated river basin approach.",0.8711926720359109
"85 The selected executing agencies will be required to establish a Management Office, headed by a qualified officer and supported by adequate staff, to manage all activities until completion.",0.7767826427112926
"The engagement of public institutes established practice in World Bank financed projects in China, including in the GEF Mainstreaming Integrated Water and Environment Management Project (P145897), Economic Transformation and Institutional Capacity Building Project (P144270), Building a Modern Fiscal System Technical Assistance Project (P154694), Yunnan Highway Asset Management Project (P132621), and Guangdong Compulsory Education Project (P154621).",0.6049630858681418
 The World Bank Yangtze River Protection and Ecological Restoration Program (P171644) Provincial YREB Officesâcorresponding with the national YREB Coordination Office at NDRCâthat are responsible for realizing the objectives of the national YREB strategy at the provincial level.,0.8547077178955078
"An M&E plan will be prepared, specifying the unit of measurement, baseline value, targets, and data sources for each indicator, along with the methodology and responsibility for data collection and reporting.",0.6519132093949751
Existing government systems based on the relevant technical guidelines applied by authorities at all levels will be used for results measurement; these systems have proven effective at documenting the achievements and impacts of a wide range of ecological protection and water pollution control measures under other (World Bank and non-World Bank) projects.,0.7941212220625444
Reporting on the Program will be consolidated by the CPMO based on reports from the PPMOs and the relevant implementation agencies responsible for the basin activities and submitted to the World Bank for review.,0.8269136602228339
The PDFs are responsible for monitoring the management and disbursement of funds.,0.7657520120794122
"The respective DWRs are responsible for monitoring ecological flow compliance and providing data on water resource management, DEEs are responsible for monitoring water quality, DHURDs are responsible for monitoring wastewater services, and DARAs responsible for agricultural plastic film and NPS pollution.",0.8105432336980646
 The World Bank Yangtze River Protection and Ecological Restoration Program (P171644) C. Disbursement Arrangements 43.,0.27758975462480023
Both Jiangxi and Hunan Provinces have indicated that they would like to apply for a 25 percent advance payment (US$49.0625 million for Jiangxi Province and EUR 42.125 million for Hunan Province) under the PforR.,0.33318528262051667
"The cumulative disbursement in the first two years after Board approval is not reasonably expected to exceed 60 percent of each IBRD loan based on the amount of the advance, along with the DLIs expected to be achieved in the first two years of implementation, the timing of the annual verification cycles (which will need to be completed before disbursements against achieved DLIs), and the disbursement schedule of the Basin IPF.",0.5530160123651678
"If by the end of the Program, the PforR financing amount disbursed exceeds the total amount of Program expenditures, the borrower refunds the difference to the World Bank.",0.325213995846835
"A Designated Account (DA) for the Jiangxi PDF will be set up in US dollars, while a separate DA will be set up for Hunan PDF in euros.",0.6471953825517134
"The development of strategic plans for sustainable wastewater services by counties is intended to improve their operational efficiency, with training on chemical fertilizer use and agricultural waste management for farmers aimed at improving water pollution control.",0.89519587430087
"The Central Basin IPF will also provide capacity building on technical topics, including indexes for monitoring river health, and the determination, monitoring, and supervision of ecological flows, through workshops and study exchanges.",0.8353858427567915
The participating provinces are experienced with IPF projects but have less experience with results-based financing in the water and environment sector.,0.8699018304998224
"Fiduciary and E&S assessments have identified needs including strengthened occupational health and safety (OHS) procedures and management for temporary workers in relation to construction and facilities operation, strengthened monitoring mechanisms on livelihood restoration for those affected by land acquisition, strengthened community engagement and public consultation, and strengthened grievance redress  The World Bank Yangtze River Protection and Ecological Restoration Program (P171644) recording systems.",0.7989877354015004
"Training on the Environmental and Social Framework (ESF) and the related standards applications will be provided to the CPMO for implementation of the Central Basin IPF, as this is the first time the CPMO has used the ESF.",0.835717114535245
The lawâs passage was a key step toward ecological protection and restoration of the Yangtze River and reflects the importance placed by the Government on the strategy for the YREB.,0.7128381729125977
Three distinct but complementary sets of activities are included in the design (see section II) that are integral to the Government program: improvement of institutional mechanisms for coordination around ecological protection and water pollution control (Results Area 1); enhanced integrated water environment planning and ecological flows in target sub-basins (Results Area 2); and activities that contribute to reduce pollutants entering waterways (Results Area 3) (Figure 7).,0.6276736259460449
"These are supported by the Central Basin IPF that will provide: (a) inter-jurisdictional cooperation and data sharing; (b) research-based technical guidance related to key activities, such as guidelines for the evaluation of river health and ecological flows, strategies for total phosphorous pollution prevention and control, and recommendations for the systematic protection and restoration of Poyang Lake and Dongting Lake; and (c) overall coordination and TA.",0.8668004816228693
* Implemented by NDRC as part of the China Plastic Waste Reduction Project ( Report No: PAD4309).,0.5213139707391913
 The World Bank Yangtze River Protection and Ecological Restoration Program (P171644) 49.,0.37631984190507367
The technical assessment found that cross-sector coordination and inter-jurisdictional cooperationâthe focus of Results Area 1âremain the most challenging task for improving basin management.,0.8608779907226562
"The RCS promotes water resources protection, shoreline management, water pollution prevention and control, water environment management, and restoration of water ecology.86 Under the RCS, each part of a river and lake is assigned to a particular official at the provincial, municipality, county, and township levels, which helps address coordination and assignment-of-responsibility challenges between departments and regions.",0.7209455316716974
"With more than 1.2 million river and lake chiefs appointed, over 460,000 in the Yangtze River Basin, this innovative system seeks to address the challenges of integrated water resources management (IWRM) and water pollution control through promoting cross-sector coordination and inter-jurisdictional cooperation.",0.8817706541581587
"The coordination mechanism revolves around the six main tasks of the river chiefs, with the aim of promoting coordination among the 19 provincial RCOs and the CWRC, and is expected to facilitate joint planning and coordination in policy implementation for river protection and restoration.",0.8631082014604048
Design of the mechanism was financed through the World Bank TA project âPromoting Economic Reform and Capacity Building â.,0.8931227597323331
A working conference and information management platform are to be established under the basin RCS coordination mechanism.,0.8104364221746271
"The working guidelines for the basin RCS coordination mechanism requires each of the provincial RCOs to strengthen cooperation and coordination through the joint development, co-management, and sharing of information, with the CWRC to lead in establishing a water-related information management system for the Yangtze River Basin.",0.8686165376143022
"Each of the provincial RCOs is required to establish a provincial-level RCS information management system and provide, maintain, and update information in a timely manner to ensure the completeness, accuracy, timeliness, and availability of information and data to promote the basin-wide information-sharing system and big data center.",0.8152542114257812
"Data include sectoral planning (water, mining, environment, waterway, and so on), water resources, water quality, water ecology, water emergency, and pollution discharge licenses.",0.8441784598610618
The information platforms for the provincial RCOs will be connected to the national-level platform for the inter-ministerial joint committee on the RCS administered by the MWR and to the basin-level information platform to be developed by the CWRC.,0.7701153321699663
Counties and municipalities will connect their local river chief information platforms to the provincial platforms as part of Results Area 1.,0.16921428116885098
The assessment confirmed a sound policy framework and rationale for integrated water environment management planning and ecological flowsâthe focus of Results Area 2.,0.8183773214166815
"The Yangtze River Protection Law commits governments to determine, allocate, and monitor ecological flows for the Yangtze River's mainstream, major tributaries, and important lake sections.",0.7806440700184215
"87 The technical assessment indicates that the provinces are working on systems to determine ecological water allocations, yet water allocation formulas are based on relatively simplistic hydrological indexes to determine minimum flow requirements rather than detailed assessments of ecological requirements.",0.34357209639115766
The Program will support the development and approval of basin-level guidelines for the determination of river health and ecological flows as part of the Central Basin IPF.,0.8312137777155096
"87The law requires river basin management agencies of the water resources departments to include ecological water in the annual water allocation plan to meet the basic ecological needs, ensure ecological flow during the dry season and fish spawning period, maintain the water volume and level of important lakes, and maintain a balance of salt and fresh water in the Yangtze River estuary.",0.8300153558904474
"The law also requires that water conservancy, hydropower, and shipping hub projects on the mainstream and major tributaries of the Yangtze River, and in the upper reaches of important lakes, incorporate ecological water allocations in daily operation and allocation procedures.",0.8662607886574485
"Where the discharge does not meet the requirements of ecological flow discharge, the water resources departments at or above the county level are required to determine and supervise corrective measures.",0.7760295867919922
 The World Bank Yangtze River Protection and Ecological Restoration Program (P171644) ecological flows.,0.8369632200761274
"It will also support the development and approval of sub-basin or provincial-level instruments to reduce pollution, including solid waste management plans and phosphorus management guidelines.",0.8951263427734375
"Activities at demonstration county level include point source pollution control through improvements in access and operations of township domestic wastewater collection and treatment services, along with NPSs of pollution through improved management of plastic waste and increased utilization and management of animal manure.",0.43143944306807086
Article 46 of the Yangtze River Protection Law requires provincial governments to formulate a total phosphorus pollution control plan and organize its implementation (supported by Results Area 2).,0.8388021642511542
"The Central Basin IPF study on key pollutants will focus on a basin-level assessment of total phosphorous as well as establish the thresholds of key pollutants flowing into the Yangtze River, helping the provinces to set emission control targets in the provincial plan.",0.8542104200883345
"These can help guide provinces in preparing their own total phosphorus control plans, under an overall basin total phosphorus control target.",0.8153507059270685
"The Programâs interventions within demonstration countiesâfocused on wastewater services, the prevention of plastics entering waterways, and increased use of organic fertilizersâare emphasized in the Yangtze River Protection Law.",0.8634313236583363
"Article 47 requires county governments to make plans for the construction of centralized sewage treatment facilities and supporting sewer networks, to improve sewage collection and treatment capacities, and also emphasizes the need to clarify responsibilities and implement unified management.",0.507461894642223
The national 14th FYP for wastewater management calls for promotion of integrated wastewater collection and treatment services.,0.8869028091430664
"Similarly, Article 48 commits to strengthening the prevention and control of agricultural NPS pollution, with the application of chemical fertilizers to be reduced, the use of organic fertilizers to be promoted, and agricultural waste such as plastic films to be disposed appropriately.",0.37322811646894977
"The dumping, burying, or treatment of solid waste is forbidden within control areas for rivers and lakes in the Yangtze River Basin (Article 49), and the county-level governments are required to strengthen joint prevention and control of illegal transfer and dumping.",0.4071914932944558
"In addition to direct activities toward these requirements under Results Area 3, the Program contributes through support for the provincial-level plans and guidelines for plastics and agricultural pollution management (Results Area 1).",0.8659434752030806
"The MWR issued âImplementation Opinions on promoting River Chief Systemâ requiring enhancing the role of civil river chiefs in promoting river management policies, collecting public feedback, supervising river chief performance, and bridging communications.",0.7450436678799716
(link)  The World Bank Yangtze River Protection and Ecological Restoration Program (P171644) Box 3.,0.21325081044977362
The World Bank's experience in strengthening institutions for the management of transboundary river basins The YRPERP draws on lessons from a range of World Bank-financed programs and analytical work in transboundary river basins.,0.8766283555464311
"In response, the YRPERP links financing to performance-based targets that strengthen institutions for inter-jurisdictional cooperation and cross-sectoral coordination.",0.7393368807705966
"Specific actions are aligned with the functions and responsibilities of existing organizations through a nested hierarchy of activities at the basin, provincial, and local levels, providing a Program framework aligned with the decentralized and polycentric nature of river basin management in China.",0.8207222331653942
Key lessons were derived from the following: â¢ The Danube Water Program (P159654) illustrates the importance of institutional and policy support for strong utilities and sustainable water and wastewater services.,0.2598928321491588
"Since the adoption of the European Union Water Framework Directive, European Union countries have used a river basin approach for water management, including the 19 countries that share the Danube River Basin.",0.8374204635620117
"The Program supports the basin countries by informing the policy dialogue and strengthening institutional capacity through partnerships with regional, national, and local stakeholders.",0.20241126147183505
"â¢ The Nile Basin Program (P156765) highlights the benefits of investing in data and information to support infrastructure planning and development, as well as capacity building, in managing joint development of shared water resources.",0.84326171875
The World Bank has been investing in the countries of the region for more than 20 years under a shared vision to cooperatively and jointly develop shared water resources.,0.8398140127008612
"Regional norms and processes have been established to share information and conduct joint modelling to inform the prioritization, planning, and implementation of investment projects across the basin.",0.864540620283647
â¢ The Ganga River Basin Project (P119085) provides an example of measures to address water pollution and strengthen basin management.,0.8661077672784979
"Building on an earlier World Bank project that financed sewage infrastructure in pollution hotspots along the river, the project is building the capacity of the National Ganga River Basin Authority to establish management tools, investigate environmental flow options, and collect and share data in a complex multi-state governance setting.",0.9230905012650923
â¢ The Lake Victoria Environmental Management Program (P100406 and P103298) illustrates the challenges of coordination relating to environmental management in transboundary basins.,0.8605657924305309
"The Program provided long-running support for collective management and governance through policy, legal, and institutional reforms.",0.23218521204861728
"These focused on environmental management in pollution hotspots, mechanisms for cooperative management between the partner states, and environmental restoration of degraded sub-catchments, highlighting the time required to realize results when addressing NPS pollution.",0.8729291395707564
â¢ The Murray-Darling River Basin provides an example of basin-wide institutions and management tools to safeguard water for the environment.,0.8578067259355024
Analytical work in partnership with the Australian Water Partnership has highlighted institutional arrangements for the allocation and measurement of environmental flows (environmental water holders) in inter-jurisdictional contexts.,0.856292031028054
"A Basin-wide Environmental Watering Strategy sets out objectives for river health, with water then allocated to improve flows; water holders decide where and when environmental water will be delivered to achieve those environmental objectives.",0.8679684725674716
"â¢ The Framework for Adaptation to Climate Change in the Water Sector in Mexico (P120134) was a Development Policy Loan supporting the government's efforts to mainstream adaptation to climate change in the water sector by strengthening institutions, creating water banks, regulations, and monitoring capacity in integrated water resources management, as well as incentives to improve data collection and flows of information; establish watershed management programs to improve water quality at sub-national levels; improve the productivity of irrigation; and, strengthen wastewater treatment to improve water quality for groundwater recharge.",0.9258863275701349
"These activities, set within complex inter-jurisdictional spaces with parallels to the Yangtze River Basin, have influenced YRPERP activities on data sharing and coordination, integrated management planning, capacity building, environmental water allocations, and the use of demonstration investments to influence cross-boundary outcomes.",0.8661333430897106
"It is also expected that YRPERP experience will similarly contribute to global knowledge on mechanisms for transboundary management in multilevel governance contexts (for example, systems within federated states or under regional management bodies).",0.7365700114857067
The Chinese experience in complementing infrastructure-led water sector development with inter-jurisdictional institutions for sustainable water management will be valuable for World Bank clients looking to make a similar transition as their development needs evolve.,0.8238522789695046
 The World Bank Yangtze River Protection and Ecological Restoration Program (P171644) Program Financing 55.,0.8542771772904829
Implementation of the national YREB program is funded through a range of instruments at the provincial and local level in accordance with the responsibilities for expenditures on ecological and environmental protection issued in May 2020.,0.8283226706764915
"Eco-compensation mechanisms include those specific to river basins, forestry, wetlands, green supply chain and procurement, ecological industries, and green finance and are recognized as some of the financing instruments that will help achieve the goals of the national YREB strategy and its provincial subsidiary plans.",0.8739098635586825
Implementation of the â5-Rivers-1-Lakeâ Plan is partly funded from the provincial governmentâs âRiver Basin Ecological Compensation Programâ (RBECP).,0.8603986393321644
"Each county is evaluated against three sets of indicators annually: (a) water quality; (b) forest and ecological conservation; and (c) water resource and water environment integrated management, with funds allocated according to results.",0.8464384945956144
"An estimated CNY 14 billion (US$2 billion) has been invested through the RBECP from 2016 to 2020 (averaging around US$400 million annually), including approximately US$1.4 billion from the central government through the National Key Ecological Zone Program (NKEZP) supplemented through general provincial budget allocations and county contributions.",0.84331599148837
"However, the use of the RBECP funds can be assessed through the annual self-review reports prepared by the counties.90 According to the self-review reports, most local governments (65 percent) use the RBECP as earmarked funds, with some local governments (28 percent) blending the RBECP with other financial sources at the county level.",0.7271071347323331
"These show RBECP expenditures on water pollution reduction (28.5 percent), water ecological management (13.3 percent), waste management (12.9 percent), rural and urban environment improvement (13.3 percent), forest improvement (5.9 percent), and institution improvements (4 percent).",0.8794760270552202
Implementation of the âIntegrated Water Environment Management Plan for Dongting Lake Basinâ Plan is funded from a number of sources covering the entire Dongting Lake Basin.,0.8842011365023527
"From 2018 to 2020, roughly CNY 14 billion (US$2.16 billion) was allocated from the central and provincial governments for water environment management in the Dongting Lake Basin.",0.8956550251353871
This indicates that the source of funds for the Government program in Hunan Province is stable and guaranteed.,0.3471758582375266
The Reform Plan for Delineating the Functions and Expenditure Responsibility between the Central Government and Provinces regarding Ecology and Environment Protection (Guo Ban Fa  No.,0.7681480754505504
" The World Bank Yangtze River Protection and Ecological Restoration Program (P171644) Improvement from DARA, accounting for 43 percent of the total financing while Water Pollution Reduction from the DWR made up the largest share (49 percent) in 2020.",0.815436536615545
"The total Government financing for the program during the program implementation period (2022 to 2026) is estimated at CNY 23,446 million (US$3,607 million) based on the average financing for the three years from 2018 to 2020.",0.3643020283092152
The final expenditures related to water environment management in Hunan Province were determined through an analysis of the statement of government final accounts for the past three years.,0.8329241492531516
"According to the final account data, about CNY 24.34 billion (US$3,760 million) was used on water environment management from 2018 to 2020.",0.8568394400856711
"Almost 50 percent of the expenditures were used for âWater Pollution Prevention and Treatmentâ, which includes expenditures for wastewater treatment plants and pipelines.",0.857453086159446
"This was followed by expenditures for âRural Environment Managementâ (24.58 percent), which includes rural wastewater treatment, waste management, and NPS pollution reduction.",0.8822481848976829
"Those two expenditures together (approximately CNY 17 billion) exceed the financing amount in the three years (CNY 14.07 billion), indicating sufficient funding sources for the provincial program.",0.8315040414983575
"Provincial commitments toward implementation of the Government program under the 14th FYP (2021 to 2025) amount to CNY 37.12 billion (US$5.73 billion), of which CNY 7.41 billion (US$1.14 billion) is allocated toward investments in water supply protection, CNY 21.99 billion (US$3.40 billion) invested in water pollution prevention and treatment, and CNY 7.72 billion (US$1.19 billion) invested in water ecological protection and restoration, providing an adequate basis for this PforR.",0.8570452603426847
"The budget allocation for the Programâs activities accounts for around 1.0 and 1.2 percent of the general budget revenue in Jiangxi and Hunan, respectively, so financial sustainability and continuity of program-related activities in the years beyond the Program are not at risk.",0.6967970674688165
"To estimate the Programâs economic benefits, benefit transfer from available environmental valuation research in China was used.",0.9522807381369851
"The economic values of water quality and ecological improvement are challenging to quantify due to the dispersed spatial extent of benefits across the basin, the wide range (and indirect nature) of benefit types, and data limitations.",0.5378510735251687
These studies utilize the contingent valuation method92 (CVM) to capture the broad range of benefits (both use and non-use economic values) that are expected.,0.4671141884543679
"Benefit estimates are incorporated into a simple benefit-cost analysis (BCA), applied at the sub-basin level for Poyang Lake and Dongting Lake Basins.",0.537935733795166
92 Contingent valuation method uses questionnaires targeted to affected populations to elicit their willingness to pay (WTP) for non-market environmental goods such as avoidance or reduction of pollution impacts.,0.851338039744984
" The World Bank Yangtze River Protection and Ecological Restoration Program (P171644) assessment implicitly combines activities under Results Area 1, Results Area 2, and Results Area 3 to value outcomes as a combined water and environmental quality improvement.",0.8385752764615145
"Economic Rate of Return (ERR) and Net Present Value (NPV) by Basin ERR (%) NPV @ 6% (US$, millions) Poyang Lake Basin 15.7 1,957 Dongting Lake Basin 18.3 3,684 GHG Emissions Mitigation 64.",0.9363063465465199
"GHG emissions reductions of 0.58 million tons CO2-e are expected due to PforR Program activities (Table 4), with an implied value (based on a shadow price of carbon) of US$17.9â36.3 million over the economic life of the Program.94 Quantification of GHG emissions focuses on DLIs 3.1 and 3.3.",0.8850040435791016
Upgrades to the wastewater network and treatment operations is expected to reduce emissions due to leakage of wastewater to groundwater.,0.7479461323131215
"This assessment does not include the expected emissions reductions through institutional, policy, and planning measures95 nor through ecological restoration (due to challenges in quantifying these reductions).",0.7479445717551492
"GHG Mitigation from Quantifiable Program Activities over 15 Years (tons CO2-e) Project Gross Baseline Net Net Average Annual DLI Activity Emissions Emissions Emissions Emissions 3.1 Wastewater 778,161 1,163,738 â385,577 â25,705 3.3 Manure 9,796,186 9,994,848 â198,662 â13,244 Total 10,574,347 11,158,586 â584,239 â38,949 B.",0.5031472119418058
"Pursuant to the World Bankâs Policy and its associated Directive on PforR Financing of  and , respectively, as well as the World Bankâs PforR Fiduciary Systems Assessment Guidance Note issued on , the World Bankâs Fiduciary Team carried out a fiduciary systems assessment (FSA).",0.8679659583351829
"According to the FSA, and given the agreed actions to strengthen the fiduciary systems reflected in the Program Action Plan (PAP) and other proposed mitigation measures that will be implemented, the Programâs fiduciary 93 This approach is used because under a PforR, Government and World Bank funds are combined to achieve results, with limited distinction at the activity level between World Bank-financed and Government-financed achievements.",0.765292687849565
"94 The shadow price of carbon is set at US$38 per ton (lower bound) and US$75 per ton (upper bound) in 2017, increasing by 2.25 percent per year, and applied to the quantified emissions reductions (in the form of an NPV) calculated here.",0.870353178544478
"95 Plans and policies under Results Area 1 and 2 also aim to drive water quality improvements (and are thus expected to reduce water-quality- related methane emissions, see Downing et al.",0.8418847864324396
" The World Bank Yangtze River Protection and Ecological Restoration Program (P171644) systems, including the financial management (FM), procurement, and governance systems, are considered to adequately meet the requirements laid out in the World Bankâs PforR Policy and Directive.",0.8656128970059481
Financial Management risks.,0.08807218074798584
Major risks identified include the following: (a) inadequate supervision on the usage of Program funds by related provincial entities may bring potential risk of improper use of Program funds given that there is no requirement for provincial governments to report Program expenditures in Hunan Province and the reporting requirement stipulated in Government decrees have not been strictly implemented in Jiangxi Province; (b) the program has no budget classification element and the required Program financial reporting cannot be generated from the Government treasury system; and (c) Government auditors have thus far not audited program funds and have not prepared any program audit reports.,0.6538420156999067
"Although the proposed Program will be limited to the water and environment-related sectors, a number of activities will be included, which is expected to pose challenges to the auditors when planning Program audits.",0.8229279951615767
"Mitigation measures for the major FM risks will include (a) developing a tailored format for Program financial reporting drawing on the experiences of other PforR projects in China, designed and agreed on by the World Bank and the PDFs; (b) the World Bank working with the Provincial Audit Office (PAO) to develop TOR to help coordinate Program audits; and (c) outlining a pilot program for tagging Program related expenditures in the Government treasury system in the Program Implementation Plan (PIP), allowing Program financial reports to be generated directly from the treasury system and facilitate the external audit within the demonstration counties.",0.8504518162120472
"All open bidding competitive processes are conducted by public resources transaction centers, which provide facilities and modern platforms for processing procurement activities electronically.",0.7871246337890625
"To avoid substantial deviation between contract price and  The World Bank Yangtze River Protection and Ecological Restoration Program (P171644) the prevailing market price level, the PPMO is required to regularly update the cost estimate by taking account of market variants in a timely manner to ensure realistic value for money is being achieved.",0.8983963186090643
"Human, financial, and policy resources should be allocated by Hunan and Jiangxi PDRCs for close monitoring contract implementation progress to minimize or avoid foreseeable cost overruns and/or implementation delays.",0.9317564530806108
Fiduciary risk rating.,0.523500919342041
"Considering the abovementioned FM and procurement risks, along with the proposed mitigation measures, the overall fiduciary risk rating is assessed as âSubstantialâ.",0.8344607786698774
Fiduciary supervision.,0.10116974873976274
"In addition, relevant provisions of the World Bank ESF have been applied to the Central Basin IPF and an Environmental and Social Management Framework (ESMF), a Stakeholder Engagement Framework (SEF), and an Environmental and Social Commitment Plan (ESCP) prepared in accordance with the requirements of the ESF.",0.8615016070279208
"The ESSA was conducted according to the following methodology: (a) thorough screening of the potential impacts from the activities to be supported by the PforR; (b) desktop review on E&S laws and regulations and procedures related to managing the relevant Program activities at the national, provincial, and local levels; and (c) field visits to sites of typical Program activities in selected counties, with extensive meetings and interviews with key stakeholders ranging from implementing agencies to government officials at provincial, county, township, and village levels and representatives of local communities.",0.8117160797119141
"E&S screening was conducted on the proposed Program activities to exclude those with the potential to cause significant adverse impacts  The World Bank Yangtze River Protection and Ecological Restoration Program (P171644) on the environment and or potentially affected people, including (a) activities involving closure or relocation of livestock, poultry, or aquaculture farming; (b) activities involving large-scale infrastructure construction; (c) activities that have substantial impacts on river hydrology and ecology; and (d) activities involving the allocation or conveyance of water, including inter-basin water transfers or other activities, that could result in significant changes to water quality or availability.",0.8440895080566406
"After applying these exclusion criteria, the Program will support pollution control and ecological restoration activities including county- and township-level wastewater treatment plants and pipelines, agricultural plastic film collection and recycling, waste treatment of existing livestock farms, and institutional and capacity building activities.",0.8582978682084517
"The system consists of laws, regulations, guidelines, specifications, and standards principally consistent with the World Bankâs PforR Policy and Directive.",0.8158395940607245
The ESSA recommends that the PforR be used as an opportunity to strengthen the E&S management capacity of different stakeholders.,0.8564454858953302
"This could be achieved by (a) providing training on chemical fertilizer use and agricultural waste management to farmers; (b) establishing a sustainable incentive mechanism to increase collection rate, in which the existing jobholders should be appropriately considered, for example, the village cleaners; (c) enhancing the OHS management of the enterprises involved in the Program activities; and (d) establishing a social impacts and risks screening, public participation, monitoring, and reporting mechanism.",0.591167536648837
"The Central Basin IPF is not anticipated to support any physical activities but consists of basin studies on river health and ecological flows, baseline studies and development of guidelines related to key pollutants such as phosphorus, research to inform implementation of the Yangtze River Protection Law, capacity building, institutional coordination  The World Bank Yangtze River Protection and Ecological Restoration Program (P171644) mechanisms, and information management, along with the compilation of Program results and reporting.",0.870407451282848
"The downstream E&S impacts could include environmental impacts from new construction, rehabilitation, and operation of wastewater and solid waste collection and treatment facilities, labor risks, community health and safety, restrictions on land use, resettlement, and exclusion risks for vulnerable groups, among others.",0.7138070193204012
The relevant provisions of the World Bank ESF have been applied and the relevant instruments disclosed.,0.8088797655972567
"An ESMF, an SEF, and an ESCP have been prepared for the Central Basin IPF in accordance with the requirements of the ESF and disclosed on .96 Both the ESMF and the SEF provide operational guidance for applying relevant Environmental and Social Standards (ESS) to TA activities, creating added value for enhancing the operationality of policy recommendations while incorporating considerations on significant E&S risks.",0.8623693639581854
"The ESCP documents the material E&S measures and actions to identify, assess, and mitigate E&S risks and impacts (including downstream risks) in connection with the TA activities.",0.8252766349098899
"Challenges around cross-sectoral coordination and inter-jurisdictional cooperation motivated the 2018 ministerial reforms (see section I), and the Yangtze River Protection Law recognizes the importance of an integrated approach to river basin management and ecological protection.",0.8681423013860529
"While the law calls for the establishment of a National Coordination Mechanism, this mechanism has not yet been confirmed and there remains some ambiguity about the roles and responsibilities of the various agencies, with coordination and information flow challenged by existing governance structures.",0.6864832531322133
" The World Bank Yangtze River Protection and Ecological Restoration Program (P171644) is a high-level program that calls on inputs from a range of stakeholders, including all levels of government, but is not linked to specific government budget allocations.",0.8419645482843573
"While the boundaries of the YREB are broad, including a wide range of potential activities implemented through various stakeholders and financing mechanisms, it is the sub-national provincial programs that form the Government program, a sub-set of which is supported by the PforR.",0.2434487993066961
"Strengthening the RCS relies on a number of different stakeholders, along with the establishment and integration of management information systems, to inform a number of actions that can deliver on the expected outcomes improvements in inter-jurisdictional cooperation at the basin level.",0.8648340051824396
"Despite significant experience in IPF operations, there is limited experience with results-based financing in the water and environment sectors.",0.7635880383578214
"Fiduciary systems, including the FM, procurement, and governance systems, are considered adequate to meet the World Bankâs requirements.",0.8522183678366921
"Risks arise from the potential implementation of products or outcomes of the TA, including the basin-level studies on water pollution and ecological protection and province-level plans and policies.",0.8437156677246094
"Such indirect E&S implications could include impacts from construction, rehabilitation, and operation of wastewater and solid waste collection and treatment facilities, labor risks, community health and safety risks, restrictions on land use, resettlement, and exclusion risks for vulnerable groups, among others.",0.7971644835038618
"Risk mitigation is provided by the ESF instruments prepared for the Central Basin IPF, the ESSA, and measures included in the PAP.",0.3929641463539817
The role of the PDRC as the provincial-level counterpart and the use of results-based financing that incentivizes action across sector agencies help mitigate this risk.,0.31601496176286176
 The World Bank Yangtze River Protection and Ecological Restoration Program (P171644) ANNEX 1.,0.8282041549682617
"RESULTS FRAMEWORK MATRIX Results Framework COUNTRY: China Yangtze River Protection and Ecological Restoration Program Program Development Objective(s) To improve institutional coordination, enhance ecological protection and reduce water pollution loads in select regions of the Yangtze River Basin Program Development Objective Indicators by Objectives/Outcomes RESULT_FRAM E_TBL_PD O Indicator Name DLI Baseline Intermediate Targets End Target 1 2 3 4 To improve institutional coordination, enhance ecological protection and reduce water pollution 1.",0.5657415390014648
River Chief System Platforms DLI 1 80.00 126.00 133.00 223.00 235.00 249.00 Integrated (Number) The Ecological Flow The Ecological Flow The Ecological Flow Requirements at Requirements at Requirements at Jiangxi: Water approved control approved control approved control environment Integrated water and sections on the sections on the sections on the information platform 2.,0.6197267012162642
Improved water environment mainstream and major mainstream and major mainstream and major established for the Gan environment management management plan tributaries of the Gan tributaries of the Gan tributaries of the Gan DLI 2 No River Basin.,0.8786011609164152
Hunan: system in the demonstration approved for Yuan River River in Jiangxi and Yuan River in Jiangxi and Yuan River in Jiangxi and Yuan Technical Guidelines sub-basins (Text) in Hunan and Gan River River in Hunan have River in Hunan have River in Hunan have issued for provincial in Jiangxi been complied with for been complied with for been complied with for river chief system at least 90% of the days at least 90% of the days at least 90% of the days information platform of the Calendar Year of the Calendar Year of the Calendar Year (excluding the days of (excluding the days of (excluding the days of  The World Bank Yangtze River Protection and Ecological Restoration Program (P171644) RESULT_FRAM E_TBL_PD O Indicator Name DLI Baseline Intermediate Targets End Target 1 2 3 4 Eligible Emergencies) Eligible Emergencies) Eligible Emergencies) 3.Reduced pollutant loads entering waterways in 0.00 39.00 36.00 33.00 32.00 30.00 demonstration counties (Number) .,0.7498676126653497
 The World Bank Yangtze River Protection and Ecological Restoration Program (P171644) .,0.8291378021240234
Yangtze River Basin River Basin River Chief System Basin River Chief System Seminar on the Poyang Control Management Chief System collaboration Mechanism Regulation Management Office Basin Level Training for and Dongting Lake Strategy for River and Basin River Chief System mechanism operationalized published and provincial established and River Chief offices held Ecological Protection Lake Protection in the Seminar held (Text) focal points confirmed conference held and Governance held Yangtze River Basin adopted/endorsed 2.,0.8693218231201172
"Provincial level policies, regulations and guidelines on water environment and plastic 1.00 7.00 10.00 12.00 12.00 12.00 waste management issued (Number) 3.",0.8742537064985796
Basin-level water-based ecosystem evaluation No No Drafted Consulted Endorsed Disseminated guidelines developed and  The World Bank Yangtze River Protection and Ecological Restoration Program (P171644) RESULT_FRAM E_TBL_IO Indicator Name DLI Baseline Intermediate Targets End Target 1 2 3 4 disseminated (Text) 7.,0.24253090945157138
Water allocation schemes for the demonstration sub- No No Yes Yes Yes Yes basins implemented (Yes/No) Reducing Water Pollution and Transmission of Plastic Waste 9.,0.816988771611994
Yangtze River Basin phosphorous assessment and No No Drafted Consulted Endorsed Disseminated climate resilience strategy developed (Text) 10.,0.04703325033187866
"Reduced pollutant loads entering waterways in No Yes demonstration counties (Yes/No) Number of wastewater Number of wastewater management strategies Number of wastewater Number of wastewater Number of wastewater Number of wastewater management strategies management strategies management strategies management strategies management strategies issued: Jiangxi: 0; Hunan: issued: Jiangxi: 0; Hunan: 0 issued: Jiangxi: 3; issued: Jiangxi: 3; issued: Jiangxi: 0; Hunan:issued: Jiangxi: 0; Hunan: 0 10.1 Improved township Hunan:1 Number of Hunan:3; Number of 0 Number of integration 0 Number of integration Number of integration Number of integration domestic wastewater service DLI 3 integration arrangement integration arrangement arrangement arrangement arrangement established: arrangement established: systems (Text) established: Jiangxi: 2; established: Jiangxi: 2; established: Jiangxi: 2; established: Jiangxi: 0; Jiangxi: 0; Hunan: 0 Jiangxi: 0; Hunan: 0 Hunan: 1COD Reduced Hunan: 0 COD Reduced Hunan: 1 COD Reduced Hunan: 2 COD Reduced COD Reduced (tons): (tons): Jiangxi: 3,931.98; (tons): Jiangxi: 4,082.87; (tons): Jiangxi: 4,307.88; (tons): Jiangxi: 4,440.17; COD Reduced (tons): Jiangxi: 3603.15; Hunan: Hunan: 3,451 Hunan: 4,480 Hunan: 4,982 Hunan: 5,356 Jiangxi: 4,573.56; Hunan: 2,753 6,151 10.2 Plastic waste (agricultural film) prevented from entering DLI 4 0.00 592.60 1,324.67 2,102.17 2,917.22 3,754.74 water bodies (Metric ton)  The World Bank Yangtze River Protection and Ecological Restoration Program (P171644) RESULT_FRAM E_TBL_IO Indicator Name DLI Baseline Intermediate Targets End Target 1 2 3 4 10.3 Demonstration counties meeting annual targets for DLI 5 0.00 10.00 10.00 10.00 10.00 10.00 manure utilization (Number) .",0.9804042469371449
 The World Bank Yangtze River Protection and Ecological Restoration Program (P171644) .,0.8291378021240234
"River Chief System Platforms Integrated Annual verification PDWR/RCO Records and Provincial River functional connection with agency Chief Offices Provincial RCS Platform, and (b) Provincial RCS Platform is connect to Basin RCS Platform under CWRC.",0.4745066382668235
"A Functional Connection means a connection between a county- or municipal-level river chief system platform and the provincial river chief system platform, through  The World Bank Yangtze River Protection and Ecological Restoration Program (P171644) which the county- or municipal platform: (a) uploads on a monthly basis (or such other frequency established in the Program Implementation Plan for the specific data category) multi-sectoral data to the provincial platform; (b) uploads on a monthly basis (or such other frequency established in the Program Implementation Plan for the specific data category) data from sectoral agencies; and (c) makes selected data publicly- available; all in accordance with data-related protocols and procedures, acceptable to the Bank, as set forth in the Program Implementation Plan.",0.8580743616277521
Improved integrated water (1) Water Ecological environment management Environment Protection Hunan: Provincial PMOs is defined by the following: Plan for Yuan/Gan River and 2.,0.8447220542214133
"Improved water environment (1) Integrated water Report from Basin is publicly (1): PDEE management system in the environment management Annual verification disclosed and accessible (2): PDWR demonstration sub-basins plans means a provincial agency on PDEE website (3): PDWR plan, acceptable to the (2) (Jiangxi) PDEE and Jiangxi: Provincial PMOs Bank, to be adopted by PEPC records; Hunan and Jiangxi that sets (Hunan) PDWR/PRCO  The World Bank Yangtze River Protection and Ecological Restoration Program (P171644) out requirements on, inter records and alia, water environment, (3) Monthly ecological (1): PDEE water ecology, and related flow monitoring (2): PDEE issues for (a) Yuan River bulletins (3): PDWR Basin in Hunan and (b) Gan River Basin in Jiangxi.",0.8486718264493075
(2) Information platform means: (a) Basin level water- environment information platform: Jiangxi Water Environment Information platform is used by the Provincial Environmental Protection Commission (PEPC) with cross-sector and inter-jurisdiction data sharing and public participation for the Gan River Basin.,0.7553209824995561
(b) Provincial river chief system information platform: a Technical Guideline for Data Connection issued to improve the river chief system information platform in Hunan.,0.874184174971147
"(3) The Ecological Flow Requirements at approved  The World Bank Yangtze River Protection and Ecological Restoration Program (P171644) control sections on the mainstream and major tributaries of the Gan River in Jiangxi and Yuan River in Hunan have been complied with for at least 90% of the days of the Calendar Year (excluding the days of Eligible Emergencies) Ecological flow requirement means the minimum and sensitive ecological flow targets approved by Hunan and Jiangxi in accordance with the prevailing national technical standards and/or guidelines, including targets for control sections in the Gan River in Jiangxi and in the Yuan River in Hunan.",0.8511399355801669
"âEligible Emergenciesâ means emergencies duly declared by the Program Implementing Entities due to severe droughts, extreme water pollution events [, or such other emergency specified in the  The World Bank Yangtze River Protection and Ecological Restoration Program (P171644) Program Implementation Plan, all] in accordance with the Borrowerâs and the Program Implementing Entitiesâ prevailing laws and procedures, specified in the Program Implementation Plan.",0.2333660125732422
"Data collection by report on 3.Reduced pollutant loads entering COD reduction, agricultural Semi- Demonstration County Provincial PMOs and provincial waterways in demonstration counties plastic film collection and annual PMOs and submitted to demonstration counties program manure utilization), and 2 Provincial PMO progress one-off targets, (i.e.",0.6568838899785822
wastewater management strategy and integrated agreements).,0.8723845048384233
 The World Bank Yangtze River Protection and Ecological Restoration Program (P171644) .,0.8291378021240234
Monitoring & Evaluation Plan: Intermediate Results Indicators Methodology for Data Responsibility for Data Indicator Name Definition/Description Frequency Datasource Collection Collection Operationalization means: (1) Coordination mechanism management office is established and provincial focal points are Semi-annual 1.,0.8334819620305841
"Yangtze River Basin River Chief System appointed Semi- progress CWRC Meeting Minutes CPMO collaboration mechanism operationalized (2) Working conferences annual report of the and Working Records and seminars held Basin IPF (3) At least one management strategy for rivers/lakes governance adopted Cumulative number of provincial-level water environment management policies, regulations and Hunan: Provincial guidelines, including: PMO and 1.",0.8653389323841442
PDWR plastic waste management issued program (2021) 5.,0.4197202595797452
PDARA implementation plan for plastic waste management Jiangxi: Provincial (2021) (3) Provincial river/lake health evaluation  The World Bank Yangtze River Protection and Ecological Restoration Program (P171644) guidelines (2023) PMO and (4) Provincial 1.,0.8673495379361239
"PDARA pollution control and reduction action plan (2022) (6) Provincial implementation plan for agricultural plastic film collection (2023) Jiangxi: (1) Gan River Basin Water Ecology and Environment Management Regulation (2024) (2) Provincial Implementation Plan for Strengthening Plastic Pollution Management (2020) (3) Measures to accelerate the green transformation of express delivery packaging (2021) (4) Provincial Domestic Solid Waste Management Regulations (2022)  The World Bank Yangtze River Protection and Ecological Restoration Program (P171644) (5) Provincial River/Lake (Reservoir) Health Evaluation Guidelines (2021) (6) Provincial M&E protocol for agricultural plastic film collection (2023) RCOs develop and disseminate public engagement manual to guide the implementation and evaluation of public awareness raising activities Semi-annual and campaigns, public report on Manual publicly Provincial PMOs and 3.",0.8859024914828214
Number of public participants (accumulative people times) registered Semi-annual for river protection report on Provincial PMOs and 4.,0.3784353082830256
"People engaged in river/lake protection Semi- activities under the RCS, provincial Provincial RCO records Provincial River Chief activities annual including: (1) civil river program Offices chiefs; (2) volunteers for progress river cleanup and protection; (3) river  The World Bank Yangtze River Protection and Ecological Restoration Program (P171644) cleaners; and (4) river rangers.",0.5492994568564675
Basin-level water-based ecosystem focusing on the Dongting Guidelines for Health Semi- progress evaluation guidelines developed and Lake and Poyang Lake Assessment of Aquatic CPMO annual report of the disseminated Basins developed and Ecosystems in the Two Basin IPF disseminated using good Lakes Basin international industry practice.,0.4335898486050693
"Ecological flow requirements Semi- Provincial PMOs and sector standards for (a) provincial ecological flow targets, determined for demonstration sub-basins annual PDWR Yuan River Basin (Hunan program progr including for Yuan River Province) and (b) Gan River ess Basin and Gan River Basin (Jiangxi Province) Basin Total amount of water allocated in accordance Semi-annual Municipal water with national standards to report on allocation plans in the 8.",0.831557880748402
Water allocation schemes for the Semi- Provincial PMOs and counties within (a) Yuan provincial Yuan and Gan River demonstration sub-basins implemented annual PDWR River Basin (Hunan Program Basins are provided by Province) and (b) Gan River progress PDWR Basin (Jiangxi Province) 9.,0.8066703622991388
"Yangtze River Basin phosphorous The study will focus on the Annual Annual Provided by CWRC CPMO assessment and climate resilience middle and upper reaches progress  The World Bank Yangtze River Protection and Ecological Restoration Program (P171644) strategy developed of the Yangtze River report of pollutant source Basin IPF identification and inventory analysis and develop management strategies under different climate scenarios, especially under extreme events 10.",0.8405973261052911
"Reduced pollutant loads entering waterways in demonstration counties Improved wastewater service system is defined by: (1) County-level (1) Integrated wastewater integrated wastewater management strategy management strategies means a county-level are publicly disclosed at strategy, acceptable to the county government Bank, to be issued by each websites Demonstration County, (2) COD concentrations that sets out institutional can be verified according Report from 10.1 Improved township domestic arrangements, financial Semi- to automatic real-time Demonstration counties verification wastewater service systems sustainability, performance annual monitoring records by and PPMO agency based measures for environment bureau integrated operation and (3) Institutional maintenance, including integration verified by considerations on valid or official employment equity and a documents of integrated workforce roadmap for wastewater collection addressing gender gaps, and treatment services measures to increase as detailed in the PIP climate resilience and promote low-carbon  The World Bank Yangtze River Protection and Ecological Restoration Program (P171644) technologies.",0.8725996884432706
"(3) Wastewater Treatment Plant and Network Integration Arrangement means an arrangement, acceptable to the Bank, to be established by each Demonstration County in the form of a contract, an agreement or such other instrument set forth in the Program Implementation Plan, specifying the roles, responsibilities and performance standards for the provision of integrated wastewater services by service provider(s) assigned with the operation and maintenance of the wastewater treatment plants and/or the sewage network.",0.8887850154529918
"The weight of agricultural Report from Inventories at the 10.2 Plastic waste (agricultural film) Semi- Demonstration counties plastic film collected at verification agricultural plastic film prevented from entering water bodies annual and PPMO collection and treatment agency collection and treatment  The World Bank Yangtze River Protection and Ecological Restoration Program (P171644) network sites (including network sites agro-input sale networks, solid waste sorting centers, recycling centers, and so on) in the demonstration counties.",0.8324941288341176
"Number of demonstration counties meeting the Verification will be annual target ratio (%) of based on large-scale the livestock and poultry farms (defined in manure (tons) utilized (for Verification Table) in organic fertilizer, biomass demonstration counties.",0.8069026253440164
"energy, or other means) by Data source: from farms to the total amount Report from MARA direct reporting 10.3 Demonstration counties meeting generated annually (tons) Semi- Demonstration counties verification system and can be annual targets for manure utilization by large-scale pig, cow or annual and PPMO agency verified by supporting chicken farms (or such materials such as other farms described in inventories, manure the Program utilization contracts, Implementation Plan) in inspection reports by each Demonstration county agricultural and County, as such target ratio environment bureaus.",0.533396677537398
 The World Bank Yangtze River Protection and Ecological Restoration Program (P171644) .,0.8291378021240234
"River Chief System Platforms Integrated (Hunan) Type of DLI Scalability Unit of Measure Total Allocated Amount (USD) As % of Total Financing Amount Output Yes Number 40,443,557.00 10.11 Period Value Allocated Amount (USD) Formula Baseline 30.00 2022 68.00 7,919,881.00 US$116,468.8 for each platform connected to the provincial platform 2023 68.00 7,919,881.00 US$116,468.8 for each platform connected to the provincial platform 2024 137.00 8,201,265.00 US$547,492 for the provincial platform connected to basin one; US$56,277.745 for each functional connection maintained 2025 137.00 8,201,265.00 US$547,492 for maintaining the provincial platform connected with the basin one; US$56,278 for each functional connection maintained  The World Bank Yangtze River Protection and Ecological Restoration Program (P171644) 2026 137.00 8,201,265.00 US$547,492 for maintaining the provincial platform connected with the basin one; US$56,278 for each functional connection maintained D LI_TBL_M ATRIX DLI 2 DLI 2a.",0.9934557134454901
"Improved water environment management system in the demonstration sub-basins (Hunan) Type of DLI Scalability Unit of Measure Total Allocated Amount (USD) As % of Total Financing Amount Outcome No Text 39,599,408.00 9.90 Period Value Allocated Amount (USD) Formula Baseline No 2022 Integrated Water and Environment Management 12,811,573.00 US$12,811,572.7 for the approval of Plan covering, among others, for the Yuan River the integrated water and basin approved environment management plan for the Yuan River basin 2023 Technical guidelines for data connection under 12,811,573.00 US$12,811,572.7 for the issuance of the river chief system Information platform the technical guidelines for data issued sharing under the river chief system Information platform 2024 The Ecological Flow Requirements at approved 4,658,754.00 US$4,658,753.71 per year control sections on the mainstream and major tributaries of the Yuan River have been complied with for at least 90% of the days of the CY (excluding the days of Eligible Emergencies) 2025 The Ecological Flow Requirements at approved 4,658,754.00 US$4,658,753.71 per year control sections on the mainstream and major  The World Bank Yangtze River Protection and Ecological Restoration Program (P171644) tributaries of the Yuan River have been complied with for at least 90% of the days of the CY (excluding the days of Eligible Emergencies) 2026 The Ecological Flow Requirements at approved 4,658,754.00 US$4,658,753.71 per year control sections on the mainstream and major tributaries of the Yuan River have been complied with for at least 90% of the days of the CY (excluding the days of Eligible Emergencies) D LI_TBL_M ATRIX DLI 3 DLI 3-1a.",0.9325481761585582
"Improved township municipal wastewater service system (Hunan) Type of DLI Scalability Unit of Measure Total Allocated Amount (USD) As % of Total Financing Amount Outcome Yes Text 57,722,424.00 14.43 Period Value Allocated Amount (USD) Formula Baseline 0 Integrated Wastewater Management Strategy issued; 0 Wastewater Plant and Network Integration Arrangement Established; 2753 tons of COD reduced 2022 1 Integrated Wastewater Management Strategy 9,423,052.00 US$1886.80 per ton of COD issued; 1 Wastewater Plant and Network reduced; US$1.46m for one strategy Integration Arrangement Established; 3451 tons issued; US$1.46m for one of COD reduced at township-level wastewater integration arrangement established treatment plants in the Demonstration Counties 2023 3 Integrated Wastewater Management Strategy 12,820,424.00 US$1886.80 per ton of COD issued; 4480 tons of COD reduced at township- reduced; US$1.46m for one strategy level wastewater treatment plants in the issued; US$1.46m for one Demonstration Counties integration arrangement established  The World Bank Yangtze River Protection and Ecological Restoration Program (P171644) 2024 1 Wastewater Plant and Network Integration 10,855,874.00 US$1886.80 per ton of COD Arrangement Established; 4982 tons of COD reduced; US $1.46m for one reduced at township-level wastewater treatment strategy issued; US$1.46m for one plants in the Demonstration Counties integration arrangement established 2025 2 Wastewater Plant and Network Integration 13,017,396.00 US$1886.80 per ton of COD Arrangement Established; 5356 tons of COD reduced; US $1.46m for one reduced at township-level wastewater treatment strategy issued; US$1.46m for one plants in the Demonstration Counties integration arrangement established 2026 6151 tons of COD reduced at township-level 11,605,678.00 US$1886.80 per ton of COD wastewater treatment plants in the reduced; US$1.46m for one strategy Demonstration Counties issued; US$1.46m for one integration arrangement established D LI_TBL_M ATRIX DLI 4 DLI 3-2a.",0.9590671712701971
"Plastic waste (agricultural film) prevented from entering water bodies (Hunan) Type of DLI Scalability Unit of Measure Total Allocated Amount (USD) As % of Total Financing Amount Intermediate Outcome Yes Metric ton 29,236,241.00 7.31 Period Value Allocated Amount (USD) Formula Baseline 0.00 2022 250.00 4,018,175.00 US$16.07 per kg of agricultural plastic film collected 2023 622.50 5,987,081.00 US$16.07 per kg of agricultural plastic film collected 2024 1,011.50 6,252,280.00 US$16.07 per kg of agricultural plastic film collected  The World Bank Yangtze River Protection and Ecological Restoration Program (P171644) 2025 1,412.00 6,437,116.00 US$16.07 per kg of agricultural plastic film collected 2026 1,819.00 6,541,589.00 US$16.07 per kg of agricultural plastic film collected D LI_TBL_M ATRIX DLI 5 DLI 3-3a.",0.9190823815085671
"Demonstration counties meeting annual targets for manure utilization (Hunan) Type of DLI Scalability Unit of Measure Total Allocated Amount (USD) As % of Total Financing Amount Intermediate Outcome Yes Number 29,248,370.00 7.31 Period Value Allocated Amount (USD) Formula Baseline 0.00 2022 4.00 5,849,674.00 US$1.46m per year per county that achieves their annual target 2023 4.00 5,849,674.00 US$1.46m per year per county that achieves their annual target 2024 4.00 5,849,674.00 US$1.46m per year per county that achieves their annual target 2025 4.00 5,849,674.00 US$1.46m per year per county that achieves their annual target 2026 4.00 5,849,674.00 US$1.46m per year per county that achieves their annual target  The World Bank Yangtze River Protection and Ecological Restoration Program (P171644) D LI_TBL_M ATRIX DLI 6 DLI 1b.",0.8973725058815696
"River Chief System Platforms Integrated (Jiangxi) Type of DLI Scalability Unit of Measure Total Allocated Amount (USD) As % of Total Financing Amount Output Yes Number 39,830,114.00 9.96 Period Value Allocated Amount (USD) Formula Baseline 50.00 2022 58.00 7,847,400.00 US$135,300 for each functional connection established or maintained 2023 65.00 7,847,255.00 US$120,727 for each functional connection established or maintained 2024 86.00 8,045,103.00 US$197,903 for provincial platform connected to basin platform; US$92,320 for each functional platform connected or maintained 2025 98.00 8,045,200.00 US$197,900 for the maintenance of the provincial with the basin connection US$80,900 for maintaining county connections 2026 112.00 8,045,156.00 US$197,900 for maintenance of the connection of the provincial with the basin platform; US$70,696 for maintaining county connections  The World Bank Yangtze River Protection and Ecological Restoration Program (P171644) D LI_TBL_M ATRIX DLI 7 DLI 2b.",0.9823056134310636
"Improved water environment management system in the demonstration sub-basins (Jiangxi) Type of DLI Scalability Unit of Measure Total Allocated Amount (USD) As % of Total Financing Amount Outcome No Text 39,000,000.00 9.75 Period Value Allocated Amount (USD) Formula Baseline No 2022 Integrated water and environment management 12,000,000.00 US$12 million for the approval of plan for Gan River basin approved the Integrated water and environment management plan for Gan River Basin 2023 A water environment information platform for 12,000,000.00 US$12 million for the establishment the Gan River basin established of water environment information platform for the Gan River basin 2024 The Ecological Flow Requirements at approved 5,000,000.00 US$5 million per year control sections on the mainstream and major tributaries of the Gan River have been complied with for at least 90% of the days of the CY (excluding the days of Eligible Emergencies) 2025 The Ecological Flow Requirements at approved 5,000,000.00 US$5 million per year control sections on the mainstream and major tributaries of the Gan River have been complied with for at least 90% of the days of the CY (excluding the days of Eligible Emergencies) 2026 The Ecological Flow Requirements at approved 5,000,000.00 US$5 million per year control sections on the mainstream and major  The World Bank Yangtze River Protection and Ecological Restoration Program (P171644) tributaries of the Gan River have been complied with for at least 90% of the days of the CY (excluding the days of Eligible Emergencies) D LI_TBL_M ATRIX DLI 8 DLI 3-1b.",0.9459575306285511
"Improved township municipal wastewater service system (Jiangxi) Type of DLI Scalability Unit of Measure Total Allocated Amount (USD) As % of Total Financing Amount Outcome Yes Text 58,940,212.00 14.74 Period Value Allocated Amount (USD) Formula Baseline 0 Integrated Wastewater Management Strategy issued; 0 Wastewater Plant and Network Integration Arrangement Established; 3603.15 tons of COD reduced at township-level wastewater treatment plants 2022 3 Integrated Wastewater Management Strategy 13,650,356.00 US$2,200 per ton of COD reduced; issued; 2 Wastewater Plant and Network US$1m per county issuing a Integration Arrangement Established; 3,931.98 strategy; US$1m per county tons of COD reduced at township-level establishing an integration wastewater treatment plants arrangement 2023 3 Integrated Wastewater Management Strategy 13,982,314.00 US$2,200 per ton of COD reduced; issued; 2 Wastewater Plant and Network US$1m per county issuing a Integration Arrangement Established; 4,082.87 strategy; US$1m per county tons of COD reduced at township-level establishing an integration wastewater treatment plants arrangement 2024 2 Wastewater Plant and Network Integration 11,477,336.00 US$2,200 per ton of COD reduced; Arrangement Established; 4,307.88 tons of COD US$1m per county issuing a reduced at township-level wastewater treatment strategy; US$1m per county establishing an integration  The World Bank Yangtze River Protection and Ecological Restoration Program (P171644) plants arrangement 2025 4,440.17 tons of COD reduced at township-level 9,768,374.00 US$2,200 per ton of COD reduced; wastewater treatment plants US$1m per county issuing a strategy; US$1m per county establishing an integration arrangement 2026 4,573.56 tons of COD reduced at township-level 10,061,832.00 US$2,200 per ton of COD reduced; wastewater treatment plants US$1m per county issuing a strategy; US$1m per county establishing an integration arrangement D LI_TBL_M ATRIX DLI 9 DLI 3-2b.",0.9536157954822887
"Plastic waste (agricultural film) prevented from entering water bodies (Jiangxi) Type of DLI Scalability Unit of Measure Total Allocated Amount (USD) As % of Total Financing Amount Intermediate Outcome Yes Metric ton 29,229,674.00 7.31 Period Value Allocated Amount (USD) Formula Baseline 0.00 2022 342.65 5,174,015.00 US$15.1 per kg of agricultural plastic film collected 2023 702.17 5,428,752.00 US$15.1 per kg of agricultural plastic film collected 2024 1,090.67 5,866,350.00 US$15.1 per kg of agricultural plastic film collected 2025 1,505.22 6,259,705.00 US$15.1 per kg of agricultural plastic  The World Bank Yangtze River Protection and Ecological Restoration Program (P171644) film collected 2026 1,935.74 6,500,852.00 US$15.1 per kg of agricultural plastic film collected D LI_TBL_M ATRIX DLI 10 DLI 3-3b.",0.9053597883744673
"Demonstration counties meeting annual targets for manure utilization (Jiangxi) Type of DLI Scalability Unit of Measure Total Allocated Amount (USD) As % of Total Financing Amount Intermediate Outcome Yes Number 29,250,000.00 7.31 Period Value Allocated Amount (USD) Formula Baseline 0.00 2022 6.00 5,850,000.00 US$975,000 per county that achieves their annual target 2023 6.00 5,850,000.00 US$975,000 per county that achieves their annual target 2024 6.00 5,850,000.00 US$975,000 per county that achieves their annual target 2025 6.00 5,850,000.00 US$975,000 per county that achieves their annual target 2026 6.00 5,850,000.00 US$975,000 per county that achieves their annual target .",0.9071114280007102
 The World Bank Yangtze River Protection and Ecological Restoration Program (P171644) .,0.8291378021240234
"River Chief System Platforms Integrated (Hunan) Hunan: (a) 122 counties and 14 municipalities have established and maintained functional connection with Provincial RCS Platform, and (b) Provincial RCS Platform is connect to Basin RCS Platform under CWRC.",0.5038606903769753
"A Functional Connection means a connection between a county- or municipal-level river chief system platform and the provincial river chief system platform, through which the county- or municipal platform: (a) uploads on a monthly basis (or such other frequency established in the Description Program Implementation Plan for the specific data category) multi-sectoral data to the provincial platform; (b) uploads on a monthly basis (or such other frequency established in the Program Implementation Plan for the specific data category) data from sectoral agencies; and (c) makes selected data publicly-available; all in accordance with data-related protocols and procedures, acceptable to the Bank, as set forth in the Program Implementation Plan.",0.5989561947909269
"Data source/ Agency Provincial River Chief Office Verification Entity Verification agency Verification: Provincial platform working; Random sample inspection verification of 10% of those information platforms that have completed connection will be conducted to verify if they are connected and perform the three functions; The provincial platform can be verified through the basin platform in 2024, and its maintenance on an annual basis for the remaining period of Program implementation.",0.12155096097425981
"The Bank will disburse US$547,492, respectively, for the Hunan provincial platform connected to basin one and for the subsequent two years for maintaining its functions; for year 1 and 2, US$116,468.8 will be disbursed to each new connection made (the maximum target for Year 1 and Year 2 is 68 respectively); for year 3 to 5, the bank will disburse US$56,277.745 to each county and municipal platforms performing the three functions (maximum 136 platforms each year).",0.8279089494185015
"Improved water environment management system in the demonstration sub-basins (Hunan) Improved integrated water environment management is defined by the following: (1) Integrated water environment management plan adopted by Hunan covering, among others, the Yuan River basin; the plan will need to be acceptable to Description the Bank, and set out requirements on, inter alia, water environment, water ecology, and related issues, for the Yuan River Basin in Hunan .",0.8684453964233398
(2) Basin-level water environment information platform: a Technical Guideline for Data Connection issued  The World Bank Yangtze River Protection and Ecological Restoration Program (P171644) to improve the river chief system information platform in Hunan.,0.8587693301114169
(3) The Ecological Flow Requirements at approved control sections on the mainstream and major tributaries of the Yuan River have been complied with for at least 90% of the days of the CY (excluding the days of Eligible Emergencies).,0.8110664541071112
Data source/ Agency Verification report from an independent agency Verification Entity Verification agency Verification methods are outlined below: (1) Water ecological environment protection plan covering Yuan River Basin is publicly disclosed (as a part of the provincial integrated water and environment management plan for key river basins).,0.31127793138677423
(2) Technical Guideline provided by PDWR/PRCO for verification (3) The compliance rate of the mainstream and key tributaries of Yuan River can be verified through the Government line agency's ecological flow monthly monitoring bulletins for key rivers.,0.7698319175026633
"Procedure 1) The disbursement on the achievement of the Integrated Water and Environment Management Plan for Hunan Province is not specific to a given year, the World Bank will disburse US$12,811,527.7 on the achievement made before the end of CY26; 2)The Bank will disburse US$12,811,572.7 for the Technical Guidelines issued for data connection by the provincial river chief office; 3) From CY24-CY26, the disbursement on the achievements for Ecological Flow requirements are specific to a given year, if the ecological flow requirement is not complied for at least 90% of the calendar year, no disbursement will be made; The three achievements (disbursement linked results) are independent of one another.",0.8726009022105824
"Improved township municipal wastewater service system (Hunan) Improved wastewater service system is defined by: (1) the issuance of integrated wastewater management strategy by each demonstration county; such strategy will need to set out institutional arrangements, financial sustainability, performance- Description based measures for integrated operation and maintenance, including considerations on employment equity and a workforce roadmap for addressing gender gaps, measures to increase climate resilience and promote low-carbon  The World Bank Yangtze River Protection and Ecological Restoration Program (P171644) technologies (2) COD Reduced at township-level WWTPs will be measured by influent COD minus discharged COD at the WWTPs (3) Wastewater Treatment Plant and Network Integration Arrangement established.",0.903200322931463
"It means an arrangement, acceptable to the Bank, to be established by each Demonstration County in the form of a contract, an agreement or such other instrument set forth in the Program Implementation Plan, specifying the roles, responsibilities and performance standards for the provision of integrated wastewater services by service provider(s) assigned with the operation and maintenance of the wastewater treatment plants and/or the sewage network.",0.8944136879660867
Data source/ Agency Demonstration counties and PPMO Verification Entity Verification agency Verification: (1) Institutional integration can be verified by valid or official documents of integrated county wastewater collection and treatment services as detailed in the PIP (2) Influent COD and discharge COD can be verified according to automatic real-time monitoring records at environmental authority.,0.7320851412686434
Procedure (3) County-level integrated and sustainable wastewater management strategies are publicly disclosed at county government websites.,0.7725616801868785
"The cumulative total target of COD reduction t (24,420 tons) can be achieved during any time year of Program implementation, and the Bank will make disbursement based on the actual achievement in each calendar year.",0.6579188433560458
"Plastic waste (agricultural film) prevented from entering water bodies (Hunan) The weight of agricultural plastic film collected at collection and treatment network sites (including agro-input sale Description networks, solid waste sorting centers, recycling centers, and so on) in the demonstration counties.",0.43337596546519885
 The World Bank Yangtze River Protection and Ecological Restoration Program (P171644) Disbursement will be made scalable based on the amount of agricultural plastic film collected from the demonstration counties and the annual targets and timing of completion are indicative.,0.8409290313720703
"The cumulative total target of agriculture plastic film collected (1,819,000 kg) can be achieved during any time year of Program implementation, and the Bank will make disbursement based on the actual achievement in each calendar year.",0.8392922661521218
"Demonstration counties meeting annual targets for manure utilization (Hunan) Number of demonstration counties meeting the annual target ratio (%) of the livestock and poultry manure (tons) utilized (for organic fertilizer, biomass energy, or other means) by farms to the total amount generated annually (tons) by large- Description scale pig, cow or chicken farms (or such other farms described in the Program Implementation Plan) in each Demonstration County, as such target ratio is set forth in the Program Implementation Plans.",0.859271916476163
"Data source/ Agency Demonstration counties and PPMO Verification Entity Verification agency Verification will be based on large-scale farms in demonstration counties which are defined as below: A farm with â¥ 500 heads of pigs (annual production), â¥ 2,000 egg chickens, â¥ 10,000 meat chickens, â¥ 50 meat cattle, and â¥ 100 dairy cattle During implementation, each year, 10% samples out of all the large-scale animal farms will be randomly selected and verified if they have completed their annual targets according to the MARA reporting system (if possible, pig, chicken and Procedure cattle farms must be included) Data source: Animal waste production, treatment and resource utilization data can be acquired from the established MARA direct reporting system and can be verified by supporting documents such as manure utilization contracts, agricultural bureau inspection reports and so on.",0.04663525928150524
"The Bank will disburse US$197,903, respectively, for the Jiangxi provincial platform Procedure connected to basin one and US$197,900 for each of the subsequent two years for maintaining its functions; for year 1, US$135,300 will be disbursed to each new connection made with the three functions performed (the maximum target for Year 1 is 58); for year 2, the Bank will disburse US$120,727 to each county and municipal platforms connected or maintained performing the three functions (maximum 65 platforms); for year 3, the Bank will disburse US$92,320 to each county and municipal platforms connected or maintained performing the three functions (maximum 85 platforms); for year 4, the Bank will disburse US$80,900 to each county and municipal platforms connected or maintained performing the three functions (maximum 97 platforms); for year 5, the Bank will disburse US$70,696 to each county and municipal platforms connected or maintained performing the three functions (maximum 111 platforms each year).",0.8243220069191672
"Improved water environment management system in the demonstration sub-basins (Jiangxi) Improved integrated water environment management is defined by the following: (1) Integrated water environment management plans means a provincial plan, acceptable to the Bank, to be adopted by each of the Program Implementing Description Entities that sets out requirements on, inter alia, water quantity, water environment, water ecology, water security for Gan River Basin in Jiangxi.",0.8709409020163796
(2) The Water Environment Information platform is established and used by the Provincial  The World Bank Yangtze River Protection and Ecological Restoration Program (P171644) Environmental Protection Commission (PEPC) with cross-sector and inter-jurisdiction data sharing and public participation for the Gan River Basin (3) The Ecological Flow Requirements at approved control sections on the mainstream and major tributaries of the Gan River have been complied with for at least 90% of the days of the CY (excluding the days of Eligible Emergencies).,0.8351100574840199
(3) The compliance rate of the mainstream and key tributaries of Gan River can be verified through the Government's ecological flow monthly monitoring bulletins for key rivers and lakes.,0.4894379702481357
"Procedure 1) The disbursement on the achievement of Integrated Water and Environment Management Plan for Jiangxi Province is not specific to a given year, the bank will disburse US$12,000,000 on the achievement made before the end of CY26; 2)The disbursement on the achievement of the establishment of a water information platform for the Gan River Basin is not specific to a given year, the Bank will disburse upon achievement being met; 3) From CY24-CY26, the disbursement on the achievements for Ecological Flow requirements are specific to a given year, if the ecological flow requirement is failed to be met, no disbursement will be made; The three achievements( disbursement linked results) are independent of one another.",0.8404816714200106
"Improved township municipal wastewater service system (Jiangxi) Improved wastewater service system is defined by: (1) Integrated wastewater management strategy means a county-level strategy, acceptable to the Bank, to be issued by each Demonstration County, that sets out institutional arrangements, Description financial sustainability, performance based measures for integrated operation and maintenance, including considerations on employment equity and a workforce roadmap for addressing gender gaps, measures to increase climate resilience and promote low-carbon technologies (2) COD Reduced measured by influent COD minus discharged COD at WWTPs (3)  The World Bank Yangtze River Protection and Ecological Restoration Program (P171644) Wastewater Treatment Plant and Network Integration Arrangement means an arrangement, acceptable to the Bank, to be established by each Demonstration County in the form of a contract, an agreement or such other instrument set forth in the Program Implementation Plan, specifying the roles, responsibilities and performance standards for the provision of integrated wastewater services by service provider(s) assigned with the operation and maintenance of the wastewater treatment plants and/or the sewage network.",0.8110618591308594
Data source/ Agency Demonstration counties and PPMO Verification Entity An independent verification agency Verification: (1) County-level strategic integrated and sustainable wastewater management plans are publicly disclosed at county-level government websites (2) Influent COD and discharge COD can be verified according to automatic monitoring records at wastewater treatment plants Procedure (3) Institutional integration can be verified by valid or official documents of integrated county wastewater collection and treatment services as detailed in the PIP Disbursements are made according to the formula.,0.8318989493630149
"Plastic waste (agricultural film) prevented from entering water bodies (Jiangxi) The weight of agricultural plastic film collected at collection and treatment network sites (including agro-input sale Description networks, solid waste sorting centers, recycling centers, and so on) in the demonstration counties.",0.21852801062844016
Disbursement will be made scalable based on the amount of agricultural plastic film collected from the demonstration  The World Bank Yangtze River Protection and Ecological Restoration Program (P171644) counties and the annual targets and timing of completion are indicative.,0.55110164122148
"The cumulative total target of agriculture plastic film collected (1,935,740 kg) can be achieved during any time year of Program implementation, and the Bank will make disbursement based on the actual achievement in each calendar year.",0.8265179720791903
"Demonstration counties meeting annual targets for manure utilization (Jiangxi) Number of demonstration counties meeting the annual target ratio (%) of the livestock and poultry manure (tons) utilized (for organic fertilizer, biomass energy, or other means) by farms to the total amount generated annually (tons) by large- Description scale pig, cow or chicken farms (or such other farms described in the Program Implementation Plan) in each Demonstration County, as such target ratio is set forth in the Program Implementation Plans.",0.8588031422008168
"Data source/ Agency Demonstration counties and PPMO Verification Entity Verification agency Verification will be based on large-scale farms in demonstration counties which are defined as below: A farm with â¥ 500 heads of pigs (annual production), â¥ 2,000 egg chickens, â¥ 10,000 meat chickens, â¥ 50 meat cattle, and â¥ 100 dairy cattle During implementation, each year, 10% samples out of all the large-scale animal farms will be randomly selected and verified if they have completed their annual targets according to the MARA reporting system (if possible, pig, chicken and Procedure cattle farms must be included) Data source: Animal waste production, treatment and resource utilization data can be acquired from the established MARA direct reporting system and can be verified by supporting documents such as manure utilization contracts, agricultural bureau inspection reports and so on.",0.04663525928150524
 The World Bank Yangtze River Protection and Ecological Restoration Program (P171644) ANNEX 3.,0.8308247652920809
"Complex problems exist in interregional, intergovernmental, and inter-departmental collaboration, which reduces coordination and thus efficiency of water resources and water environment management.",0.8334209268743341
"The implementation difficulties of IWRM in China may be ascribed to factors such as an amorphous definition, operational difficulties, departmental conflicts, and lack of defined authority for river basin management.97 Recent institutional reforms in China are facilitating improved coordination and cooperation.",0.8699847134676847
"For example, the Yangtze River Protection Law, passed in 2020, provides a legal foundation for basin-specific coordination in China and could be eventually transposed to other major river basins.",0.7586924813010476
"It is the first legislation for a specific river basin in China and infers specific obligations on the national agencies and provinces, delineates responsibilities, and requires systems for information sharing and establishing of forums for knowledge exchange and decision-making between jurisdictions.",0.7792423421686346
"The ministerial reform of 2018 and the ministries that resulted are also important steps forward, with complementary responsibilities for water management brought together.",0.8714524182406339
The provincial plans represent the Governmentâs program (in conjunction with the provinceâs 14th Five Year Plans) and contain a larger set of activities than the Bankâs Program; these activities are described (and screened for high risk activities) in the full Environmental and Social Systems Assessment.,0.6358545476740057
"In addition, significant shares of revenues are transferred from the central government to the provinces and from provinces to lower-level governments, both as earmarked and general-purpose grants.",0.8783579739657316
 âRiver Chief System as a Collaborative Water Governance Approach in China.â Int.,0.8161373138427734
 The World Bank Yangtze River Protection and Ecological Restoration Program (P171644) have an explicit budget framework at the central level; budget is instead allocated at provincial and local levels in alignment with the overarching vision set by the central government.,0.853277553211559
"The Programâs hierarchical design is aligned with the responsibilities for ecological and environmental protection are divided at central, provincial, and local levels.",0.018609806895256042
"According to the Reform Plan for Delineating the Functions and Expenditure Responsibility between the Central Government and Provinces regarding Ecology and Environment Protection,98 national-level ecological environment planning, policy and law making, implementation monitoring, management, law enforcement, and capacity building has been classified as a central functionality; prevention and control of water pollution in key basins such as the Yangtze has been classified as shared functionality; and local-level ecological environment planning, policy and law making, implementation monitoring, management, law enforcement, and capacity building, as well as the prevention and control of agricultural and rural pollution, solid waste pollution, chemical pollution, groundwater pollution, and other local air and water pollution, has been classified as local functionality.",0.8411509773947976
"Total Program financing over 2022â2026 is expected to be US$6,526 million.",0.700143120505593
"An expected US$6,126 million (93.87 percent) will be funded by the Government and US$400 million (6.13 percent) will be financed by IBRD loan (see Section II.C).",0.5593866868452593
"Of the US$6,126 million government funding, it is estimated that US$2,519 million will come from Jiangxi Province and US$3,607 million will come from Hunan Province.",0.45902937108820135
"The IBRD loan will comprise US$392.5 million as part of the PforR in support to the two sub-national provincial programs, with US$196.25 million for each province, and US$7.5 million for the Central Basin IPF.",0.8746689883145419
"The Program Expenditure Framework is defined at the Provincial level, through the Jiangxi â River Basin Eco-Compensation Program, and budget lines associated with the Hunan - Integrated Water Environment Management Plan for Dongting Lake Basin.",0.8713234988125887
Jiangxi: River Basin Eco-Compensation Program (RBECP) 6.,0.8515342365611683
"In November 2015, Jiangxi Province initiated the RBECP, defined by the âRiver Basin Ecological Compensation Methods in Jiangxi Province (for Trial Implementation)â (The Methods).",0.7166852951049805
"From 2016 to 2020, managed by the Jiangxi PDF, about CNY 14 billion (US$2 billion) of Government expenditure was channeled through the RBECP (averaging around US$400 million annually, Table 3.1).",0.218726938421076
"Therefore, the World Bank team estimates the RBECP funds in 2022 to 2026 will reach CNY 16,375 million, or US$2,915 million (using an exchange rate of 6.5:1).",0.12995790351520886
Scale of River Basin Ecological Compensation Funds in Jiangxi Province (2016â2026) 2016 2017 2018 2019 2020 2022â2026 (est.),0.795996752652255
"Total funding (CNY, millions) 2,091 2,690 3,125 3,118 3,125 16,375 % of total general public budget 0.97 1.20 1.32 1.25 1.25 2.00 revenue % of GDP 0.11 0.13 0.14 0.13 0.12 0.13 Source: Jiangxi Provincial Department of Finance.",0.43087928945367987
 The World Bank Yangtze River Protection and Ecological Restoration Program (P171644) 7.,0.8318441564386542
"Among the US$2 billion channeled through the program between 2016-20, approximately US$1.4 billion was a general transfer from the central government and the NKEZP, with the rest coming from the provincial general budget and contributions from the counties (Figure 3.1).",0.8672517429698597
"Funds allocated by the central government accounted for the highest proportion, more than 60 percent since 2017.",0.259920445355502
This suggests that the source of funds for the RBECP in Jiangxi Province is relatively stable and guaranteed.,0.7986984252929688
"According to The Methods issued in 2015 and amended in 2018, the RBECP funds should be mainly used for ecological protection, water environment management, improvement of peopleâs livelihoods, and related activities.",0.8437241640957919
"Based on self-review reports, most local governments (64.95 percent) use the RBECP as earmarked funds, and a small proportion of local governments (27.84 percent) blend the RBECP with other financial sources at the county level.",0.6642023433338512
"As shown in Figure 3.1 (right), of all the RBECP spending, the expenditures on water pollution reduction accounted for 28.5 percent, water ecological management for 13.3 percent, waste management for 12.9 percent, rural and urban environment improvement for 13.3 percent, forest improvement for 5.9 percent, and institution improvement for 4.0 percent.",0.8638186021284624
Hunan: Integrated Water Environment Management Plan for Dongting Lake Basin 9.,0.8751909082586115
"In Hunan, the major Program activitiesâwater pollutant reduction, water ecological restoration and relevant institutional innovationâare covered by the âIntegrated Water Environment Management Plan for Dongting Lake Basinâ (2018â2025).",0.8711360584605824
The Plan is financed by several sources of budget funding and covers the entire Dongting Lake Basin.,0.7602495713667436
"From 2018 to 2020, roughly CNY 14 billion (US$2.16 billion) was allocated from the central and provincial governments for water environment management in the Dongting Lake Basin.",0.8956550251353871
"The total program financing during the 14th FYP (2022 to 2025) is estimated at CNY 23,446 million (US$3,607 million) based on the average financing for the three years from 2018 to 2020.",0.1296698505228216
"Scale of Water Environmental Management Funds in Hunan Province (2018â2026) 2018 2019 2020 2022â2026 (Estimated) Total funding (CNY, millions) 4,300 4,807 4,961 23,446 % of total general public budget revenue 1.50 1.60 1.65 1.58 % of GDP 0.12 0.12 0.12 0.12 Table 3.3.",0.974356391213157
"Funding Sources for Water Environmental Management in Hunan 2018â2020 (CNY, millions) 2018 2019 2020 Funding Source Agency 4,299.6 4,807.43 4,960.66 Wastewater and Waste (including sludge management) DHURD 516.91 708.29 598.78 Rural Environment Improvement (including rural waste and DARA 1,857.12 1,315.24 969.61 wastewater management) Water pollution control and reduction DWR 1,146.48 1,744.31 2,412.22 Livestock and Poultry Breeding Pollution Management DARA 779.09 1,039.59 980.05 10.",0.9789653257890181
"According to the final account data, about CNY 17.6 billion (US$2,708 million) was spent on water environment management from 2018 to 2020.",0.745532902804288
"Almost 66 percent of the expenditures were used for âWater Pollution Prevention and Treatmentâ, which includes expenditures for wastewater treatment plants and pipelines, followed by expenditures for âRur al Environment Managementâ (34 percent), which includes rural wastewater treatment, waste management, and NPS pollution reduction.",0.8728594346479936
"Those two expenditures together roughly match the financing amount in the three years (CNY 14.07 billion), indicating sufficient funding sources for the Provincial Program.",0.8591427369551226
"Provincial commitments toward implementation of the Government program under the 14th FYP (2021 to 2025) amount to CNY 37.12 billion (US$5.74 billion), of which CNY 7.41 billion (US$1.14 billion) is allocated toward investments in water supply protection, CNY 21.99 billion (US$3.40 billion) invested in water pollution prevention and treatment, and CNY 7.72 billion (US$1.19 billion) invested in water ecological protection and restoration, providing an adequate basis for this PforR.",0.8555095846002753
"Budget Expenditure on Water Environment Management in Hunan 2018â2020 (CNY, billions) Code Expenditure 2018 2019 2020 Total 2110302 Water Pollution Prevention and Treatment 2.94 4.20 4.48 11.62 2110402 Rural Environment Management 1.72 2.39 1.87 5.98 Source: Hunan Provincial Department of Finance.",0.9103056300770153
The following mechanisms are supportive of efficiency: â¢ Funding Allocation Rule: RBECP funds are allocated to different counties according to four sets of indicators: (a) performance in water environment improvement; (b) performance in forest quality improvement; (c) performance in water resource management; and (d) the ecological importance of the county.,0.8692380731756036
"Therefore, the funding allocation rule provides a strong incentive for the counties to achieve the desirable objectives set by the provincial government and helps ensure value for money.",0.436633283441717
" The World Bank Yangtze River Protection and Ecological Restoration Program (P171644) â¢ Expenditure performance evaluation rules: In Hunan, expenditure performance evaluation rules have been established and applied to all the earmarked funds, which help ensure value for money.",0.8761255957863547
â¢ Higher Level Government Transfer Mechanism: Program financing in both provinces is targeted toward lagging regions.,0.6982483430342241
"According to self-reviewed reports from 76 counties in 9 municipalities in Jiangxi Province in 2018, the amount of the RBECP allocated to each county (cities, districts) has a significant negative correlation with its economic development level and with the level of local government financial resources (see Figure 3.2).",0.4219046506014737
"Allocated RBECP and GDP (left), Total Fiscal Revenue (right) by County in 2018 1.6 12 1.4 River basin ecological compensation fund 10 River basin ecological compensation fund 1.2 income/Total fiscal revenueï¼%ï¼ 8 1 income/GDPï¼%ï¼ 0.8 6 0.6 4 0.4 2 0.2 0 0 0 5 10 15 -2 -0.2 0 20 40 60 80 -0.4 -4 GDPï¼billionï¼ Total fiscal revenueï¼billionï¼ Source: World Bank team based on data from Jiangxi and Hunan PDFs.",0.8246137445623224
"The budget funding of the Program activities accounts for only about 1 percent of the general budget revenue in Jiangxi (Table 3.1), so financial sustainability is not a major concern.",0.6026720567183061
"Financial Situation in Terms of General Public Budget, Jiangxi (CNY, billions) CNY, billions As Percentage of GDP (%) 2016 2017 2018 2019 2020 2016 2017 2018 2019 2020 Expenditure 60.85 63.70 73.73 69.81 86.98 3.31 3.15 3.25 2.83 3.39 Revenue 14.66 24.88 27.98 28.98 29.29 0.80 1.23 1.23 1.17 1.14 Tax 4.05 11.74 13.91 14.26 14.11 0.22 0.58 0.61 0.58 0.55 Non-tax 10.61 13.14 14.07 14.72 15.17 0.58 0.65 0.62 0.60 0.59 Transfer from upper-level govts 213.33 231.06 244.82 269.04 224.97 11.60 11.43 10.78 10.91 8.76 Tax rebate 20.44 25.96 25.96 25.96 â 1.11 1.28 1.14 1.05 â General transfer 128.81 138.02 150.21 224.24 â 7.00 6.83 6.61 9.09 â Earmarked transfer 65.34 68.86 69.92 22.55 â 3.55 3.41 3.08 0.91 â (-) Transfer to upper-level government 1.26 1.76 1.26 3.70 2.21 0.07 0.09 0.06 0.15 0.09 Transfer from lower-level govts â179.44 â208.34 â216.45 â238.24 â192.63 â9.76 â10.31 â9.53 â9.66 â7.50 Transfer from cities and counties 8.41 4.98 5.05 9.82 6.91 0.46 0.25 0.22 0.40 0.27 (-) Transfer to lower-level 187.85 213.32 221.50 248.06 199.54 10.22 10.55 9.75 10.06 7.77 governments Transfer from general fund budget and 1.54 1.72 4.92 6.76 â 0.08 0.09 0.22 0.27 â others Overall balance â10.76 â14.38 â12.46 â3.26 â â0.59 â0.71 â0.55 â0.13 â Change in cash balance 4.69 4.22 3.01 â0.73 â 0.25 0.21 0.13 â0.03 â Withdrawal from reserve â0.71 1.54 0.92 â3.73 â â0.04 0.08 0.04 â0.15 â Financing 6.78 8.62 8.53 7.73 â 0.37 0.43 0.38 0.31 â Borrowing 64.77 53.82 53.15 42.03 36.60 3.52 2.66 2.34 1.70 1.42 Debt amortization 57.99 45.20 44.62 34.31 â 3.15 2.24 1.96 1.39 â Notes and Source: Jiangxi PDF.",0.7865000638094816
"Table 3.6: Financial Situation in terms of General Public Budget, Hunan (CNY Billion) Billion CNY As Percentage of GDP (%) 2016 2017 2018 2019 2016 2017 2018 2019 Expenditure 55.69 63.82 75.12 79.55 1.81 1.89 2.07 1.99 Revenue 42.31 48.12 51.44 51.93 1.37 1.42 1.42 1.30 Tax 32.08 34.59 38.14 37.83 1.04 1.02 1.05 0.95 Non-tax 10.23 13.53 13.30 14.10 0.33 0.40 0.37 0.35 Transfer from Upper-Level Governments 310.28 325.53 346.61 362.69 10.06 9.62 9.54 9.09 Tax Rebate 27.55 30.93 30.94 30.93 0.89 0.91 0.85 0.78 General Transfer 181.62 196.18 214.21 307.71 5.89 5.80 5.90 7.71 Earmarked Transfer 104.30 101.94 104.19 30.73 3.38 3.01 2.87 0.77 (-) Transfer to Upper-level Government 3.19 3.52 2.73 6.68 0.10 0.10 0.08 0.17 Transfer from Lower-Level Governments -316.92 -323.14 -336.83 -355.08 -10.27 -9.55 -9.27 -8.90  The World Bank Yangtze River Protection and Ecological Restoration Program (P171644) Billion CNY As Percentage of GDP (%) 2016 2017 2018 2019 2016 2017 2018 2019 Transfer from cities and counties 6.46 6.23 11.44 11.10 0.21 0.18 0.31 0.28 (-) Transfer to Lower-Level Governments 323.38 329.37 348.27 366.18 10.48 9.74 9.59 9.18 Transfer from GFB and Others 3.51 1.83 0.30 0.35 0.11 0.05 0.01 0.01 Overall Balance -16.51 -11.48 -13.60 -19.66 -0.54 -0.34 -0.37 -0.49 Change in cash balance 1.42 -3.96 -1.44 -1.07 0.05 -0.12 -0.04 -0.03 Withdrawal from Reserve -2.13 -1.31 -1.97 2.84 -0.07 -0.04 -0.05 0.07 Financing 17.22 16.75 17.01 19.89 0.56 0.50 0.47 0.50 Borrowing 186.90 119.24 110.20 122.22 6.06 3.52 3.03 3.06 Debt Amortization 169.68 102.49 93.19 102.33 5.50 3.03 2.57 2.57 Notes and source: Department of Finance, Hunan Province.",0.8760112415660511
Three distinct but complementary sets of activities are included in the PforR design: improvement of institutional mechanisms for coordination around ecological protection and water pollution control (Results Area 1); enhanced integrated water environment planning and ecological flows in target sub-basins (Results Area 2); and activities that contribute to reduced pollutants entering waterways (Results Area 3).,0.7160328084772284
"These are supported by the Central Basin IPF that will provide (a) overall coordination; (b) technical guidance to provinces to ensure alignment across the basin related to key activities, such as the guidelines for the evaluation of river health and ecological flows, strategies for total phosphorous pollution prevention and control, and recommendations for the systematic protection and restoration of Poyang Lake and Dongting Lake; and (c) inter-jurisdictional information and data sharing.",0.868590615012429
Results Area 1: Improving Institutions and Innovations for Integrated River Basin Management 14.,0.8956228603016246
"Complex problems exist in interregional, intergovernmental, and inter-departmental collaboration in water resources management, which reduces the coordination of water resources and water environment management.",0.8622973181984641
"The inefficiency of IWRM and the difficulty of implementing it in China may be ascribed to factors such as amorphous definition, operational difficulty, departmental conflicts, and lack of authority in river basin management.99 Institutional reforms in China are facilitating improved coordination and cooperation but require further operationalization and deepening to deliver on their potential.",0.8771926706487482
There are six main tasks focused on (a) water resources protection; (b) shoreline management; (c) water pollution prevention and control; (d) water environment management; (e) restoration of water ecology; and (f) law enforcement.,0.8614701357754794
 âRiver Chief System as a Collaborative Water Governance Approach in China.â Int.,0.8161373138427734
 âOpinions on Fully Promoting the River Chief Mechanism.â  The World Bank Yangtze River Protection and Ecological Restoration Program (P171644) 16.,0.6252576221119274
Information management platforms are required under the national guidelines and are being established at various levels of government to support RCS implementation and operation.,0.8345498171719637
"These range from relatively simple administrative systems to more sophisticated information platforms with decision-support functions supported by physical monitoring networks and public participation.101 A national pilot-level platform has been developed, and a range of provincial and local level platforms are being implemented on a trial basis.",0.41097354888916016
A basin wide coordination mechanism for the RCS along the Yangtze River was proposed by the CWRC through âWorking Guidelinesâ issued on .,0.8355976451526989
102 Design of the basin-wide RCS coordination mechanism was supported through the World Bank-financed TA project âPromoting Economic Reform and Capacity Buildingâ and its establishment included as part of the CWRCâs plan during the 14th FYP period for implementing the Yangtze River Protection Law.,0.9512353376908735
An information management platform is to be established under the basin RCS coordination mechanism.,0.8614293878728693
"Under the provision of the working guidelines, the CWRC is to lead in establishing an information management system for the Yangtze River Basin RCS.",0.8678375590931285
"Each of the members of the coordination mechanism is required to provide continuously updated data on sectoral planning (water, mining, environment, waterways), water resources, water quality, water ecology, water-related emergencies, and pollution discharges, among others.",0.8545977852561257
"Among other uses, these data are important for climate-informed management decisions, policies and strategies including water management and pollution control under flow extremes.",0.8353935588489879
The integration of the basin and provincial systems â the latter also drawing on the local level systems â intends to eventually provide a comprehensive information basis for IWRM from county to basin level.,0.8506174954501066
The RCS also provides an opportunity to promote engaging the public in river protection and water pollution control.,0.847176118330522
"103 These efforts are to be 101 For sophisticated platforms data include: (a) administrative functions relating to the river chiefs (river patrols, water pollution and illegal natural resources exploitation supervision, reporting and resolution coordination, public participation); (b) water quantity data (precipitation, water level, flow, hydrology information); (c) water quality data (temperature, pH, dissolved oxygen, conductivity, turbidity, ammonia nitrogen, total phosphorus, total nitrogen, permanganate index, fluoride), (d) monitoring of soil and water conservation, illegal construction and solid waste dumps; and (e) drainage and solid waste management (drainage networks, conveyance systems, sewage pipelines and pump stations).",0.7831450375643644
"102 Key tasks for the mechanism stipulated in the working guidelines include: (a) conducting studies to support planning of transboundary rivers and lakes; (b) implementing the water resource management mechanism; (c) jointly promoting shoreline protection of the Yangtze River; (d) jointly promoting water pollution reduction and eutrophication management; (e) jointly promoting river and lake ecological protection and restoration; (f) jointly enforcing relevant regulations and policies; (g) establishing a monitoring network covering hydrology, water quality, water ecology, and so forth; (h) establishing information sharing and river health assessment; (i) conducting joint research on key issues including water ecology restoration technologies, horizontal eco-compensation and so forth; and (j) conducting information, education, and communication (IEC) activities and improving public awareness.",0.8782471743496981
" The World Bank Yangtze River Protection and Ecological Restoration Program (P171644) supported by the basin-wide RCS coordination mechanism, the working rules for which requires the 19 provinces and the CWRC to promote public awareness and participation of the river and lake chief systems and the Yangtze River Protection Law, to enhance the publicâs sense of responsibility and participation in river and lake protection.",0.7590193314985796
"The RCS can be improved by the following: (a) Accelerated implementation of the basin-level mechanism and working conference for better coordination between the river basin organization and the provinces; (b) Integration and expansion of the data monitoring and information sharing platforms for a holistic and real-time understanding of biophysical conditions and river chief operations; (c) Deployment of advanced technologies such as remote sensing that can complement manual river patrols and provide insights for inter-jurisdictional decision-making; (d) Use of third-party monitoring and verification to strengthen the accountability of the river chiefs; (e) Development of guidance for public engagement in the form of manuals to share approaches and lessons across jurisdictions, including for climate change awareness; (f) Greater focus on gender balance in river chief appointments, both paid and voluntary.",0.7165928753939542
Results Area 2: Advancing Ecological Protection through Integrated River Basin Management 21.,0.41539868441495026
The Opinion required the river basin commissions and local water departments to consider the ecological flow requirements as rigid targets in water allocation.,0.8421317880803888
"Determination of ecological flow requirements for 52 rivers and lakes in the Yangtze River Basin was included in the tasks for the CWRC from 2020 to 2022, including Xiang, Zi, Yuan, and Li Rivers in Hunan and the Gan, Fu, and Xin Rivers in Jiangxi.",0.6259142702276056
The Yangtze River Protection Law commits governments to increasing ecological water management in the Yangtze River Basin (Article 31).,0.842537446455522
"The law requires water resources department to include the ecological water volume in the annual water allocation plan to meet basic ecological flow demand of rivers and lakes, ensure ecological flow during the dry season and fish spawning period, and to maintain water levels in important lakes.",0.8362920934503729
"Regard ing the Programâs sub-basins, the overall water allocation plan for Hunanâs Yuan River was approved in November 2020, 108 and the plan for Jiangxiâs Gan 104 Arthington, et al.",0.8565526442094282
 âEcological Flows for Critical Cross-sections in Hunan Province.â (link)  The World Bank Yangtze River Protection and Ecological Restoration Program (P171644) River is under preparation.,0.7050368569113992
"However, such plans only establish the water quota at the provincial level and require a further allocation to the county level.",0.867714448408647
"Water dispatch plans are required to manage basin water use, jointly operate reservoirs, and respond to the emergencies of droughts and water contamination disasters, balanced with these ecological needs.",0.8597484935413707
Actions have been identified based on the assessment to strengthen ecological flows and integrated river basin water environment management under the Program.,0.6530123623934659
"These include: (a) Water resources allocation to the county level as the basis for water withdrawal licensing; (b) Ecological flows implemented and monitored against minimum performance standards; (c) Tailored river/lake ecosystem health evaluation guidelines developed by the provinces to guide the determination of ecological flows, which will then be used for ecological flow supervision in the demonstration sub-basins (this aims to extend minimum flow type ecological allocations for broader consideration of river ecosystem health considerations in line with international practice); (d) An inter-provincial river chief cooperation mechanism to strengthen integrated cross-border water environment management in the Yuan river;109 and (d) A dedicated ecological environment management information platform for the Gan river, covering both water pollution control and ecological protection and restoration, with decision support function for more effective operational management and supervision.",0.847392429005016
The Yangtze River Protection Law requires governments to address point source and non-point source pollutants.,0.28562606464732776
"Article 47 requires counties to improve urban and rural wastewater collection and treatment capacities, clarify entities responsible, and implement unified management of systems.",0.8556059057062323
"Support for counties under Results Area 3 aims to address these priorities with a focus on phosphorus pollution, which has become the primary pollutant in many areas of the Yangtze.",0.16220170801336115
The technical assessment found that phosphorus concentrations spike to levels beyond prescribed limits more frequently than other pollutants in the Programâs sub-basins.111 Actions further support reduction of COD from wastewater and agricultural plastics.,0.4096979227933017
Improving Point Source Pollution through Improved Wastewater Management 26.,0.27640184489163483
China has invested substantially in its wastewater infrastructure systems since 1996 and achieved nearly universal coverage.,0.31125617027282715
The emphasis of Chinaâs wastewater treatment now is to improve the quality of services as well as the efficiency of investment by enhancing financial viability and leveraging private sector participation.,0.9223641482266512
"111 Technical assessment of water pollution is supported by the World Bankâs Poyang Lake Water Pollution and Plastic Study, suppo rted by ProBlue, in partnership with Tsinghua University.",0.8456024690107866
"The study examines nutrient and plastics pollution concentrations, transmission pathways, hotspots, and policy options for their reduction.",0.0820342248136347
" The World Bank Yangtze River Protection and Ecological Restoration Program (P171644) lacking sufficient funding for maintenance, which leads to low pollution concentration of intake water of WWTPs and idle capacity of WWTPs.112 27.",0.8734786293723367
"Assessment in demonstration counties reveal that almost all the counties have sufficient wastewater treatment capacity, but face efficiency and management challenges.",0.7051327445290305
"Challenges include: (a) the domestic wastewater management services are fragmented, with the treatment plants being managed by one entity, mostly outsourced private sector operators, while the sewer network is managed by the county bureau or county-level public entity or company, resulting in a lack of accountability for ensuring service quality; (b) influent concentrations (Biological Oxygen Demand [BOD] and COD) to the treatment facilities are usually low as a result of the combined effect of incomplete collection networks and household connections, mixed wastewater and stormwater drainage, and poor conditions of the existing network due to deferred maintenance, resulting in many WWTPs operating at a low efficiency level; and (c) a lack of sustainable financing with the costs of the domestic wastewater management services covered from two sources: (i) a wastewater service charge paid by the customers that typically covers only the outsourced treatment service provider who is responsible for the O&M of the WWTP and (ii) subsidies through budget allocations from the county finances, which are used for O&M of the wastewater collection system and often limited to urgent repairs.",0.8525653318925337
"In response to these challenges, the Program supports actions to strengthen integrated wastewater management services.",0.8760018782182173
"Actions include: (1) Development of integrated wastewater management strategy in demonstration counties, including financial sustainability, integrated O&M, employment equity, workforce roadmap for women and climate resilience and low-carbon technologies; (2) Increased COD reduction (influent COD minus discharged COD) at township-level wastewater treatment plants; and (3) Integrated institution agreements: one entity responsible for O&M of sewer network and wastewater treatment plants.",0.862764445218173
Resulting improvements of systemsâ efficiencies (both plants and their sewerage networks) are expected to have GHG mitigation benefits in addition to reduced water pollution.,0.8283524079756304
"The Yangtze River Basin reportedly transmits the largest total volume of marine plastics of any of the worldâs rivers, with an estimated 0.33 (range 0.31â0.48) million tons of plastic discharged into the East China Sea annually.114 The Government is tackling the plastic pollution issue through investments in solid waste management, bans on the import of waste recycling materials, bans on some single- use plastic items, regulations on the use of agricultural plastic film, improved monitoring, reporting and supervision, and promotion of eco-design and material recycling, among other measures.",0.8390319130637429
"In 2017, MARA issued âAction Plan for Recycling Agricultural 112 See NDRC and MHURD.",0.7951573458584872
 â14th Five-year development plan on municipal wastewater treatment and reuse.â The plan points out that an insufficient or ill-maintained wastewater network poses a challenge for Chinaâs wastewater sector.,0.8014262806285511
"Notice of the Ministry of Agriculture on Issuing the ""Agricultural Film Recycling Action Plan.",0.2370087666945024
( link)  The World Bank Yangtze River Protection and Ecological Restoration Program (P171644) Filmâ setting the target of recycling 80 percent of agricultural film by 2020.,0.8576910712502219
Hunan and Jiangxi are major users of agricultural plastics117 and have set targets for collection and recycling in line with the central governmentâs targets.,0.3131172440268777
"The two main challenges are to provide adequate financial incentives to farmers for collection, and to establish financially sustainable channels for recycling.",0.9695612300526012
The Program will provide support for activities that address these challenges in support of high levels of collection and recycling in demonstration counties (see full technical assessment for county-level baselines and targets).,0.338516582142223
Agricultural plastic film collection and statistics systems will be established with inventories made by the collection sites.,0.8042323372580789
"The Program (under Results Area 2) will further support development of a Provincial M&E protocol for agricultural film collection and recycling in Jiangxi, as well as support the implementation of the Provincial Implementation Plan for Strengthening Plastic Pollution Management in Hunan.",0.887924541126598
Addressing Non-Point Source Pollution through Manure Management 32.,0.208656831221147
"Cognizant of these and other challenges within the agriculture sector, MARA issued the 2017 Notice of Five Actions for Green Development of Agriculture, including measures for: (a) improving management of livestock manure; (b) replacing chemical fertilizers with organic fertilizers; (c) encouraging straw treatment; (d) recycling agricultural plastic film; and (e) aquatic biodiversity protection.",0.8037641698663885
"Collection, separation, treatment and re-use or safe disposal of manure is critical for addressing these pollution challenges, and also contributes to GHG emissions mitigation.",0.5828662352128462
"Treated animal manure was mainly used as a replacement for chemical fertilizers (which could further reduce agricultural NPS pollution), as well as for producing gas and electricity, both pathways are effective at reducing GHG emissions relative to manure disposal in waterways or anaerobic ponds.",0.25825121185996314
"The 14th Five-Year Period calls for (a) further increasing the resource utilization rate to 85 percent; (b) establishing a system of animal waste treatment, processing, and returning to the field as fertilizer; and (c) attracting private financing through innovative modes, including public-private partnership and other mechanisms.",0.9626203016801314
"The county-level utilization ratio will be measured on farm sites as a sub-DLI (DLI 3.3), with the aim of gradually increasing the level of animal manure utilization in selected counties and maintaining the level of utilization where it is already high (no less than 80 percent).",0.8287187923084606
This intervention will be complemented by the development and dissemination of a provincial agricultural NPS pollution management best practice guidelines.,0.8595627871426669
"Details on county-level production, utilization, and utilization target rates are presented in the full Technical Assessment.",0.6658497290177778
"118 For example, Hunan has set a target for 80 percent recycling rate of agricultural film by the end of 2020 and almost complete recycling by 2025 with a complete agricultural film producing, selling, using, recycling, and management system established province wide.",0.8427145697853782
" The World Bank Yangtze River Protection and Ecological Restoration Program (P171644) the River Chiefs System (RCS), and womenâs job opportunities at local wastewater treatment utilities.",0.7114601135253906
 The World Bank Yangtze River Protection and Ecological Restoration Program (P171644) 37.,0.4756601507013494
"In addition, a number of people were selected as civil River Chiefs to play an important role in promoting river management policies, collecting public feedback, supervising river chief performance and bridging communications.",0.4458612095225941
managerial technical and enforcement of --Develop and implement a 122 ILO (2017).,0.17311669479716907
"Wastewater and jobs; the Decent Work Approach to Reducing Untreated Wastewater, SECTOR working paper no.",0.07601232962174849
"Specific private sector actors do not capture the economic benefits of most Program outcomes, limiting the possibility for private financing for many activities (that is, benefits are diffuse and public).",0.031558865850622
"The World Bank's involvement will increase central and provincial governmentsâ exposure to international experience and best practices in integrated basin management, water pollution control, and ecological flows and ensure lessons from recent World Bank-supported ecological restoration and water pollution control projects are incorporated into the broader Government program for the Yangtze River Basin.",0.8611959977583452
"This economic assessment uses a simple BCA based on benefit transfer, applied at the sub-basin level for Poyang Lake and Dongting Lake Basins.",0.9547176361083984
"The assessment implicitly combines activities under Results Area 1, Results Area 2, and Results Area 3 to value outcomes as a combined water environment quality improvement.",0.3519100926139138
"This approach is used because under a PforR, Government and World Bank funds are combined to achieve results, with  The World Bank Yangtze River Protection and Ecological Restoration Program (P171644) limited distinction at the activity level between World Bank-financed and Government-financed achievements.",0.885938124223189
"Costs are based on total program funding over 2021â2026, which is expected to be US$6,526 million, of which an expected US$6,126 million (93.87 percent) will be funded by the Government and US$400 million (6.13 percent) financed by the proposed IBRD loan (see Section II.C).",0.876675085587935
"Of the US$6,126 million Government funding, it is estimated that US$2,519 million will come from Jiangxi Province and US$3,607 million will come from Hunan Province.",0.45902937108820135
"To estimate the programâs economic benefits, benefit transfer from available environmental valuation research in China was used.",0.9522807381369851
"The economic values of water quality and ecological improvement are challenging to quantify due to the dispersed spatial extent of benefits across the basin, the wide range (and indirect nature) of benefit types, and data limitations.",0.5378510735251687
These studies utilize the contingent valuation method125 (CVM) to capture the broad range of benefits (both use and non-use economic values) that are expected.,0.3974743756380948
"Economic assessment at the lake basin level considers the benefits from the program as a whole (that is, as a package of activities) within its basin areas, thus capturing the bulk of provincial-level and county-level activities.",0.1484083370728926
"125 Contingent valuation method uses questionnaires targeted to impacted populations to elicit their WTP for non-market environmental goods, such as avoidance or reduction of pollution impacts.",0.7987559058449485
"Summary of Water Quality-related WTP Studies in China WTP (percentage of Water Body and Reference Study Objective/Content household income) Cha Bai and Nan Sha He rivers, Beijing Aimed to determine the value of maintaining river water 0.8â1.3 (Day and Mourato 1998)126 quality in all rivers in the Beijing region Yangtze River, Jiangsu Province Aimed to determine the value of drinking water without 2.0 (Lu and Guo 2003)127 pollution from chemical fertilizers Lake Puzhehei, Yunnan Province Aimed to determine the total value of a project to 2.9 (Wang et al.",0.8121987256136808
"2011)128 improve the water quality of Lake Puzhehei by one grade level (Grade III to Grade II) Hongze Lake, Jiangsu Province Aimed to determine value of amenity provided by the 0.55 (Lei et al.",0.6076493696732954
"Estimation of Annual WTP Value and Government program Cost130 WTP (0.55% of Government Provincial Population Annual Per Capita Gross income) program Cost (Million) Income (US$) (US$, millions, annual) (US$, millions, total) Jiangxi (Poyang Lake 40.90 5,172 1,163 2,714 Basin) Hunan (Dongting Lake 67.10 5,700 2,104 3,802 Basin) 44.",0.9107383381236683
Net economic benefits are positive under a range of discount rates based on conservative assumptions.,0.4865491173484109
"Overall program benefits have been projected with the assumptions that (a) investment will be completed within 5 years; (b) benefits will accrue starting from year 5 for a total of 15 years, with full benefits being reached from year 7 onward; (c) operating and maintenance costs of infrastructure and other recurrent costs will be 10 percent of the total program investment cost; and (d) discount rates are 6 and 12 percent131 (Table 3.10).",0.8541968085549094
"ERR and NPV of Water and Ecology Improvements in Program Sub-basins Based on Benefit-Transfer (US$, millions) ERR (%) NPV @ 6% NPV @ 12% Poyang Lake Basin (lower estimate) 15.7 1,957 1,590 Dongting Lake Basin (lower estimate) 18.3 3,684 752 126 Day, B. and Mourato, S. (1998).",0.9476053064519708
Willingness to pay for water quality maintenance in Chinese rivers.,0.8761594078757546
"Willingness to Pay for Reducing Agricultural-Induced Water Pollution in Zhenjiang City, China.",0.6611214551058683
Valuing Water Quality Improvement in China: A Case Study of Lake Puzhehei in Yunnan Province.,0.37118079445578833
"Public demand for remediating a local ecosystem: comparing WTP and WTA at Hongze Lake, China, Lake and Reservoir Management, 29:1, 23-32.",0.7837204499678179
Technical Note on Discounting Costs and Benefits in Economic Analysis of World Bank Projects.,0.8873541571877219
The discount rate is recommended to be 6 percent for investments with long-term unquantified social and environmental benefits.,0.8609593998302113
 The World Bank Yangtze River Protection and Ecological Restoration Program (P171644) Greenhouse Gas Emissions Mitigation Assessment 45.,0.6179037961092863
"Quantification does not include emissions reductions through institutional, policy and planning measures (DLI.1 and DLI.2) although these are expected to have considerable (but difficult to quantify) emissions mitigation benefits (see para.",0.7785273465243253
"â¢ DLI 3.1: Improvements to the wastewater network is expected to prevent leakage of around 9,000 kg of COD annually into primarily groundwater, mitigating methane emissions.",0.8669298345392401
"Based on the World Bankâs GHG Accounting Tool for Water Sector Lending Projects, improvements are estimated to result in a net annual mitigation of 25,705 tons CO2-e. â¢ DLI 3.3: treatment and reuse of livestock/poultry manure is expected through increased use of on-farm treatment facilities and organic fertilizer reuse (substituting for synthetic fertilizer).",0.9319889762184836
"Manure treatment and reuse is expected to be 1,048,300 tons (Hunan) and 473,100 tons (Jiangxi) due to Program activities.",0.7711641138250177
"Greenhouse gas mitigation from quantifiable Program activities over 15 years (tons CO2-e) DLI Activity Project gross emissions Baseline emissions Net emissions Net Average Annual Emissions 3.1 Wastewater 778,161 1,163,738 -385,577 -25,705 3.3 Manure 9,796,186 9,994,848 -198,662 -13,244 Total 10,961,424 10,574,347 â584,239 â38,949 46.",0.06620478630065918
"In total, the program is expected to realize at least 0.58 million tons CO2-e in emissions mitigation over a 15- year period, with an implied value (based on a shadow price of carbon) of US$ 17.9â36.3 million132 over the economic life of the Program.",0.8798975511030718
"Policies and plans implemented under DLI.2 are expected to lead to longer-term water quality improvements through reduced nutrient pollution and thus reduced eutrophication, 133 through their support for nutrient pollution mitigation (the integrated water and environment management plan for the Gan River).",0.8704241839322177
"Mitigation is also expected due to implementation of environmental water flows under DLI.2, due to stabilized water levels that supports aquatic vegetation and mitigates methane emissions.134 DLI.1 supports data platforms that underpin water quality management and pollution control, further contributing to longer- term mitigation benefits (see para.",0.8007355603304777
"132 The shadow price of carbon represents emissionsâ global externality value and is set at US$38 per ton (lower bound) and US$75 per ton (upper bound) in 2017, increasing by 2.25 percent per year.",0.8587310097434304
"This calculation represents the net present value (at lower and upper bound prices) of the quantified emissions mitigation at a 6 percent discount rate, over 15 years consistent with the economic analysis.",0.8698909065940164
Shadow Price of Carbon in Economic Analysis (link).,0.06638920307159424
A recent study calculated the present value of the global social cost of eutrophication-driven methane emissions from lakes at an annual amount of US$0.21â2.31 trillion (US$ 2015).,0.785829717462713
"Nature Geoscience, 14: 225- 30 (link)  The World Bank Yangtze River Protection and Ecological Restoration Program (P171644) ANNEX 4.",0.19592527909712357
"Implementation of the Program will follow the existing national, provincial, and sectoral legal framework and practices for fulfilling public financial management, public procurement, and governance responsibilities.",0.8620041933926669
"In Jiangxi, the Program covers about 100 counties included in the River Basin Eco-Compensation Mechanism for the â5-Rivers-1-Lakeâ Plan; in Hunan, the Program covers about the same number of counties included in the Integrated Water Environment Management Plan for Dongting Lake Basin.",0.7360789559104226
The FSA assessed the public financial management system and the public procurement system of key program implementing agencies and their line agencies.,0.22651754726063122
The assessment concludes that the Programâs fiduciary systems are adequate for meeting Bankâs PforR Policy and Directive requirements.,0.8383754383433949
Public Financial Management System.,0.45627247203480115
"The Budget Law of the People's Republic of China (PRC), issued in 2015 and revised in 2018, has set the budget management framework for the central government and local governments at all levels in China.",0.6391182379289106
"Jiangxi Province integrated fiscal transfers from the central government, budgetary funds from local governments and the market, and established Jiangxiâs River Basin Ecological Compensation Fund s ince 2016 (the Program the Bank will finance).",0.9528718428178267
The budget quota of compensation fund is distributed to city/county government in two tranches.,0.5368816635825417
"The first tranche which mainly comes from central government transfers is distributed in advance at the end of the previous year, and the second one mainly from provincial government is normally delivered in the second half of the current year.",0.7686121680519797
"The city/county government used to integrate the first tranche in their annual government budget, but the treatment of the second tranche is various.",0.23954140056263318
"Some counties included the second tranche in their annual budget based on the projection and made adjustment later on, while others just waited the distribution of budget quota.",0.12986535375768488
In Hunan province a program called âDongting Lake Water Environment Comprehensive Treatment Programâ has been approved by the State Council with total estimated budget of CNY 59.18 billion covering the period from 2018-2025.,0.885024677623402
"Instead, sectoral departments were required to integrate various available financing sources.",0.8701008883389559
"In addition, some of the upper level transferring funds are distributed to counties in the form of general budget rather than ear-marked budget, and counties are playing essential roles in deciding how to use the program funds although central and provincial government set up the requirement on minimized percentage of using transferring funds on program activities.",0.7641314593228427
"Per the countyâs self-reporting in 45 counties of Jiangxi province, the average utilization rate of the program funds was 90.67% in the past three years.",0.6860648935491388
"Through analyzing the final accounts in Hunan province for the past three years it is  The World Bank Yangtze River Protection and Ecological Restoration Program (P171644) noted that Hunan used about CNY 24.34 billion on water environmental management from the year 2018 to 2020, roughly matching the total allocated budget, indicating program activities were mostly implemented as planned.",0.8739874579689719
Governments at all levels have integrated all financial funds into the treasury single account (TSA) system.,0.8438784859397195
"Following the national policy and regulations issued by the MOF and NDRC, the provincial governments have issued a series of regulations regarding fund management, implementation measures, and result verification procedures, and so on.",0.8540071140636097
"TBL focuses on construction related works, goods, and consulting services, while GPL focuses on fiscal budget funds financed purchasing activities carried out by government departments, institutions, and organizations.",0.04961755600842563
"The demarcation line is not very clear between the two until the issuance of monetary threshold135 for tendering and bidding activities by NDRC and guidance documents by the MOF, NDRC, and respective line ministries.",0.8674807982011274
"The assessment analyzed data, interviewed, and discussed in person with procuring entities and public transaction centers (mandated by government for providing service and supervision to purchasing activities through open and selective bidding) on procurement legal framework implementation in practice.",0.32765730944546784
The line government agencies plan and get approval the activities to be carried out under the Program; the procurement agent assist the procuring entity (government agency itself or its delegated agencies) to prepare procurement documents and facilitate the procurement process; design institute provides technical contribution to the procurement process; supervisor monitors contract implementation; transaction center provides service to procurement process and supervises 135   The World Bank Yangtze River Protection and Ecological Restoration Program (P171644) the process simultaneously; the selected supplier / contractor / consultant implements the contract as agreed with the employer / purchaser / client.,0.7282917716286399
"During the fiduciary assessment, the major financial management risks have been identified and mitigation measures provided: (a) The financing sources of the program is quite comprehensive as it integrates funds from very broad sources and some of them are one time compensation funds.",0.8680565573952415
Multiple-year program budgeting should be prepared to ensure program funds could be secured and county government could prioritize its investment to enhance the efficiency of its scarce financing resources.,0.8154274333607067
(b) Budget quota was distributed to counties/cities in batches and some program funds were delivered in the second half year or even the year end which prevents the county government from including the entire program funds in its annual budget and delays the implementation of planned activities.,0.21241380951621316
"A blue tagging mechanism which can trace program expenditures from government existing integrated financial management system has been recommended and it is expected to be piloted, especially in those demonstration counties, during project implementation.",0.871466029774059
This also creates fundamental basis for generating program financial reporting from the Government treasury system.,0.3084930723363703
A tailored program financial reporting templet will be designed which can capture the data from government system and used by the project upon agreed by related government entities.,0.39402935721657495
Provincial entities involved should strengthen the supervision on program funds in line with related government decrees.,0.8490690751509233
The Bank will work with the Provincial Audit Offices (PAO) to develop the terms of reference (TOR) for program auditing to ensure program funds could be audited in line with the Bankâs policy.,0.733397743918679
"To avoid substantial deviation between contract price and the prevailing market price level, the PMO is required to regularly update the cost estimate by taking account of market variants in a timely manner to ensure realistic value for money is being achieved.",0.8774290951815519
"Human, financial and policy resources should be allocated by Hunan and Jiangxi PDRCs for close monitoring contract implementation progress to minimize or avoid foreseeable cost overruns and/or implementation delays.",0.9371239922263406
"Program Fiduciary Systems Risks and Mitigation Measures Risk Mitigation Action The contracts may be awarded to firms or individuals which are PAP: (1) The PDRC shall, upon Program loan effectiveness, issue a high- debarred or under temporary suspension by the World Bank or other level official letter or official instruction to implementation agencies to multilateral development banks.",0.833976225419478
"The financing sources of the Program are quite comprehensive, PIP: Multiple-year program budgeting should be prepared to ensure integrating funds from very broad sources, and some of them are Program funds could be secured and the county government could one-time compensation funds; budget quota was distributed to prioritize its investment to enhance the efficiency of its scarce financing counties/cities in batches and some Program funds were delivered in resources; provincial entities should revisit their budget quota 136   The World Bank Yangtze River Protection and Ecological Restoration Program (P171644) Risk Mitigation Action the second half of the year or even the year-end, which prevents the distribution and take actions to ensure the budget quota could be county government from including the entire Program funds in its distributed to the county/city in advance.",0.9033947857943448
âProgramâ is not a budget classification element in China and the PIP: A blue tagging mechanism which can trace Program expenditures required Program financial reporting cannot be generated from the from the Governmentâs existing integrated FM system has been Government treasury system.,0.013812588019804522
Provincial finance departments will decide when and how to implement this piloting by considering the readiness of government reform on the integrated financial management information system.,0.8545913696289062
Provincial entities involved should strengthen the stipulated in government decrees were not strictly implementation supervision on Program funds in line with related Government decrees.,0.8632624366066672
"The Price Commitment Method displays the estimating process is robust and that unit prices are regularly updated procurement principles of being open, fair, and transparent but it is to ensure the cost estimate is as accurate as possible.",0.03544527292251587
"Proposed fiduciary implementation support includes the following: â¢ Review Program implementation progress, including achievement of Program results and PAP implementation.",0.6172219623218883
â¢ Monitor application of the PforR anticorruption guidelines.,0.14608317071741278
"â¢ Monitor performance of the fiduciary systems and the audit report, including the implementation of the PAP.",0.855766469782049
â¢ Monitor the PforR financial statement reporting process and assist the client as necessary.,0.6715352751991965
"â¢ Monitor the contracts implementation, including cost, time, and quality control.",0.8537490151145242
"â¢ Monitor changes in fiduciary risks of the Program and, as relevant, compliance with the fiduciary provisions of legal covenants.",0.8623005260120739
 The World Bank Yangtze River Protection and Ecological Restoration Program (P171644) ANNEX 5.,0.831456184387207
The Program will support improvement in water and ecological quality in river and lake basins in Jiangxi and Hunan and is thus expected to bring overall E&S benefits.,0.7836947007612749
The implementation of activities under the Program will rely on the existing national and provincial legal framework and institutional system for managing E&S issues.,0.7603763233531605
"The Program will support pollution control and ecological restoration activities including construction and upgrading of county and township wastewater treatment plants and pipelines, agricultural plastics collection and recycle, waste treatment of existing livestock farms, and institutional and capacity-building activities.",0.8180541125210848
These activities will generate E&S benefits of reduced pollutant discharge to water bodies and improved river and lake water quality and basin ecological environment.,0.598660642450506
"Activities with the potential to cause significant adverse impacts on the environment and/or people are excluded, including activities that (a) involve closure or relocation of livestock, poultry, or aquaculture farming; (b) involve large-scale infrastructure construction; (c) have substantial impacts on river hydrology and ecology; and (d) involve the allocation or conveyance of water, including inter-basin water transfers or other activities, resulting in significant changes to water quality or availability.",0.622774904424494
Assessment of Environmental and Social Management System.,0.7320148294622247
"A comprehensive review of the legal and regulatory framework for E&S management relevant to the activities supported under the PforR was conducted, including institutional arrangements, management procedures and their implementation, institutional capacity, and performance.",0.8579919988458807
"Overall, China has established a comprehensive system for the management of E&S issues at both national and provincial levels (including Jiangxi and Hunan provinces), which consists of laws, regulations, guidelines, specifications, and standards principally consistent with the World Bankâs PforR Policy and Directive.",0.8577906868674539
Environmental Management System.,0.8084946545687589
"Since the promulgation of its first Environmental Protection Law in 1979, China has gradually established a comprehensive environmental management legal framework, becoming one of the regionâs most dynamic environmental law frameworks.",0.8553214506669478
"In recent years, the Government of China has worked to reform its environmental management system by enhancing its law enforcement and prevention approach.",0.8757488944313743
"A set of laws, regulations, and technical guidelines have beenâor are in the process of beingâissued or updated by national and local governments regarding EIA for construction projects and OHS management.",0.8785568584095348
"The key PforR government stakeholders involved in environmental, health, and safety management include various levels of ecology and environment bureau (EEB), health commission, emergency management bureau, construction bureau, water resource bureau, and agriculture and rural affairs bureau.",0.8031865900213068
"The EEB is responsible for reviewing  The World Bank Yangtze River Protection and Ecological Restoration Program (P171644) and approving the EIA documents and supervising the environmental compliance of activities under this PforR during the construction and operation phases; the water resource bureau reviews and approves the projectsâ water and soil conservation reports; the emergency management bureau and health commission take overall responsibility of OHS management; the construction bureau has sector management authority for wastewater and solid waste projects; and the agriculture and rural affairs bureau supervises the activities involving fertilizer, agricultural plastics, and livestock waste.",0.8663497404618696
"Consultations of government departments at provincial, county, township, and village levels and site visits to typical projects in selected counties of Jiangxi and Hunan provinces, have demonstrated that the domestic environmental management systems, implementation mechanisms, and institutional arrangements related to the Program activities are principally consistent with the World Bankâs PforR Policy and Directive and can provide a generally effective management framework for the implementation of the Program activities.",0.855969949202104
"The assessment results also indicate inadequacies in the implementation of some environmental management systems, mainly including weak environmental protection and participation awareness of farmers in chemical fertilizer reduction and agricultural plastics recycling, and inadequate OHS training for contracted and temporary workers involved in the waste collection activities.",0.5490800684148615
"Subject to the potential social impacts and risks identified, the social system assessment focused on the dimensions concerning social impacts and risks assessment and management system, cultural heritage protection, occupational health and community safety, land acquisition and resettlement, public participation, ethnic minorities, and vulnerable groups.",0.3279447989030318
"Jiangxi and Hunan have established management agencies with clear responsibilities and qualified staff at the provincial, municipal, and county levels for managing corresponding social risks and impacts.",0.8208153464577415
The cultural departments are responsible for managing adverse impacts on physical cultural heritage.,0.4158269708806818
"The natural resource bureaus enforce land acquisition, compensation, and resettlement with the support of and coordination by township governments and village committees.",0.8251557783647017
"The assessment concluded that although the national and provincial system for addressing E&S impacts is principally consistent with the World Bankâs PforR Policy and Directive, opportunities do exist for strengthening the efficiency and effectiveness of E&S risk management under the Program.",0.8298032067038796
The key recommendations are as follows: (a) Provide training on chemical fertilizer use and agricultural waste management to farmers.,0.8217804648659446
"(b) Hunan provincial (and county) agriculture and rural affairs bureau should establish a sustainable incentive mechanism to increase the collection rate of agricultural plastics, in which the existing jobholders should be appropriately considered, for example, the village cleaners.",0.8363774039528586
(c) Enhance the OHS management of the enterprises involved in the Program activities.,0.47006841139359906
"The PIAs shall monitor and record the implementation of social impacts and risks (including land acquisition and resettlement impacts, support for vulnerable groups, and so on) screening, mitigation measures implementation, information disclosure, public participation, and GRM.",0.09352700276808305
(a) Provincial and county agriculture and rural affairs bureaus shall provide trainings on chemical fertilizer use and agricultural waste management to farmers.,0.5440875833684747
 The World Bank Yangtze River Protection and Ecological Restoration Program (P171644) .,0.8291378021240234
"PROGRAM ACTION PLAN Action Description Source DLI# Responsibility Timing Completion Measurement Provide training on Environmental DLI 5 PDARA and CDARAs Other Throughout Hunan and Jiangxi PPMOs will chemical fertilizer and Social Program submit semiannual progress use and agricultural Systems implementa reports to the World Bank, waste management tion stage including a training program for to farmers.",0.8777867230502042
"chemical fertilizer use and agricultural waste management, and relevant records.",0.35755965926430444
"Provide Environmental PPMO Other Throughout Hunan and Jiangxi PPMOs will occupational health and Social Program submit semiannual progress and safety (OHS) Systems implementa reports to the World Bank, training and carry tion stage including OHS training and out health health checkup records.",0.7826851064508612
Include in the TOR Fiduciary PPMO Recurrent Yearly A copy of the TOR is sent to the for annual external Systems Bank audit the task of randomly selecting awarded contracts to check whether they have been awarded to firms or individuals debarred or suspended by the World Bank.,0.7048337242820046
Issue official Fiduciary PPMO Recurrent Continuous Agencies report to the Bank letter/instruction Systems each occurrence of F+C within 1  The World Bank Yangtze River Protection and Ecological Restoration Program (P171644) to implementation month.,0.0762282284823331
Issue procedures or Fiduciary PPMO Recurrent Semi- Provincial notification is issued a guidance note Systems Annually and provided to the Bank as defining the part of the PIP contract administration responsibilities in line with the regulatory framework Establish a cost Fiduciary PPMO Recurrent Continuous Reflect the status in the estimating process Systems Program progress report for regularly updating the unit price used in procured contracts.,0.8709428093650124
 The World Bank Yangtze River Protection and Ecological Restoration Program (P171644) ANNEX 7.,0.831423586065119
The supported activities will promote cross-sectoral coordination and inter-jurisdictional cooperation toward improved water quality and ecological protection in the Yangtze River Basin.,0.6906576156616211
"This annex describes the central component motivation, connection to the provincial Program components, activities, financing, fiduciary, environmental, and social considerations.",0.8633358695290305
A Program Steering Committee (PSC) will be led by the Office of the Leading Group for the Development of the Yangtze River Economic Belt under NDRC (YREB Coordination Office).,0.833030874078924
The Central Program Management Office (CPMO) will be hosted by the Changjiang (Yangtze) Water Resources Commission (CWRC).,0.858855507590554
"The CWRC is a river basin authority under the MWR, with a mandate to undertake integrated water resources management (including water conservation and allocation), basin planning, water infrastructure construction, and scientific and policy research.",0.8835497769442472
"The CPMO will be responsible for coordination, reporting, management, including management of E&S social aspects, and M&E of the activities under the Central Basin IPF, the provision of capacity building, support to the PSC, along with Program implementation support, including consolidated Program reporting.",0.12314548275687477
"The CWRC will host the CPMO given its alignment between its mandate and the Program objectives, plus technical capacity, to ensure an integrated river basin approach.",0.8711926720359109
"139 The selected executing agencies will be required to establish a Management Office, headed by a qualified officer and supported by adequate staff, to manage all activities until completion.",0.7300181822343306
"The engagement of public institutes established practice in World Bank-financed projects in China, including in the GEF Mainstreaming Integrated Water and Environment Management Project (P145897), Economic Transformation and Institutional Capacity Building Project (P144270), Building a Modern Fiscal System Technical Assistance Project (P154694), Yunnan Highway Asset Management Project (P132621), and Guangdong Compulsory Education Project (P154621).",0.3803543611006303
 The World Bank Yangtze River Protection and Ecological Restoration Program (P171644) Figure 7.1.,0.24065685272216797
"Activities supported by the Central Basin IPF are motivated by the objectives, roles, and responsibilities outlined in the Yangtze River Protection Law.",0.8204102949662642
"It defines high-level obligations on central, basin, provincial, and county governance including (a) basin-level coordination mechanisms; (b) standards, technical guidelines, and strategies for management of resource protection, ecosystem restoration and protection of biodiversity, along with pollution control; (c) provincial institutional strengthening, policy, and strategic planning; (d) sub-basin-level TA and innovations for integrated water environment management; and (e) county-level activities focused on reducing pollution loads, including plastics.",0.8745792562311346
"The central component activities support the central government's implementation of the law across these areas (described in the following paragraphs), and further support provinces in implementation of the law in their areas of responsibility also through links to the provincial sub-programs.",0.5251073403791948
These are aligned with the roles and responsibilities outlined in the Yangtze River Protection Law.,0.7665713050148704
Activities are arranged into five sub-components: â¢ Sub-component 1 - Operationalization of the basin-level river chief system collaboration mechanism.,0.6728674715215509
"The sub-component will support establishment of a basin-level RCS collaboration mechanism (a forum for decision-making, coordination, and learning) within the CWRC to promote the coordination of river protection and restoration activities by river chiefs, and the establishment of a basin-level information sharing platform, envisaged to be linked to the existing national-level platform and provincial-level platforms.",0.8678725849498402
The working rules for the collaboration mechanism were drafted in 2021 with World Bank  The World Bank Yangtze River Protection and Ecological Restoration Program (P171644) financing.140 Basin-wide data sharing and a collaboration mechanism aim to increase the alignment of river chief activities with basin-wide priorities.,0.8834315213290128
â¢ Sub-component 2 - Research on ecological protection and restoration of lakes and tributary systems.,0.020927835594524036
The objective of this sub-component is to provide research inputs for policies and technical guidelines for freshwater ecosystem restoration and protection.,0.8169787146828391
"As stipulated by the Yangtze River Protection Law, basin- level guidelines are required at the basin level for river health and ecological flow.",0.11545960469679399
This research will provide guidance in implementing river health and ecological flow under the law.,0.8247671994295988
This sub-component will support research on freshwater ecosystems and river health using field surveys and desktop reviews to inform the guidelines.,0.007420298050750385
It will support the following activities: (a) Research for river health guidelines.,0.6015929742292925
"The activity outputs will include technical guidelines for the assessment of aquatic ecosystems, focusing on the Dongting Lake, Poyang Lake Basins and tributaries to the Yangtze River.",0.7569751739501953
"This activity focuses on Poyang Lake and Dongting Lake, which are target sub-basins within the Program's provincial components, along with important tributaries such as Jialing River, Wujiang River, and Chishui River.",0.5898464809764515
"The activity will propose mechanisms for coordinating protection and restoration efforts for the lakes, drawing on field surveys, desktop reviews, and domestic and international knowledge and best practices analysis.",0.8584073673595082
â¢ Sub-component 3 - investigation and tracing of water pollution sources.,0.4125296852805398
The objective of this sub- component is to provide research inputs for management strategies and technical guidelines for persistent pollutants in the Yangtze River Basin.,0.8689252679998224
"This includes research on phosphorus sources and flows, which will support a total phosphorous management framework for the Yangtze River Basin, coordinated emergency response mechanisms and a set of technological solutions for the Yangtze River Basin, as required by the Yangtze River Protection Law and the provincial 14 FYPs.",0.8773657191883434
The objective of this sub-component is to develop innovative incentive mechanisms for ecosystem protection.,0.8156813708218661
"This activity will investigate the economic value of ecosystem services in the Yangtze River Basin; determine methods for integrating ecological data into existing statistical accounts; and design eco-compensation mechanisms and pollution fee standards for water quality, quantity, and ecological assets.",0.8726818778298118
"The activity will address current difficulties in measurement, trading, liquidity, and property rights definition in eco-compensation and trading programs.",0.8697379719127308
"140The Economic Transformation and Institutional Capacity Building Project (P144270) provided financing for TA on a range of priority reform areas, including river basin management.",0.9465821006081321
 The World Bank Yangtze River Protection and Ecological Restoration Program (P171644) â¢ Sub-component 5 - capacity building and program implementation support.,0.8626233881170099
The objective of this sub- component is to promote data sharing and technical capacity and support program implementation.,0.7468116933649237
"This activity will help strengthen technical capacity in sub-national institutions for river basin water environment management, including implementation of the technical guidelines and standards informed by research undertaken in sub- components 2â4.",0.8909859223799272
The cost table for the Central Basin IPF prepared by NDRC/CWRC has been reviewed by MoF who have confirmed up to CNY 48 million equivalent to be financed through the IBRD loan as part of the YRPERP.,0.8679119456898082
"However, the actual amount during implementation will be based on the annual workplans agreed with the World Bank, and further reviewed through internal government budget processes.",0.3140882578763095
The Central Basin IPF component focuses on Type II TA activities and would have broad E&S benefits.,0.46755912087180396
The Central Basin IPF aims at promoting cross-sectoral coordination and inter-jurisdictional cooperation toward the common goals of improving water quality and ecological protection in the Yangtze River Basin.,0.8193602128462358
"The Programâs Central Basin IPF primarily consists of TA activities with regard to Yangtze River Basin water and environmental protection, including investigation and traceability of water pollution, inter-correlation of water ecosystems, case studies of systematic environmental protection and restoration, ecological protection incentive programs, and related capacity-building and international knowledge exchange activities.",0.7109918594360352
"The Central Basin IPF is not anticipated to support any physical activities, directly draft policies or regulations, or support feasibility studies/technical designs for future investment projects.",0.931738940152255
"For example, there could be construction/operation nuisance and community health and safety risks from civil works of physical investment projects following the TA recommendations, such as wastewater and solid waste collection and treatment facilities, sampling and monitoring stations, ecological remediation and river/lake connection works, and so on.",0.7642919367009943
"Studies aiming to reduce pollutants (for example, phosphorus and plastic waste) released in the river basin may have downstream implications on resource efficiency and pollution management, such as relocation/shutting down/upgrading of industrial enterprises; reduced use of chemical fertilizer and pesticides; agricultural and industrial water efficiency improvement; and control and disposal of hazardous chemicals, agricultural wastes, and plastic wastes.",0.7350750836459073
"The studies will also need to consider and assess potential impacts on aquatic life, water rights, water uses, ecosystem services and broader implications from the perspectives of hydrology, climate change, sedimentation, urbanization, and industrialization.",0.08038874105973677
"Implementing the Central Basin IPF itself would have moderate social risks, mainly related to health and safety for field workers and meaningful  The World Bank Yangtze River Protection and Ecological Restoration Program (P171644) stakeholder engagement.",0.7812382091175426
"However, adopting and enforcing the study outputs could have potentially significant downstream social changes among relevant communities; enterprises; institutions; and vulnerable groups (such as ethnic minorities, the workers, farmers, and so on) through regulating land and resources use and constructing and operating physical facilities to improve water quality and improve ecological environment, and so on.",0.8362924402410333
An ESMF and an SEF have been prepared for the Central Basin IPF consistent with the ESF.,0.27961965040727094
"The ESMF screened the potential E&S risks and established the principles, procedures, and requirements for managing the underlying E&S risks and impacts of the TA activities.",0.8571198203346946
Both the ESMF and SEF provide operational guidance for applying relevant ESSs to TA activities and creating added value for enhancing the operationality of policy recommendations while incorporating solid considerations on significant E&S risks.,0.8478227095170454
"The TORs for TA activities, subject to the World Bankâs prior review, shall require TA implementing agencies to have E&S specialistsâ input on E&S analysis consistent with relevant ESS, and also carry out meaningful stakeholder engagement throughout the TA activities.",0.6465271602977406
"The CPMO shall ensure that the TA implementing agencies shall carry out a focused E&S assessment to assess the potential downstream risks, and the policy recommendations shall include appropriate recommendations consistent with ESF requirements.",0.6650740016590465
The CPMO will monitor the E&S performance of the Central Basin IPF and report to the World Bank on a semiannual basis.,0.8598350178111683
Fiduciary Financial Management 13.,0.6996225877241655
The CPMO established within the CWRC is responsible for the overall financial management of the central component.,0.8600117076526989
The financial staff are required to take the self-learning on the E-learning platform developed by the World Bank and pass the test before the signing of loan agreement.,0.5465513142672452
"Since it is hard to define the scope of government investment and collect the required financial data, it is agreed that the Central Basin IPF will be solely financed by IBRD loan and no counterpart funds will be accounted and reported.",0.9420532746748491
141   The World Bank Yangtze River Protection and Ecological Restoration Program (P171644) The loan agreement will be signed between IBRD and the Peopleâs Republic of China through its MOF.,0.8654578815806996
One DA in Chinese yuan will be opened and managed by the CWRC.,0.7209001887928356
"Direct payment and reimbursement from the loan account may also be used, provided the WA value is above the minimum application amount.",0.841753439469771
"The World Bank loan for the IPF component would disburse against 100 percent of eligible expenditures (taxes inclusive), consisting of goods, consulting services, non-consulting services, training and workshop, and incremental operating costs.",0.924017299305309
"Retroactive financing not to exceed US$1.5 million will be allowed for payments made prior to the date of the Loan Agreement for the Project, but on or after  as specified in Loan Agreement, for eligible expenditures under the Central Basin IPF.",0.8851727572354403
The CWRC will prepare annual loan utilization plan and submit to MOF for approval by the end of November each year.,0.8499589399857954
The approved annual plan will be submitted to the World Bank as well.,0.8676422292535956
The World Bank loan proceeds will flow from the World Bank into project DA to be set up at and managed by the CWRC.,0.8788841420953925
"To ensure proper usage of project funds, payment requests will be prepared by CPMO and reviewed by related divisions of the CWRC by following its internal procedures (the procedures have been documented in project financial management manual).",0.7844690843061968
"A centralized project financial management mechanism would be adopted in the project, that is, all project disbursement- and financial management-related tasks would be handled by the PMO within the CWRC.",0.7920863411643289
13: âAccounting Regulations for the Bank-financed Projectsâ issued by the MOF will be adopted in the project.,0.8636002974076704
"PMO will be managing, monitoring, and maintaining its project accounting records for the activities they execute.",0.8287102959372781
"The unaudited semiannual project interim financial reports (format and content in accordance with the abovementioned Circular No.13 agreed with the MOF) will be prepared and furnished to the World Bank by PMO no later than 60 days following each semester, in form and substance satisfactory to the World Bank.",0.8642624941739169
PMO will be responsible for day-to-day FM work and submitting project financial reports to the World Bank in compliance with legal documents; (b) the CWRC will oversee the project DA and the using of the World Bank loan for its intended purpose; (c) appropriate FM duty segregation in the PMO; and (d) annual external audit to evaluate the performance of the overall internal control system.,0.35112701762806287
The foreign funds audit center within CNAO has been assigned by CNAO as auditor for the project.,0.31036988171664154
"The annual audit report will be issued by the foreign funds audit center, who have extensive experience with previous World Bank projects and is deemed acceptable to the World Bank.",0.8288582888516512
"In addition, according to CNAOâs quality  The World Bank Yangtze River Protection and Ecological Restoration Program (P171644) assurance procedures, each first yearâs audit report issued by the audit center should be reviewed by CNAO before the audit report is submitted to the World Bank.",0.8493390516801314
The CPMO will be responsible for submitting the annual audit report of the project financial statements to the World Bank within six months after the end of each calendar year (June 30).,0.859942002729936
This requirement is stipulated in the Loan Agreement.,0.6836508837613192
"Procurement for the central IPF component will be carried out in accordance with the âWorld Bank Procurement Regulations for IPF Borrowersâ, dated November 2020 (hereafter referred to as the World Bank Procurement Regulations), as required by the provisions of the Legal Agreement.",0.866496432911266
"The World Bankâs Systematic Tracking of Exchanges in Procurement (STEP) tool will be used to prepare, clear, and update PPs and record all procurement transactions.",0.8252383145419034
"Working closely with the CWRC are various public entities that could be selected as executing agencies, in accordance with eligibility criteria acceptable to the World Bank, for implementing activities covering their respective mandates following government policies and arrangements.",0.8357797102494673
"The remaining activities under the project (apart from activities to be carried out by selected executing agencies), and any contract-based procurement carried out by a selected EA (apart from incremental cost financed activities) will follow the World Bank Procurement Regulations (November 2020) for selection of the most appropriate consultant(s) / supplier(s) / contractor(s) to carry out the assignment(s).",0.8251554315740411
"The Basin IPF would finance TA, goods and non-consulting services, and incremental operating expenses.",0.8689810145984996
Major activities under the Central Basin IPF focuses on five aspects: (a) 142   The World Bank Yangtze River Protection and Ecological Restoration Program (P171644) coordination mechanisms; (b) policy support for ecological protection and environmental restoration; (c) policy and technical support for water pollution; (d) policy support for ecological incentive mechanisms; (e) capacity building and program support.,0.8450482975352894
"State owned research institutions, colleges, associations, and consulting companies may be eligible to participate only if they meet the Bankâs eligibility and conflict of interest requirements as stated in the Regulations.",0.5730003010142933
"Based on paragraphs 4.1â 4.5 of the World Bankâs Procurement Regulations, a PPSD and an accompanying project PP have been prepared by the CPMO in close consultation with the World Bank.",0.8514861193570223
"The PPSD states how procurement activities will help the project achieve its development objective and deliver best value for money using the fit-for-purpose procurement and risk-managed approach, giving due consideration to specific project needs and to the countryâs operational and market context.",0.30291240865534
The PP will be updated in a way that reflects actual implementation needs and institutional capacity and will be agreed upon by the World Bank through STEP.,0.3776092529296875
"This ensures comprehensive information on procurement and implementation of all contracts for goods, non-consulting services, and consulting services awarded under the whole component will automatically be made available.",0.8119083751331676
"This tool will be used to manage the exchange of information (such as procurement documents, bid evaluation reports, no objections, contracts, and so on) between implementing agencies and the World Bank.",0.8533000946044922
The World Bank team will provide training to the borrower on how to establish its account and use the STEP tool.,0.8375374187122692
"These will need to be followed for project procurement activities, which will be agreed upon based on specific World Bank procurement requirements and the justifications provided in the PPSD.",0.40607413378628815
"In addition to prior review, supervision carried out from the World Bank offices, World Bank procurement supervision missions will visit the field at least once a year to carry out procurement supervision or post-review of procurement activities.",0.8405966325239702
 The World Bank Yangtze River Protection and Ecological Restoration Program (P171644) ANNEX 8.,0.8315153988924894
Support for implementation of the PforR will require close attention and continuous support from the World Bank team.,0.019479327581145546
"Emphasis is placed on (a) supporting early-stage implementation and building institutional capacity; (b) reviewing implementation progress (including that of the PAP) and achievement of Program results and DLIs; (c) providing support to resolve emerging implementation issues; (d) monitoring the adequacy of systems performance, and monitoring compliance with Legal Agreements; and (e) supporting the Government in monitoring changes in risks.",0.8534143621271307
"The strategy and approach for implementation support includes an emphasis on the technical, fiduciary, and E&S support needed during implementation.",0.8607687516645952
"The World Bank team provided technical expertise during preparation and will continue to provide technical support during implementation, as well as guidance to the agencies on Fiduciary and E&S aspects to ensure completion of the actions agreed in the PAP.",0.8569358478892933
"Implementation support from the procurement and financial management team will focus on reviewing and monitoring compliance with the Governmentâs own systems and the actions defined in the PAP, while the implementation support will also provide TA to address shortcomings identified during the assessment, most notably around audits and the reporting expenditures.",0.41901831193403766
"Main Focus of Implementation Support Resources Time Focus Skills Needed Estimate (Staff Weeks) First 12 â¢ Implementation of program management systems â¢ Core team, 72 months â¢ Setting up cross administrative-level coordination mechanism particularly technical, â¢ Staff capacity building, on-the-job training on E&S and fiduciary FM, procurement, â¢ Procurement process and training E&S experts â¢ E&S training, support to implementation of policy requirements â¢ Integrated water and â¢ Technical support to activities and implementation environment â¢ Financial management and disbursement training and capacity management expert building 12â48 â¢ Technical support to implementation â¢ Core team, 120 months â¢ Conduct policy and technical research particularly technical, â¢ Review of environmental, social, and financial performance of FM, procurement, central components E&S experts â¢ Continued improvements in project management systems â¢ Integrated water and including fiduciary and safeguards environment â¢ Program Midterm Review management expert  The World Bank Yangtze River Protection and Ecological Restoration Program (P171644) Resources Time Focus Skills Needed Estimate (Staff Weeks) Other â¢ Completion of activities â¢ Core team, 56 â¢ Capacity building and facilitate knowledge exchange and events particularly technical, â¢ Support technical and financial analysis of program investments FM, procurement, â¢ End-term evaluation and client ICR E&S experts â¢ Integrated water and environment management Table 8.2.",0.887747504494407
"Task Team Skills Mix Requirements for Implementation Support Skills Needed Number of Number of Trips Comments Staff Weeks Three in the first year, two Task team leader/program management 10 annually Internationally based staff thereafter Three in the first year, two Task team leader(s)/program management 14 annually Country office-based staff thereafter Procurement specialist 3â6 annually Two per year Country office-based staff Financial management specialist 3â4 annually Two per year Country office-based staff Operations specialist 4â6 annually Two per year Country office-based staff Environmental specialist 3â4 annually Two per year Country office-based staff Social specialist 3â4 annually Two per year Country office-based staff M&E specialist 4â6 annually Two per year Country office-based staff Integrated water environment expert 2â4 annually Two per year Consultant (national) Solid waste management expert 2â4 annually Two per year Consultant (national) Big data and AI expert 2 annually One per year Consultant (national) Note: AI = Artificial Intelligence.",0.5937863696705211
 The World Bank Yangtze River Protection and Ecological Restoration Program (P171644) ANNEX 9.,0.8273774927312677
Ms. Delphine Arri Senior Environmental Engineer SENGL 2.,0.19984984397888184
Ms. Ping Zuo Senior Social Specialist Consultant SEAS1  The World Bank Yangtze River Protection and Ecological Restoration Program (P171644) ANNEX 10.,0.6673682819713246
MAPS  The World Bank Yangtze River Protection and Ecological Restoration Program (P171644) ,0.46606922149658203
