seq,ecological domination
"A nationwide survey conducted in 2018 revealed that 29 percent of the country’s rivers and lakes exhibited poor water quality.2 Recognizing these risks, the government has developed national strategies for environmental protection and sustainable development.",0.43515513160011987
"China is actively promoting ecosystem restoration3 and biodiversity conservation, as evidenced by its presiding role in the fifteenth Conference of the Parties (COP-15) Convention on Biological Diversity (CBD) in 2022.",0.6157044930891558
"These include: (a) provisioning of water, food, and other products critical to society; (b) supporting aquatic, riparian and terrestrial biodiversity; and (c) carbon sequestration and protection from climate-exacerbated natural disasters.",0.03281816569241611
“Characterizing the River Water Quality in China: Recent Progress and On-going Challenges.” Water Research 201: 117309.,0.1637361483140425
"3 Restoration can be defined as the process of halting and reversing degradation, resulting in improved ecosystem services, and recovered biodiversity.",0.7629438747059215
Scaling Up Ecosystem Restoration Finance: A Stocktake Report (English).,0.7919829108498313
"For the purposes of this Program, a series of domestic and international technical standards will be applied to verify whether restoration has taken place.",0.6567608226429332
 The World Bank China: Yellow River Basin Ecological Protection and Environmental Pollution Control Program (Gansu and Shandong) (P178401) 4.,0.8244791897860441
"Consequently, water security is becoming increasingly vulnerable in China, particularly in the northern and northwestern regions where available water is anticipated to decrease by up to 24 percent by 2050.5 Water security serves as a foundation for essential ecosystem services, particularly in water-scarce river basins such as the Yellow River Basin (YRB).",0.5322382666847922
"As a result, water conservation and ecosystem restoration have become crucial tasks in river basin management throughout China.",0.752958211031827
"7 Recognizing these important factors, China officially announced the Yellow River Basin’s ecological protection and high-quality development as one of its national strategies.",0.7403127496892755
"Water scarcity, coupled with competing development-related demands on natural resources, poses a serious challenge to the inclusive and sustainable development of the YRB.",0.7987485365434126
"Estimates by the Ministry of Water Resources (MWR) suggest that the river’s natural annual flows have decreased significantly, with the 2001–2015 annual average being 25 percent lower than that in 1956–1979.9 In addition, the water resources development and utilization rate – the ratio of total water use to total water resources in a river basin or region – has reached 80 percent, significantly exceeding the nationally determined sustainable utilization threshold of 40 percent.10 5 Mo, Xing-Guo, Shi Hua, Zhong-Hui Lin, Su-Xia Liu, and Jun Xia.",0.18842703645879572
8 Ministry of Water Resources.,0.14841143651442093
9 Ministry of Water Resources.,0.0974042523990978
  The World Bank China: Yellow River Basin Ecological Protection and Environmental Pollution Control Program (Gansu and Shandong) (P178401) 7.,0.8237268274480646
"Ecosystem degradation is a multidimensional problem, demanding cross-sectoral integrated land and water resource management solutions at the basin level.",0.8514378287575461
"After devastating floods occurred in several major river basins – including the Yangtze River Basin and the Yellow River Basin – in the late 1990s, the Government successfully initiated six key forestry and “Grain for Green” conservation programs as the core of the “National Ecological Restoration Plan” to address the soil and water erosion issues.",0.8359445225108754
"These programs increased the country’s forest area significantly and provided biodiversity, carbon sequestration, and recreational benefits.",0.3822032321583141
"However, without integrated planning, restoration outcomes could be undermined by persistent degradation drivers, such as unchecked pollution and competition for limited water.",0.857352690263228
"For example, water use for revegetation in the Loess Plateau is reportedly reaching the upper limit for water resource sustainability.13 An integrated landscape approach, as reflected in the official technical guidance on the ‘Mountain-River-Forest-Farmland-Lake-Grassland-Desert” approach jointly issued in 2020 by the Ministry of Natural Resources (MNR), the Ministry of Finance (MOF) and the Ministry of Ecology and Environment (MEE), attempts to optimize the spatial interventions and interactions among a range of land cover types, institutions, and human activities in watersheds.",0.8260133916681464
"This helps to balance sectoral priorities and the competing demands on land and water resources, and enhancing ecosystem services.",0.8598694367842241
"Acknowledging the trade-offs and the competing demands on scarce water resources for both ecosystem preservation and transitioning to a high-quality development path, China's declaration of a national strategy of Yellow River Basin Ecological Protection and High-Quality Development (YRB EP&HQD) in 2019 underscores the significance of integrated ecosystem restoration and protection.",0.8635912808504972
"The national strategy for YRB EP&HQD was followed by a national YRB EP&HQD Plan (hereafter referred to as ‘the YRB Plan’) issued in 2021, which is an overarching document that provides the guiding principles, emphasized ecological protection as a pre-requisite for high-quality development in the YRB.",0.7963125055486505
"A national Leadership Group, headed by the Vice Premier and housed in the National Development and Reform Commission (NDRC), was established at the same time to coordinate cross-sector and inter- jurisdictional issues for implementing the YRB Plan.",0.40277914567427203
" The World Bank China: Yellow River Basin Ecological Protection and Environmental Pollution Control Program (Gansu and Shandong) (P178401) implementing provincial plans (including various sectoral plans), and municipal and county governments are responsible for implementing programs and activities at the local level.",0.8525031696666371
"The country’s 14th Five-Year Plan (FYP) for National Economic and Social Development 2021-2025 and its Long-term Vision for 2035, both announced in 2021, set ecological protection, natural resource management, and climate change adaptation as top national priorities.",0.8179574446244673
"The Yellow River Protection Law was approved by the National Congress in October 2022, further providing the legislative foundation for implementing the YRB plan.",0.8601030869917436
"The World Bank-supported Yellow River Basin Ecological Protection and Environmental Pollution Control Program (P172806) invests in the middle reaches of the YRB in Henan and Shaanxi provinces (hereafter referred to as YRB-HS), and has water scarcity as its primary focus.",0.8848073265769265
"Approved in March 2022, YRB-HS supports activities to strengthen water use efficiency, water pollution control, and ecosystem management in selected areas in Henan and Shaanxi for better natural resource economy - ecosystem tradeoffs and minimum cumulative impacts on water use in a water-scarce context.",0.8901034268465909
"This is done through determining the basin- and province-level water balance across water consumption (evapo-transpiration, ET), environmental capacity (EC) and ecosystem services (i.e., the “ET-EC-ES” approach).",0.8209715756503019
The water balance serves as the foundation for identifying and prioritizing sectoral interventions so that water demand for development does not exceed the water thresholds and encourages and incentivizes approaches and investments that optimize water efficiency.,0.9306258288296786
"Besides the provincial Programs, YRB-HS also has a basin level program (with US$1.5 million from the World Bank loan) to support the national entity, the Yellow River Conservancy Commission (YRCC), for cross-province coordination and management of water resources in the YRB.",0.8989205793900923
"The basin-level program will assist YRCC to develop: (a) monitoring capacity; (b) improved knowledge of the relationship among water withdrawal, water drainage and water consumption; (c) technical guidelines for monitoring water consumption based on remote sensing in the YRB; and (d) basin-wide capacity building.",0.8423572887073864
"The proposed Yellow River Basin Ecological Protection and Environmental Pollution Control Program (Gansu and Shandong) will geographically expand the World Bank-supported YRB Program area upstream to the fragile loess ecosystems in Gansu Province, and downstream to the river delta wetland ecosystems in Shandong Province (hereafter referred to as YRB-GS).",0.7576084136962891
 The World Bank China: Yellow River Basin Ecological Protection and Environmental Pollution Control Program (Gansu and Shandong) (P178401) 12.,0.7854408784346147
"In this context, the proposed YRB-GS deepens efforts to address water scarcity and water pollution while simultaneously aiming to address the drivers of ecosystem degradation, and to restore and protect key ecosystems in the two provinces.",0.8555175607854669
"Although provinces across the YRB are confronted with a shared set of development challenges centered around water scarcity, the most heightened competition for limited water resources arises in the middle reach due to the expansion of irrigation, whereas critical ecosystems in the upper and lower reaches provide crucial basin functions and biodiversity benefits.",0.03005092523314736
"Building on YRB-HS’ primary focus on tackling water scarcity and pollution issues to address the water needs for ecosystems, YRB-GS takes a broader approach by not only addressing water scarcity and pollution but also by placing an emphasis on the protection of vulnerable loess ecosystems in the upper reaches and wetland ecosystems in the lower reaches.",0.6733474731445312
"Under YRB-GS, the ET-EC-ES approach established under YRB- HS will continue to be utilized to evaluate the effects of ecosystem restoration activities on water scarcity and to inform integrated and cross-sector planning and decision-making for ecosystem restoration.",0.8037867979569868
"This ensures that the ecosystem restoration outcomes remain sustainable, especially considering the constraints imposed by limited water resources and poor water quality.",0.793659817088734
"In addition, YRB-GS adopts a landscape approach to identify priority ecosystems for restoration through integrated landscape assessments and spatial prioritization.",0.7084298567338423
"Evolution from YRB-HS to YRB-GS YRB-HS aims to strengthen integrated water use efficiency, water pollution control, and ecosystem management in selected regions in the middle reach of the Yellow River Basin in Henan and Shaanxi Provinces.",0.8853457190773704
It adopts the ET-EC-ES approach to incorporate water quantity and quality constraints into ecosystem management.,0.8560915860262784
YRB-HS contains a basin-level Program to provide technical guidance and coordination in cross-province water allocation and basin-wide balance.,0.8638896942138672
"For ecosystem restoration, the primary focus was only to restore basic biophysical conditions (vegetation and topography for erosion control) without ecological assessment or prioritization at the landscape scale.",0.5786953839388761
YRB-GS further expands the World Bank’s engagement in the YRB to fragile and globally significant ecosystems upstream to Gansu Province and downstream to Shandong Province.,0.4158887429670854
"While it will continue to address water scarcity, water pollution and other drivers of ecosystem degradation, YRB-GS emphasizes the restoration of degraded ecosystems.",0.42636429179798474
"Built on the ET-EC-ES approach, YRB-GS further identifies priority ecosystems for restoration through landscape ecosystem assessments and spatial prioritization.",0.8051363338123668
"YRB-GS’ focus on ecosystem restoration and protection will improve climate adaptation and mitigation as well as biodiversity conservation outcomes in its Program area and benefit other YRB provinces, as well as be of global benefit.",0.6240859465165571
"14 Afforestation activities in the YRB could potentially increase carbon stock by an additional 59.5 million tons.15 Restoring and protecting river estuary and coastal zones, such as seagrass meadows, also contributes to increasing blue carbon functions.",0.039769668470729484
"Restored riparian, aquatic, and coastal ecosystems also provide ecosystem services through filtration, and contribute to mitigating pollution, especially from non-point sources such as agricultural fertilizer.",0.6368816549127753
"Investments in nature-based solutions, such as riparian woodlands, can improve both water storage and flood resilience.",0.4492798718539151
"Integrated landscape planning would prepare communities that are 14 For instance, it was estimated that soil conservation under the YRB’s “Grain for Green” program sequestered 9.7 million tons of carbon each year from 2000 to 2015 by restoring plants and soils in the Basin.",0.7998294830322266
(2018) Effective soil erosion control represents a significant net carbon sequestration.,0.799192255193537
(2022) The potential for carbon sequestration by afforestation can be limited in dryland river basins under the pressure of high human activity.,0.5800223350524902
 The World Bank China: Yellow River Basin Ecological Protection and Environmental Pollution Control Program (Gansu and Shandong) (P178401) under an increasing risk of environmental degradation and natural and climate disasters with the capacity for ecological and climate sensitive land and water management.,0.8381378000432794
"The proposed Program is closely aligned with the World Bank Group’s Country Partnership Framework (CPF) for China (FY2020-2025, Report No117875-CN) which was discussed by the World Bank Board of Executive Directors on  and the Evolution Roadmap.",0.8712499791925604
"The Program supports CPF Engagement Area Two: Promoting Greener Growth, by promoting ecosystem restoration and protection, strengthening sustainable natural resources management, enhancing incentives and institutional coordination for ecosystem management, reducing water pollution, and tackling the issues of soil erosion and salinization.",0.839124159379439
"The proposed Program is also closely aligned with the Green, Resilient, and Inclusive Development (GRID) framework and the Climate Change Action Plan 2021 –2025 and builds on the recommendations of the China Country Climate and Development Report (CCDR) by promoting climate mitigation strategies, increasing resilience to climate change threats, and promoting inclusive economic opportunities.",0.8231333819302645
"16 The proposed Program is also aligned with the World Bank Evolution Roadmap, which highlights that urgent action is needed to address growing global challenges, including forest and biodiversity loss as well as climate change, thus contributing to the World Bank’s Global Challenge Program on Forest for Development, Climate and Biodiversity.",0.8152732849121094
"The Program also supports restoration of river and lake ecosystems as well as reducing water pollution from improved wastewater management, thus is also fully aligned with the Global Challenge Program on Water Security and Climate Adaptation.",0.8537294214422052
"The Program is expected to make a significant contribution to global public goods including climate mitigation and adaptation, biodiversity conservation, and knowledge for development.",0.5172015103426847
"The Program will contribute to increased carbon sequestration through the expansion of nature-based solutions, specifically restoration/enhancement of carbon-rich ecosystems (including wetlands, forests, and grasslands) and soil conservation.",0.7853299921209161
"Through support for efforts to improve wastewater management, the Program will also reduce GHG emissions, including fugitive methane emissions.",0.8509524952281605
"Integrated landscape approaches targeting the interconnected challenges of climate change, ecosystem degradation, biodiversity loss, and pollution will identify good practices for scale-up across the basin, China, and beyond.",0.1876762346787886
Lessons and knowledge generated by the Program are expected to be relevant for other arid countries or regions grappling with trade offs between development and ecosystem resilience/protection.,0.832988132130016
"China has put several climate commitments in place, including its commitment to peak its carbon emissions by 2030 and achieve carbon neutrality by 2060 (30-60 goal), a Long-Term Strategy for Low GHG Emission Development, and the National Climate Change Adaptation Strategy 2035, to implement actions that address climate change mitigation and adaptation as outlined in its Nationally Determined Contribution.",0.8042965802279386
"The Nationally Determined Contribution highlights cross-sector coordination and carbon sequestration for climate change mitigation by key ecosystems, including forests, grasslands, and wetlands.",0.7437067031860352
" The World Bank China: Yellow River Basin Ecological Protection and Environmental Pollution Control Program (Gansu and Shandong) (P178401) 60 goal, the Long-Term Strategy commits to increasing the forest stock volume by 6 billion cubic meters from the 2005 level by 2030.",0.7973591197620739
"The National Climate Change Adaptation Strategy highlighted the role of nature-based solutions in climate change adaptation, such as forest and wetland restoration, as well as actions to enhance soil and water conservation and wastewater management in small rural towns.",0.7138295607133345
The CCDR recommends cross-sector coordination and mobilizing financing to sustain ecosystem conservation results.,0.8532592600042169
It also highlights both the adaptation and mitigation benefits of nature-based solutions as ecosystem restoration activities.,0.3061005852439187
"The Government’s ambitious EP&HQD strategy for the YRB is supported by strong political and financial commitments from central, provincial, and local governments and agencies.",0.8393955230712891
"As in the case of YRB-HS, the PforR instrument was also selected for this YRB-GS Program as it can leverage significant resources under existing Government programs to achieve impacts beyond traditional Investment Project Financing (IPF) operation.",0.9076838059858843
"It also provides an opportunity to introduce performance-based incentives to improve the efficiency, effectiveness, and impact of expenditures by linking the disbursement of funds to the achievement of specific results.",0.87107008153742
The proposed Program builds on the World Bank’s extensive international experience and the lessons learned from previous and ongoing World Bank-financed operations on ecosystem restoration and protection.,0.8692136244340376
"The World Bank has a long history of supporting ecosystem protection, restoration, biodiversity conservation, and environmental and water resource management globally and in China, with highlights including projects supporting the Xiaolangdi Multipurpose Dam and Loess Plateau watershed rehabilitation.",0.8090445778586648
China now highlights ecosystem integrity and health as the core of its high-quality development.,0.7279409061778676
The World Bank brings global experience and expertise in incorporating ecosystem management into long-term development and balancing various competing demands on limited ecosystem services in water scarce river basins.,0.8863046819513495
"The proposed Program particularly leverages the innovations of the YRB-HS, by building on the “ET-EC-ES” approach to address the interconnection of water consumption, environmental quality and capacity, and ecosystem services under the YRB’s rigid water constraints.",0.8676387613469904
"The YRB Plan, approved in 2021, highlights four general principles of the YRB national strategy: (a) prioritizing ecological protection, restoration, and green development; (b) enhancing water saving and developing socio-economic activities that comply with water availability constraints; (c) improving spatial planning and development by incorporating ecosystem considerations; and (d) strengthening cross-sectoral coordination and inter-jurisdictional cooperation.",0.7756363261829723
"The YRB Plan specifies six key task areas, including enhancing ecological and environmental protection; promoting water conservation; strengthening disaster management; enhancing integrated pollution management; facilitating high-quality development; and protecting and promoting the Yellow River culture.",0.8008035312999379
"Guided by the YRB Plan, Gansu and Shandong developed their respective provincial ‘Yellow River Basin Ecological Protection and High-quality Development Plan’ (hereafter the Gansu YRB Plan and the Shandong YRB Plan) for 2021 - 2030.",0.5355037342418324
The Gansu YRB Plan calls for a new and integrated model for natural resource and ecosystem management in the upper reach of the Yellow River.,0.85694035616788
"Specifically, it outlines tasks in twelve priority areas, including enhancing water conservation capacity through ecosystem restoration, promoting soil and water conservation in the Loess plateau, promoting integrated  The World Bank China: Yellow River Basin Ecological Protection and Environmental Pollution Control Program (Gansu and Shandong) (P178401) environmental pollution management, strengthening water saving, and improving resilience towards climate- exacerbated disasters.",0.8643241362138228
The Shandong YRB Plan aims to protect and restore the Yellow River Delta and calls for a new and integrated model for natural resource and ecosystem management.,0.8444007526744496
"Specifically, it promotes activities in nine priority areas, including building an ecological corridor along the lower reaches of the Yellow River, promoting integrated environmental pollution management, strengthening water conservation, and improving resilience towards climate-exacerbated disasters.",0.7582147771661932
Each provincial government program includes a set of investments and technical assistance activities that meet two criteria: (a) included within the provincial 14th Five Year Plan project list; and (b) aligned with the provincial YRB plans.,0.8726591630415483
The Program’s results will be measured in terms of: (a) improved land and water management for reduction of soil erosion and of water pollution; (b) critical ecosystems restored for ecosystem services and biodiversity co-benefits; and (c) capacity strengthened for integrated landscape planning and management for ecosystem restoration and protection.,0.8466214266690341
The proposed PforR (“the Program”) is intended to support institutional interventions at the provincial level and direct investments for ecosystem restoration and protection in selected watersheds in Gansu and Shandong Provinces.,0.9086225683038885
"Among them, Dingxi and Tianshui municipalities are in the Wei River basin (a main tributary of the Yellow River, which drains into Shaanxi Province), with activities supported under YRB (Henan and Shaanxi); Baiyin is in the Zuli River basin (another Yellow River tributary), in which water quality poses serious challenges for ecosystem restoration and protection that are compounded by limited flows.",0.546907511624423
 The World Bank China: Yellow River Basin Ecological Protection and Environmental Pollution Control Program (Gansu and Shandong) (P178401) Figure 1.,0.0951352444562045
 The World Bank China: Yellow River Basin Ecological Protection and Environmental Pollution Control Program (Gansu and Shandong) (P178401) Figure 2.,0.3233070373535156
• Results Area 1: Implement sustainable land and water management practices.,0.839030612598766
"This RA aims to address the drivers of ecosystem degradation, such as soil erosion, water pollution, fires, and forest pests, and to achieve soil and water conservation, improved forest management and water pollution reduction.",0.5548414317044345
It will support: (a) soil and water conservation measures (farmland terracing) and reduction of soil erosion; (b) improved forest and grassland management (including fire and disease prevention and control); (c) improved management of soil salinity; (d) reduced pollution discharged to river systems through improving township domestic wastewater management (through new and rehabilitated wastewater treatment plants and networks); and (e) improved monitoring and capacity building for addressing pollution from livestock and other non-point source agricultural sources.,0.849535508589311
"Critical ecosystems for prioritized restoration are identified through the Technical Assessment (paragraph 39) to increase landscape-level ecosystem service values, biodiversity and climate co-benefits and to account for ecological flow water constraints.",0.8366784182461825
"It will support: (a) restoration of wetlands (invasive species management, including of plants and animals, restoration of coastal and riparian wetland ecosystems, and seagrass beds); (b) rehabilitation of river ecosystems, including river channel and riparian ecosystems, as well as flood plains; (c) reforestation and forest ecosystem restoration; and (d) grassland and other ecosystem restoration.",0.7990469499067827
• Results Area 3: Strengthen the capacity of integrated land and water resource management for ecosystem restoration and protection.,0.8620286421342329
This RA aims to strengthen government capacity for integrated landscape planning  The World Bank China: Yellow River Basin Ecological Protection and Environmental Pollution Control Program (Gansu and Shandong) (P178401) and decision-making for ecosystem restoration and protection.,0.8710984316739169
"The RA promotes integrated landscape approaches that simultaneously consider water scarcity and quality constraints in ecosystem restoration and protection, including the provision of ecosystem services and biodiversity benefits.",0.6444057551297274
"farmers, rangers, plantation owners on integrated landscape planning and decision-making for ecosystem restoration and protection.",0.7682039087468927
Differences between Results Areas and Outcomes under YRB-HS and YRB-GS YRB-HS YRB-GS Differences Rationale The two YRB-HS provinces in the middle reach of YRB include several large irrigation districts and face big water scarcity and balance challenges.,0.3209368098865856
YRB-HS therefore includes agricultural water efficiency improvement as a primary focus.,0.8248427997935902
"Although water scarcity is also a common challenge facing the two YRB-GS RA1: Improve YRB-GS does not include provinces, YRB-GS Program counties do not water use outcome indicators on water have large irrigation expansion and, therefore, RA1: Implement efficiency efficiency improvement agricultural water efficiency outcome was not sustainable land and included under YRB-GS.",0.9837017926302823
Water balance water management assessment considers other government practices activities (such as high-quality farmland and water saving irrigation development and reforestation of water-saving tree species) to ensure that water consumption in the Program areas remains within sustainable limits.,0.7540123679421165
YRB-GS includes the same Soil erosion control is a particularly relevant RA2: Improve results under YRB-HS RA2 and issue in the upstream areas and soil salinity is a water quality additional results on improved prominent issue in the downstream and delta land management practices region YRB-HS focuses on restoring basic biophysical conditions.,0.8602014021439985
The restoration activities are informed by YRB-GS targets to restore identifying priority ecosystems for restoration RA3: Improve critical ecosystems through RA2: Restore through landscape spatial assessments ecosystem integrated and spatial degraded ecosystems management ecological assessment YRB-GS also includes outcomes Critical for the enhancement of river and on river channel restoration in riparian ecosystems while reducing flood risks the upper reach downstream RA4: Integrating RA3: Strengthen the YRB-GS does not include a ecosystem and capacity of basin-level program which YRB- The achievements made under the YRB-HS water resources integrated land and HS has and therefore does not basin-level program will be utilized to provide management water resources target outcomes in the whole technical guidance for YRB-GS into strategic management for YRB planning ecosystem  The World Bank China: Yellow River Basin Ecological Protection and Environmental Pollution Control Program (Gansu and Shandong) (P178401) restoration and protection 24.,0.8663907484574751
"The World Bank loan of US$300 million will leverage US$1.411 billion of counterpart funding from the two provinces, while the basin-level Program established under YRB-HS will also provide institutional coordination and technical guidance for YRB-GS.",0.9059988368641246
Program Financing Source Amount Percentage of Total (US$ Million) Counterpart Funding 1411.00 82.5 Borrower/Recipient 1411.00 82.5 International Bank for Reconstruction and 300.00 17.5 Development (IBRD) Total Program Financing 1711.00 26.,0.9735993472012606
"The Program activities and their expected outcomes are also aligned with the Paris Agreement (see paragraphs 43 and 44 below), and will contribute to co- benefits in both climate mitigation and adaptation (see Table 4) and closing gender gaps in ecosystem restoration and protection in the Program areas (see paragraph 45).",0.4134270928122781
The proposed Program Development Objective is to improve land and water resource management and restore degraded ecosystems in selected areas in the Yellow River Basin in Gansu Province and Shandong Province.,0.8775426691228693
"Land area under sustainable landscape management practices (Corporate Results Indicator (CRI), Ha) b.",0.8194745670665394
"Reduced Pollutant loads (COD) entering rivers (Tons/year) c. Hectares of terrestrial and aquatic areas under enhanced conservation and management (Corporate Scorecard indicator, Ha), cumulative d. Sequestered CO2eq due to ecosystem restoration (tons/year) e. Number of technical documents for integrated landscape planning and decision making for ecosystem restoration and protection approved E. Disbursement-Linked Indicators and Verification Protocols 29.",0.867413954301314
"Five DLIs listed in Table 3 below have been selected based on their importance for incentivizing and capturing key program impacts, coupled  The World Bank China: Yellow River Basin Ecological Protection and Environmental Pollution Control Program (Gansu and Shandong) (P178401) with the feasibility of verifying target values, and the degree of government influence on their achievement.",0.852298996665261
"Proposed Loan Allocation to DLIs DLI Gansu Shandong Total of 2 provinces $ million % $ million % $ million % DLI1: Land area under sustainable 45.2 30.2 15.0 10.0 60.2 20.0 landscape management practices (CRI, Ha) DLI2: Areas of wetlands in priority river 3.0 2.0 74.9 49.9 77.9 26.0 basin locations restored (Ha), annual DLI3: Areas of forests in priority river basin 78.8 52.5 45.0 30.0 123.7 41.3 locations restored (Ha), annual DLI4: Length of river channels in priority 7.6 5.0 0.0 0.0 7.6 2.5 river basin segments restored (km), annual DLI5: Number of technical documents for 15.4 10.3 15.1 10.1 30.6 10.2 integrated landscape planning and decision making for ecosystem restoration and protection approved Total 150.0 100.0 150.0 100.0 300.0 100.0 30.",0.8795081918889825
"The verification procedures, implementation arrangements, and M&E plan for the Program will be included in a Program Implementation Plan (PIP), which will be prepared by Gansu and Shandong by loan effectiveness.",0.8330705816095526
"The national PSG, which will be established under YRB-HS within three months after the loan becomes effective and chaired by the NDRC Regional Economy Department, is tasked by the national government to coordinate implementation of the national Yellow River EP&HQD strategy.",0.860863598910245
The Provincial PSGs will provide leadership/coordination among  The World Bank China: Yellow River Basin Ecological Protection and Environmental Pollution Control Program (Gansu and Shandong) (P178401) the related government departments at the provincial level and provincial sector agencies will provide technical guidance.,0.8490832935680043
"While the PPMOs are responsible for institutional and capacity building activities, Program counties will be responsible for implementation of physical investments.",0.8315476504239169
"Gansu and Shandong have established their JEGs, consisting of experts in the fields of ecosystem protection, biodiversity, water resources, and pollution control, as well as environmental, social, and fiduciary aspects.",0.7363224029541016
"The role of JEGs is to provide technical supports to the PPMOs during Program preparation and implementation, including carrying out technical assessments and having technical discussions with the corresponding World Bank specialists.",0.7599856636740945
"Program results targets will be monitored internally by the PMOs and the DLIs will be verified by a third-party verification agency (TPVA) engaged by the implementation entity in each province, with the Terms of Reference cleared by the World Bank.",0.51801551472057
Technical assistance on M&E will be provided during implementation to the Shandong and Gansu Program teams as part of the World Bank’s implementation support.,0.855881084095348
A 25 percent advance payment from the loan (US$75 million) has been proposed by the Shandong and Gansu provinces towards covering a part of the implementation costs for achieving the initial results and support Program activities for subsequent results.,0.8851621801202948
"Capacity building activities will be carried out at the provincial, municipal, and county levels to enhance technical capacity, institutional collaboration, fiduciary management, and the management of environmental and social systems.",0.8809495405717329
"Technical training will be given to carry out the necessary assessments for implementation of the integrated landscape approach for ecosystem restoration and climate resilience across sectors and jurisdictions, including: (a) assessments and optimization of ecosystem services and their adaptation to climate change; (b) remote sensing approaches to consumption-based monitoring and water balance assessments; and (c) water quality modeling using the SWAT17 model.",0.8610151464288885
"Training will be conducted by the Bank to enhance the capacity for institutional collaboration, fiduciary management, and the management of environmental and social systems, particularly the standards and requirements for the PforR instrument, within three months of loan effectiveness and throughout Program 17 The Soil & Water Assessment Tool (SWAT) is a river basin-scale model used to simulate the quality and quantity of surface and ground water and predict the environmental impact of land use, land management practices, and climate change.",0.8698740005493164
 The World Bank China: Yellow River Basin Ecological Protection and Environmental Pollution Control Program (Gansu and Shandong) (P178401) implementation.,0.8426175550981001
"Training on Program implementation, monitoring, and verification will be financed by the identified government expenditure with the outcome monitored by an intermediate indicator under RA3.",0.7489292838356711
The proposed YRB-GS will support Gansu and Shandong in implementing their provincial and local investment plans to achieve the ecosystem restoration and protection objective specified in the YRB Plan and the Yellow River Protection Law.,0.9253498424183239
The selected Program areas are critical to ecosystem restoration in the YRB.,0.7781113711270419
"They are facing competing demands for water resources, periodic water shortages or floods, sedimentation, and the loss of wetlands and biodiversity, which have global significance.",0.8089765201915394
The Program activities include physical investments in the six municipalities and technical assistance in institutional and capacity strengthening at the provincial and municipal/county levels.,0.821478236805309
"They are aligned with the administrative responsibilities of the different levels of government and will be used to support the implementation of the YRB plan, as well as institutional and capacity building for ecosystem restoration and protection at the provincial level.",0.8524100563742898
The integrated consideration of the various requirements for natural resource utilization and ecosystem protection is emphasized through an integrated landscape management approach.,0.8116069273515181
The proposed Program activities were assessed and prioritized through the Technical Assessment following an integrated landscape approach in two representative sub river basins within the Program area: the Sandu River Basin in Gansu and the Tuhai River Basin in Shandong.,0.4244897148825906
This included: (a) a spatial planning exercise to identify priority ecosystem services (ES) and areas for ecosystem restoration; (b) a water balance assessment using remote sensing and site visits to evaluate water resource availability; and (c) a water quality assessment to determine the environmental carrying capacity (EC) for pollution loads in the selected watersheds.,0.8439556468616832
The water balance and EC assessments help make sure that interventions identified by the ES assessment can achieve sustainable outcomes within water resource and quality constraints.,0.04297036474401301
Critical ecosystem services and priority areas for ecosystem restoration were identified through the Technical Assessment and are incentivized through DLIs.,0.8566194881092418
The assessments identified the priority locations for ecosystem restoration and provided a set of recommendations to: (a) improve ecosystem quality through augmented ecosystem structures and species’ compositions; (b) increase patches of natural habitats for biodiversity conservation; and (c) enhance landscape connectivity by creating ecological corridors that connect fragmented habitats in the landscape.,0.54651724208485
"DLIs 1 to 4 incentivize sustainable landscape management measures and the restoration of critical wetlands, forest and river ecosystems that are identified as the most important through such spatial assessment.",0.8169506246393378
"DLI5 incentivizes the adoption and scaling-up of such integrated landscape planning and decision-making to improve the provinces’ approach to prioritizing restoration actions, which will generate long-term institutional impacts even beyond the Program.",0.8680601119995117
Ecosystem restoration interventions will follow international best practices as well as existing technical standards at national and local level.,0.7640327973799272
The Technical Assessment draws on the international best practices on landscape approach and Nature-based Solutions (NbS) to maximize the synergies of development and nature conservation.,0.32615160942077637
"NbS interventions are proposed – with specific guidance on designs and spatial prioritization – for farmland terracing, restoration of forests, wetlands and river ecosystems.",0.8399939970536665
"For each DLI, verification Protocol in Annex 2 reflects required  The World Bank China: Yellow River Basin Ecological Protection and Environmental Pollution Control Program (Gansu and Shandong) (P178401) technical standards at national and local level, as well as applicable lessons and experience from international best practices18.",0.8016608845103871
"While activities under the PforR Program will increase natural water consumption by 6.01 million m3 in the Sandu River Basin, forest quality improvement, high standard cropland construction and water-saving irrigation activities in the Government program are assessed to reduce water consumption by 9.2 million m3, resulting in a reduction of 3.19 million m3 in water consumption by the end of the Program.",0.8698463439941406
"Similarly, in the Tuhai River Basin in Shandong, 9.10 million m3 of water consumption are expected to be saved from forest quality improvements, high standard croplands, and water-saving irrigation activities in the Government program, exceeding the additional 3.64 million m3 of water consumption incurred by this Program, resulting in an expected decrease of 5.46 million m3 in net water consumption in the basin by the end of the Program.",0.866727048700506
"Furthermore, the Program also support the Government to develop appropriate institutions (DLI5) to implement the integrated landscape management for ecosystem restoration and protection taking into water resource considerations.",0.8622228449041193
"The water pollution reduction efforts and outcomes supported by the Program contribute to water quality compliance within the assessed sub river basins, underpinning sustainable outcomes for healthy ecosystem restoration.",0.7197887247258966
"TP and ammonia nitrogen concentrations failed to meet the water quality requirement during dry seasons from January to March, when river flows are low, particularly in the Sandu River Basin in Gansu.",0.725943998856978
"The assessments highlight the importance of: (a) incorporating water quality in the integrated planning for ecosystem restoration; (b) including pollution-reduction investments to ensure adequate water quality for sustainable ecosystem restoration and protection outcomes; and (c) strengthening water quality monitoring, especially in the areas affected by non-point sources.",0.8547637245871804
"Afforestation and reforestation, soil health improvement, conservation of natural habitats and ecosystems, and domestic wastewater treatment are all activities considered universally aligned with the Paris Agreement’s mitigation goals.",0.7958028966730292
"In addition, the Program intends to implement the following measures in the Program area: (a) incorporate climate mitigation and adaptation measures in integrated landscape plans for ecosystem restoration and protection and other documents, at both demonstration sub-basin and provincial levels; (b) increase carbon sequestration in forest management and wetland restoration; and (c) reduce fugitive methane emissions from polluted water bodies through reduced pollutant discharges.",0.8166639154607599
"Floods damage infrastructure and increase soil erosion and runoff of pollutants into rivers and lakes, while droughts reduce flows for ecosystem restoration, such as afforestation, wetland restoration, and other uses; they also increase conditions for pests, diseases, 18 Referred international best practices include: INCN (2020) Global Standard for Nature-based Solutions, Version 1.0; TNC (2021) Nature- based solutions in agriculture: The case and pathway for adoption; UNDP (2011) Community Based Adaptation to Climate Change Through Coastal Afforestation in Bangladesh (CBACC-CF Project); World Bank (2021) A Catalogue of Nature-Based Solutions for Urban Resilience.",0.13520943034778943
 The World Bank China: Yellow River Basin Ecological Protection and Environmental Pollution Control Program (Gansu and Shandong) (P178401) and fires.,0.7867855592207476
"The Program intends to implement the following measures in selected demonstration sub-basins in the YRB: (a) improve resilience to water pollution by reducing pollutant discharges, and improve resilience against climate-exacerbated natural disasters, e.g., floods and droughts, by incorporating climate-resilient designs in wastewater management facilities; (b) improve forest health and ecosystem vitality to enhance ecosystem resilience to heavy rain, hail, snow, wind, droughts and extreme temperatures, reduce the risks of forest fires and pest and disease breakouts; and (c) increase local flood mitigation capacity through river and wetland restoration as a nature-based solution which can act as a buffer zone to modulate flooding during the rainy season and runoff peaks.",0.8751172152432528
Climate change adaptation measures will be incorporated into integrated landscape planning processes for ecosystem restoration and protection and other policy documents at both the sub-basin and provincial levels.,0.8262299624356356
reducing sediments and increasing channel capacity and Ha).,0.3404276371002197
reservoir water storage; (c) lower non-point source pollutants (such as chemicals and pesticides) discharged into the river can lower water pollution risks that are most severe during climate-exacerbated drought events when there is less water in the river to dilute pollutants.,0.5765332308682528
"DLI2: Areas of Coastal wetland systems are restored Increase local flood mitigation capacity through wetland wetlands in through measures including invasive restoration, a nature-based solution which can act as a buffer priority river species management and seagrass bed zone, to modulate flooding during the rainy season and runoff basin locations restoration, which increase the blue peaks as well as enhance water supply to wildlife during restored (Ha), carbon sequestered by marine and prolonged dry seasons.",0.8441999608820135
"DLI3: Areas of The Intergovernmental Panel on Improve forest health and ecosystem vitality to enhance forests in priority Climate Change pointed out that ecosystem resilience to heavy rains, floods, and droughts and river basin deforestation is a direct cause of the against forest fires, pest and disease outbreaks under extreme locations restored increased presence of CO2 in the air temperatures, all of which are expected to worsen under (Ha), annual.",0.333498477935791
"DLI4: Length of The River’s natural shape and banks are River restoration contributes to mitigating flood and drought river channels in restored using native revegetation risks that are expected to be exacerbated under climate priority river species, which increases carbon sinks change, by supporting a river’s natural capacity to retain basin segments along the river system.",0.7767477902499113
"River channel rehabilitation reduces the likelihood of high water levels and at the same time improves the river’s  The World Bank China: Yellow River Basin Ecological Protection and Environmental Pollution Control Program (Gansu and Shandong) (P178401) restored (km), natural functions.",0.8529909307306464
"DLI5: Number Carbon sequestration through natural Integrated landscape planning and technical guidelines for of technical ecosystem restoration is incorporated ecosystem restoration and protection developed at both the documents for into integrated landscape plans for watersheds and the provincial level will identify location- integrated ecosystem restoration and protection specific climate change-exacerbated risks, including floods landscape and other management documents to and droughts, and identify adaptation measures such as planning and meet climate change mitigation goals at promoting nature-based solutions to increase water storage decision making both the watershed and provincial and retention, river channel rehabilitation to increase channel for ecosystem levels.",0.858802622014826
"capacity, and soil erosion control to improve downstream restoration and reservoir water storage.",0.8582012870094993
"Implementation of the national YRB program is funded through a range of financial instruments at the provincial and local levels in accordance with the Responsibilities for Expenditures on Ecological and Environmental Protection, issued in May 2020.",0.861328818581321
"19 Funds required to finance investment activities for meeting the Program’s objectives are not directly linked to a specific and single government program budget, but come from various budget lines of a range of stakeholders which include, among others, the forestry, agricultural, environment and water departments.",0.8746617057106711
Program expenditures are anchored in the implementation of the provincial ‘Ecological Protection and High-Quality Development Plan for the Yellow River Basin’ that respectively covers six counties in Gansu and 13 counties in Shandong.,0.8626786145296964
The Reform Plan for Delineating the Functions and Expenditure Responsibility between the Central Government and Provinces regarding Ecology and Environment Protection (Guo Ban Fa  No13).,0.7967961051247336
 The World Bank China: Yellow River Basin Ecological Protection and Environmental Pollution Control Program (Gansu and Shandong) (P178401) estimated budget to be allocated for the Program in each of the two provinces during the Program implementation period from Fiscal Year 2024 to 2029 would be US$507 million in Gansu and US$904 million in Shandong.,0.866310639814897
"These funds were mostly used for RA2, making up about 44 percent in Gansu and 43 percent in Shandong, followed by RA3 (40 percent in Gansu and 40 percent in Shandong).",0.6487580646168102
"Funding sources of these expenditures are from multiple sectors, including water, agriculture, environment, and natural resources (seethe separate Technical Assessment Report for details on Program financing).",0.8521849892356179
"Most funds are sourced from both central and provincial governments, with over 65 percent coming from the central government.",0.8054562481966886
The major activities of the Program are economically justified by either cost benefit analysis (CBA) or cost effectiveness analysis (CEA).,0.34684046831997956
"Forestry activities have adopted CBA, while wastewater treatment and wetland improvement activities have adopted CEA (as the benefits are difficult to quantify).",0.5167648575522683
"The assessment compared a ‘no Program’ scenario to a scenario of a government program that includes World Bank support.20 For forest activities, the Program economic rates of return (ERRs) with and without GHG emission reduction are estimated at 13 percent and 16 percent, respectively, i.e., significantly above the discount rate of six percent.21 Detailed comparisons of alternatives and selected options for the rehabilitation of waste water treatment plants and sewage collection systems, as well as wetland improvement, will be conducted when the feasibility study reports are prepared for location specific interventions by the county development and reform committees.",0.7876791520552202
Improved land management activities will follow the established national and local technical standards for quality assurance and cost controls.22 50.,0.8753117648037997
GHG reduction accounting.,0.846548774025657
"In line with the DLIs’ contributions to climate change mitigation and adaptation (see Table 4), the reduction in GHG emissions over the 30-year Program life (including five years of implementation) was estimated primarily from the quantifiable emissions benefits of 8.41 million tonnes CO2e emission reduction from improved forest cover of 52,245 ha (DLI 3).",0.7784838242964311
"In all, the Program is expected to realize a GHG emission reduction of 8.41 million tonnes of CO2e over its lifetime.",0.6550759402188387
"This, however, represents only a subset of the total amount of the expected GHG emission reduction benefits attributable to the Program.",0.7078123959628019
"20 This approach is used because, under a PforR, Government and World Bank funds are combined to achieve results, with virtually no distinction at the activity level between World Bank-financed and Government-financed achievements.",0.4859868829900568
21 The discount rate of 6 percent is recommended for investments with long-term unquantified social and environmental benefits.,0.7856474789706144
Technical Note on Discounting Costs and Benefits in Economic Analysis of World Bank Projects; and NDRC.,0.9043906818736683
"China Planning Press, Beijing 22 Including, among others, code for soil and water conservation engineering design (GB-51018-2014), technical specification for soil and water conservation (GB/T16453-2008), and completion acceptance standards for integrated soil and water conservation (GB/T15773-2008）.",0.8656326640735973
" The World Bank China: Yellow River Basin Ecological Protection and Environmental Pollution Control Program (Gansu and Shandong) (P178401) The potential to scale up these numbers is large, when the Program methods are implemented elsewhere in the two provinces and in YRB.",0.8471716100519354
"The integrated assessment of fiduciary systems - procurement, financial management (FM) and governance systems of Gansu and Shandong Provinces concluded that, subject to the agreed actions to strengthen the Program fiduciary systems as reflected in the PAP and other proposed mitigation measures being implemented, the Program’s fiduciary risk is Moderate and the Program fiduciary systems would provide reasonable assurance that the Program’s financing proceeds will be used for intended purposes, with due attention to the principles of economy, efficiency, effectiveness, transparency, and accountability.",0.902519399469549
Financial Management (FM) Overview.,0.797938346862793
"The Government Accounting Standards, approved in 2017 and implemented from 2019, set the accounting and reporting standards for all government budget units in China, and constitute the public financial management (PFM) system with various fiscal and financial related decrees, regulations, standards, and procedures.",0.8513215671886097
"The proposed mitigation measures include: (a) a Program expenditure payment plan will be prepared on a monthly basis, so that the treasury account can better manage its cash flow; (b) tailored Program financial statements have been developed and agreed upon for the Program in a format and content acceptable to the Bank and the Government; (c) audit of Program financial statements will be required to be conducted on an annual basis based on tailored audit Terms of Reference that will be developed and agreed between the Bank and government audit offices; and (d) appropriate institutional arrangements have been established for the Program’s coordination and management with clear roles and responsibilities.",0.5455052202398126
"Procurement under the Program will follow the Tendering and Bidding Law (TBL) and the Government Procurement Law (GPL), as well as relevant implementation regulations.",0.3771605058149858
"Local public resources’ transaction centers will provide a venue, system and expert pool to carry out procurement.",0.3473387198014693
"The Program does not include activities with either significant environmental and social impacts or those with a contract value at or above US$115 million for works / supply & installation of plants / Pubic-Private-Partnerships, and US$75 million for goods / information technology / non-consulting services, and US$30 million for consultant services.",0.1955378922549161
The following mitigation measures have been proposed in this regard:  The World Bank China: Yellow River Basin Ecological Protection and Environmental Pollution Control Program (Gansu and Shandong) (P178401) (a) the Provincial PMO shall issue a high-level official letter or official instruction on Program loan effectiveness requiring that all Program implementation agencies ensure that no contract is awarded to ineligible firms or individuals; (b) Procurement staff at the Provincial PMOs should check the latest lists of the debarred and temporarily suspended firms and individuals on a regular basis; and (c) the TOR for the annual external audit shall include the task of randomly selecting contracts and assessing whether they have been awarded to an ineligible firm or individual.,0.8268456892533735
• Incorporate the World Bank’s list of debarred and temporarily suspended firms / individuals in the filter used by procuring entities under the Program as part of their due diligence before contract award.,0.3544477115977894
An Environmental and Social Systems Assessment (ESSA) was conducted to assess environmental and social (E&S) risks and the existing management systems applied to the Program (see the ESSA report).,0.6227820136330344
"In general, the Program is expected to bring significant E&S benefits by: restoring forestry, grassland, and riparian ecosystems; controlling soil erosion; reducing sewage discharge; and reducing pollution impacts to river water quality in selected areas of the Yellow River Basin in Shandong and Gansu provinces.",0.7926241267811168
"Based on the ESSA, excluded activities are those that may: (a) involve new or significant expansion of large-scale infrastructure; (b) involve significant conversion or degradation of critical natural habitats; (c) lead to significant adverse impacts on the health or safety of people or ecosystems; (d) result in significant negative changes to water quality or availability; (e) involve the acquisition of basic farmland; (f) involve changes of land use not compliant with national and local terrestrial and spatial planning; (g) result in large-  The World Bank China: Yellow River Basin Ecological Protection and Environmental Pollution Control Program (Gansu and Shandong) (P178401) scale land acquisition, resettlement, or access restrictions to land, water and/or natural resources that affect livelihoods; (h) require land acquisition, resettlement, or changes in land use (including through restoration) that lead to forced eviction; (i) relocate ethnic minorities from their traditional ownership or customary use or occupation of land and natural resources, or cause significant impact on the cultural heritage of ethnic minorities; (j) entail significant legacy E&S issues; (k) involve complicated potential secondary pollution; (l) involve complicated pollution issues; (m) use chemicals to treat land with soil salinity; and (n) lead to any other potentially significant E&S impacts requiring the development of an Environmental Impact Assessment (EIA) report under China’s existing legislation.",0.6454795490611683
"The Program will support both physical infrastructure and technical assistance activities and is designed to secure broadly positive E&S effects, addressing water scarcity, water pollution and ecosystem degradation.",0.8756084442138672
"These E&S risks and impacts will be managed under existing and generally well-performing national, provincial, and local E&S management systems (see the ESSA report).",0.7730353962291371
"Some ecological rehabilitation activities are planned within existing nature reserves/ecological redline zones, i.e., those areas with officially recognized biodiversity importance.",0.674209941517223
"Though designed to protect and conserve local biodiversity and habitats in compliance with existing planning and regulatory requirements, these activities will require the adoption of a precautionary approach and the application of adaptive mitigation and management measures during implementation.",0.7512827786532316
"Neither OP/BP 7.50 Projects on International Waterways, nor OP/BP 7.60 Projects in Disputed Areas, will be triggered.",0.3998993093317205
"The ESSA concludes that China has established comprehensive systems to manage the Program-related E&S impacts/risks at the national, provincial, and local levels.",0.7803632562810724
"The performance of the E&S systems associated with the Program is found to be satisfactory in general, with sound regulatory frameworks, management procedures, and institutional arrangements in place for E&S management covering EIA, social stability risk assessment (SSRA), pollution prevention and control, conservation of natural resources, land acquisition and resettlement, management of labor and working conditions, and community health and safety.",0.8578909960660067
"The system provides a good basis for addressing the potential E&S issues, including adequately addressing risks from climate hazards.",0.23187906091863458
The planning and implementation of TA activities in the existing regulatory framework lack consideration of potential downstream E&S risks/impacts of risks.,0.8303128155795011
The ESSA recommends that the Program be taken as an opportunity to enhance E&S management capacity and efficiency in Gansu and Shandong.,0.7819557189941406
"This will be achieved by implementing the Program Action Plan, including: (a) to clearly document social risk management processes and measures in key Program documents (e.g., feasibility studies, design documents, and social stability risk assessment reports); (b) to develop and implement an environmental and social operational manual to clarify environmental and social management responsibilities and procedures for cross-departmental collaboration.",0.7601672952825372
"; and (c) to incorporate E&S considerations in non-physical activities  The World Bank China: Yellow River Basin Ecological Protection and Environmental Pollution Control Program (Gansu and Shandong) (P178401) to avoid/mitigate potential downstream E&S impacts/risks associated with the planning and implementation of the targeted deliverables (e.g., the integrated landscape plans).",0.8773271387273615
"Since December 2022, relevant government authorities at provincial/city/county/district levels and local communities/villagers from the two provinces have been consulted in face-to-face meetings, through field visits, and online interviews to understand the Program- related E&S issues and the management practice, particularly in the counties of Huining, Tongwei, and Gangu in Gansu, and Hekou, Zouping, and Dong’e in Shandong.",0.8095224553888495
"To mitigate the aforementioned risk, these entities will: (a) strengthen cross-sector coordination; (b) ensure that water availability and water impacts downstream are considered for restoration efforts; and (c) monitor the execution of the implementation plans for integrated landscape management for ecosystem restoration and protection in the selected sub-basins.The Program will also use results-based financing to incentivize agencies to develop integrated and cross- sectoral plans within the Program areas, as well as through developing and implementing technical guidelines at the provincial level and establishing cross-sectoral institutional arrangements for Program implementation.",0.8742428692904386
 The World Bank China: Yellow River Basin Ecological Protection and Environmental Pollution Control Program (Gansu and Shandong) (P178401) 69.,0.443749644539573
"To mitigate this risk, the following measures are being incorporated in the proposed PforR: (a) design and selection of DLIs that target priority outcomes which are relatively simple and easy to measure and verify; (b) previous and forthcoming training on the PforR instrument to provincial and local government officials, including training on DLI verification and loan disbursement, environmental and social risk management, and fiduciary risk management; and (c) Program management teams at the provincial and county levels staffed with qualified technical experts to support the design, implementation, and supervision of the Program.",0.8579764799638228
"With the exclusion of activities that may cause significant adverse E&S impacts, the Program will still involve a large number of different kinds of activities over a large portion of two provinces, and some ecological rehabilitation activities are planned within the areas with officially recognized biodiversity importance that require careful management during implementation.",0.3944318944757635
"The Program’s support for cross- sector coordination for ecosystem restoration and protection raises the risk for overall stakeholder engagement, as it would require extensive consultation and consensus building among diverse institutional actors at different levels and branches of government.",0.8193930712613192
"The Program mitigates such risks by establishing a participatory PPMO comprised of representatives from the relevant sector departments at the provincial level, who provide technical supervision and guidance to local technical agencies.",0.720267729325728
 The World Bank China: Yellow River Basin Ecological Protection and Environmental Pollution Control Program (Gansu and Shandong) (P178401) ANNEX 1.,0.81458195773038
RESULTS FRAMEWORK MATRIX Results Framework COUNTRY: China China: Yellow River Basin Ecological Protection and Environmental Pollution Control Program (Gansu and Shandong) Program Development Objective(s) Program Development Objective is to improve land and water resource management and restore degraded ecosystems in selected areas in the Yellow River Basin in Gansu Province and Shandong Province.,0.8521492697975852
"Program Development Objective Indicators by Objectives/Outcomes RESULT_FRAME_TBL_ PD O Indicator Name DLI Baseline Intermediate Targets End Target 1 2 3 4 5 PDO Indicators Land area under sustainable landscape DLI 1, 0.00 1,230.00 1,310.00 1,330.00 1,290.00 1,217.00 6,377.00 management practices (CRI, 6 Hectare(Ha)) Reduced Pollutant loads (COD) entering rivers 0.00 866.00 4,123.00 7,808.00 7,958.00 9,665.00 9,665.00 (Tons/year) Hectares of terrestrial and aquatic areas under 0.00 20,358.00 27,163.00 17,013.00 11,521.00 267.00 57,482.00 enhanced conservation and management (Hectare(Ha))  The World Bank China: Yellow River Basin Ecological Protection and Environmental Pollution Control Program (Gansu and Shandong) (P178401) RESULT_FRAME_TBL_ PD O Indicator Name DLI Baseline Intermediate Targets End Target 1 2 3 4 5 Areas of wetlands in priority river basin DLI 2, 0.00 5,208.00 5,208.00 5,207.00 5,207.00 7.00 5,237.00 locations restored, 7 annual (Hectare(Ha)) Areas of forests in priority river basin DLI 3, 0.00 15,150.00 21,955.00 11,806.00 6,574.00 0.00 52,245.00 locations restored, 8 annual (Hectare(Ha)) Sequestered CO2eq due to ecosystem restoration 0.00 280,333.00 280,333.00 280,333.00 280,333.00 280,333.00 1,401,665.00 (Tons/year) Gansu and Shandong Gansu and Shandong Six implementation Provinces approve (through DWR for plans in implementation plans Gansu; DNR for demonstration sub Number of technical for integrated Shandong) approve basins (three in documents for integrated landscape technical guidelines Gansu and three in landscape planning and DLI 5, management for for integrated No N/A N/A N/A Shandong) and two decision making for 9 ecosystem protection landscape planning provincial technical ecosystem restoration and and restoration for for ecosystem guidelines (one in protection approved (Text) six demonstration protection and Gansu and one in sub-basins (three in restoration in river Shandong) are each province, basins at the issued.",0.8489587957208807
 The World Bank China: Yellow River Basin Ecological Protection and Environmental Pollution Control Program (Gansu and Shandong) (P178401) .,0.8210056478326971
"Intermediate Results Indicator by Results Areas RESULT_FRAME_TBL_ IO Indicator Name DLI Baseline Intermediate Targets End Target 1 2 3 4 5 Implement sustainable land and water management practices Areas of improved forest management, annual 0.00 13,500.00 18,500.00 16,500.00 11,500.00 8,933.00 72,706.00 (Hectare(Ha)) Number of township wastewater treatment 0.00 2.00 0.00 1.00 0.00 0.00 3.00 plants upgraded or built (Number) Number of rural villages newly covered with rural 0.00 12.00 12.00 12.00 0.00 0.00 36.00 wastewater network (Number) Restore degraded ecosystems Length of river channels in priority river basin DLI 4 0.00 34.00 66.00 40.00 28.00 16.00 184.00 segments restored, annual (Kilometers) Areas of grasslands and other types of ecosystems 0.00 7,300.00 7,300.00 7,300.00 7,300.00 7,300.00 36,500.00 restored, annual (Hectare(Ha)) Increased biodiversity monitored in selected 0.00 0.00 0.00 10.00 10.00 20.00 20.00 program areas (Percentage) Strengthen the capacity of integrated land and WRM for ecosystem restoration and protection  The World Bank China: Yellow River Basin Ecological Protection and Environmental Pollution Control Program (Gansu and Shandong) (P178401) RESULT_FRAME_TBL_ IO Indicator Name DLI Baseline Intermediate Targets End Target 1 2 3 4 5 Established number of ecosystem health monitoring and evaluation 0.00 0.00 0.00 2.00 2.00 2.00 6.00 system pilots, annual (Number) Number of participants completing training and capacity building activities 0.00 4,000.00 4,000.00 3,500.00 3,500.00 3,300.00 18,300.00 implemented at provincial, municipal and county levels (person times) (Number) Of which are female participants (person 0.00 1,200.00 1,200.00 1,050.00 1,050.00 1,050.00 5,490.00 times) (Number) Women in leadership positions in ecosystem protection and restoration (proportion of women in 10.00 10.00 10.00 15.00 15.00 20.00 20.00 both official and civil forest chiefs at the county level and below) (Percentage) .",0.9603828083385121
 The World Bank China: Yellow River Basin Ecological Protection and Environmental Pollution Control Program (Gansu and Shandong) (P178401) .,0.8210056478326971
"Monitoring & Evaluation Plan: PDO Indicators Methodology for Data Responsibility for Data Indicator Name Definition/Description Frequency Datasource Collection Collection The indicator measures, in hectares, the land area for Monitors (a) annual which new and/or newly added land areas improved sustainable with soil and water landscape management conservation measures practices have been implemented which introduced.",0.892135273326527
"vegetative, structural, and  The World Bank China: Yellow River Basin Ecological Protection and Environmental Pollution Control Program (Gansu and Shandong) (P178401) management measures that, applied as a combination, increase the connectivity between protected areas, forest land, rangeland, and agriculture land.",0.8418512344360352
"For upgraded and newly Monitors COD load built WWTPs, pollution reduction through reduction will be improving rural measured according to PPMO, Provincial wastewater management, Semi-annual the water quality Ecology and Reduced Pollutant loads (COD) entering including upgrading and Semi Program monitoring records of Environment rivers constructing municipal annual Progress WWTP influent and Department and wastewater treatment Report effluent.",0.8847626772793856
"Those Program Counties plants, improving the monitoring records coverage of rural can be verified at wastewater networks.",0.31531286239624023
Monitors the total areas of Survey with the results restored critical wetland verified by TPVA.,0.33339862389998004
"Details Areas of wetlands in priority river Semi Verification Provincial and county ha) where interventions of methodologies and basin locations restored, annual annual Report PMOs are carried out on an verification processes annual basis to restore are in a separate  The World Bank China: Yellow River Basin Ecological Protection and Environmental Pollution Control Program (Gansu and Shandong) (P178401) degraded habitats, i.e., for verification protocol waterbirds and other taxa table.",0.6853857907381925
Locations for wetland restoration that are critical to river basin ecosystem health have been identified by the Technical Assessment.,0.6993983008644797
"While annual targets for Gansu are incremental, in Shandong, 5,200 hectares of wetlands will be restored over a consecutive period of four years from Year 1 to Year 4 as required to completely remove Spartina as an invasive species.",0.8633103804154829
"During each year of this period, the same wetland area of 5,200 hectares will need to verified to ensure that they meet the restoration targets (i.e., absence of Spartina and other targets according to the technical standards).",0.8508541800759055
"Details locations restored, annual annual Report PMOs ecosystems restored, of methodologies and  The World Bank China: Yellow River Basin Ecological Protection and Environmental Pollution Control Program (Gansu and Shandong) (P178401) including three types of verification processes interventions: (a) mixed and technical standards species plantations and requirements are established, (b) degraded presented in a separate and monoculture forests verification protocol restored to mixed species table.",0.776394323869185
Areas for forest restoration are identified by Technical Assessment that are critical to river basin ecosystem health.,0.7526695078069513
Monitors greenhouse gas emission reduction through carbon sequestration by newly added and restored forest ecosystems during The carbon the project implementation sequestration model period.,0.8161354064941406
Restored forests Semi-annual developed by FAO and a ecosystems under this Sequestered CO2eq due to ecosystem Semi Program 30-year project life cycle Provincial and county Program are expected to restoration annual Progress can be used to estimate PMOs sequester 8.41 million tons Report the carbon dioxide of CO2eq through the equivalent of the project Program's 30-year life time to be sequestered.,0.8369081670587714
"(including 5 years of implementation period), equalling to 280,333 tons of CO2eq sequestrated per year.",0.8543373454700817
 The World Bank China: Yellow River Basin Ecological Protection and Environmental Pollution Control Program (Gansu and Shandong) (P178401) This DLI addresses challenges of institutional strengthening and cross- sector collaboration by incentivizing integrated planning process upscaling from demonstration sub- basin level to provincial level adopting a landscape Official documents (sub- approach for ecosystem basin level integrated restoration and protection plans and provincial at river basins: (a) Gansu guidelines) are approved and Shandong provinces and are made available develop the to the verification Number of technical documents for implementation plans for agency.,0.8854788866910067
"All these integrated landscape planning and Verification Provincial and County integrated landscape Annual documents will need to decision making for ecosystem Report PMOs management for be acceptable to the restoration and protection approved ecosystem restoration and World Bank and hence protection for three they should have selected sub-basins, previously been respectively.",0.856277812610973
"restoration and protection based on a consumption- based water balance and water quality analyses, considering institutions, gender, and future climate change impacts; and (b) Provincial governments  The World Bank China: Yellow River Basin Ecological Protection and Environmental Pollution Control Program (Gansu and Shandong) (P178401) (through DWR in Gansu and DNR in Shandong) issue technical guidelines on how to prepare integrated landscape plans for ecosystem restoration and protection at the river basin level, based on the experience from the demonstration sub-basins.",0.8386801806363192
 The World Bank China: Yellow River Basin Ecological Protection and Environmental Pollution Control Program (Gansu and Shandong) (P178401) .,0.8210056478326971
"Monitoring & Evaluation Plan: Intermediate Results Indicators Methodology for Data Responsibility for Data Indicator Name Definition/Description Frequency Datasource Collection Collection Monitors the areas of improved forest Semi-annual Data can be obtained PPMO, Provincial Areas of improved forest management, management (fire and pest Semi Program from inventory data at Forestry Department annual prevention and control, annual Progress local forestry bureaus and Program Counties among others) Report interventions applied.",0.7807875546542081
Monitors both upgraded and newly built township wastewater treatment plants in Program municipalities and counties.,0.34040093421936035
"Number of wastewater treatment plants with effluent Data will be obtained discharge standard Semi-annual from program progress Number of township wastewater upgraded from Class 1A; Semi Program PPMO and Program report and verified by treatment plants upgraded or built treatment capacity of annual Progress Counties official records from newly built wastewater Report relevant departments treatment plants cannot exceed 50,000 tons per day.",0.7957605882124468
Climate-resilient designs will be incorporated in constructing or upgrading wastewater treatment plants.,0.6473262960260565
"Number of rural villages newly covered Number of rural villages Semi- Semi-annual Data will be obtained PPMO and Program  The World Bank China: Yellow River Basin Ecological Protection and Environmental Pollution Control Program (Gansu and Shandong) (P178401) with rural wastewater network newly covered with rural annual Program from program progress Counties wastewater network Progress report and verified by through network expansion Report official records from by Program activities relevant departments Monitors the length of river ecology restoration, including river channel restoration and riparian Survey with the results ecological restoration in verified by TPVA.",0.7461355382745917
"Restored rivers of methodologies, should follow national and verification processes, advanced local technical Length of river channels in priority river Semi Verification applicable technical PPMO and Program standards and specific basin segments restored, annual annual report standards and Counties additions detailed in the requirements are verification protocol, presented in a separate restoring river’s natural verification protocol shape and banks, using table.",0.846304633400657
"Data can be obtained Monitors the area of Semi-annual from natural resource PPMO, Provincial Areas of grasslands and other types of protection and restoration Semi Program department and Natural Resources ecosystems restored, annual of grassland and other annual Progress combined with satellite Department and types of ecosystems Report data and Program Counties groundtruthing.",0.4363448836586692
"Monitors the increased Semi-annual According to eDNA PPMO, Provincial Increased biodiversity monitored in number of species Semi Program method conducted by a Natural Resources selected program areas (including birds, plants and annual Progress technical consultant and Departments, Provincial benthons) within selected Report traditional monitoring Ecology and  The World Bank China: Yellow River Basin Ecological Protection and Environmental Pollution Control Program (Gansu and Shandong) (P178401) sample program areas as methods by natural Environment monitored by eDNA and resources and/or Departments other traditional Ecology and technologies as proposed Environment agencies in Program Implementation Plan.",0.5024752616882324
Monitors ecosystem health and pilots evaluation systems in selected areas (one in each program municipality).,0.29687135869806464
"Municipal pilots are established Semi-annual Official documents on PPMO, Provincial Established number of ecosystem health according to the below Semi Program the four criteria are Natural Resources monitoring and evaluation system pilots, four criteria: Workforce or annual Progress available to the World Department and annual staffing designated; Report Bank Program Counties financial resources allocated; technical guidelines issued; infrastructure, e.g.",0.4800665595314719
"These training and Report levels activities are on topics including (a) ecosystem services assessment and  The World Bank China: Yellow River Basin Ecological Protection and Environmental Pollution Control Program (Gansu and Shandong) (P178401) ecosystem restoration, water balance assessment, water pollution modelling and management, climate change mitigation and adaptation, gender inclusion etc.",0.7834150140935724
"and (b) Program management (Fiduciary, Environment & Social management).",0.8195991516113281
"These training and activities are on topics Training and activity including (a) ecosystem Semi annual completion reports of Of which are female participants services assessment and Semi Program Provincial, Municipal PMOs at county, (person times) ecosystem restoration, annual Progress and County PMOs municipal and provincial water balance assessment, Report levels water pollution modelling and management, climate change mitigation and adaptation, gender inclusion etc.",0.5772716348821466
"and (b) Program management (Fiduciary, Environment & Social management).",0.8195991516113281
" The World Bank China: Yellow River Basin Ecological Protection and Environmental Pollution Control Program (Gansu and Shandong) (P178401) Proportion of women as Forest, Grassland and Wetland Chiefs (including Data can be obtained Women in leadership positions in official chiefs and civil Semi-annual from the list of Forest, PPMO, Provincial ecosystem protection and restoration chiefs) in Program counties Semi Program Grassland and Wetland Natural Resources (proportion of women in both official and and below.",0.5462162711403586
 The World Bank China: Yellow River Basin Ecological Protection and Environmental Pollution Control Program (Gansu and Shandong) (P178401) .,0.8210056478326971
"Land area under sustainable landscape management practices (CRI, Ha), annual (Gansu) Type of DLI Scalability Unit of Measure Total Allocated Amount (USD) As % of Total Financing Amount Intermediate Outcome Yes Hectare(Ha) 45,220,000.00 15.00 Period Value Allocated Amount (USD) Formula Baseline 0.00 2024 1,190.00 9,044,000.00 US$7,600 per hectare of land area implementing soil and water conservation measures 2025 1,190.00 9,044,000.00 US$7,600 per hectare of land area implementing soil and water conservation measures 2026 1,190.00 9,044,000.00 US$7,600 per hectare of land area implementing soil and water conservation measures 2027 1,190.00 9,044,000.00 US$7,600 per hectare of land area implementing soil and water conservation measures 2028 1,190.00 9,044,000.00 US$7,600 per hectare of land area  The World Bank China: Yellow River Basin Ecological Protection and Environmental Pollution Control Program (Gansu and Shandong) (P178401) implementing soil and water conservation measures DLI_TBL_MATRI X DLI 2 2a.",0.8818876093084161
"Areas of wetlands in priority river basin locations restored, annual (Gansu) Type of DLI Scalability Unit of Measure Total Allocated Amount (USD) As % of Total Financing Amount Intermediate Outcome Yes Hectare(Ha) 3,024,750.00 1.00 Period Value Allocated Amount (USD) Formula Baseline 0.00 2024 8.00 654,000.00 US$81,750 per hectare of wetland restored 2025 8.00 654,000.00 US$81,750 per hectare of wetland restored 2026 7.00 572,250.00 US$81,750 per hectare of wetland restored 2027 7.00 572,250.00 US$81,750 per hectare of wetland restored 2028 7.00 572,250.00 US$81,750 per hectare of wetland restored  The World Bank China: Yellow River Basin Ecological Protection and Environmental Pollution Control Program (Gansu and Shandong) (P178401) DLI_TBL_MATRI X DLI 3 3a.",0.9149588671597567
"Areas of forests in priority river basin locations restored (Ha), annual (Gansu) Type of DLI Scalability Unit of Measure Total Allocated Amount (USD) As % of Total Financing Amount Intermediate Outcome Yes Hectare(Ha) 78,752,500.00 26.25 Period Value Allocated Amount (USD) Formula Baseline 0.00 2024 14,250.00 24,225,000.00 US$1,700 per hectare of forest ecosystem restored 2025 18,955.00 32,223,500.00 US$1,700 per hectare of forest ecosystem restored 2026 8,806.00 14,970,200.00 US$1,700 per hectare of forest ecosystem restored 2027 4,314.00 7,333,800.00 US$1,700 per hectare of forest ecosystem restored 2028 0.00 0.00 N/A DLI_TBL_MATRI X DLI 4 4a.",0.9192710356278853
"Length of river channels in priority river basin segments restored, annual (Gansu) Type of DLI Scalability Unit of Measure Total Allocated Amount (USD) As % of Total Financing Amount Intermediate Outcome Yes Kilometers 7,562,000.00 2.50 Period Value Allocated Amount (USD) Formula Baseline 0.00  The World Bank China: Yellow River Basin Ecological Protection and Environmental Pollution Control Program (Gansu and Shandong) (P178401) 2024 32.00 1,592,000.00 US$49,750 per kilometer of river ecosystem restored 2025 56.00 2,786,000.00 US$49,750 per kilometer of river ecosystem restored 2026 30.00 1,492,500.00 US$49,750 per kilometer of river ecosystem restored 2027 18.00 895,500.00 US$49,750 per kilometer of river ecosystem restored 2028 16.00 796,000.00 US$49,750 per kilometer of river ecosystem restored DLI_TBL_MATRI X 5a.",0.9360022111372515
"Number of technical documents for integrated landscape planning and decision making for ecosystem restoration and DLI 5 protection approved (Gansu) Type of DLI Scalability Unit of Measure Total Allocated Amount (USD) As % of Total Financing Amount Intermediate Outcome Yes Text 15,440,750.00 5.25 Period Value Allocated Amount (USD) Formula Baseline No 2024 Gansu approves implementation plans for 11,580,562.50 US$3,860,187.5 per integrated integrated landscape management for ecosystem landscape plan approved at sub- restoration and protection at the sub-basin level basin level for each of the three demonstration sub-basins 2025 N/A 0.00 N/A  The World Bank China: Yellow River Basin Ecological Protection and Environmental Pollution Control Program (Gansu and Shandong) (P178401) 2026 Provincial Department (DWR in Gansu) approves 3,860,187.50 US$3,860,187.5 for the provincial a technical guideline for integrated landscape technical guideline approved plans for ecosystem restoration and protection in river basins at the provincial level 2027 N/A 0.00 NA 2028 N/A 0.00 N/A DLI_TBL_MATRI X DLI 6 1b.",0.9154741113836115
"Land area under sustainable landscape management practices (CRI, Ha), annual (Shandong) Type of DLI Scalability Unit of Measure Total Allocated Amount (USD) As % of Total Financing Amount Intermediate Outcome Yes Hectare(Ha) 14,987,700.00 5.00 Period Value Allocated Amount (USD) Formula Baseline 0.00 2024 40.00 1,404,000.00 US$35,100 per hectare of additional land area implementing soil salinity measures 2025 120.00 4,212,000.00 US$35,100 per hectare of additional land area implementing soil salinity measures 2026 140.00 4,914,000.00 US$35,100 per hectare of additional land area implementing soil salinity measures 2027 100.00 3,510,000.00 US$35,100 per hectare of additional land area implementing soil salinity  The World Bank China: Yellow River Basin Ecological Protection and Environmental Pollution Control Program (Gansu and Shandong) (P178401) measures 2028 27.00 947,700.00 US$35,100 per hectare of additional land area implementing soil salinity measures DLI_TBL_MATRI X DLI 7 2b.",0.9345996163108132
"Areas of wetlands in priority river basin locations restored (Ha), annual (Shandong) Type of DLI Scalability Unit of Measure Total Allocated Amount (USD) As % of Total Financing Amount Intermediate Outcome Yes Hectare(Ha) 74,880,000.00 24.98 Period Value Allocated Amount (USD) Formula Baseline 0.00 2024 5,200.00 18,720,000.00 US$3,600 per hectare of wetland restored 2025 5,200.00 18,720,000.00 US$3,600 per hectare of wetland restored 2026 5,200.00 18,720,000.00 US$3,600 per hectare of wetland restored 2027 5,200.00 18,720,000.00 US$3,600 per hectare of wetland restored 2028 0.00 0.00 N/A  The World Bank China: Yellow River Basin Ecological Protection and Environmental Pollution Control Program (Gansu and Shandong) (P178401) DLI_TBL_MATRI X DLI 8 3b.",0.9113913449374113
"Areas of forests in priority river basin locations restored (Ha), annual (Shandong) Type of DLI Scalability Unit of Measure Total Allocated Amount (USD) As % of Total Financing Amount Intermediate Outcome Yes Hectare(Ha) 44,992,000.00 14.99 Period Value Allocated Amount (USD) Formula Baseline 0.00 2024 1,000.00 7,600,000.00 US$7,600 per hectare of forest ecosystem restored 2025 2,000.00 15,200,000.00 US$7,600 per hectare of forest ecosystem restored 2026 2,000.00 15,200,000.00 US$7,600 per hectare of forest ecosystem restored 2027 920.00 6,992,000.00 US$7,600 per hectare of forest ecosystem restored 2028 0.00 0.00 N/A DLI_TBL_MATRI X 5b.",0.9241782968694513
"Number of technical documents for integrated landscape planning and decision making for ecosystem restoration and DLI 9 protection approved (Shandong) Type of DLI Scalability Unit of Measure Total Allocated Amount (USD) As % of Total Financing Amount Intermediate Outcome Yes Text 15,140,300.00 5.03 Period Value Allocated Amount (USD) Formula  The World Bank China: Yellow River Basin Ecological Protection and Environmental Pollution Control Program (Gansu and Shandong) (P178401) Baseline No 2024 Shandong approves implementation plans for 11,355,225.00 US$3,785,075 per integrated integrated landscape management for ecosystem landscape plan developed at sub- restoration and protection at the sub-basin level basin level for each of the three demonstration sub-basins 2025 N/A 0.00 N/A 2026 Provincial Department (DNR in Shandong) 3,785,075.00 US$3,785,075 for the provincial approves a technical guideline for integrated technical guideline approved landscape plans for ecosystem restoration and protection in river basins at the provincial level 2027 N/A 0.00 N/A 2028 N/A 0.00 N/A .",0.9003516977483575
 The World Bank China: Yellow River Basin Ecological Protection and Environmental Pollution Control Program (Gansu and Shandong) (P178401) .,0.8210056478326971
"Land area under sustainable landscape management practices (CRI, Ha), annual (Gansu) Sustainable Landscape Management Practices mean select practices to increase land quality and restore degraded lands combining at least two technologies related to soil and water conservation (with respect to Gansu Province) and soil salinity treatment (with respect to Shandong Province), as set form in the respective Program Implementation Plan.",0.8505001068115234
"In Gansu, this Description indicator measures annual newly added land areas with soil and water conservation measures implemented which meet national technical standards, refering to farmland terracing combined with other farming practice changes, including conservation agriculture, application of organic fertilizer and so on.",0.8693693334406073
Data source/ Agency Verification report Verification Entity Verification agency Verification: The annual additional new land area with soil and water conservation measures implemented can be verified based on national technical standards combining site-verification with remote sensing technology and ground-truthing.,0.8281549973921343
"• Code for soil and water conservation engineering design (GB-51018-2014) • Technical specification for soil and water conservation (GB/T16453-2008) Procedure • Completion acceptance standards for integrated soil and water conservation (GB/T15773-2008） • Technical guidelines for ecologically-clean small watershed construction (SL534-2013) • Technical specification for ecologically-clean small watershed construction (DB11/T548-2008) Disbursement will be made scalable based on the number of hectares (0.01 hectare) implemented with eligible soil and water conservation measures and will not be capped at the annual target within the total 5,950 hectares within the Program implementation period.",0.9646648060191761
"Areas of wetlands in priority river basin locations restored, annual (Gansu) This indicator measures the Program wetland areas (in ha) where interventions are carried out on an annual basis to restore Description degraded habitats, i.e., for waterbirds and other taxa (fish, amphibians, insects).",0.5537025711753152
Locations for wetland restoration that are critical to river basin ecosystem health have been identified by the Technical Assessment.,0.6993983008644797
 The World Bank China: Yellow River Basin Ecological Protection and Environmental Pollution Control Program (Gansu and Shandong) (P178401) Data source/ Agency Verification report Verification Entity Verification agency Verification: Two levels of inspection and acceptance will be carried out according to the below technical standards.,0.8029514659534801
"Verification will be based on county-level natural resources (including forestry) management checks carried out for all sites by local program implementation agencies; PPMOs will collect completion reports from all program counties, and submit to TPVA for verification.",0.8052114139903676
"Applicable technical standards are (a) DB11/T 1300—2015 Technical Regulations for Wetland Restoration and Construction, a local standard from Beijing considered to align with international good practice; (b) HJ 2005 - 2010 Constructed Wetland Sewage Treatment Technical Regulations.",0.8583372289484198
"In addition, the following technical requirements should be followed: Wetland restoration should recreate gradual slopes between 1 ‰ and 4 ‰ as surrounding edges as well as inundated areas of 10cm Procedure ～30cm depth.",0.2182927131652832
Re-introduce native carnivore fish as top-down control.,0.015965636480938305
Disbursement will be made scalable based on the number of hectares (0.01 hectare) with restored wetland areas in the Program areas.,0.8091251199895685
"Areas of forests in priority river basin locations restored (Ha), annual (Gansu) This indicator measures the area (in ha) of forest ecosystems restored, including three types of interventions: (a) mixed species plantations established; (b) degraded and monoculture forests restored to mixed species forests; and/or (c) assisted Description natural regeneration promoted.",0.5598700696771796
Areas for forest restoration that are critical to river basin ecosystem health are identified by the Technical Assessment.,0.7586050033569336
 The World Bank China: Yellow River Basin Ecological Protection and Environmental Pollution Control Program (Gansu and Shandong) (P178401) Data source/ Agency Verification report Verification Entity Verification agency Verification: Two levels of inspection and acceptance will be carried out according to the below technical standards.,0.8029514659534801
"Verification will be based on county-level forest management checks carried out for all sites by local program implementation agencies; PPMOs will collect completion reports from all program counties, and submit to TPVA for verification.",0.7404497320001776
"The technical specifications should comply with applicable technical standards, including (a) National Afforestation and Forest Management Comprehensive Verification Technical Regulation (LY/T2083-2013); (b) Forest Management Verification Technical Regulation (Forestry 2014 – No140); (c) GB/T 15163-2004 - Technical regulations for setting apart hills including sand area for tree growing; as well as the relevant Gansu Provincial Technical Standards.",0.8605450716885653
At least 5 percent of the new afforestation area should include biodiversity friendly flowering trees that can provide food sources for birds and other wildlife.,0.2907158244739879
"If irrigation measures are applied for early-stage tree planting to improve survival rates, water-saving irrigation technologies need to be adopted.",0.824030876159668
Disbursement will be made scalable based on the number of hectares (0.01 hectare) with restored forest ecosystem areas in the Program areas.,0.6202064860950817
"Length of river channels in priority river basin segments restored, annual (Gansu) This indicator measures the length of river restored, including the restoration of river channel and banks, riparian wetlands, and forest strips along river banks.",0.8678483096036044
Segments of river channels for restoration that are critical to river basin ecosystem Description health are identified by Technical Assessment.,0.8648745796897195
"Restored refers to the restoration to the river’s natural shape, using natural materials for bank stabilization, leaving cracks along the embankments to facilitate natural exchange of energy and  The World Bank China: Yellow River Basin Ecological Protection and Environmental Pollution Control Program (Gansu and Shandong) (P178401) nutrients, and the use of wetland vegetation cover for additional wildlife habitats.",0.8645886507901278
"Verification will be based on county-level water management checks carried out for all sites by local program implementation agencies; PPMOs will collect completion reports from all program counties, and submit to TPVA for verification.",0.8513411608609286
Applicable technical standards are (a) 2014 Technical Guidelines for Ecological Restoration of Inlet Rivers and Rivers in Lake Procedure Basins by the Ministry of Ecology and Environment； (b) DB11/T 1300—2015 Technical Regulations for Wetland Restoration and Construction; (c) DB11/T 1605-2018 Technical Regulations for the Evaluation of Bird Diversity and Habitat Quality; and (d) DB11/T 1722-2020: Technical Regulation for Water Ecological Health Assessment.,0.7933658253062855
"To adapt national and other regional standards to the project areas, appropriate local revegetation species as well as biodiversity indicator species for project areas have been provided in the Project technical assessment report.",0.7934650074351918
"Number of technical documents for integrated landscape planning and decision making for ecosystem restoration and DLI 5 protection approved (Gansu) This DLI addresses challenges of institutional strengthening and cross-sector collaboration by incentivizing the upscaling of integrated planning processes from demonstration watershed level to the province adopting a landscape approach for ecosystem restoration and protection at river basins by: (a) Gansu and Shandong provinces developing implementation Description plans for integrated landscape management for ecosystem restoration and protection for three selected sub-basins, respectively; The integrated implementation plans need to include a consumption based water balance analysis, and covers ecosystem management, water resource conservation and water pollution reduction, considering future climate change impacts, both mitigation and adaptation, and gender; and (b) provincial governments (through the Department of Water  The World Bank China: Yellow River Basin Ecological Protection and Environmental Pollution Control Program (Gansu and Shandong) (P178401) Resources (DWR) in Gansu and the Department of Natural Resources (DNR) in Shandong) issuing technical guidelines to prepare integrated landscape plans for ecosystem restoration and protection at the river basin level, based on the experience from the demonstration sub-basins.",0.879749211398038
"The Technical Guideline will provide guidance for priortizing ecosystem restoration actions in river basin contexts that maximize ecosystem services and climate and biodiversity co-benefits, prescribing international good practices and taking into consideration on water resource constraints and water quality conditions, particularly in water-scarce river basins.",0.8436837629838423
Data source/ Agency Verification report Verification Entity Verification agency Verification: Official documents (sub-basin level integrated plans and provincial guideline) are approved provincial technical departments and are made available to the verification agency.,0.7199780724265359
Disbursement: Procedure (a) Disbursement will be made scalable upon the number of sub-basin level Integrated landscape Plans for ecosystem protection and restoration developed; Three in total.,0.18909684094515714
"Land area under sustainable landscape management practices (CRI, Ha), annual (Shandong) Sustainable Landscape Management Practices mean select practices to increase land quality and restore degraded lands combining at least two technologies related to soil and water conservation (with respect to Gansu Province) and soil salinity Description treatment (with respect to Shandong Province), as set form in the respective Program Implementation Plan.",0.8513826890425249
"In Shandong, this indicator measures annual newly added land areas with soil salinity treatment measures applied, including leaching, crop pattern change, water evaporation reduction and so on.",0.7630901336669922
Data source/ Agency Verification report Verification Entity Verification agency Verification: The annual additional new land area with soil salinity treatment measures implemented can be verified based Procedure on national technical standards combining site-verification with remote sensing technology and ground-truthing.,0.8157790790904652
"The  The World Bank China: Yellow River Basin Ecological Protection and Environmental Pollution Control Program (Gansu and Shandong) (P178401) projects will be randomly selected to be verified according to the related national standards (Guobiao, GB) as below.",0.8416357907381925
• Technical standard for saline-alkaline land amelioration in landscape project (CJJT283-2018) • Technical specification for soil salinity treatment in landscape projects (CJJ/T283-2018） • Technical guidelines for ecologically-clean small watershed construction (SL534-2013) • Technical specification for soil salinity treatment in coastal areas (DB32/T 4313-2022) Disbursement will be made scalable based on the number of hectares (0.01 hectare) implemented with eligible soil salinity treatment measures and will not be capped at the annual target within the total of 427 hectares within the Program implementation period.,0.9846148057417436
"Areas of wetlands in priority river basin locations restored (Ha), annual (Shandong) This indicator measures the Program wetland areas (in ha) where interventions are carried out on an annual basis to restore degraded habitats, i.e., for waterbirds and other taxa (fish, amphibians, insects).",0.753561713478782
Locations for wetland restoration that are critical to river basin ecosystem health have been identified by the Technical Assessment.,0.6993983008644797
"In Shandong, 5,200 hectares of Description wetlands will be restored over a consecutive period of four years from Year 1 to Year 4.",0.8402142958207564
"During each year of this period, the same wetland area of 5,200 hectares will need to verified to ensure that they meet the restoration targets (i.e., absence of Spartina and other targets according to the technical standards).",0.8508541800759055
"Verification will be based on county-level natural resources (including forestry) management checks carried out for all sites by local program implementation agencies; PPMOs will collect completion reports from all program counties, and submit to TPVA for verification.",0.8052114139903676
"Applicable technical standards are (a) DB11/T 1300—2015 Technical Regulations for Wetland Restoration and Construction, a local standard from Beijing considered to align with international good practice; (b) HJ 2005 - 2010 Constructed Wetland Sewage Treatment Technical Regulations.",0.8583372289484198
"In addition, the following technical requirements should be followed: Wetland  The World Bank China: Yellow River Basin Ecological Protection and Environmental Pollution Control Program (Gansu and Shandong) (P178401) restoration should recreate gradual slopes between 1 ‰ and 4 ‰ as surrounding edges as well as inundated areas of 10cm ～30cm depth.",0.8240867961536754
Re-introduce native carnivore fish as top-down control.,0.015965636480938305
"Disbursement will be made scalable based on the number of hectares (0.01 hectare), which on annual basis meet the abovementioned restoration targets in the Program areas.",0.8512764844027433
"The annual DLR values are fixed at 5,200 hectares.",0.8416627537120472
"Areas of forests in priority river basin locations restored (Ha), annual (Shandong) This indicator measures the area (in ha) of forest ecosystems restored, including three types of interventions: (a) mixed species plantations established; (b) degraded and monoculture forests restored to mixed species forests; and/or (c) assisted Description natural regeneration promoted.",0.4608990929343484
Areas for forest restoration that are critical to river basin ecosystem health are identified by the Technical Assessment.,0.7586050033569336
"Verification will be based on county-level forest management checks carried out for all sites by local program implementation agencies; PPMOs will collect completion reports from all program counties, and submit to TPVA for verification.",0.7404497320001776
"The technical specifications should comply with applicable technical standards, including (a) National Afforestation and Forest Management Comprehensive Verification Technical Regulation (LY/T2083-2013); (b) Forest Management Verification Technical Regulation (Forestry 2014 – No140); (c) GB/T 15163-2004 - Technical regulations for setting apart hills including  The World Bank China: Yellow River Basin Ecological Protection and Environmental Pollution Control Program (Gansu and Shandong) (P178401) sand area for tree growing; as well as the relevant Shandong Provincial Technical Standards.",0.8779732964255593
At least 5 percent of the new afforestation area should include biodiversity friendly flowering trees that can provide food sources for birds and other wildlife.,0.2907158244739879
"If irrigation measures are applied for early-stage tree planting to improve survival rates, water-saving irrigation technologies need to be adopted.",0.824030876159668
Disbursement will be made scalable based on the number of hectares (0.01 hectare) with restored forest ecosystem areas in the Program counties.,0.32568485086614435
"Number of technical documents for integrated landscape planning and decision making for ecosystem restoration and DLI 9 protection approved (Shandong) This DLI addresses challenges of institutional strengthening and cross-sector collaboration by incentivizing the upscaling of integrated planning processes from demonstration watershed level to the province adopting a landscape approach for ecosystem restoration and protection at river basins by: (a) Gansu and Shandong provinces developing implementation plans for integrated landscape management for ecosystem restoration and protection for three selected sub-basins, respectively; The integrated implementation plans need to include a consumption based water balance analysis, and covers ecosystem management, water resource conservation and water pollution reduction, considering future climate change Description impacts, both mitigation and adaptation, and gender; and (b) provincial governments (through the Department of Water Resources (DWR) in Gansu and the Department of Natural Resources (DNR) in Shandong) issuing technical guidelines to prepare integrated landscape plans for ecosystem restoration and protection at the river basin level, based on the experience from the demonstration sub-basins.",0.8829785260287198
"The Technical Guideline will provide guidance for priortizing ecosystem restoration actions in river basin contexts that maximize ecosystem services and climate and biodiversity co-benefits, prescribing international good practices and taking into consideration on water resource constraints and water quality conditions, particularly in water-scarce river basins.",0.8436837629838423
Data source/ Agency Verification report Verification Entity Verification agency  The World Bank China: Yellow River Basin Ecological Protection and Environmental Pollution Control Program (Gansu and Shandong) (P178401) Verification: Official documents (sub basin level integrated plans and provincial guidelines) are approved by provincial technical departments and are made available to the verification agency.,0.824266173622825
Disbursement: Procedure (i) Disbursement will be made scalable upon the number of watershed Integrated landscape Plans for ecosystem protection and restoration developed; Three in total.,0.054897779768163506
 The World Bank China: Yellow River Basin Ecological Protection and Environmental Pollution Control Program (Gansu andShandong) (P178401) ANNEX 3.,0.8172203410755504
 The World Bank China: Yellow River Basin Ecological Protection and Environmental Pollution Control Program (Gansu andShandong) (P178401) ANNEX 4.,0.8067330447110262
"STAKEHOLDER ANALYSIS Result Area Typical activities Affected entities Interested entities Management agencies RA1- Improve • soil erosion control and water • People may be • Service providers • Government land and conservation (farmland affected by land • Individuals or organizations department at different water terracing and slope land acquisition or concerned about ecological level, e.g., NRPB, EEB, resource stabilization); other forms of environment WRB, NRB, etc.",0.6540631380948153
management • improved forest and grassland land use; • organizations concerned • township government management (fire and disease • People may be about poverty and involved prevention and control); affected by women’s development • village committees • soil salinity treatment; environmental involved • water-saving irrigation for impact during forests and grasslands construction and operation.,0.7917404174804688
"• township domestic • People affected by • Operators and • competent authorities, wastewater management land acquisition/ maintenance units of e.g., provincial and (new and rehabilitated occupation wastewater treatment county level ARABs, wastewater treatment plants • People paying for facilities EEBs, or HURDBs and network).",0.9614205793900923
"wastewater • Service and goods • county government treatment providers • township government • Individuals or organizations • village committees concerned about ecological environment • Organizations concerned about poverty and women’s development RA2- Improve • Wetland restoration (Spartina • Planters • Service providers • competent authorities, the quality of alterniflora management, • people affected by • individuals or organizations e.g., provincial and degraded Suaeda salsa restoration, land concerned about ecological county level NRBs, ecosystems seagrass bed restoration, acquisition/occupa environment and soil FGBs, WRBs benthos proliferation, flood tion quality • county government plain restoration, and urban • People may be • organizations concerned • township government wetland restoration) affected by about poverty and involved • River channel rehabilitation environmental women’s development • village committees impact during involved construction and operation.",0.7131857438520952
"• Reforestation and forest • None • individuals or organizations • competent authorities, ecosystem restoration; concerned about ecological e.g., provincial and • Grassland and other ecosystem environment county level EEBs, NRBs restoration; • Service providers • Biodiversity monitoring of selected ecosystems using the environmental DNA (eDNA)  The World Bank China: Yellow River Basin Ecological Protection and Environmental Pollution Control Program (Gansu andShandong) (P178401) Result Area Typical activities Affected entities Interested entities Management agencies method.",0.7894764813509855
"RA3- • Development and approval of • None • Organizations concerned, • competent authorities, Strengthen integrated landscape e.g., research institutes, e.g., provincial and the capacity of implementation plans for NGOs, agencies on gender county level NRBs, integrated ecosystem protection and equality and women’s FGBs, EEBs, ARABs, WFs land and restoration in demonstration development; • county government water sub-basins and at the province • Service Providers, if any • township government resource level; • village committees management • Piloting of ecosystem health for ecosystem monitoring and evaluation protection systems; and • Improvement of female restoration leadership in ecosystem protections with more women forest, grassland, and wetland chiefs; and • Capacity building activities (training) for government officials and practitioners.",0.9294322620738636
 The World Bank China: Yellow River Basin Ecological Protection and Environmental Pollution Control Program (Gansu andShandong) (P178401) ANNEX 5.,0.8152373920787465
"The strategy and approach for implementation support includes an emphasis on the technical, fiduciary, and E&S support needed during implementation.",0.8607687516645952
"Implementation support from the procurement and financial management team will focus on reviewing and monitoring compliance with the Government’s own systems and the actions defined in the PAP, while the implementation support will also provide technical assistance to address shortcomings identified during the assessment.",0.8231914693659003
"Table A7.1 Main focus of Implementation Support Resources Time Focus Skills Needed Estimate (Staff Weeks) First 12 • Implementation of program management systems • Core team, 72 months • Setting up cross administrative-level coordination particularly mechanism technical, FM, • Staff capacity building, on-the-job training on E&S and procurement, E&S fiduciary experts • Procurement process and training • Integrated water • E&S training, support to implementation of policy and environment requirements management expert • Technical support to activities and implementation • Financial management and disbursement training and capacity building 12–48 • Technical support to implementation • Core team, 120 months • Conduct policy and technical research particularly • Review of environmental, social, and financial performance technical, FM, of central components procurement, E&S • Continued improvements in project management systems experts including fiduciary and safeguards • Integrated water • Program Midterm Review and environment management expert Other • Completion of activities • Core team, 56 • Capacity building and facilitate knowledge exchange and particularly events technical, FM,  The World Bank China: Yellow River Basin Ecological Protection and Environmental Pollution Control Program (Gansu andShandong) (P178401) Resources Time Focus Skills Needed Estimate (Staff Weeks) • Support technical and financial analysis of program procurement, E&S investments experts • End-term evaluation and client ICR • Integrated water and environment management Table A7.1.",0.8706302642822266
"Task Team Skills Mix Requirements for Implementation Support Skills Needed Number of Number of Trips Comments Staff Weeks per year Task team leader/program Three in the first year, 3-4 annually Singapore office-based staff management/technical two thereafter Co-Task team leader(s)/program Three in the first year, 14 annually Country office-based staff management/technical two thereafter Procurement specialist 3–6 annually Two per year Country office-based staff Financial management specialist 2 annually Two per year Country office-based staff Operations specialist 4–6 annually Two per year Country office-based staff Environmental specialist 3–4 annually Two per year Country office-based staff Social specialist 3–4 annually Two per year Country office-based staff M&E specialist 4–6 annually Two per year Country office-based staff Integrated ecosystems and water 3–4 annually Two per year Consultant (national) resources management expert Water balance and satellite monitoring 2 annually Two per year Consultant (national) expert Water quality expert 2 annually Two per year Consultant (national)  The World Bank China: Yellow River Basin Ecological Protection and Environmental Pollution Control Program (Gansu andShandong) (P178401) .",0.39981807361949573
"within six manual and submit to the Bank environmental and Systems months for review; during PforR social (E&S) after loan implementation, the PPMOs management effectivenes should provide regular reports manual for typical s and on the implementation status Program activities implemente of the manual as part of the (e.g, river/wetland d semiannual progress reports.",0.8453651775013317
"To involve local Environmental PMOs and local Recurrent Continuous Participation of sector agencies, sector departments and Social relevant agencies e.g.",0.43162506276910956
"natural resources bureaus, and township Systems township governments and governments in the affected people during program preparation of preparation with written specific activities to records available to be improve the quality reviewed by the World Bank and efficiency of social risks assessment and management To incorporate E&S Environmental PMOs, local agencies, Recurrent Continuous Terms and conditions on E&S considerations in and Social PIUs impact screening and non-physical Systems stakeholder engagement are activities (e.g.",0.8646880063143644
included in the TORs for non- integrated physical activities and landscape plans) to submitted for the World Bank's  The World Bank China: Yellow River Basin Ecological Protection and Environmental Pollution Control Program (Gansu andShandong) (P178401) avoid/mitigate review potential downstream E&S impacts/risks associated with the planning and implementation of the deliverables To prepare Fiduciary PPMOs Recurrent Yearly Program financial statements Program financial Systems developed and submitted to statements in the Bank on an annual basis agreed format and substance To have Program Fiduciary PPMOs Recurrent Yearly Program financial statements financial Systems are auditted on an annual basis statements audited during the Program implementation period and the audit reports are submitted to the World Bank on an annual basis To issue official Fiduciary PPMO Other No later The official instruction should instructions to all Systems than loan be included in the PIP to ensure implementation effectivenes that the completion can be agencies that no s monitored as part of the contract will be condition of effectiveness awarded to firms or individuals in the debarred list or under temporary suspension.,0.906250693581321
To report actual Fiduciary PPMO Recurrent Semi- Procurement data are provided procurement Systems Annually in the semi-annual progress performance data reports to the World Bank as to enable the required World Bank to monitor whether procurement continues to perform as assessed To inform the Fiduciary PPMOs Recurrent Continuous PPMOs shall inform the World World Bank of any Systems Bank any credible and material credible and allegations of fraud and material allegations corruption issues in a timely of fraud and manner through the Program corruption issues progress report .,0.7891051552512429
 The World Bank China: Yellow River Basin Ecological Protection and Environmental Pollution Control Program (Gansu andShandong) (P178401) ANNEX 7.,0.8156882199374113
