seq,ecological domination
The robust Goods and Services Tax (GST) revenues are expected to continue as the economic recovery gathers momentum.,0.8407084725119851
 The World Bank Rejuvenating Watersheds for Agricultural Resilience through Innovative Development (P172187) 4.,0.8724632263183594
"Of the 140.13 million ha of net sown area in the country, about 51 percent (71.75 million ha) is rainfed and home to 86 percent of the countryâs poor.",0.003203469921242107
"Since rainfed areas contribute significantly to agricultural output (producing 44 percent of countryâs food grains, 80 percent of the pulses, 73 percent of oilseeds and 66 percent of livestock), conservation and sustainability of these lands and their natural capital becomes essential.",0.5790522315285422
India is committed to achieving Land Degradation Neutrality and increasing farmerâs incomes.,0.22185022180730646
"As a signatory to the United Nations Convention for Combating Desertification (UNCCD), the Government of India (GoI) has committed to restore 26 million ha of degraded land by 2030.",0.4298007704994895
"The GoI has also focused on doubling farmersâ income in seven years (from 2015â16 to 2022â23), marking a significant departure from past policies which emphasized production rather than marketability.",0.603409160267223
The strategy for doubling farmer incomes recognizes that management of natural resources is a comprehensive and scientific approach to achieve sustainability and manage risk in agriculture.,0.8099645267833363
Integrated watershed13 management provides a constructive framework to manage natural resources and build a resilient food system.,0.8799589330499823
"Global experience and good examples from India have demonstrated that effective watershed management can help to comprehensively address land degradation, land use, water conservation, agricultural performance, livelihood security and climate change in rainfed areas, while building a more resilient food system.",0.630393461747603
"A resilient food system requires substantial investments in restoration of ecosystems to support precision farming, based on efficient use of natural resources and inputs, including water, land, fertiilzers and pesticides.",0.8390280116688121
"In addition, integrated watershed management provides opportunities to support rural livelihoods in the short, intermediate and longer-term as part of strategies to address impacts from COVID-19.",0.4429144859313965
"Interventions addressing both COVID-19 and climate change are well-reflected in integrated watershed activities, such as improved targeting for COVID-19 recovery activities, working under continued COVID-19 restrictions, interventions on improving agro-climatic resilience, strategic climate analytics for priority watersheds, improved weather monitoring and early alerts.",0.8695819161155007
"Watershed management programs in India have evolved over time in terms of their approach, strategy and operational scale.",0.7316091710870917
"In the late 1970s, watershed management programs were mainly about top-down engineering- focused, soil and water conservation infrastructure development to protect large downstream water bodies (especially dams) from silting up.",0.8984444358132102
"From the late 1980s, programs began focusing on soil and water issues and productivity in resource-poor, poverty-stricken upstream areas.",0.8654719266024503
"From the late 1990s, a new approach based on participatory watershed planning, implementation and management was pioneered in several states including Odisha (supported by UK Government) and Karnataka (supported by UK Government, DANIDA, World Bank).",0.8817547017877753
"In 2009, the Integrated 11Rainfed areas receive less than 750 mm of rainfall annually and have less than 30 percent of cropland under irrigation (from both surface and groundwater).",0.7644853591918945
"Based on the size, the hydrological unit is termed as water resource region, basin, catchment, sub-catchment, watershed, sub-watershed and micro-watershed respectively.",0.5202774568037554
" The World Bank Rejuvenating Watersheds for Agricultural Resilience through Innovative Development (P172187) Watershed Management Programme (IWMP) was launched, which marked the consolidation of various watershed development schemes under an integrated program.",0.891754150390625
"In 2015-16, the IWMP became a component of the GoIâs flagship program on extending irrigation coverage and improving water use efficiency â the Pradhan Mantri Krishi Sinchayee Yojana (PMKSY).",0.9211958104913885
"Recently, watershed programs, such as the Karnataka Watershed Development Project (KWDP)-II (known locally as âSujala IIIâ) financed by the Bank, began emphasizing improved biophysical and socio-economic site data, more science-based watershed planning, and value-chain development through investments in farmer producer organizations (FPOs) and market linkages.",0.9333492625843395
The operational scale of watershed development also shifted over time from larger treatment areas to smaller micro-watersheds and then to a meso-scale focused on clusters of micro-watersheds covering contiguous areas 8.,0.7620199376886542
"The Department of Land Resources (DoLR) of the Ministry of Rural Development (MoRD), GoI is the key national agency responsible for watershed development.",0.8659133911132812
The National Rainfed Areas Authority (NRAA) of the Ministry of Agriculture and Farmersâ Welfare (MoAFW) provides technical and policy support to the DoLR on watershed development.,0.8655153621326793
"State Level Nodal Agencies (SLNAs) or State Watershed Departments (SWDs), housed in various agencies,14 are responsible for delivering national watershed programs, including watershed planning, resource mobilization, monitoring, capacity building and coordination through their district and block level structures.",0.8676177805120294
"To facilitate meaningful engagement of the community in planning, implementation and monitoring of watershed development, community level institutions and local government bodies are supported.",0.8003593791614879
The Watershed Development Component of the PMKSY15 (WDC-PMKSY) is the key ongoing government program in the watershed development sector with an allocation of USD 314 million in 2019â20.,0.8802968805486505
"Another relevant government program with a significant focus on soil and water conservation measures is the Mahatma Gandhi National Rural Employment Guarantee Act (MGNREGA), with a budget of USD 8.8 billion for 2019â20 and an estimated 40 percent or more allocated to soil and water conservation works.",0.8928800929676403
"In the context of COVID-19, watershed management has the potential to provide rural employment to migrant workers in public works, livelihood protection for vulnerable households, productivity enhancement and value addition services to farmers.",0.8512125882235441
"Under the IWMP/WDC-PMKSY, 8,214 watershed development sub-projects (each covering about 5,000 ha) were approved, between 2009-10 and 2014-15 in 28 states, covering an area of about 39.07 million ha.",0.8801580775867809
"Of these, 5,151 have been completed â treating about 24.72 million ha of rainfed and degraded land; creating 758,000 water harvesting structures; bringing 1.62 million ha of land under protective irrigation; improving 328,000 ha of wasteland; and benefitting 2.7 million farmers.",0.9620274630459872
"Based on the total of 96 million ha of rainfed lands in India and the area treated to date with government watershed programs (20.5 million ha), 75.5 million ha remain to be treated.",0.858527356928045
"Even with complete implementation of the remaining sub-projects, about 57.0 million ha of rainfed areas and wastelands remain to be developed.",0.8282357996160333
"While these programs have treated significant land areas to date with basic soil and water conservation, the broader results have been below expectation in terms of: incorporating hydrology, water management and climate resiliency into plans and investments; supporting farmers to transition to climate resilient farming practices, more value addition and market access for increased productivity and incomes; and strengthening rural livelihood development to improve overall equity and opportunities for women.",0.9155387878417969
"Weak institutional capacity, poor inter-departmental coordination, policy gaps in addressing operation and maintenance, and adhoc 14 Depending on the state, this could be the Department of Agriculture, Panchayat Raj Department, Forest Department, or in some cases a separate Watershed Development Department.",0.06752759760076349
"15 The umbrella PMKSY scheme is an amalgamation of three ongoing national schemes: (i) Accelerated Irrigation Benefit Program of the Ministry of Water Resources (MoWR), River Development and Ganga Rejuvenation (RD&GR); (ii) the Integrated Watershed Management Programme (IWMP) of Department of Land Resources (DoLR) of the Ministry of Rural Development (MoRD); and (iii) the On-Farm Water Management of Department of Agriculture and Cooperation, Ministry of Agriculture and Farmersâ Welfare (MoAFW).",0.9571847048672762
 The World Bank Rejuvenating Watersheds for Agricultural Resilience through Innovative Development (P172187) community participation are key constraints contributing to the sub-optimal results.,0.8690492456609552
"Rural women play a central role in managing land, water, biomass and agriculture, as well as addressing household requirements of food and income, and are consequently most affected by climate change and vulnerabilities associated with rainfed agriculture.16 Successive guidelines17 as well as projects on watershed development have emphasized womenâs representation in watershed institutions and their participation in watershed planning and management.",0.098276441747492
"The persistent gender gaps pertain to: first, womenâs leadership in watershed development committees, water user groups and watershed development teams/associations;19 second, womenâs structured participation in watershed infrastructure planning, prioritization, implementation and operation and maintenance (O&M) of watershed investments;20 third, absence of gender-disaggregated data in baseline surveys, detailed project reports (DPRs) and monitoring and reporting systems;21 and fourth, targeting of women farmers, women agriculture workers and women-headed households as direct beneficiaries of watershed interventions.",0.741644252430309
"Improving impacts of Indiaâs watershed development program will require a more science-based and data- driven approach, shorter sub-project cycles, stronger institutional capacities, and greater attention to farmersâ needs.",0.8365641507235441
Current watershed programs need to adopt a stronger science-based approach by: applying modern tools and comprehensive site data for more efficient and integrated planning among the line departments; reducing time for sub-project planning and execution; and shifting monitoring systems from tracking physical and financial progress to an approach that also measures broader results and impacts.,0.8745885328813032
"The institutional architecture of the national watershed program reaches down to communities, however inadequate technical capacities must be improved for better scientific planning, addressing climate change and helping farmers achieve higher incomes.",0.5264772935347124
"Programs need more emphasis on hydrology â especially water budgets and the demand side of groundwater management in watersheds, crop selection based on land suitability assessment, rational fertilizer use informed by analysis of soil nutrient status, and greater value addition and market access.",0.8982980901544745
States need support to implement new national watershed guidelines.,0.16586135734211316
"Drawing on guidance from the NRAA, the DoLR revised the Draft Guidelines for New Generation Watershed Development Projects 2020.",0.8611034046519886
"These approaches included: (i) the Land Resource Inventory (LRI) program that developed comprehensive databases at a micro-watershed and farm plot levels, covering biophysical and socio-economic data sets, particularly enhanced soil assessments; (ii) development of hydrological tools and models that could be integrated into LRI databases; (iii) creation of a functional web-based portal to promote easy access to data sets for multiple purposes in targeted watersheds and for external research; (iv) development of nine Decision Support System (DSS) tools to improve watershed planning, and targeting of soil and water conservation investments taking into account water budgets, farmer decision-making around crop selection, precision farming and fertilizers, among others; (v) building of a strong network of local and national technical partners to support scientific inputs in watershed management programs; and (vi) intensive third-party monitoring.",0.6846962408585981
"17 Integrated Watershed Management Guidelines, 2011; GoI.",0.6266665025190874
"20 Impact Study of Karnataka Watershed Development Project II (Sujala III), TERI; 2019.",0.36130742593245074
" The World Bank Rejuvenating Watersheds for Agricultural Resilience through Innovative Development (P172187) watershed programs, DoLR and other states (as does Karnataka to deepen its experience) need support to implement these new approaches effectively at scale, continue to develop innovative practices and tools, and share lessons learned with other states and regions.",0.8624173944646661
"Key lessons from watershed management programs financed by the Bank, from within India and outside the country, have informed the design of the proposed Rejuvenating Watersheds for Agricultural Resilience through Innovative Development (REWARD) Program.",0.8871435685591265
"Key lessons22 emphasize the importance of: (i) using scientific data-driven analytics (such as LRI, hydrology, climate) and planning; (ii) focusing more on water management, including demand management; (iii) improving evidence-based and data- driven monitoring systems focused on results and impacts; (iv) building stronger technical and management capacities at national, state and local levels to apply new approaches and technologies; (v) developing O&M policies and financing mechanisms; (vi) providing performance incentives, including bio carbon funds, to incentivize local governance and maintenance of watersheds; (vii) introducing innovative participatory processes, including setting up special women forums to facilitate participation; and (viii) integrating value chain services to help farmers gain more income.",0.9079310677268289
The CPF FY 2018âFY 202223 for India identified three focal areas for Bankâs financing: Focus area 1 â Promoting resource efficient growth; Focus area 2 â Enhancing competitiveness and enabling job creation; and Focus area 3 â Investing in human capital.,0.22519011930985885
"The proposed operation will support the objective of promoting more resource-efficient, inclusive and diversified growth in the rural sector under Focus area 1 by contributing to increasing and diversifying income-generating opportunities, while improving efficiency in the use of water and land resources in agriculture.",0.9276535727761008
"It will support climate resilience and improved natural resource management through investments in infrastructure, facilitating changes in agricultural practices, crop diversification and minimizing agriculture risks.",0.9505042162808505
The proposed Program will also contribute to Focus area 3 by building stronger technical and management capacities at different levels to improve the delivery of more science-based and data-driven watershed programs.,0.8096653331409801
It will also contribute to improving disaster risk management through its contribution to mitigating drought risk in rainfed areas.,0.7656641006469727
The Program will also establish strategic partnerships with selected states which will receive financing under the Program and foster the development of scientific networks in these states.,0.2795365506952459
Drawing from recent Bank experiences in India with multi-state programs across different sectors the proposed financing instrument is a Program for Results (PforR) with a loan to India whose funds are allocated in part to the central DoLR and in part to the participating states.,0.721649473363703
Direct Program Agreements will be entered into between the participating states and the Bank.,0.8324343941428445
"A straight Investment Project Financing (IPF) model would not be suitable because it would not provide the incentives needed to stimulate action and foster institutional improvements, without which, longer-term 22 Lessons in the watersheds sector are based on secondary literature reviews and technical consultations with civil society organizations, donor agencies (e.g.",0.6233383525501598
"IFAD, KFW), technical resource agencies and experts.",0.2997443242506547
 The World Bank Rejuvenating Watersheds for Agricultural Resilience through Innovative Development (P172187) reform is not possible.,0.8800952217795632
"The PforR option has a number of specific advantages over an IPF approach including: (i) moving away from a business-as-usual approach and bringing a stronger results-orientation in implementation and strengthening of DoLR and state capacities for results-focused implementation; (ii) building on existing program systems while also providing scope for improvements, such as with monitoring and evaluation (M&E) and fiduciary and safeguards systems; (iii) reducing procurement transactional costs during implementation; and (iv) building on exisiting knowledge sharing systems to promote more effective cross-learning across states for adopting innovations and best practices in the design and implementation of watershed programs by the states.",0.9036770733920011
The option of an IPF with performance-based conditions was dropped in view of the comparatively greater strength of the PforR instrument in building long term institutional capacity for delivering results.,0.7952258370139382
"A Development Policy Operation (that was also evaluated) would not be suitable, as the program already provides a policy and programmatic underpinning for revitalizing rainfed areas with reasonably well-defined objectives.",0.5863303704695269
"Further, the DoLR and NRAA have already developed new national watershed guidelines.",0.5618064186789773
The Governmentâs Watershed Development Component â Pradhan Mantri Krishi Sinchayee Yojana (WDC- PMKSY) is a key source of funds for watershed management.,0.881458889354359
"The DoLR provides national guidelines and funds to states through national watershed schemes for execution at the sub-project level.24 The long-standing funding pattern of 90:10 (center:state) changed to 90:10 in hilly & North Eastern States, 100% for UTs without legislature, 90.:10 for UTs with legislature and 60:40 for other States from 2015-16.",0.8388030312278054
The actual fund release from DoLR to the states has ranged from USD 214 million in 2016-17 to USD 256 million in 2018-19.,0.8473708412863992
DoLR aims to bring approximately 4.95 million ha of hitherto untreated land under watershed development.,0.8743081526322798
The current WDC-PMKSY national watershed scheme got an extension till March 2022.,0.7919252569025214
"Through the 2020-21 fiscal year in the current WDC-PMKSY and the follow-on program, the DoLR plans to undertake watershed management on 4.95 million ha during 2021-2026.",0.8818642009388317
"The cost-sharing with states is expected to continue at 60:40, inferring that the total cost of the new program will be USD 1.68 billion.",0.5380463166670366
"This significant increase in the annual outlay over earlier programs is largely because national cost norms for watershed activities increased from INR 12,000 per ha (USD 162/ha) for less undulating âplains areasâ, INR 15,000 per ha (USD 203/ha) for âhilly and desert areasâ to INR 22,000 (USD 297), INR 28,000 (USD 378) and upto INR 28,000 per ha (USD 378), respectively.",0.9019317626953125
The old cost norms that were set in the 2008 National Common Guidelines for Watershed Development Projects remain unchanged.,0.8702142021872781
"Due to inflation, the old cost norms were generally viewed as inadequate to finance effective watershed management.",0.8772635026411577
The new cost norms will apply to all State/UTs taking up the new national watershed program.,0.5902787988836115
The new guiding watershed principles will address a number of key points including: land degradation neutrality25 and nutritional security; welfare of the 24 DoLR and SWDs use the term âprojectâ to refer to the watershed development activities covered by a single âDetailed Project Reportâ and typically covering a sub-watershed or a micro-watershed.,0.8609586195512251
"25 LDN is defined as Land Degradation Neutrality or âa state whereby the amount and quality of land resources, necessary to support ecosystem  The World Bank Rejuvenating Watersheds for Agricultural Resilience through Innovative Development (P172187) watershed community and economic gains to the farmers; adaptation to climate change; biomass and livestock centric approach and emphasis on secondary agriculture; promoting land use and production systems in sync with climate and soil site-suitability of land resources; scientific planning based on technology inputs, spatial and non-spatial data, hydro- geologic and aquifer characteristics; institutional sustainability; and convergence of programs and resources.",0.9360060258345171
"The estimated total allocation to the REWARD Program for Karnataka, Odisha, and the DoLR is USD 243.25 million.26 The proposed International Bank for Reconstruction and Development (IBRD) financing of the REWARD Program is USD 115 millionâ USD 60 million for Karnataka, USD 49 million for Odisha and USD 6 million for DoLR.",0.8786609823053534
"In addition, the two states and the DoLR are commting an additional amount of USD 52.71 million, as per DEA norms for IBRD supported projects.",0.8782189109108665
"At the central level, the REWARD Program scope covers management, monitoring, communication and knowledge sharing functions of the DoLR.",0.8068918748335405
"These criteria are: (i) extent of rainfed area in the state; (ii) socio-economic profile; (iii) financial readiness: the state leaders have agreed to provide counterpart financing of 30 percent of the cost of the Program to complement the financing provided by the GoI using the Bankâs resources; (iv) financial performance: the state has demonstrated utilization of more than 75 percent of the funds released by the DoLR under the WDC-PMKSY in the past five years; (v) institutional readiness: the state has established institutional arrangements at the state and district levels for watershed development and initiated partnerships with technical institutions27; and (vi) demonstrated performance: the state has strong leadership in the State Watershed Department (SWD, also referred to as SLNA) and demonstrated capacity to plan and implement watersheds at scale with evidence of results.",0.8698899529197
All participating states have been working with DoLR to implement watershed programs.,0.251451622356068
"Under various schemes and projects to date28, about 6.7 million ha is treated.",0.8499794006347656
"Of the remaining area, 5.4 million ha is available for treatment.",0.7866195331920277
"Starting in 2019-20, the state also allocated INR 1,000 million/year (USD 13.7 million/year) for the next five years to watershed development in drought prone areas, guided by successful approaches and innovations in KWDP-II.",0.9095596833662554
It was among the first states to constitute a separate Watershed Development Department in 2000.,0.7960414886474609
"27 SWDs have selected technical partners to provide site-specific land resource information, remote sensing data/applications, and hydrological data for taking up science-based watershed management in the states.",0.8523628928444602
"Karnataka: National Bureau of Soil Survey and Land Use planning (NBSS&LUP) Bangalore; Indian Institute of Science (IISc) Bangalore; University of Agriculture Science (UAS) Bangalore; UAS Dharwad; UAS Raichur; University of Agricultural and Horticultural Sciences Shivamogga; and KSNDMC; Odisha: Odisha University of Agricultural Technology, Indian Institute of Technology-Bhubaneshwar, Indian Institute of Social and Water Conservation; Indian Institute of Water Management (IIWM), NBSS&LUP (Kolkata Centre) and Odisha State Remote Application Center (OSRAC).",0.8044245459816672
"28 In addition to implementing WDC-PMKSY, Karnataka has implemented several externally aided projects with support from UK Government, DANIDA, Swiss Development Corporation (SDC) and the World Bank (KWDP-I and KWDP-II).",0.8200256174260919
 The World Bank Rejuvenating Watersheds for Agricultural Resilience through Innovative Development (P172187) 26.,0.8601850162852894
"A total of 9,152 micro-watersheds covering an area of about 4.7 million ha are yet to be treated.",0.6753208420493386
The WDC-PMKSY has been the main source of funding for watershed development in the state.,0.8641557693481445
The Odisha Mineral Bearing Area Development Corporation (OMBADC) set up by the Government of Odisha (GoO) in 2014 also provides funds to watershed development in the mining districts of the state.,0.9418510090221058
"In 1977-78, the state created the Directorate of Soil Conservation, which is responsible for watershed development.",0.8406200408935547
"The financing to be provided by the IBRD will complement GoIâs and stateâs resources and will support activities related to: strengthening the underlying institutional and policy environment, improving science-based watershed development, and demonstrate more efficient and effective planning and implementation of watershed sub-projects that contribute to livelihood enhancement.",0.897002480246804
The allocation of the Bankâs financing among participating states is equivalent to the financing amounts requested by the states based upon their cabinet clearances.,0.8693679462779652
"If a state is lagging in performance, the Department of Economic Affairs (DEA) and World Bank in consultation with DoLR could consider a full or partial reallocation of the stateâs portion of the Bankâs financing to a well performing state(s) and possibly, subject to Bankâs prior agreement in accordance with Bank policies and procedures, to a new participating state meeting the same eligibility criteria.",0.8819630362770774
"Any existing participating state that seeks to benefit from an increased portion of the Bankâs financing and any new participating state are required to submit a new request to the DEA as a prior condition for entry into the REWARD Program and subsequently fulfill the state readiness criteria, including a cabinet clearance.",0.8311226584694602
"If these changes and adjustments become necessary, the World Bank will restructure the Program to reduce the state targets in any individual poorly performing states and the associated disbursementâlinked indicator (DLI) allocation, and concurrently process higher targets and financing allocation for the better performing states or a new state.",0.8474244204434481
Additional financing may also be considered by the World Bank.,0.8088760375976562
"The Results Areas outline the broad interface between Bank contributions to the national watershed program at the central and state levels, and the key results that the REWARD Program will incentivize (Figure 1).",0.8314404054121538
"Figure 1: The REWARD program scope (state level) Results in 800,000 ha WDC-PMKSY LRI based watershed plans in 2 states O & M Policy Results in 200,000 ha M&E WCs & GPs demonstrate Science-based watershed effective planning, development in saturation Crop Advisory for Farmers implementation, O&M mode Value Chain Development  The World Bank Rejuvenating Watersheds for Agricultural Resilience through Innovative Development (P172187) Table 1: Program Scope WDC-PMKSY 2.0 program REWARD Program Nation-wide program National level State level Objective To ensure sustainable Strengthen capacities of national and state institutions to improvement in productivity and adopt improved watershed management for increasing livelihood/ income potential of farmersâ resilience and support value chains in selected land through development of watersheds of participating states rainfed and degraded areas including wastelands Coverage DoLRâs national coordination role; DoLRâs national States of Karnataka and Odisha Implementation by all states and coordination role UTs Area (in hectares) 4.95 million ha to be treated Not applicable 0.8 million ha during 2021-2026 Financing USD 1.68 billion (central share of USD 17.4 million Karnataka: USD 1.10 billion, state share of (of which IBRD USD 234.4 million USD 0.58 billion) provided USD 6.0 (of which IBRD provided USD 60 million) million) Odisha: USD 159.2 million (of which IBRD provided USD 49 million) Duration 2021-22 to 2025-26 Activities â¢ Institutional arrangements at â¢ Development of â¢ Strengthening community national, state, district, supportive policy institutions in watershed watershed sub-project on technical management (community) levels standards at â¢ Enhancing institutional â¢ Watershed development sub- national level capacity for watershed projects (entry point activities, â¢ A national Centre management DPR preparation, watershed of Excellence â¢ Science-based watershed works, value chain (CoE) on development sub-projects interventions, livelihood watershed (+LRI and hydrology-based activities for asset-less management DPR preparation, saturation persons) mode of watershed works, â¢ Technology inputs (use of value chain interventions, Geographic Information livelihood support for COVID- Systems and remote sensing) 19 recovery) â¢ Capacity building â¢ Agro-advisories for farmers â¢ Monitoring, evaluation and â¢ Development of supportive learning policy at state level on O&M â¢ Strengthening M&E Results Area 1: Strengthened institutions and supportive policy for watershed development 30.",0.9345680583607067
"Results Area 1 will focus on strengthening the institutional capacity and policy environment for science-based, participatory watershed development in the participating states.",0.8588724136352539
"Strengthening community institutions and local government bodies engaged in watershed management by: (i) developing detailed guidelines for WCs and GPs for each phase of watershed development; (ii) developing and  The World Bank Rejuvenating Watersheds for Agricultural Resilience through Innovative Development (P172187) delivering training modules on inclusive participation and governance systems for WCs, GPs29 and other relevant user/common interest groups, with a special focus on the women representatives in these bodies; (iii) developing and rolling-out a performance assessment tool and incentive system for effective planning, implementation and sustainable watershed management30 by WCs and GPs; and (iv) capturing data on performance of WCs and GPs.",0.8740251714533026
"Enhancing institutional capacity for watershed management, by: (i) developing a human resources policy for attracting and retaining an adequate number of professionals, including targeting women professionals, with necessary skill sets at various levels; (ii) placing critical human resources at the state, district, block/sub-block levels, especially in the areas of hydrology, agriculture, institution building, social inclusion and gender; (iii) designing and delivering core training modules on operationalizing womenâs consistent representation and decision-making in WCs, inclusion and social sustainability measures in watershed development at the state, district, block/sub-block levels; (iv) providing equipment, such as information technology (IT) and communication systems, and training to support planning and management; and (v) contributing to national and international knowledge events on watershed management.",0.6579096534035422
"Strengthening dissemination of experience and knowledge among states by: (i) establishing a national center of excellence31 on science based watershed management in Karnataka, drawing on the expertise and experience of key technical partners; (ii) developing the curriculum framework, teachingâlearning modules and materials on areas such as climate-resilient land management practices, climate smart agriculture, climate information services, climate- resilient irrigation or drainage services, community water management systems, and science based watershed management; (iii) rolling-out trainings for national and states functionaries; (iv) carrying out action research studies and demonstration pilots on thematic areas relevant to climate-resilient land and agriculture management practices and science based watershed management; (v) identifying technologies and tools for science based watershed management for customization, calibration and testing prior to dissemination for scaling up; and (vi) developing and managing a knowledge portal on climate-resilient and science based watershed management.",0.8618631362915039
"Supporting policy for watershed development, by developing: (i) data and lessons to support national technical standards on science-based watershed development; (ii) strong operation and maintenance policies for states for watershed management; and (iii) a pilot of science-based fertilizer demand and supply policies32.",0.8927667791193182
"Strengthening monitoring and evaluation systems at national and state levels, by: (i) developing and deploying a GIS-enabled management information systems platform; and (ii) establishing a scientific assessment and evaluation system.",0.8096037777987394
"These guidelines would be complementary to the new national watershed guidelines, providing more detailed local guidance to WCs and GPS on their roles and responsibilities with watershed development programs 30 The Performance Assessment Tool will have indicators and a scoring system.",0.7974319458007812
The indicators could include: handing over of treated watersheds to WCs/GPs completed; percent of Watershed Development Fund mobilized by the WCs/GPs; asset register maintained by WCs/GPs; training of WC/GP members on O&M of watersheds completed; multi-year O&M plan developed by WCs/GPs.,0.8756946216930043
"32 Proposed fertilizer pilots will focus on aligning soil fertility status, fertilizer demand and its supply through interventions including â awareness building of farmers on soil nutrient status; influencing fertilizer purchase decisions of farmers to align them to the soil fertility status to avoid inappropriate use and overuse of chemical fertilizers; and nudging farmers towards adoption of integrated soil fertility management.",0.891112587668679
"The scientific assessment and evaluation system will include an impact evaluation at the state level that encompasses the application of remote sensing and GIS technologies, process monitoring, and thematic studies for assessing change in specific parameters (such as groundwater level, sediment load, soil organic carbon) to evaluate the effectiveness of watershed investments.",0.8533732674338601
Results Area 2: Science-based watershed development for climate resilience and enhanced livelihoods 36.,0.37391736290671607
Results Area 2 will concentrate on science-based watershed development and help demonstrate more efficient and effective planning and implementation of watershed sub-projects that contribute to climate resilience and livelihood enhancement.,0.7918343977494673
"The emphasis on climate resilience is of critical importance in rainfed areas and the focus on livelihoods is necessary, especially in the context of COVID-19, as it will enable quicker local/community recovery and build longer-term resilience.",0.002867429093881087
"Developing and implementing science-based watershed development plans33, by: (i) developing partnerships between SWDs and scientific and technical institutions in key areas34; (ii) developing land resource inventories and hydrology databases; (iii) developing decision support system tools; (iv) developing digital libraries and portals; and (v) developing detailed reporting for select micro-watersheds35.",0.8205526525324042
"Empowering farmers with science-based and just-in-time agro-advisories, through information and communication technologies channels in partnership with agriculture extension systems, tailored to meet the requirements of small, marginal and women farmers.",0.8879413604736328
"Enhancing livelihood and COVID-19 recovery by the poorest households and women, by: (i) establishing or strengthening FPOs in select watershed clusters, including FPOs led by women; (ii) providing working capital to FPOs; (iii) establishing partnerships to enhance local and distant market linkages with farmers and FPOs; (iv) developing basic agri-processing infrastructure in the FPOs to reduce losses; and (v) providing inputs to farmers and women agriculture workers linked to FPOs; all with an emphasis on climate mitigation and adaptation opportunities along the value chain.",0.8101339340209961
"The Programâs livelihood activities will aid in medium-term COVID-19 recovery and long-term rehabilitation of such vulnerable households by supporting: social mobilization and institution-building of the poor through formation or identification of existing SHGs and Common Interest Groups (CIGs); development and implementation of Livelihood Enhancement Plans (LEPs) of SHGs and CIGs;36 (iii) sustenance support (such as kitchen gardens, multi-layer farming) to improve household food security; livestock and fisheries enhancement interventions; and (v) provision of wage employment for vulnerable households in watershed works.",0.7722246863625266
The SWDs may converge with the State Rural Livelihood 33 States have received cabinet approvals for LRI data collection in a wider area of 1.5 million ha (Karnataka 1.0 million; Odisha 0.50 million ha) in support of long-term institutional capacity building and watershed planning preparing for the future.,0.8844628767533735
Farmer outreach will primarily be done in a subset (0.8 million ha) of this larger area for each state (Karnataka 0.5 million ha; Odisha 0.3 million ha) with a possibility of extension beyond these geographies.,0.09512227231805975
"Activity (v) will restricted to 200,000 ha area in the states of Karnataka and Odisha.",0.002398114820772951
"34 Participating states will establish and maintain partnerships throughout the project period through formal arrangements such as contracts and memoranda of understanding (MoUs) on the following, at a minimum: remote sensing, land resource inventory and hydrology.",0.8097985007546165
These partnerships will help the states to do LRI data collection in a wider area of 1.5 million ha (Karnataka 1.0 million; Odisha 0.5 million ha) in support of long-term institutional capacity building and data-oriented watershed planning for which state cabinet clearances are in place.,0.8844722401012074
"35 The selection of model watersheds will be based on criteria including climate change vulnerability, drought incidence, extent of rainfed area, groundwater status, socio-economic status, value chain opportunities, capacity of district watershed teams, performance on ongoing watershed sub-projects, availability of LRI and hydrology data from earlier assessments (e.g., in Karnataka), and exclusion of forest areas, urban areas and command areas.",0.8668761686845259
The CIGs will utilize the grant as per the LEP for undertaking new or for up-scaling existing income generation activities.,0.1817603436383334
" The World Bank Rejuvenating Watersheds for Agricultural Resilience through Innovative Development (P172187) Missions (SRLMs), the Bank supported National Rural Livelihood Project, or similar programs for efficient and effective outreach to vulnerable households.",0.9178484136408026
"The stated objective of the REWARD Program and its design are focused on generating climate adaptation benefits, and to a limited extent, mitigation benefits.",0.5416641668839888
The Program objective focuses on improving farmersâ resilience and emphasizes capacity building of institutions to implement improved watershed development.,0.3614230155944824
"The Program design responds to local vulnerability by supporting and incentivizing implementation of science-based watershed development in the rainfed, degraded lands of Karnataka and Odisha.",0.7767528187144886
"Science-based watershed development is a landscape approach that integrates sustainable management of natural resources with livelihood considerations.37 The Program includes several elements of Climate Smart Agriculture such as soil management (soil moisture management, erosion control, integrated soil fertility management); water management (ridge area treatment, drainage line treatment, rain water harvesting, efficient irrigation); provision of weather-based and LRI-based agro-advisories to farmers; appropriate crop selection (including horticulture and agro-forestry); and value-chain interventions that can reduce post-harvest losses and enhance incomes through better access to markets.",0.8825447776100852
"The REWARD Program will not finance any activities that would cause high or substantial Environmental and Social (E&S) risks and impacts, including: any land acquisition and/or involuntary resettlement; use of child and/or forced labor; destruction of any physical cultural resources; any work that would convert or encroach forest land, notified wetlands or any eco-sensitive areas; any work that would bring large scale submergence beyond the drainage line; any work that would convert common property resources including grazing lands; any work that would restrict minimum ecological flow of the rivers and rivulets; any activity that would use most toxic pesticides classified as âClass Iâ (based on toxicity of the active ingredient) by the World Health Organization; and any work that would use or generate hazardous materials or chemicals beyond permissible levels specified in Schedule II of the Hazardous Waste Handling and Management Rules, 2016.",0.8034000396728516
The Bank will provide implementation support to ensure that the REWARD Program remains in compliance with the agreed E&S requirements as well as the PforR policy.,0.5273724902759899
"The total REWARD Program financing will be USD 410.96 million â government (central and state shares) financing of USD 295.96 million39, and IBRD financing of USD 115 million to be allocated to the DoLR (USD 6 million) and to the states of Karnataka (USD 60 million), Odisha (USD 49 million), subject to potential variations in allocated amounts based on performance during implementation.",0.8849181261929598
"38 Contracts with estimated values exceeding the monetary amounts, as may be amended from time to time, that require mandatory review by the Bankâs OPRC.",0.7005487788807262
39 Includes government contributions of (i) USD 243.25 million WDC-PMKSY 2.0 budget (central and state shares combined) and (ii) USD 52.71 million borrowerâs contribution.,0.690945105119185
"Further estimated funding to be provided under WDC -PMKSY 2.0 to DoLR (USD 5.41 million), Karnataka (USD 148.65 million) and Odisha (USD 89.19 million) i.e., USD 243.25 million will be utilized for the implementation of watershed project activities as per the guidelines of WDC-PMKSY 2.0.",0.8766312165693804
 The World Bank Rejuvenating Watersheds for Agricultural Resilience through Innovative Development (P172187) Theory of Change (ToC) Figure 2: Theory of Change  The World Bank Rejuvenating Watersheds for Agricultural Resilience through Innovative Development (P172187) Program Development Objective (PDO) and PDO Level Results Indicators REWARD Program Development Objective 43.,0.8284924247048118
Strengthen capacities of national and state institutions to adopt improved watershed management for increasing farmersâ resilience and support value chains in selected watersheds of participating states.,0.942631027915261
"PDO Indicators a) Percentage of Watershed Committees (WC) and Gram Panchayats (GP) which demonstrate satisfactory watershed management as measured through a performance rating system b) Land area treated with science-based watershed management technologies c) Number of farmers who adopt resilient agriculture technologies and practices d) Increase in climate-adjusted soil moisture in targeted watershed areas e) Direct Program beneficiaries (number, disaggregated by gender and social group).",0.9267048402266069
The primary beneficiaries of the REWARD Program are communities in rainfed areas that rely on sustainable land and water resources for livelihoods and ecosystem services.,0.053541481494903564
"The sustainable development of watersheds based on better scientific inputs and technical capacities will lead to more effective conservation of soil, improved surface and groundwater availability and efficiency of use, and enhanced agricultural productivity and profitability, thereby generating sustainable improvement in incomes.",0.8271404613148082
Results Area 1: Strengthened institutions and supportive policy for watershed development â¢ DLI #1 Percentage of Watershed Committees (WC) and Gram Panchayats (GP) which demonstrate satisfactory watershed management as measured through a performance rating system (USD 21.59 million) â¢ DLI #5 Number of professionals who complete certified training on improved watershed management provided by National Center of Excellence on Watershed Management (USD 10.0 million) â¢ DLI #6 National technical standards for improved watershed management updated by DoLR and directive issued to states (USD 5.98 million) (DLI for DoLR).,0.886640028520064
Results Area 2: Science-based watershed developent for climate resilience and enhanced livelihoods â¢ DLI #2 Land area treated with science-based watershed management technologies (USD 40.13 million) â¢ DLI #3 Number of farmers who adopt resilient agriculture technologies and practices (USD 16.16 million) III.,0.8798675537109375
These institutions have been implementing watershed programs since the 1980s and the national and state leadership is very  The World Bank Rejuvenating Watersheds for Agricultural Resilience through Innovative Development (P172187) experienced.,0.8626044013283469
"Department of Land Resources (DoLR), supported by National Rainfed Area Authority (NRAA) : Establish a Program Management Unit (PMU) for the REWARD Program; mobilize financial resources for state Program implementation; ensure functioning of the Secretary level national level steering committee to improve convergence between agriculture, watershed, groundwater and other related departments; establish a national level technical committee (headed by the NRAA) to review the scientific protocols developed by states; strengthen the national web- based portal; support implementation in REWARD Program states through coordination, guidance and monitoring with national technical agencies; organize national/international knowledge exchange events; develop/refine national technical strandards for watershed development and advise states; distil lessons from the REWARD Program and mainstream these into the revised national guidelines.",0.889388691295277
"State Watershed Department/State Level Nodal Agency: Strengthen the exisiting SLNAs to manage the REWARD Program; sign MoUs with qualified scientific and technical partners for LRI and hydrology data collection and application of DSS tools and hosting the data on a digital library; develop standard protocols for using digital data for watershed planning and train district and block level staff in its use; strengthen the existing MIS, M&E and grievance redress mechanism (GRM) systems and adopt the same for the Program; follow an institutional staffing plan for strengthening district and block offices and implement the same; strengthen policy and guidelines for maintenance and monitoring of treated watersheds; develop policy and guidelines for performance incentives for WCs/GPs; monitor Program performance; develop quarterly, half yearly, annual progress reports; support state/district training institutions in delivering required trainings; develop IEC content and tools for communications with WCs/GPs and farmers; and manage finance flows and ensure regular audits.",0.877321416681463
Additional responsibilities for Karnataka as the âlighthouseâ state are to: establish a national CoE on watershed development; support officials and technical partners in other states on implementing LRI and DSS tools; work with the DoLR on national and international knowledge sharing.,0.3944550427523526
"Program Implementation Agency (PIA) (either a government unit or NGO): Develop DPRs for selected micro- /sub-watersheds using science-based site data, DSS tools, and with a saturation mode; educate communities on the science-based approach by forming user groups and watershed committees, and actively engage them in the sub- project cycle; maintain and update all records in the MIS system; support WC/GP in implementation and resolving of any critical issues; and coordinate with block offices and other stakeholders.",0.09328125823627818
Watershed Committee/Gram Panchayat: Form user groups and watershed committees with representation from all stakeholders; actively participate in preparing DPR40s; implement plans in an effective manner; ensure effective O&M of treated watersheds; maintain all required records; and resolve all grievances.,0.32208098064769397
40DPR is the Detailed Plan Report of a watershed sub-project.,0.8143830732865767
It is based on technical inputs and participatory community planning.,0.851295297796076
"It includes details on the watershed, user groups, problem typology, management plan with proposed interventions, institutional mechanisms, capacity building plan, expected outcomes, phasing and budgeting, etc., supported by relevant maps.",0.8025308088822798
"The management plan includes Soil and Water Conservation Plan, Productivity Improvement Plan for major agriculture and horticulture crops, Crop Plans, etc.",0.9277055046775124
 The World Bank Rejuvenating Watersheds for Agricultural Resilience through Innovative Development (P172187) 53.,0.8691083734685724
The World Bank report on Watershed Development in India (2014) underlined the importance of linking soil and water conservation efforts with livelihoods for greater sustainability.,0.6943083676424894
"As the REWARD Program aims to promote approaches based on better scientific planning, saturation in treatment coverage, and overlaying value chains, active collaboration between line departments and their own programs is essential.41 The LRI data and DSS tools can also assist other line departments in planning interventions and targeting their resources in watersheds, hence providing them incentives to collaborate with SWDs.",0.820022236217152
"The MSP in Karnataka,42 supported by the 2030 Water Resources Group (WRG),43 created a new workstream to support the REWARD Program.",0.6591735753146085
"Karnataka will also establish a national CoE on watershed management in collaboration with nationally renowned technical organizations, to train professionals from across India and other regions on innovative approaches and technologies for improved watershed management.",0.8641023635864258
The national MIS mainly tracks physical and financial progress at the state level.,0.8613707802512429
"The use of remote sensing (such as statellite and drone imagery) for tracking results (such as increase in soil moisture, change in vegetative cover, siting and number of soil and water conservation structures), is also envisaged.",0.052642778916792435
"World Bankâs evaluation experts and economists from the Development Research Group (DECSI) will guide the impact evaluation in 41 Key programs include PPP-Integrated Agriculture/Horticulture Development, MGNREGA and other regular programs.",0.801738132130016
"The current focus of the MSP is on issues related to agriculture water, urban water and industrial water.",0.7917756167325106
"43 2030 Water Resource Groupâs agenda in India aims to catalyze water security in the countryâs largest river basin, covering more than 10 million square kilometers and affecting more than 300 million people.",0.7270631790161133
 The World Bank Rejuvenating Watersheds for Agricultural Resilience through Innovative Development (P172187) REWARD.,0.8854758522727273
"SWDs will develop and roll out an enhanced MIS to capture essential details of program management, field-level implementation details, Program results, fiduciary aspects, financial flows, grievances, post-implementation sustainability, among others, using a state-of-the-art IT platform for analytics and reports.",0.8059733997691761
"A web-based architecture is proposed for the MIS, incorporating remote sensing and GIS-based monitoring, analytics and reporting.",0.3349878354506059
"This would be done, however, with the overarching consideration of ensuring that the state MIS merges with the existing national MIS; such that, while the state MIS becomes broader in data coverage (i.e., goes beyond physical/financial performance), it does not supplant the structure of the national MIS which has a broader geographic coverage.",0.11220903830094771
"To ensure consistency, accountability and transparency in disbursing funds against DLIs, the DoLR and the two states contracted qualified and capacitated Independent Verfication Agencies (IVAs), following their own procurements processes.",0.7694976980035956
The Terms of Reference (ToRs) for the IVAs were developed by the DoLR and the two states in consultation with the Bank.,0.8458277962424539
The timeframe for achieving each DLR considers the governmentâs need for budget predictability and flow of funds.,0.8508550470525568
"Prior results financing of DLIs (2 and 6) up to an aggregate amount of USD 13.21 million (USD 1.48 million for DoLR, USD 5.88 million to Odisha, and USD 5.85 million for Karnataka), will be possible for results achieved achieved prior to the loan signing date but on or after .",0.8492001620205966
The amount of World Bank financing under the Program will be equal to or less than the total underlying Program expenditures which is financed from government resources.,0.8657011552290483
"Any unaccounted or unutilized funds disbursed by the World Bank at the close of the Program, will be refunded to the World Bank.",0.8090313998135653
"This will be applied to DoLR and the two participating states in a disaggregated manner, that will ensure that the underlying expenditures for each of the implementing agencies are reconciled with the amount of the World Bank financing allocated therein.",0.8683551441539418
"The Program will address capacity building through human resources assessment, planning, skills enhancement and trainings; systems development and deployment for improved planning and  The World Bank Rejuvenating Watersheds for Agricultural Resilience through Innovative Development (P172187) monitoring; and performance incentives for WCs/GPs.",0.8927426771684126
"Systems development and deployment: The Program will promote collaboration with national- and state-level scientific and technical agencies for: gathering LRI, hydrology and other data; coding and uploading the data to the digital library; and applying required DSS tools to DPR planning and execution.",0.7942386973987926
"Similarly, the Program will support the development of an improved MIS system for tracking the key sub-project cycle components, site-level sub-project management (such as procurement, quality of construction/works, time taken, cost) and the O&M of treated watersheds.",0.8723824240944602
"Managing environmental and social risks: Capacity building on data-driven and science-based approaches for developing and implementing DPRs and monitoring, will help mitigate environmental risks related to hydrology, soil erosion, soil moisture and fertilizer use, among others.",0.8322807658802379
"Also, capacity building related to the dissemination of LRI cards will help improve decision making by farmers on appropriate crop selection and agriculture practices.",0.8050947189331055
"The Program will undertake appropriate trainings and capacity building measures on participatory watershed planning and implementation, adoption of gender and socially inclusive processes, governance and functioning of the WCs and GPs, grievance redressal and social accountability, design of SOPs for different sub-project cycles, social outreach and IEC activities to build awareness of target communities, and improving MIS systems to capture key data on social inclusion and sustainability issues.",0.19678991491144354
"Fiduciary capacity: The capacity for managing fiduciary and procurement issues will be strengthened through hiring and training required staff at the district and block levels, improving monitoring systems and capturing related data.",0.8556483875621449
The states will also adopt the Public Financial Management System (PFMS) and appropriate audit arrangements.,0.848815224387429
 The World Bank Rejuvenating Watersheds for Agricultural Resilience through Innovative Development (P172187) IV.,0.8766536712646484
"Based on the analysis, the following have been identified as key weaknesses in the sector: (i) weak institutional capacity, especially at the decentralized levels of district, block and GP for scientific planning, effective implementation and O&M; (ii) inadequate science and hydrology applications in the development of watershed plans (currently, they are largely based on community knowledge and demand physical surveys and inadequate data sets); (iii) little attention to demand-side water use and management; (iv) small size of hydrologic investments in sub-watersheds; (v) monitoring largely limited to physical and financial progress with no scientific impact assessments; (vi) inadequate mechanisms and incentives to promote local governance, innovations and ownership, and community participation is addressed as a one-time activity; (vii) ineffective policies and approaches to support O&M of treated watersheds; (viii) poor linkages to value chains and markets for farmer-income improvements; and (ix) poor inter-departmental coordination for integrated planning and resource utilization.",0.8732243451205167
"However, the draft revised national watershed guidelines developed by the DoLR, advocates strengthening these areas and will be a solid basis for Program implementation.",0.3380403085188432
"The key strategic interventions in the Program are: (i) strengthening institutional capacity from DoLR to community institutions; (ii) adoption of scientific data (such as LRI, hydrology)- driven44 approaches for planning, through partnerships with established scientific and technical organizations; (iii) strengthening community participation and local governance through capacity building, IEC, performance monitoring, social audits and performance incentives; (iv) enabling policies for improved O&M; (v) providing appropriate trainings and advisory services to farmers through ICT platforms and extension activities for climate resiliency45; (vi) linking with value chains46; (vii) piloting behavior change for rationalizing fertilizer use in sync with LRI data; (viii) improving the M&E system for tracking processes, outputs, results and impacts; (ix) establishing a national CoE for watershed management to train participating states and other states in science-based watershed development; and (x) use the lessons to develop national technical standards for adopting science-based approaches and disseminate the same to all states.",0.23411495035344904
The LRI along with the hydrology database and DSS help to produce a watershed plan for a sub- watershed (5000 ha).,0.8697846152565696
"LRI atlases also provide data for advisories to farmers on crop selection, crop water management and nutrient management.",0.8614716963334517
Furthermore in REWARD the possibility of leveraging data available on Indiaâs National Water Resources Information System (WRIS) into the LRI system will be explored.,0.8522286848588423
45Includes the adoption of LRI and weather-based agro-advisories disseminated among farmers through information and communication technology (ICT) channels and the agriculture extension system.,0.7535369179465554
"46 Includes the use of energy-efficient equipment and renewable energy in agri-processing, and development of climate risk resilient infrastructure where feasible.",0.7653676813299005
"Synergy with agriculture value chains initiatives by the Bank as well as by other development partners will be explored including, for example, the Bank supported Odisha Integrated Irrigation Project for Climate Resilient Agriculture and value chains under the Karnataka Water Multi Stakeholder Platform (MSP), managed by the 2030 Water Resources Group in Karnataka.",0.9493243477561257
 The World Bank Rejuvenating Watersheds for Agricultural Resilience through Innovative Development (P172187) 71.,0.8719325499101118
"On the institutional front, the Program is well designed to strengthen capacities of the DoLR, SWDs and also GPs and watershed committees through a mix of tools such as: partnerships with technical organizations, capacity building of all stakeholders, developing SOPs for key sub-project phases, instituting performance incentives for GPs and committees, and facilitating effective collaborations between related departments and programs.",0.7118391557173296
"Concrete and measurable benefits to the communities are ensured through: treatment of 200,000 ha benefitting about 72,000 farmers; about 20 percent increase in soil moisture status; promoting adoption of climate resilient technologies by about 43,200 farmers; strengthening/establishing about 30 farmer producer collectives with forward and backward value chain linkages; and reach about 115,200 farmers with LRI and weather based agro-advisory services to help improve productivity.",0.914131684736772
"Similarly, the âlighthouseâ state of Karnataka will establish a CoE in science-based watershed management in coordination with the DoLR and technical partners, to benefit other states and countries.",0.865317084572532
"The incentives for key stakeholders are: (i) communities benefitting from improved productivity and livelihood opportunities; (ii) WCs/GPs having incentives and building capacities to improve their performance, which can also function as a good political incentive; (iii) district and block offices benefitting from improved team capacity and IT enabled tools (which contribute to reduced work load); (iv) SWDs benefitting from technical agency support, improved coordination with other line departments, and lessons from innovative pilots, all leading to more effective program management and enhanced results/impacts; and (v) generation of lessons that would help the DoLR to effectively implement the new national watershed program and achieve targets.",0.8483518253673207
"Under the recently concluded WDC-PMKSY these two states accounted for nearly 15.5 percent47 of all funds disbursed by the DoLR across the country indicating the ability of these states to not only take up works on a large scale, but also match the centerâs funds with their own share.",0.8414895317771218
"State government funding for watershed activities in Karnataka, and Odisha put them on a sound footing in terms of finances demonstrating strong commitment.",0.8845376101407137
All two states have the capability to manage a large number of watershed projects and are exploring technological applications to improve cost effectiveness.,0.8464162999933417
Funds flow from the DoLR to the respective state treasuries under the WDC-PMKSY against a specific budget head in each state.48 Expenditure is tracked at the treasury level only under this budget line and no further sub-heads are recorded.,0.7281714352694425
This provides the basis for each state to allocate funds to each project and track expenditure through their respective financial systems and exercise budgetary controls.,0.8661710565740411
"In addition, states draw funds from MNREGS to complement funds for taking up the watershed works component of the 47 Of the INR 197,000 million that DoLR disbursed under IWMP/WDC-PMKSY, Karnataka accounted for 10 percent and Odisha for 5.5 percent.",0.8869661851362749
 The World Bank Rejuvenating Watersheds for Agricultural Resilience through Innovative Development (P172187) WDC-PMKSY.,0.894415248524059
"The projected expenditure plan for DoLR and the two states has been assessed based on current expenditure patterns and the budget approved by the Ministry of Finance, GoI in the EFC meeting held on  for the new generation WDC-PMKSY 2.0 program.",0.2530189210718328
"Under the expected expenditure from the DoLR for the REWARD Program, only 0.5 percent of the national expected outlay is considered (budget head 2501 - 11&12 in the Demand for Grants made annually by the DoLR), which is used for project management and guidance activities â the envisaged role of DoLR in the REWARD Program.",0.6816808527166193
"The share of IBRD loan in the total program budget of USD 410.96 million is 28 percent; with 34 percent, 26 percent and 31 percent respectively for DoLR, Karnataka, and Odisha.",0.8540618202903054
Table 2: REWARD: Program Budget (USD million) A B C D E F Projected Additional Total IBRD Total IBRD percent government government government share program contribution to share (under share (DEA share (A+B) budget (C+D) total program WDC-PMKSY) requirement) budget DoLR 5.41 6.00 11.41 6 17.41 34% Karnataka 148.65 25.71 174.36 60 234.36 26% Odisha 89.19 21.00 110.19 49 159.19 31% 49 TOTAL 243.25 52.71 295.96 115 410.96 28% Monitoring and Evaluation 76.,0.8732467998157848
"First, by strengthening MIS on watershed management through the development and deployment of a GIS- enabled MIS platform that: focuses on tracking activities, outputs and outcomes; integrates tracking of process efficiency and quality (such as time taken for each phase in the watershed sub-project cycle); and provides for real-time updating and analytics.",0.8560571670532227
"Second, by establishing a scientific assessment and evaluation system including a rigorous impact evaluation at state level that includes the application of remote sensing and GIS technologies, process monitoring and thematic studies for assessing change in specific parameters (such as groundwater level, sediment load, soil organic carbon) to evaluate the effectiveness of watershed investments.",0.8628606796264648
Watershed development is expected to contribute to improved agricultural performance in targeted watersheds.,0.3594262816689231
"The REWARD Program will bring more area under cultivation, improve cropping patterns, intensity and management of fallow and degraded areas due to increased access to more stable water supplies.",0.8656992478804155
Four different scenarios have been assumed to calculate Economic Internal Rate of Return (EIRR) over a 20-year period.,0.9198103818026456
"â¢ The EIRR of the project over a 20-year period for the base case, excluding benefits from GHG emission reduction, is 35.0 percent with a Net Present Value (NPV) of USD 285.4 million at a discount rate of 12 percent.",0.9372168454256925
"â¢ The EIRR from watershed development and improved agriculture activities is 27.5 percent, which is higher than previous watershed development projects in India, as a result of reduced planning and implementation periods of watersheds as a result of scientific planning.",0.9231082742864435
"49 Estimated funding to be provided under WDC-PMKSY 2.0 to DoLR (USD 5.41 million), Karnataka (USD 148.65 million) and Odisha (USD 89.19 million) i.e., USD 243.25 million will be utilized for the implementation of watershed project activities as per the guidelines of WDC-PMKSY 2.0.",0.8766989274458452
 The World Bank Rejuvenating Watersheds for Agricultural Resilience through Innovative Development (P172187) â¢ The benefits from the dissemination of agro-advisory services to improve farmers decisions and resilience improves the base case EIRR (excluding benefits from GHG emissions) to 31.8 percent.50 â¢ The benefits of the value chain activities increase the base case EIRR (excluding benefits from GHG emission) to 32.8 percent51 and the benefits from vulnerability reduction activities (excluding benefits from GHG emission) further improve the EIRR to 35.0 percent.52 â¢ The EIRR calculations also assume a five percent operations and maintenance costs and a 15 percent tax rate on project costs (to account for transfer payments) over the 20-year period for which the EIRR has been calculated.,0.9744002602317117
"Placing a monetary value on the potential GHG mitigation benefits in terms of reductions in GHG emissions and increased carbon sequestration (estimated at 9.39 million tonnes CO2eq over the project life of 20 years), the base case EIRR increases to 39.2 percent.",0.9134615117853339
"This assumes a shadow price of carbon per tCO2eq of USD 40 for 2021 and reaching USD 50 at the end of the 20-year period, as recommended by the World Bank.",0.8859048323197798
"The analysis was also conducted for a high shadow price of carbon scenario as recommended by the World Bank, resulting in an EIRR of 43.0 percent.",0.8713986656882546
A sensitivity analysis was conducted to assess the impact of changes in the main parameters affecting the economic outcome of the REWARD Program because of: (i) changes in costs; (ii) changes in the expected benefits from the promoted Program benefits; and (iii) delays in execution due to the risks identified in the Programâs risk analysis.,0.7344756559892134
"A 20 percent increase in Program costs combined with a 20 percent reduction in Program benefits, coupled with a two- year delay of benefits, reduces the EIRR to 16.9 percent for the base case.",0.6955708590420809
"The IFSA followed the World Bankâs Policy for PforR and the related directive, identified key fiduciary risks that may affect the REWARD Programâs development outcomes and recommended systems improvement and capacity-strengthening/risk mitigation measures that will be implemented during the life of the REWARD Program.",0.826950420032848
Financial management: Financial management activities for the REWARD Program draw lessons from and are built upon existing arrangements for IWMP/WDC-PMKSY.,0.8540541908957742
"Similar to PMKSY, the REWARD Program will be budgeted for as a separate line under the implementing departments/ministries and approved annually through the respective legislative processes.",0.02425810152834112
"In Odisha, the budgets are drawn and transferred into the bank account(s) of SLNA and thereon into bank accounts at district/block and WC levels.",0.4130165793678977
"In Karnataka, the financial management arrangements are in part, embedded within the stateâs public financial systems using computerized treasury systems (Khajane II) to meet funds for state/district and block levels.",0.8496523770419034
"At the WC level, REWARD Program funds will be transferred into bank accounts.",0.1278314698826183
"The key risk with the fund flow arrangements in Odisha and Karnataka, as identified during the assessment is that a 50 The benefits from agro-advisory services, is based on the learnings from âKarnataka State Natural Disaster Monitoring Center (KSNDMC) â Varuna Mitra Impact Evaluation Report, 2018â that estimates the direct benefits of agro -advisory services are estimated to be INR 5,107 per acre or INR 18,005 per farmer.",0.8072195920077238
"51 The Value Chain benefit estimates have been estimated using similar World Bank funded projects in India (JOHAR, TNRTP, BTDP, NRETP).",0.291878960349343
"The benefits have been estimated to be an annum additional income of 13,232 per household engaged in value chain activities or a B/C ratio of 0.95.",0.9070435437289152
"52 The Vulnerability Reduction benefit estimates have been estimated using similar World Bank funded projects in India (BRLP, TNPVP, NRLP) for simple and enhanced credit-based livelihood activities.",0.6816496849060059
"The benefits have been estimated to be an annum additional income of 15,465 per household or a B/C ratio of 0.99.",0.8960638046264648
 The World Bank Rejuvenating Watersheds for Agricultural Resilience through Innovative Development (P172187) significant quantum of project funds remains outside the state consolidated fund in external bank accounts.,0.8933870142156427
This practice also does not lend itself to efficient cash management as unspent funds could be better utilized elsewhere.,0.7238443981517445
"As mandated by the GoI, Odisha uses the PFMS53 for fund management and expenditure processing using the Expenditure, Advance and Transfer (EAT) module.",0.8554571325128729
"As a mitigation measure, it has been agreed that Odisha and Karnataka will: (i) open separate single state level bank accounts with linked zero-balance bank accounts at the state, district, block and WDC levels; (ii) mandate the use of the PFMS platform for the Program, using the EAT module for all Program related expenditures; (iii) generate Program related financial reports on PFMS and strengthen the process followed for uploading data on financial progress on the DoLR IWMP MIS.",0.8412091515280984
"Based on the activities identified in the Program scope, the main procurable items are: (i) community procurement of works and supplies towards micro-watershed sub-projects; (ii) consultancy services such as the engagement of technical partners, capacity building, M&E, IVA, communication, knowledge management; and (iii) goods (such as laboratory equipment) and IT systems (such as development of a decision support system).",0.7648813941261985
The Odisha SLNA will follow Odisha Financial Rules 2000 and various other notifications issued from time to time.,0.8584358908913352
The DoLR will follow the General Financial Rules 2017 and associated procurement manuals (goods/works/services) of the GoI.,0.8437565890225497
"As mandated under their respective regulatory frameworks, each implementing entity will follow their respective e-tendering55 systems above thresholds defined in their regulations; and for the procurement of goods, the Government e-Marketplace (GeM) portal of the central government will be used by all implementing entities.",0.8059770410711115
"Activities such as needs assessment, DPR preparation, cost estimation for watershed projects, are governed by the Common Guidelines for Watershed Development Projects dated 2008 (revised 2011) of the GoI and will continue to be governed by new guidelines issued from time to time.",0.8640336123379794
Manpower for such works is sourced from the local community and paid at the wage rates notified by the GoI; supplies are sourced from local market at rates no more than those specified under Schedule of Rates (SoR) published by the respective state governments.,0.7792630629106001
"Performance is found acceptable, with a scope for 53 Public Financial Management System [PFMS] developed by the Planning Commission and the Office of the Controller of Accounts, Ministry of Finance, GoI the objective of establishing a financial management platform for all plan schemes, a database of all recipient agencies, integration with core banking solution of banks handling plan funds, integration with state treasuries and efficient and effective tracking of fund flow to the lowest level of implementation for plan scheme of the Government.",0.970888311212713
"54 means contracts with estimated values exceeding the monetary amounts, as may be amended from time to time, that require mandatory review by the Bankâs OPRC.",0.5852777307683771
 The World Bank Rejuvenating Watersheds for Agricultural Resilience through Innovative Development (P172187) improvement.,0.8792377818714489
"An environmental and social systems assessment (ESSA) for the REWARD Program has been completed in line with the World Bank Guidance for conducting ESSAs for PforR financing operations, and separate reports have been prepared for the two participating states along with a consolidated summary report.",0.8472770344127308
"The ESSA assesses the gaps in the existing institutional, operational and regulatory systems and capacities to manage E&S risks and priorities and recommends measures for strengthening them.",0.8278486078435724
"The ESSA process involved desk review of relevant E&S plans/frameworks, implementation documents and other technical studies/reports related to national and state-supported watershed programs, including the World Bank supported watershed projects in Karnataka.",0.8693072579123757
"The overall E&S impacts of the REWARD Program are likely to be positive, owing to benefits such as increased groundwater level, improved soil condition and increase in crop productivity due to multi-cropping, increased rural incomes and reduced poverty.",0.7832880887118253
"The REWARD Programâs overall E&S risk rating is âModerateâ, given that most of the potential E&S effects of the Program are localized, reversible and predictable, and can be effectively mitigated and managed through strengthening of the existing E&S systems of the watershed implementing agencies.",0.7186766537753019
"While land acquisition and involuntary resettlement interventions are excluded from support under the Program,56 selected watershed interventions may need to be screened for any small scale, adverse social impacts.",0.5302189913662997
 The World Bank Rejuvenating Watersheds for Agricultural Resilience through Innovative Development (P172187) influx are not anticipated.,0.8815064863725142
"The Program includes several elements of Climate Smart Agriculture including soil management, water management, provision of agro-advisories to farmers, appropriate crop selection which are clearly spelt out in Results Area 2 that supports climate change adaptation through incentivizing the adoption of just-in-time agro-advisories based on LRI and weather-based information.",0.8392377333207564
"Also, the risk of extension of watershed interventions to forest, wetland and other environmental sensitive areas without initial screening at the DPR preparation stage is worth mentioning.",0.8297884681008079
"The REWARD Program will utilize LRI- based planning, with data available at land parcel level, that will screen out such risks at the DPR preparation stage itself and would further be screened at WCs/GPs during the DPR finalization stage.",0.5920085906982422
"Other risks envisaged are: ignoring macro- and micro-level environmental issues (such as overall hydrology which includes water resource budget, conservation, flow) in the macro-watershed, change in groundwater table, change in water quality, water intensive crop selection and increase in pesticide use.",0.7693004608154297
"However, these risks are designed to be mitigated through Results Areas 1 by strengthening M&E systems at national and state levels, and deployment of a GIS-enabled MIS platform that focuses on tracking activities, outputs and outcomes, and integrates tracking of process efficiency and quality.",0.8351402282714844
"The Program will establish a scientific assessment and evaluation system, including an impact evaluation that encompasses the application of remote sensing and GIS technologies; process monitoring and thematic studies for assessing change in specific parameters (such as groundwater level, sediment load, soil organic carbon) and evaluate the effectiveness of watershed investments.",0.8586245450106534
"During the course of the Program, value of ecosystem services (such as water budgeting) and their contribution to watershed development scoping will be explored.",0.8419264880093661
"The landscape approach for integrating planned convergence of other programs of partner departments of agriculture, horticulture, forestry, MGNREGA with SWDâs target to conserve soil moisture to improve outcomes on water yield, groundwater and sediments in the long run for environmental sustainability can also be observed.",0.819999868219549
"For the REWARD Program, the most relevant ESSA core principles are those dealing with implementation and management of E&S screening and mitigation measures, including natural habitat and physical and cultural resources, public and workersâ safety, and rights and interests of the indigenous people (or scheduled tribes).",0.8523323752663352
"Among the states, the institutional arrangements, staffing and operational processes for managing E&S measures systematically across the watershed planning and implementation phases is weak and shows considerable variation.",0.6824523318897594
"Staffing for E&S management at district, block and PIA levels is either absent or unclear.",0.7146855267611417
Clear operational guidance and mechanisms on E&S measures as well as the necessary technical and operational skills to manage E&S measures are not available.,0.8587832017378374
"The current system lacks systematic screening for E&S risks for adverse effects on biodiversity, cultural resources, common property, trans-boundary impacts on downstream users and workers, as well as community health and safety issues.",0.31225247816606
"There is no inter-departmental co-ordination mechanism in dealing with forests, wetlands and other environmentally sensitive areas in the watershed plan.",0.11067761074412953
Past reviews of the watershed program at the national level and  The World Bank Rejuvenating Watersheds for Agricultural Resilience through Innovative Development (P172187) in the participating states has suggested weaknesses in mechanisms instituted to adequately address the concerns of the scheduled tribe population.,0.8482631336558949
"In addition, the LRI/DSS platform should display land use and land ownership data, as well as environmentally sensitive areas on the LRI map to avoid issues.",0.8241828571666371
"Crop and water use advisories by the government should include advisories on adverse impacts of overuse of insecticides, chemical fertilizers, water conservation and pesticide and fertilizer management plan to be prepared by the government.",0.8417604619806464
"Opportunities for pilots will be explored to understand the cumulative aspects of valuation of ecosystem services and their contribution to watershed development through landscape approaches for integrated planning with other departments to conserve soil moisture, improve water yield, ground water, and reduce sediments in the long run towards environmental sustainability.",0.7086065465753729
"REWARD Program participating states leverage the existing country system to receive, resolve and manage grievances, mainly grievance redress portals, Chief Ministerâs (CMs) grievances cell and  The World Bank Rejuvenating Watersheds for Agricultural Resilience through Innovative Development (P172187) other state-specific mechanisms.",0.8786999095569957
"In states where the majority of the funds will be deployed, three tiers of the government need to work together to create an effective and sustainable watersheds program.",0.8472243222323331
Nonetheless the risks that fiscal resources may be reallocated away from the supported programs and that insufficient counterpart funding might be provided are small.,0.5467166033658114
First the amounts required for counterpart funding (USD 295.96 million over five years and multiple states) are small relative to overall budgetary resources.,0.7066047408364036
"Second counterpart funding from the states will largely be provided via Centrally Sponsored Schemes that are highly subsidized by the central government and for which, therefore, strong commitment is likely to exist.",0.8530257831920277
"The complex relationships between the state, district/block and local governments in watershed programs can slow planning and implementation, especially if accountabilities are weak.",0.7958735552701083
"A signal of increased stakeholder coordination is that the SWDs (Department of Agriculture in Karnataka and Odisha,) in the participating states are in the process of: (i) assessing the status and filling gaps in the human resource strength at the state, district and block levels, and (ii) finalizing MoUs with scientific and technical partners for their engagement in the REWARD Program.",0.7686513553966176
"The DoLR has provided strong leadership during Program preparation, but to mitigate the potential risk of weak leadership in the future (as key staff may be transferred or retire from the central agency), the REWARD Program has included the following measures for mitigation: (i) a new PforR approach in which legal agreements will be signed by the national  The World Bank Rejuvenating Watersheds for Agricultural Resilience through Innovative Development (P172187) government and each of the state governments separately, resulting in greater accountability from the states; (ii) fewer states are selected into the proposed Program; (iii) the national level component is a small loan with modest activities within the capabilities of the DoLR; (iv) MoUs with technical agencies is a prior action before negotiations; and (v) national level steering and technical committees will be in place for strategic and operational guidance.",0.8878465132279829
"The Program design incorporates lessons learned from PforRs in India and around the world, including the importance of: (i) defining the boundaries of the World Bankâfinanced Program; (ii) understanding and following government systems, including budgeting, expenditure and fund flows from the central to local levels; and (iii) putting in place incentives for line ministries while ensuring that the World Bankâfinanced portion is large enough to have a leveraging effect.",0.7297943288629706
"These include lack of hydrologists and agribusiness specialists among the frontline staff at the district and block levels, weak O&M of treated watersheds, etc.",0.7178965915333141
The participating states are high performers in the watersheds sector and have inter-departmental coordination and institutional partners to leverage skills and experience for strengthening stateâlevel institutional capacities and systems.,0.016731156544251877
"During implementation, the Program includes a considerable number of institutional capacity building measures such as: augmenting skill sets; training downstream staff on scientific approaches to watershed management; extensively using technical support partners who would build technical capacity; establishing a CoE to provide training support to all states on scientific approaches to watershed management; and providing incentives to GPs for post-Program sustainability.",0.8745579286055132
"The risks associated with the technical design are three-fold: First, there will be a risk related to the effective collection, analysis and application of LRI data for science- based watershed planning.",0.8302731947465376
"However, these states will establish partnerships with technical and scientific agencies with experience in LRI.",0.2374515966935591
"Second, risks stemming from weak capacities of GPs and the WCs will be addressed by leveraging experience of the Panchayati Raj and Rural Development Departments for ICT-based capacity building, performance monitoring and course correction, and incentivizing good performance.",0.674693454395641
"Third, the risk of difficulties in promoting community collectives for marketing and value chain linkages will be addressed by starting interventions early during Program implementation, beginning in selected high-potential areas, facilitating technical support for PPPs in value chain development by the MSP under WRG 2030, and leveraging the experience of the departments of agriculture and horticulture in this area.",0.3525004820390181
"Limited capacity in terms of quantum of funds and level of operations handled by the PIAs, inadequate staffing, scattered rules and regulations, and the decentralized nature of the REWARD Program with implementation at the GP level poses challenges regarding consistency in application, compliance, efficiency and transparency.",0.8257460160688921
Risk mitigation actions to address fiduciary risks have been included in the PAP.,0.7532352967695757
Delayed use of the PFMS/EAT may increase the fiduciary risks as the processes may be inefficient and may delay fund  The World Bank Rejuvenating Watersheds for Agricultural Resilience through Innovative Development (P172187) flow and financial information.,0.8930358019742098
"The science-based planning approaches to be adopted by the Program reduce the risk of not capturing issues such as overall water budget in the macro-watershed, change in groundwater table, and change in water quality parameters with methods of soil, land and water conservation.",0.6779568845575507
Other risks related to over-use of chemical fertilizers and pesticides are expected to be mitigated through agro-advisories issued to farmers.,0.8103200739080255
The Program does not involve any activities that would result in land acquisition or any adverse impact on customary ownership/access to natural resources and cultural heritage of scheduled tribes and local communities.,0.7938345128839667
"The E&S risks are assessed to be âModerateâ as the impacts are expected to be localized, reversible and predictable, and can be effectively mitigated through the strengthening of the existing E&S management systems of the implementing agencies.",0.8055217049338601
"However, the Program will ensure that water balance estimation becomes an integral part of the micro-watershed and sub-watershed plans.",0.7733512358231978
"Further, farmer training on climate-resilient farming and provision of weather based agro-advisories will contribute to building resilience..",0.2621158469807018
 The World Bank Rejuvenating Watersheds for Agricultural Resilience through Innovative Development (P172187) ANNEX 1.,0.8788796338168058
RESULTS FRAMEWORK MATRIX Results Framework COUNTRY: India Rejuvenating Watersheds for Agricultural Resilience through Innovative Development Program Development Objective(s) Strengthen capacities of national and state institutions to adopt improved watershed management for increasing farmersâ resilience and support value chains in selected watersheds of participating states.,0.9788712588223544
Program Development Objective Indicators by Objectives/Outcomes RESULT_FRAME_TBL_ PD O Indicator Name DLI Baseline End Target Outcomes Percentage of WCs and GPs which demonstrate satisfactory watershed management as measured through a performance DLI 1 0.00 30.00 rating system.,0.6899117556485262
"(Percentage) Land area treated with science-based watershed management DLI 2 0.00 200,000.00 technologies.",0.8676915602250532
"(Hectare(Ha)) Of which, area in Karnataka (Hectare(Ha)) 0.00 100,000.00 Of which, area in Odisha (Hectare(Ha)) 0.00 100,000.00 Number of farmers who adopt resilient agriculture technologies 0.00 43,200.00 and practices.",0.9227900071577593
"(Number) 0.00 12,960.00  The World Bank Rejuvenating Watersheds for Agricultural Resilience through Innovative Development (P172187) RESULT_FRAME_TBL_ PD O Indicator Name DLI Baseline End Target Of which, SC and ST farmers.",0.9942011399702593
"(Number) 0.00 16,200.00 Increase in climate-adjusted soil moisture in targeted watershed 0.00 20.00 areas.",0.8144252083518289
(Percentage) Number of Farmer Producer Organizations (FPOs) with 25% increase in annual business turnover relative to baseline.,0.08931841633536598
 The World Bank Rejuvenating Watersheds for Agricultural Resilience through Innovative Development (P172187) .,0.8836495659568093
"Intermediate Results Indicator by Results Areas RESULT_FRAME_TBL_ IO Indicator Name DLI Baseline End Target Results area 1: Strengthened Institutions and Supportive Policy for Watershed Development Number of professionals who complete certified training on improved watershed management provided by the National DLI 5 0.00 1,125.00 Center for Excellence on Watershed Management.",0.8828858462246981
(Number) National technical standards for improved watershed management updated by DoLR and directive issued to states.,0.8667712645097212
DLI 6 Nil Yes (Text) Adoption of strengthened watershed O&M policy by number of 0.00 2.00 states.,0.056017951531843704
(Number) Results area 2: Science-based Watershed Development for Climate Resilience and Enhanced Livelihoods Land area for which watershed plans are available and approved.,0.862988905473189
"00 800,000.00 (Hectare(Ha)) Of which, area in Karnataka.",0.740079099481756
"(Hectare(Ha)) 0.00 500,000.00 Of Which, area in Odisha.",0.42590058933604846
"(Hectare(Ha)) 0.00 300,000.00 Farmers accessing agro-advisory information.",0.877850966020064
"(Number) 0.00 43,200.00  The World Bank Rejuvenating Watersheds for Agricultural Resilience through Innovative Development (P172187) RESULT_FRAME_TBL_ IO Indicator Name DLI Baseline End Target Increase in farmers adopting value chain services of targeted 0.00 25.00 Farmer Producer Organizations.",0.9357469732111151
 The World Bank Rejuvenating Watersheds for Agricultural Resilience through Innovative Development (P172187) .,0.8836495659568093
"Monitoring & Evaluation Plan: PDO Indicators Methodology for Data Responsibility for Data Indicator Name Definition/Description Frequency Datasource Collection Collection This indicator measures the percentage of Watershed Committees and/or Gram Panchayats (WCs and/or GPs) in the REWARD Programâs science-based micro-watersheds, covering 0.20 million hectares areas, that achieve a score above 50% (considered as satisfactory) on the âPerformance Percentage of WCs and GPs which Assessment Toolâ that is demonstrate satisfactory watershed developed specifically for Annual MIS Review of MIS data SWDs management as measured through a the purpose.",0.8920772725885565
"Performance Assessment Tool (PAT) will contain indicators covering each phase of the watershed sub-project (preparatory phase, execution phase, and O&M phase).",0.8084409887140448
All participating states shall develop an appropriate PAT with key performance indicators for all three stages and a rating system  The World Bank Rejuvenating Watersheds for Agricultural Resilience through Innovative Development (P172187) and reflect the same in the Program Manual.,0.8660999644886364
"This indicator measures the percentage of Watershed Committees and/or Gram Panchayats (WCs and/or GPs) in the REWARD Percentage of women headed WCs Programâs science-based and GPs which demonstrate micro-watersheds, satisfactory watershed management covering 0.20 million Annual MIS Review of MIS data SWDs as measured through a performance hectares areas, that rating system.",0.5644879341125488
"The  The World Bank Rejuvenating Watersheds for Agricultural Resilience through Innovative Development (P172187) Performance Assessment Tool (PAT) will contain indicators covering each phase of the watershed sub-project (preparatory phase, execution phase, and O&M phase).",0.8694503090598367
"This indicator measures the MIS, Process Review of MIS data; Land area treated with science-based SWDs, Process area (in hectares) of Annual Monitoring Sample survey of micro- watershed management technologies.",0.8569816242564808
Monitoring Agency watersheds where science- Agency watersheds  The World Bank Rejuvenating Watersheds for Agricultural Resilience through Innovative Development (P172187) based watershed development has been implemented in a saturation mode.,0.8789945949207653
"To be considered as âscience- based watershed managementâ, all of the following criteria are to be met: 1) DPRs have been prepared utilizing LRI outputs and approved by Gram Sabha; 2) Implementation of watershed development works has been undertaken in saturation mode.",0.8790603984485973
âSaturationâ refers to treatment of at least 70% of all parcel of land that has been recommended for treatment in DPR; and 3) Science-based watershed development will include measures related to restoration of degraded land and rainwater harvesting to address drought vulnerability.,0.864402250810103
"MIS, Process Review of MIS data, SWDs and Process Of which, area in Karnataka Annual Monitoring Sample survey of micro- Monitoring Agency Agency watersheds  The World Bank Rejuvenating Watersheds for Agricultural Resilience through Innovative Development (P172187) MIS, Process Review of MIS data, SWDs, Process Of which, area in Odisha Annual Monitoring Sample survey of micro- Monitoring Agency Agency watersheds This indicator measures the number of farmers who adopt at least one technology/practice from a core set of resilient agriculture technologies and practices recommended through agro-advisory.",0.9427148645574396
"The agro- advisory may be provided through multiple channels including: LRI cards, weather based agro- MIS, Process Review of MIS data, Number of farmers who adopt resilient advisories over mobile, SWDs, Process Annual Monitoring Field survey sample agriculture technologies and practices.",0.8668835379860618
"The core set of resilient agriculture technologies and practices will be as defined by the Government of India / respective state governments and include measures but not be limited to crop diversification, water use efficiency, and other  The World Bank Rejuvenating Watersheds for Agricultural Resilience through Innovative Development (P172187) package of appropriate practices that strengthen resilience to climate change impact for the given agro-climatic zone.",0.887737360867587
"Annual Monitoring Field survey of sample Monitoring Agency Agency farmers MIS, Process Review of MIS data, SWDs, Process Of which, SC and ST farmers.",0.47014279799027875
"Annual Monitoring Field survey of sample Monitoring Agency Agency farmers MIS, Process Review of MIS data, SWD, Process Of which, farmers in Karnataka.",0.6736239519986239
"Annual Monitoring Field survey of sample Monitoring Agency  The World Bank Rejuvenating Watersheds for Agricultural Resilience through Innovative Development (P172187) Agency farmers MIS, Process Review of MIS data, SWDs, Process Of which, farmers in Odisha.",0.9093378240411932
"Annual Monitoring Field survey of sample Monitoring Agency Agency farmers This indicator measures soil moisture improvement, Field study (using correcting for short term Impact sensors and probes) and Increase in climate-adjusted soil moisture weather effects in a sample Base-line, Impact evaluation evaluation analysis of RS data of in targeted watershed areas.",0.7389439669522372
"of the science-based End-term agency study sample of treatment and watersheds, as per control sites.",0.5961373069069602
All states shall develop appropriate criteria to  The World Bank Rejuvenating Watersheds for Agricultural Resilience through Innovative Development (P172187) shortlist FPOs eligible to be supported under this program and use the same to select target number of FPOs.,0.878505446694114
"Outputs include watershed structures and assets located on private land/ common lands, training programs, crop Direct Program Beneficiaries.",0.7617823860862039
"Annual MIS Review of MIS data SWDs  The World Bank Rejuvenating Watersheds for Agricultural Resilience through Innovative Development (P172187) Of which, SC and ST beneficiaries.",0.8930618979714133
 The World Bank Rejuvenating Watersheds for Agricultural Resilience through Innovative Development (P172187) .,0.8836495659568093
Monitoring & Evaluation Plan: Intermediate Results Indicators Methodology for Data Responsibility for Data Indicator Name Definition/Description Frequency Datasource Collection Collection This indicator measures the number of professionals who complete certified training on improved watershed management provided by National Center for Excellence on Watershed Management (CoE).,0.862525766546076
"The indicator is considered as met if Number of professionals who complete minimum targets for certified training on improved watershed MIS, CoE Review of MIS data; number of trainees who management provided by the National Annual training Review of CoE training GOK, COE successfully complete the Center for Excellence on Watershed reports reports training and are certified Management.",0.7979935732754794
National technical standards for improved This indicator checks if a Communication on watershed management updated by DoLR government directive on One time DoLR government DoLR and directive issued to states.,0.8605404767123136
"national technical directives from DoLR to  The World Bank Rejuvenating Watersheds for Agricultural Resilience through Innovative Development (P172187) standards, including states specifications and procedures, for improved watershed development has been prepared in a participatory manner and formally disseminated to states by the DoLR.",0.8699210773814808
This indicator measures the number of states that have formally issued a government directive on Adoption of strengthened watershed operation and Review of issued state One-time SWDs SWDs O&M policy by number of states.,0.7541015798395331
maintenance of structures government directives and assets of completed watershed projects that have been handed over to Gram Panchayats.,0.8570660677823153
This indicator measures the area in hectares for which watershed plans are Land area for which watershed plans are available.,0.8578356829556552
" The World Bank Rejuvenating Watersheds for Agricultural Resilience through Innovative Development (P172187) MIS; Digital Review of MIS data and Of which, area in Karnataka.",0.8792959560047496
"Annual SWDs Portal Digital Portal This indicator measures the number of farmers who received science / weather based agro-advisory information that will strengthen farmersâ preparedness and resilience to climate change impacts, at least once in the Program MIS, Process Review of MIS data, Farmers accessing agro-advisory duration through various SWDs, Process Annual Monitoring Field survey of sample information.",0.5984397367997603
"Annual Monitoring Field survey of sample Monitoring Agency  The World Bank Rejuvenating Watersheds for Agricultural Resilience through Innovative Development (P172187) Study farmers MIS, Process Review of MIS data; SWDs, Process Of which, farmers in Karnataka.",0.8821353912353516
"Annual Monitoring Field survey of sample Monitoring Agency Study farmers This indicator measures the increase in percentage of Increase in farmers adopting value chain Review of MIS farmers (over baseline) MIS, FPO services of targeted Farmer Producer Annual data, Review of FPO SWDs, FPOs using value chain services records Organizations.",0.7439871701327238
records  The World Bank Rejuvenating Watersheds for Agricultural Resilience through Innovative Development (P172187) .,0.8728473836725409
Disbursement Linked Indicators Matrix DLI_TBL_MATRI X Percentage of WCs and GPs which demonstrate satisfactory watershed management as measured through a performance DLI 1 rating system.,0.849683328108354
"Type of DLI Scalability Unit of Measure Total Allocated Amount (USD) As % of Total Financing Amount Intermediate Outcome Yes Text 21,593,400.00 19.00 Period Value Allocated Amount (USD) Formula Baseline 0.00 Prior Results 0.00 2022 0.00 0.00 None 2023 30% of WCs/GPs in the science-based MWS, that 7,197,800.00 Karnataka -USD 1,34,450 per WC are in or have completed the Preparatory Phase, (up to 23 WCs) Odisha â USD 89248 score more than 50% on the indicators pertaining per WC (upto 46 WCs) to Preparatory Phase on the Performance Assessment Tool.",0.904987942088734
"2024 30% of WCs/GPs in the science-based MWS, that 7,197,800.00 Karnataka -USD 1,34,450 per WC are in or have completed the Preparatory Phase, (up to 23 WCs) Odisha â USD 89248 score more than 50% on the indicators pertaining per WC (upto 46 WCs) to Preparatory Phase on the Performance  The World Bank Rejuvenating Watersheds for Agricultural Resilience through Innovative Development (P172187) Assessment Tool.",0.905034065246582
"2025 0.00 0.00 None 2026 30% of the WCs/GPs in the science-based MWS, 7,197,800.00 Karnataka -USD 1,34,450 per WC where watershed sub-projects are in O&M (up to 23 WCs) Odisha â USD 89248 Phase, score more than 50% on the indicators per WC (upto 46 WCs) pertaining to Consolidation and O&M Phase on the Performance Assessment Tool.",0.887455246665261
"DLI_TBL_MATRI X DLI 2 Land area treated with science-based watershed management technologies Type of DLI Scalability Unit of Measure Total Allocated Amount (USD) As % of Total Financing Amount Outcome Yes Text 40,127,300.00 35.00 Period Value Allocated Amount (USD) Formula Baseline 0.00 Prior Results 0.00 2022 Partnerships have been formally established 11,727,300.00 Prior Result.",0.9047857631336559
"Karnataka USD between the SWD and technical partners for LRI, 5,850,000; Odisha USD 5,877,300 Hydrology and RS/GIS (through signed MoUs) 2023 Detailed Project Reports developed for Micro 14,200,000.00 USD 71 per hectare.",0.9000045602971857
"Watersheds covering an area upto 100,000 ha in Karnataka, and 100,000 ha in Odisha  The World Bank Rejuvenating Watersheds for Agricultural Resilience through Innovative Development (P172187) 2024 0.00 0.00 None 2025 Project Completion Reports prepared for Micro 7,100,000.00 USD 71 per hectare.",0.9687368219549005
"Watersheds covering an area of 50,000 ha in Karnataka and 50,000 ha in Odisha 2026 Project Completion Reports prepared for Micro 7,100,000.00 USD 71 per hectare.",0.8576397462324663
"Watersheds covering an additional area of 50,000 ha in Karnataka and 50,000 ha in Odisha DLI_TBL_MATRI X DLI 3 Number of farmers who adopt resilient agriculture technologies and practices Type of DLI Scalability Unit of Measure Total Allocated Amount (USD) As % of Total Financing Amount Intermediate Outcome Yes Text 16,156,800.00 14.00 Period Value Allocated Amount (USD) Formula Baseline 0.00 Prior Results 0.00 2022 0.00 0.00 none 2023 0.00 0.00 none 2024 10,800 farmers (Karnataka 8100 farmers, and 4,039,200.00 USD 374 per farmer Odisha 2700 farmers. )",0.9666104750199751
"2025 16,200 additional farmers (in addition to 6,058,800.00 USD 374 per farmer preceding years) (Karnataka 9450 farmers, and Odisha 6750 farmers. )",0.923956264149059
"2026 16,200 additional farmers (compared to 6,058,800.00 USD 374 per farmer  The World Bank Rejuvenating Watersheds for Agricultural Resilience through Innovative Development (P172187) preceding years) (Karnataka 9450 farmers, and Odisha 6750 farmers. )",0.9843337319113992
DLI_TBL_MATRI X DLI 4 Number of Farmer Producer Organizations (FPOs) with 25% increase in annual business turnover relative to baseline.,0.020759659734639255
"Type of DLI Scalability Unit of Measure Total Allocated Amount (USD) As % of Total Financing Amount Intermediate Outcome Yes Text 20,850,000.00 18.00 Period Value Allocated Amount (USD) Formula Baseline 0.00 Prior Results 0.00 2022 0.00 0.00 none 2023 0.00 0.00 none 2024 11 FPOs (Karnataka 6; Odisha 5) 7,645,000.00 USD 695,000 per FPO 2025 11 additional FPOs (compared to preceding year) 7,645,000.00 USD 695,000 per FPO (Karnataka 6; Odisha 5) 2026 8 additional FPOs (compared to preceding years) 5,560,000.00 USD 695,000 per FPO (Karnataka 3; Odisha 5) DLI_TBL_MATRI X Number of professionals who complete certified training on improved watershed management provided by the National DLI 5 Center for Excellence on Watershed Management.",0.9609113173051314
"Type of DLI Scalability Unit of Measure Total Allocated Amount (USD) As % of Total Financing Amount Outcome Yes Text 10,000,000.00 9.00 Period Value Allocated Amount (USD) Formula  The World Bank Rejuvenating Watersheds for Agricultural Resilience through Innovative Development (P172187) Baseline 0.00 Prior Results 0.00 2022 0.00 0.00 none 2023 150 trainees complete certified training on 2,500,000.00 $16,666.667 per trained person improved watershed management 2024 325 additional trainees (compared to preceding 2,500,000.00 $7692.308 per trained person years) complete certified training on improved watershed management 2025 325 additional trainees (compared to preceding 2,500,000.00 $7692.308 per trained person years) complete certified training on improved watershed management 2026 325 additional trainees (compared to preceding 2,500,000.00 $7692.308 per trained person years) complete certified training on improved watershed management DLI_TBL_MATRI X DLI 6 National technical standards for improved watershed management updated by DoLR and directive issued to states.",0.9894535758278586
"Type of DLI Scalability Unit of Measure Total Allocated Amount (USD) As % of Total Financing Amount Process No Text 5,985,000.00 5.00 Period Value Allocated Amount (USD) Formula Baseline 0.00 Prior Results 0.00 2022 Program Management Unit (PMU) established.",0.9170669208873402
"Achieved/Not  The World Bank Rejuvenating Watersheds for Agricultural Resilience through Innovative Development (P172187) Achieved 2023 0.00 0.00 none 2024 Draft standards prepared based on 2,000,000.00 Achieved/Not Achieved implementation experience of participating states.",0.9012015082619407
"2026 National technical standards for improved 500,000.00 Achieved/Not Achieved watershed management finalized and Government directive on national technical standards for improved watershed management formally disseminated to states.",0.8828886205499823
 The World Bank Rejuvenating Watersheds for Agricultural Resilience through Innovative Development (P172187) .,0.8836495659568093
Verification Protocol Table: Disbursement Linked Indicators DLI_TBL_VERIFICATI ON Percentage of WCs and GPs which demonstrate satisfactory watershed management as measured through a performance DLI 1 rating system.,0.805529074235396
"This DLI is defined as the percentage of Watershed Committees and/or Gram Panchayats (WCs and/or GPs) in the REWARD Programâs science-based micro-watersheds, covering 0.20 million hectares areas, that achieve score above 50% (considered as satisfactory) on the âPerformance Assessment Toolâ (PAT) that is developed specifically for the purpose.",0.8726857792247426
DLI_TBL_VERIFICATI ON DLI 2 Land area treated with science-based watershed management technologies Description This DLI is defined as the area (in hectares) of watersheds where science-based watershed development has been  The World Bank Rejuvenating Watersheds for Agricultural Resilience through Innovative Development (P172187) implemented in a saturation mode.,0.891342509876598
"This is verified in year 1. â¢ DLR 2.2: DPRs have been prepared utilizing LRI outputs with key environmental and social data/information, and are approved by Gram Sabha.",0.4723722284490412
"Data source/ Agency MIS/SWDs Verification Entity World Bank will carry out the due diligence for prior results; and IVA for all other results Procedure for DLR 2.1 (Prior Result): The Bank will carry out the due diligence of the MoU documents signed with Technical Partners for LRI, Hydrology and RS/GIS.",0.8633356094360352
"Procedure for DLR 2.2: The IVA will verify the DPRs through desk review, and check that the DPR is generated by utilizing the LRI outputs with key environmental and social data/information and is approved by the Gram Sabha.",0.18745149265636096
This will involve confirming that all of the following are part of the DPR: â¢ Soil and water conservation plans and drainage line treatment plans covering each land management unit in the micro-watershed with supporting GIS maps.,0.887588847767223
â¢ Productivity improvement plans for major agriculture and horticulture crops with supporting GIS maps.,0.9447838176380504
â¢ Nutrient management plan.,0.8623740456321023
"Procedure for DLR 2.3: The verification by IVA will involve both desk review and field verification, as detailed below: Desk review: The IVA will undertake desk review of the Project Completion Reports (PCRs) of the micro-watershed sub- projects.",0.7189993858337402
âSaturationâ refers to soil and water conservation and drainage line treatment of every parcel of land that has been recommended for soil and water conservation and drainage line treatment on the basis of LRI as specified in DPR.,0.862670204856179
This will be verified through a comparison of the total number of parcels recommended for soil and water conservation and drainage line treatment in the micro-watershed and the number of treated parcels as reported in the PCRs.,0.6309554793617942
This criteria will be considered as met if at least 70% of the total parcels recommended for soil and water conservation and drainage line  The World Bank Rejuvenating Watersheds for Agricultural Resilience through Innovative Development (P172187) treatment are listed as treated in the PCRs.,0.854769533330744
Field verification: The IVA will undertake field verification of a representative sample of soil and water conservation and drainage line works in a representative sample of the micro-watershed sub- projects.,0.8449875224720348
The purpose of the field verification is to check if the soil and water conservation and drainage line works have been implemented.,0.8473676334727894
"Compliance with Environmental and Social guidance, including the Excluded Activities List, will also be verified.",0.4366146000948819
This criteria will be considered as met if 90% of the sampled soil and water conservation and drainage line works are found to be completed during the field verification.,0.8457001772793856
"DLI_TBL_VERIFICATI ON DLI 3 Number of farmers who adopt resilient agriculture technologies and practices This DLI is defined as the number of farmers who adopt at least one technology/practice from a core set of resilient agriculture technologies and practices recommended through agro-advisory (delivered through LRI cards, weather based agro-advisories over mobile, bulletins, communication from extension workers, farmer training programs, etc.).",0.7478270097212358
"The core set Description of resilient agriculture technologies and practices will be as defined by Government of India / respective state governments and include measures related to crop diversification, water use efficiency, and other package of appropriate practices that strengthen resilience to climate change impact for the given agro-climatic zone.",0.8425314643166282
This criterion will be considered as met if 90% of the sampled farmers are found to have adopted the recommended technologies/practices.,0.251480449329723
 The World Bank Rejuvenating Watersheds for Agricultural Resilience through Innovative Development (P172187) DLI_TBL_VERIFICATI ON DLI 4 Number of Farmer Producer Organizations (FPOs) with 25% increase in annual business turnover relative to baseline.,0.9565986286510121
DLI_TBL_VERIFICATI ON Number of professionals who complete certified training on improved watershed management provided by the National DLI 5 Center for Excellence on Watershed Management.,0.8599395751953125
This DLI is defined as the number of trainees who complete certified training on improved watershed management Description provided by the National Centre of Excellence on Watershed Management (CoE).,0.8270886161110618
"Double counting of certified trainees for disbursements will be avoided (that is, the trainees verified as suitable for disbursement in a year will not be considered for  The World Bank Rejuvenating Watersheds for Agricultural Resilience through Innovative Development (P172187) verification in the subsequent years) DLI_TBL_VERIFICATI ON DLI 6 National technical standards for improved watershed management updated by DoLR and directive issued to states.",0.8232872702858665
This indicator checks if a government directive on national technical standards on improved watershed management has been prepared in a participatory manner and formally disseminated to states by the DoLR.,0.8705309087579901
This is measured in Year 4. â¢ DLR 6.4: National technical standards for improved watershed management are finalized.,0.8700496500188654
Government directive on national technical standards for improved watershed development are formally disseminated to states.,0.8426110527732156
"Data source/ Agency DoLR Verification Entity World Bank will carry out the due diligence for prior results; and IVA for all other results Procedure for DLR 6.1 (Prior Result): The Bank will carry out the due diligence to ensure the completion of two activities (i) NPMU has been established through a government directive/order and (ii) NPMU is staffed with six officials: watershed management expert, hydrologist/water resource expert, institution and capacity building expert, monitoring and evaluation expert, financial management expert, and procurement expert.",0.720515641299161
Procedure for DLR 6.2: The IVA will verify that a draft document on national technical standards on improved watershed Procedure management is available on the DoLRâs website.,0.8616482994773171
Procedure for DLR 6.4: The IVA will verify that all of the following criteria are met: Official final version of the document on the ânational technical standards on improved watershed managementâ is available on the DoLRâs website.,0.8609801205721769
Official government directive on ânational technical standards on improved watershed developmentâ has been sent to states by DoLR and is also available on the website of the DoLR.,0.8542620918967507
 The World Bank Rejuvenating Watersheds for Agricultural Resilience through Innovative Development (P172187) Report of a national level dissemination workshop of the ânational technical standards on improved watershed .,0.8711286891590465
 The World Bank Rejuvenating Watersheds for Agricultural Resilience through Innovative Development (P172187) ANNEX 3.,0.8787493272261186
0 Program Description The proposed USD 115 million International Bank for Reconstruction and Development (IBRD) allocation to the REWARD Program will support a subset of the new Watershed Development Component of the national Pradhan Mantri Krishi Sinchayee Yojana (WDC-PMKSY) program that has an outlay of USD 1.68 billion.57 The duration of both operations is five years (2021-22 to 2025-26).,0.8662037415937944
The Program will use a PforR lending model to improve performance incentives.,0.7525379007512872
The Program Development Objective (PDO) is âto strengthen capacities of national and state institutions to adopt improved watershed management for increasing farmersâ resilience and support value chains in selected watersheds of participating statesâ.,0.9668072787198153
"Result Areas of the Program Result Area Thematic Activities Strengthened institutions and â¢ Strengthen community institutions and local government bodies engaged in supportive policy for watershed watershed management development â¢ Enhance government institutions capacity for watershed management â¢ Establish and operationalize a national center of excellence for science-based watershed management â¢ Support policy for watershed development â¢ Strengthen monitoring and evaluation systems Scientific watershed â¢ Develop and implement science-based watershed development plans in select development and enhanced watersheds58 livelihoods â¢ Empower farmers with science-based and just-in-time agro-advisories â¢ Enhance livelihoods, including strengthened value chains and COVID-19 recovery The Program supports the new WDC-PMKSY 2.0 scheme with the Department of Land Resources (DoLR) at the center and two states.",0.8603928305886008
"The Program finances a subset of the GoIâs expenditures on its watershed development program at the national and 57 This represents the central share of INR 81,340 million (USD 1.10 billion), being central share.",0.8998572609641335
"Each state will contribute the remaining counterpart share as per GoI norms (USD 0.58 billion) thus taking the total program budget to INR 124,048 miillion or USD 1.68 billion.",0.8503482991998846
58 Selected watersheds are expected to function as model waterhed sites for demonstration of good practices to aid future replication in other watersheds both in the participating states and other states with similar climate change vulnerabilities.,0.2335368503223766
"The implementation of the model watershed will be on the basis of science-based watershed DPRs and will include interventions on: community engagement; engineering works including as relevant ridge area treatment, drainage line treatment, soil and moisture conservation, rainwater harvesting, etc.",0.854016824202104
"; agriculture and horticulture including on-farm soil moisture conservation and water harvesting practices; treatment of common lands including pasture development, afforestation (forestry and agroforestry plantations in non-forest areas), etc.",0.3544446988539262
"These interventions are expected to improve climate resilience, provide water security especially in terms of âgreen waterâ, and restore ecosystem services through improved soil moisture, enhanced water storage based on hydrological conditions, more efficient irrigation, more appropriate crop selection and management, increased tree cover, etc.",0.8738266338001598
The creation and management of a local watershed development fund for sustainability of the created assets and preparation of project completion reports will be emphasized.,0.8497161865234375
 The World Bank Rejuvenating Watersheds for Agricultural Resilience through Innovative Development (P172187) state levels.,0.8850344744595614
The Program Expenditure Framework (PEF) for the proposed PforR operation is USD 410.96 million.,0.6598961570046165
"This includes USD 115 million from IBRD and national and state program financing estimated at USD 295.96 million.59 The financing will support: (i) USD 6 million for DoLR expenditures on consultancies and/or goods for activities including capacity building, knowledge exchange, development of national standards around integrated watershed management; and (ii) USD 109 million for the entire WDC-PMKSY operation in all two participating states based on USD 60 million for Karnataka, USD 49 million for Odisha.",0.9411130384965376
"State level expenditures will be for works, consultancies, and/or goods for activities including development of science-based watershed plans, development of databases, digital library and decision support systems, implementation of selected model watershed sub-projects, capacity building programs, as well as M&E activities.",0.8121654337102716
"The Program at the state level will support the adoption and scaling up of several new approaches to implement community-led, science-based watershed sub-projects while the center, through the DoLR and the NRAA will distil lessons, refine national technical standards and institute a process to mainstream such approaches into national programs.",0.11495916409925981
"Karnataka acquired capacities for improved science-based planning through the Bank-supported KWDP-II, which closed on .",0.826485893943093
"Karnataka will also establish a national CoE in watershed management, in collaboration with the University of Agriculture Sciences (UAS â Bangalore) and others for developing standard training programs and offering the same to other states/countries.",0.8846701708706942
The Program seeks to multiply the economic benefits from watershed development sub-projects by overlaying a value chain approach to link âfarms to forksâ.,0.916587309403853
Producers will be organized into FPOs through PPPs under I ntegrated Agricultural Development/Integrated Horticulture Development61 models.,0.8569547479802911
"The Program will also support several state-specific innovative pilots on weather-based agro-advisories, soil fertility management based on site-specific data, carbon sequestration and prioritization of investments and valuation of eco- system benefits.",0.9180407090620561
"In addition, the Program aims to strengthen the policy environment through design and adoption of state specific human resource policy and O&M policy for treated watersheds.",0.817420092496005
"The Program design incorporates national and international best practices and benchmarks for effective watershed programs that were identified in a 2015 portfolio review by the World Bank.62 In summary, the REWARD Program is designed to address key issues in the watershed sector (encompassing water, agriculture, and climate change), adopt best national and international practices, and capacitate relevant institutions at all levels to adopt a bottom-up institutional and implementation process backed by robust scientific planning and M&E processes.",0.86083646254106
"60 Means contracts with estimated values exceeding the monetary amounts, as may be amended from time to time, that require mandatory review by the Bankâs OPRC.",0.7739645351063121
Watershed Management Portfolio Review (1990 â2015).,0.26951317353682086
" The World Bank Rejuvenating Watersheds for Agricultural Resilience through Innovative Development (P172187) 3.1 Political Economy of the Watershed Sector With the paradigm for supporting the poor shifting to wage employment generation programs (for example through MNREGA) or direct benefit transfers (subsides, entitlements, etc.",0.9318251176313921
"In a typical micro-watershed project, the target GPs and Watershed Committees (WCs) can spend up to USD 148,50063 for various small-scale watershed works, which is a substantial amount.",0.5548249157992277
2 Analysis of Institutional Arrangements The institutional framework for implementing the Program is currently defined by the national WDC-PMKSY guidelines (2011) and no major changes are anticipated in the draft Guidelines for New Generation Watershed Development Projects (2021).,0.8627043637362394
"The DoLR, within the Ministry of Rural Development, is the national nodal agency for managing the government watershed program64.",0.8564628254283558
"DoLRâs main role is to develop national programs and guidelines to implement them, raise and manage finances (central share), monitor implementation, and promote knowledge sharing.",0.8130290291526101
"DoLR is supported by the NRAA, an autonomous agency under the Ministry of Agriculture and Farmers Welfare.",0.09989655017852783
"The NRAAâs key support to DoLR is in developing/updating national watershed guidelines, strategic plans, technical manuals and standards, monitoring program impacts, conducting special studies, etc.",0.8489125858653676
"These arrangements will be continued under the Program and strengthened through acquiring additional skills, collaboration with scientific and technical institutions, and improving training modules.",0.33385790478099475
"At the district level, a District Office68 is responsible for overseeing the implementation of watershed programs.",0.37021350860595703
"The district office is responsible for technical guidance to Project Implementing Agencies (PIAs), review and approval of DPRs and annual action plans, organizing necessary capacity building, and financial management.",0.787620717828924
63 As per new national guidelines the cost per hectare is about USD 297.,0.40984379161487927
"An average microwatershed has an area of about 500 ha.Thus the average cost of treating a microwatershed is about USD 148,500.",0.8309920917857777
64 Guidelines for New Generation Watershed Development Projects.,0.7751324393532493
69 Lobo C. An institutional study on watershed services: Improving operational effectiveness and impact of the IWMP.,0.6543483734130859
 The World Bank Rejuvenating Watersheds for Agricultural Resilience through Innovative Development (P172187) d) Village level arrangements.,0.9040581096302379
"The Gram Panchayats (GPs) and the Watershed Committees (WCs) are responsible for community mobilization, providing inputs to DPRs, implementing micro-watershed sub-projects, record keeping, and maintenance of the treated watersheds, with support from the PIAs.",0.8711135170676492
Capacities of the GPs are weak and they do not always have appropriate incentives for owning the sub-projects and maintaining them.,0.6512066667730158
"The Program will support the two states in strengthening capacity of GPs/WCs to undertake improved maintenance of soil and water conservation assets, establish better systems to monitor maintenance, monitor performance through performance monitoring tools and incentivize their performance.",0.8730269345370206
"3 Borrower Capacity Based on discussions with the clients and sector experts, the Technical Assessment identified institutional weaknesses in the following thematic areas; improved science-based planning, human resource management, program management, community engagement, coordination between sector related line departments, private sector participation, M&E, O&M and knowledge sharing.",0.7958301197398793
"â¢ National technical standards â¢ Establish a national level steering committee for strategic guidance, inter- â¢ Line department coordination departmental coordination and synergy â¢ M&E â¢ Establish a national level technical committee to support states in reviewing the â¢ Knowledge sharing science-based approaches and systems.",0.08521663600748236
"SWDs (SLNAs) â¢ Hire technical experts for overall Program coordination, and monitoring â¢ Science based planning â¢ Partnership with scientific organizations70 for LRI/hydrology data collection and â¢ HR management analytics, developing training modules and training of trainers (ToTs) for using â¢ Line department coordination science-based planning.",0.8539328141645952
â¢ Private sector participation â¢ Strengthen MIS systems â¢ M&E â¢ Converge with MSP for active private sector participation in key areas.,0.1492343165657737
â¢ Innovations â¢ Develop a human resources policy for the Program â¢ Coordination with other line departments Districts and PIAs â¢ Hiring required skills and personnel â¢ Science based planning â¢ Capacity building for different activities for all stakeholders â¢ Community engagement â¢ Procure required IT equipment to use digital data for planning and monitoring â¢ Program management â¢ SOPs for different activities for GPs/WCs â¢ M&E â¢ Performance monitoring of GPs/WCs Capacity building institutions â¢ Identify critical training needs and refine/develop modules â¢ Training needs assessment â¢ Develop annual/mulit-year capacity building plans â¢ Training programs â¢ Train master trainers and train others through them â¢ Measuring impacts â¢ Measure results of training and refine modules GPs and WCs â¢ SOPs and training on sub-project planning and local governance â¢ Understanding and adopting â¢ Training on maintenance of treated watersheds science-based approaches â¢ Convergence with other programs/funds at GP level â¢ Sub-project management â¢ Support to form/ strengthen FPOs and value chain linkages â¢ O&M Lighthouse state (Karnataka) â¢ Establish a national center of excellence for science-based watershed â¢ Knowledge sharing management.,0.2087465849789706
 The World Bank Rejuvenating Watersheds for Agricultural Resilience through Innovative Development (P172187) 3.4.,0.8742597753351385
"5 Accountability The overall accountability framework for watershed management programs is reasonably sound at the higher national and state levels, but is weaker at district, block and GP levels.",0.7955271980979226
"The higher-level administrations have committed to adopt the PforR lending model, implement a more science-based and development-focused watershed management approach, adopt mechanisms to strengthen local governance, and are keen to demonstrate ultimate results linked to livelihoods and climate change resiliency.",0.9012045426802202
Both DoLR and the two states have agreed to provide the required financial outlays.,0.8307808095758612
"The current focus of the MSP is on issues related to Agriculture water, urban water and industrial water.",0.7917756167325106
" The World Bank Rejuvenating Watersheds for Agricultural Resilience through Innovative Development (P172187) The DoLR provides funds to states, on a matching basis (60:40)73, and does not directly implement national watershed programs.",0.8795405301180753
Fund releases are highly dependent on requests from the states and the submission of a utilization certificate for at least 60 percent of the funds received previously.,0.7608049566095526
"A new phase of the program WDC-PMKSY 2.0 with enhanced per hectare cost norms has been approved by the Ministry of Finance, GoI on  with a total outlay of USD 1.10 billion and a cumulative target of 4.95 million ha of land to be treated during 2021â2026.",0.8914297277277167
Projections of expenditure under REWARD funds has been made keeping in mind the strained finances of governments of all two participating states due to the COVID-19 pandemic.,0.2303506461056796
"In addition, the participating states have also made budget allocations to watershed development activities, either as a stand-alone provision or as a fund that can be used in convergence mode, for the next few years.",0.8704866929487749
The GoK allocated of USD 13.5 million per year for a period of five years to carry out watershed activities in drought-prone districts of the state.,0.8723699396306818
The GoO has earmarked funding under the Odisha Mineral Bearing Areas Development Corporation (OMBADC).,0.8888124986128374
All the states also have a mechanism to use funds under the MNREGA for some watershed development activities.,0.8600920763882723
"2 Projected Expenditure and Share of Government and World Bank under REWARD The projected expenditure plan under WDC-PMKSY for DoLR and the two states has been assessed conservatively based on recent expenditure patterns (2016â17 to 2019â20), the budget approved by the Ministry of Finance, GoI and financing constraints imposed by the prevailing COVID-19 pandemic.",0.2550688656893643
"The proposed REWARD expenditure also accounts for technical partners (for LRI, hydrology and remote sensing) and to set up laboratories in the first two years of the Program.",0.8643432097001509
"While the Program covers the entire WDC-PMKSY umbrella in all the two states, only the DoLR management cost of 0.5 percent74 of the total projected grant to the two states in each year has been considered as the DoLR program.",0.8536890203302557
The same is tracked under budget head 2501- 11&12 in the Demand for Grants made annually by DoLR.,0.5640051581642844
"Table 5: REWARD â Financing and World Bank share WDC- REWARD Total PMKSY Program Budget USD Percentage of Total Major Budget Heads million/a Budget INR million DoLR 400 888 1,288 17.4 100% REWARD Program 888 888 12.0 69% IBRD share @50% 0 444 444 6.0 34% Government of Karnataka 11,000 6,343 17,343 234.4 100% REWARD Program 0 6,343 6,343 85.7 37% IBRD share @70% 0 4,440 4,440 60.0 26% Government of Odisha 6,600 5,180 11,780 159.2 100% 73 This matching proportion of 60:40 applies to the REWARD participating states (Karnataka and Odisha) and maybe different for other states.",0.813409458507191
"Under the new WDC-PMKSY 2.0 guidelines, with unit cost going up steeply, even at 1% more funds will be available to DoLR.",0.8654389814897017
"Hence only 0.5 percent has been conservatively taken for estimating projected budget  The World Bank Rejuvenating Watersheds for Agricultural Resilience through Innovative Development (P172187) REWARD Program 0 5,180 5,180 70.0 44% IBRD share @70% 0 3,626 3,626 49.0 31% Total 18,000 12,411 30,411 411.0 100 REWARD Program 0 12,414 12,414 167.7 41% IBRD share @70% 0 8,510 8,510 115.0 28% Note: a/ based on exchange rate of 74 INR per 1 USD From the above table, the total IBRD share under the entire Program is approximately 28 percent.",0.8945622010664507
"2 Monitoring and evaluation All the states use the current DoLR online MIS for internal M&E services, that mainly tracks physical and financial progress (inputs and outputs).",0.844902211969549
"However, to support a new science-based and integrated watershed program, the states will establish an enhanced MIS to capture key information related to activities, expenditure, results, grievance management, performance of GPs/WCs, O&M and sustainability.",0.8158160989934747
"Evaluation studies are envisaged to lead to the development of a standard methodology (sample size, critical indicators, measurement tools, basic analytics, report format) for impact evaluation of watersheds that can benefit the broader national program.",0.22207819331776013
"A 20-year cash flow model is used to assess the ex-ante productivity, effectiveness, and efficiency of the Programâs investments.",0.5799046863209117
"The main economic benefits are expected from: (i) increased efficiencies in watershed planning and implementation leading to shorter planning and implementation time; (ii) increases in the area under production and crop productivity through improved soil and water conservation practices and adoption of recommended agricultural practices; (iii) diversification from food grains into climate-adaptive, pulses and oilseeds based on improved advisory; (iv) improved post-harvest management, value addition and marketing; and (v) vulnerability reduction initiatives for the landless and marginalized communities within the watershed development areas.",0.9421269676902078
"It is expected that facilitating value chain links will lead to increased incomes of beneficiaries due to: (i) higher prices for the agricultural produce through better aggregation, better market information, and new market channels; (ii) potentially reduced input costs such as fertilizers resulting from more detailed soil nutrient information; and (iii) increased employment and value addition from post-harvest activities, including aggregation, cleaning, grading, sorting and processing.",0.9020985690030184
"The EIRR of the project over a 20-year period for the base case, excluding benefits from GHG emission reduction, is 35.0 percent with a Net Present Value (NPV) of USD 285.4 million at a discount rate of 12 percent.",0.9229270761663263
"The EIRR from watershed development and improved agriculture activities is 27.5 percent, which is higher than previous watershed  The World Bank Rejuvenating Watersheds for Agricultural Resilience through Innovative Development (P172187) development projects in India, as a result of reduced planning and implementation periods of watersheds as a result of scientific planning.",0.9645295576615767
The benefits from the dissemination of agro-advisory services to improve farmers decisions and resilience improves the base case EIRR (excluding benefits from GHG emissions) to 31.8 percent.75 The benefits of the value chain activities increase the base case EIRR (excluding benefits from GHG emission) to 32.8 percent76 and the benefits from vulnerability reduction activities (excluding benefits from GHG emission) further improve the EIRR to 35.0 percent.77 The EIRR calculations also assume a five percent operations and maintenance costs and a 15 percent tax rate on project costs (to account for transfer payments) over the 20-year period for which the EIRR has been calculated.,0.9509123888882723
"Placing a monetary value on the potential GHG mitigation benefits in terms of reductions in GHG emissions and increased carbon sequestration (estimated at 9.39 million tonnes CO2eq over the project life of 20 years), the base case EIRR increases to 39.2 percent.",0.9134615117853339
"This assumes a shadow price of carbon per tCO2eq of USD 40 for 2021 and reaching USD 50 at the end of the 20-year period, as recommended by the World Bank.",0.8859048323197798
"The analysis was also conducted for a high shadow price of carbon scenario as recommended by the World Bank, resulting in an EIRR of 43.0 percent.",0.8713986656882546
"To address this risk, both states have identified top-level technical and scientific partners with good experience in LRI data collection and application and have negotiated partnerships with them.",0.7436458414251154
"In addition, Karnataka, as the designated âlighthouseâ state, is sharing its knowledge and experience in collecting, processing and applying LRI data for scientific planning with Odisha.",0.2730750170621005
"To mitigate this risk, all state watershed departments are working with the partners to evolve common technical specifications across the board, helping them with preparing tender documents and where needed even calling the tender on behalf of the partners.",0.8789913004094904
"This issue will be addressed by converging with on- going state programs of departments of agriculture and horticulture to identify and strengthen value chains in target areas, from the beginning of the Program.",0.4661972305991433
"75 The benefits from agro-advisory services, is based on the learnings from âKSNMDC â Varuna Mitra Impact Evaluation Report, 2018â that estimates the direct benefits of agro-advisory services to be INR 18,005 per farmer or INR 5,107 per farmer.",0.5877932635220614
"76 The Value Chain benefit estimates have been estimated using similar World Bank funded projects in India (JOHAR, TNRTP, BTDP, NRETP).",0.33201482079245825
"The benefits have been estimated to be an annum additional income of 13,232 per household engaged in value chain activities or a B/C ratio of 0.95.",0.9070435437289152
"77 The Vulnerability Reduction benefit estimates have been estimated using similar World Bank funded projects in India (BRLP, TNPVP, NRLP) for simple and enhanced credit-based livelihood activities.",0.7045497460798784
"The benefits have been estimated to be an annum additional income of 15,465 per household or a B/C ratio of 0.99.",0.8960638046264648
 The World Bank Rejuvenating Watersheds for Agricultural Resilience through Innovative Development (P172187) ANNEX 4.,0.8777421604503285
(SUMMARY) FIDUCIARY SYSTEMS ASSESSMENT Financial Management 1.,0.8165943839333274
"As for IWMP/WDC-PMKSY, the REWARD Program will be embedded within the stateâs public financial management systems.",0.7972433783791282
"The budget outlays for the scheme at DoLR were estimated at INR 2,000 crores.78 and includes the grants to states.",0.8690640709616921
"Notwithstanding the above, provision of funds for the projects has been adequate and while past performance may not necessarily be a predictor for future allocations, there is a reasonable expectation that the required resources will be appropriated in the financial years when required.",0.8410330685702238
"Treasury computerization (Khajane/Karnataka, FMIS/Odisha and e-Lekha/GoI) of core budgeting, accounting and financial reporting has been operational for a decade or more.",0.8726147738370028
"The key risk with the fund flow arrangements in Odisha and Karnataka is that a significant proportion of project funds remain outside the state consolidated fund in external bank accounts [Odisha has approximately INR 98.7 crores unspent in bank accounts at state and district levels, including closing balances in WC bank accounts as on 02 March 2020).",0.8546690507368608
This practice also does not lend itself to efficient cash management as unspent funds could be better utilized elsewhere.,0.7238443981517445
"To address the risk identified with large unspent balances in bank accounts at dispersed locations outside the state consolidated fund, WMD will set up single state level zero based linked bank accounts at district, PIA and WDC levels and use the EAT module of PFMS for all REWARD Program operations.",0.8397641615434126
"A comprehensive web-based MIS79 has been developed for PMKSY by DoLR, wherein physical and financial data is regularly uploaded by the states.",0.8589937903664329
"DoLR will put in place a team to undertake a business process review of the uploading of financial progress reports on the IWMP/WDC-PMKSY MIS portal, including reconciliation processes undertaken at the state/DoLR levels, and suggesting revised processes to ensure the reliability and correctness of MIS data [proposed DLI].",0.8020094958218661
78 About 98-99 percent of the budget outlays at DoLR level represents grants in aid to the states.,0.5168000134554777
 The World Bank Rejuvenating Watersheds for Agricultural Resilience through Innovative Development (P172187) 8.,0.8735775514082476
"Based on the activities identified in the Program scope, the main procurable items are (i) community procurement of works and supplies towards watershed development, (ii) consultancy services like engagement of technical partners, capacity building, M&E, communication, knowledge sharing etc.",0.5627762187610973
"The Program is not expected to procure any high value contracts80 valued at or above Operational Procurement Review Committee (OPRC) thresholds (USD 115 million for works, USD 75 million for goods and non-consulting services, and USD 30 million for consultant services), which are based on a âmoderateâ risk rating.",0.34368575703014026
High value contracts under the Program shall be monitored during the supervision missions to ensure that the Program is in conformity with the Bankâs policy on high value contracts in PforR financing.,0.8634886308149858
"Delegation of Financial Powers Rules, 2013 has detailed thresholds which defines 80 Contractswith estimated values exceeding the monetary amounts, as may be amended from time to time, that require mandatory review by the Bankâs OPRC.",0.8486752943559126
 The World Bank Rejuvenating Watersheds for Agricultural Resilience through Innovative Development (P172187) various thresholds on which financial powers are delegated to departments of GoO.,0.9514570236206055
Multiple administrative instructions were issued from time to time to regulate / amend these governing documents including use of eProcurement platform.,0.7198983105746183
"It is observed that open tendering method was used for for these cases with adequate procurement cycle time; and while no cases for cost over-run and no complaints were received, there is room for improving bidder participation and avoid time extensions.",0.40452714399857953
"The assessment concluded that the legal framework is adequate, but the implementing agency does not have dedicated staff to manage procurement activities and provide necessary guidance on procurement matters related to watershed committees.",0.8421721891923384
"DoLR, being a central government department, follows the General Financial Rules (GFR), 2017.",0.1331239938735962
"The assessment concluded that the legal framework is adequate, but the implementing agency does not have dedicated staff to manage procurement activities.",0.6420415531505238
"Under the GoIâs program expenditure framework, National Rainfed Area Authority (NRAA) is also identified as an implementing agency82.",0.8467223427512429
Community driven procurement procedures are followed for the works and supply of materials required in the development of watershed sub-projects.,0.7885612141002308
"Activities such as needs assessment, DPR preparation, cost estimation for watershed projects, are governed by the Common Guidelines for Watershed Development Projects dated 2008 (revised 2011) of GoI.",0.863852934403853
Manpower for such works is sourced from the local community and paid at the wage rates notified by the government and supplies are sourced from local market at rates no more than those defined under Schedule of Rates published by respective governments.,0.669460730119185
An oversight on the community driven activities is maintained by respective watershed monitoring teams.,0.5773458480834961
"Central /State Vigilance units have jurisdiction and power to undertake an enquiry or cause an enquiry/investigation to be made on any information 82 As an implementing agency, NRAA will be a knowledge partner in REWARD  The World Bank Rejuvenating Watersheds for Agricultural Resilience through Innovative Development (P172187) that a public servant has exercised or refrained from exercising his powers, for improper or corrupt purposes.",0.8803707469593395
â¢ ensure each of the procurement entity shall: o ensure incorporation of the Bankâs debarment list in the filter used by implementing entities when they conduct due diligence.,0.502190416509455
"Additionally, it is recommended that all the implementing agencies add scope in Auditorâs ToR to validate that under Program Expenditure Framework (i) none of the contracts are awarded to World Bank debarred firms and (ii) no high value contract (above OPRC threshold) is present.",0.6584607037630948
 The World Bank Rejuvenating Watersheds for Agricultural Resilience through Innovative Development (P172187) ANNEX 5.,0.879783110185103
(SUMMARY) ENVIRONMENTAL AND SOCIAL SYSTEMS ASSESSMENT The ESSA was carried out in line with the World Bank policy and procedure for PforR financing for the REWARD Program .,0.8535412008112128
"The ESSA assessed the adequacy of E&S systems including existing institutional, operational, and regulatory systems and capacities to manage E&S risks and priorities and recommends measures for strengthening them.",0.8443049517544833
"The ESSA covered a comprehensive review of all relevant E&S plans/frameworks, implementation documents and other technical studies/reports related to national as well as state-supported watershed programs, including the World Bank supported watershed projects in Karnataka.",0.8706328652121804
"Key Findings of the ESSA Potential Benefits: The overall E&S impact of the watershed Program is likely to be positive, owing to benefits such as increased ground water level, improved soil moisture and increase in green coverage, crop productivity due to multi-cropping and increase in rural incomes subsequently reducing poverty.",0.8994707627729936
"Strengthening capacities of project authorities and functionaries, and both public and private specialized institutions to implement more science-based watershed projects will be beneficial for overall hydrological services and also environmental sustainability.",0.8508807095614347
"Establishing high-level coordinating bodies in the state government on the lines of Multi Stakeholder Platforms, supported by the 2030 Water Resources Group, for convergence of watershed issues will benefit the environment with convergence of state specific goals on forest cover, agriculture and horticulture development for developing rainfed districts.",0.9617137041958895
"The science-based planning approaches of REWARD program will reduce the risk of not capturing issues such as overall water budget in the macro-watershed, change in ground water table, change in water quality parameters with methods of soil, land and water conservation.",0.3299049030650746
Other risks related to over-use of chemical fertilizers and pesticides are expected to be mitigated through agro-advisories issued to farmers.,0.8103200739080255
"In addition, the program will also enhance local employment and livelihood opportunities for watershed populations including for marginal and small farmers, landless and wage laborers and lead to improvements in household incomes and general economic development in the program areas.",0.13911473751068115
"Environmental and Social Risks: Most of the E&S risks and impacts are mainly on account of gaps identified in existing implementation processes of the watershed program and these small scale, site specific, localized, predictable and reversible impacts are highly amenable to risk mitigation measures.",0.7868622866543856
"The key social risk relates to weak community ownership and preparedness to participate in science-based watershed planning and DPR preparation, and inadequate inclusion of small and marginal farmers and landless/asset less households in watershed committees and among direct program beneficiaries, especially women, scheduled castes (SC), scheduled tribes (ST) and other socially vulnerable groups.",0.0075089416720650415
LRI based approach could make the watershed planning process more âtop downâ compared to the âbottoms upâ planning processes envisaged in IWMP and PMKSY-WDC.,0.8420089374889027
"Gaps in institutional responsibilities, operational guidelines, and implementation capacity for screening, mitigating,  The World Bank Rejuvenating Watersheds for Agricultural Resilience through Innovative Development (P172187) monitoring, and reporting of social risks adds to the risk profile.",0.8564903952858665
"The environmental risks are largely related to extension of watershed interventions to forest, wetlands and other environmentally sensitive areas; risk of change in cropping patterns to more water-intensive high-value crops leading to excessive withdrawal of ground water, and increased use of fertilizer and pesticides; risk of increase in salinity and sodicity due to excessive irrigation in some areas; risk of restricting surface flow at plot level thereby impacting water bodies in the downstream and overall hydrology.",0.845202012495561
"The planned convergence of other programs of partner departments of agriculture, horticulture, forestry, and MNERGA to conserve soil moisture will contribute to effectively managing all such environmental risks.",0.8040324124422941
The REWARD Programâs overall E&S risk rating is âModerateâ and can be effectively mitigated within the existing E&S management systems.,0.775810415094549
"The REWARD Program will not finance any activities that would cause high or substantial E&S risks and impacts including: (i) any land acquisition and/or involuntary resettlement; (ii) use of child labor; (iii) destruction of any physical cultural resources; (iv) any work that would convert or encroach forest land, notified wetland or any eco-sensitive area; (v) any work that would bring large scale submergence beyond drainage line; (vi) any work that would convert common property resources including grazing land; (vii any work that would restrict minimum ecological flow of the rivers and rivulets; (viii) any activity that would use most toxic pesticides classified as âClass Iâ (based on toxicity of the active ingredient) by the World Health Organization; and (ix) any work that would use or generate hazardous material or chemicals beyond permissible levels specified in Schedule II of Hazardous Waste Handling and Management Rules, 2016.",0.7512633583762429
"While Karnataka has experience of watershed planning and implementing using comprehensive LRI-based approaches, Odisha is new to it and would require support during the transition phase.",0.8208225423639471
"In addition, Karnataka will act as a âlighthouseâ state by sharing its knowledge and experience with other states in collecting, processing and applying LRI-based watershed planning and implementation.",0.7412168329412286
"The LRI-DSS based system uses land resource site-specific data (both physical and chemical properties) at the cadastral level along with hydrological data (on permeability, infiltration rate, run- off, erosion, soil moisture, soil storage, ground water storage, recharge, etc.)",0.7082454508001154
"to develop models for estimating water fractions (ET, soil moisture, run-off, groundwater) in collaboration with a hydrology partner, leading to water balance.",0.8425908522172407
"At present, water budget and hydrological outputs are calculated with mathematical models with limited ground measurements which are normalized according to soil management units.",0.8162004297429865
"The hydrological data on groundwater storage, silt movement, surface water flow is collected periodically in model watersheds and benchmark sites for monitoring.",0.6981168226762251
The same database can be used for measuring mid-term and end-term impacts and will capture larger goals of protecting and conserving hydrologic services and/or managing negative downstream and groundwater impacts which otherwise remains unaddressed.,0.7528284246271307
"It clearly articulates the principles, processes, institutional responsibilities at different levels of program implementation right from national, state, district, block/PIA, GP and village levels for watershed planning and implementation.",0.7801257913762872
The process of watershed selection for treatment is based on a regional assessment of the environment especially soil health and water availability in the rainfed area.,0.8411806279962714
"The process also includes  The World Bank Rejuvenating Watersheds for Agricultural Resilience through Innovative Development (P172187) using PRA tools and mapping of participatory well-being ranking and social mapping to ensure inclusion of women, tribal, and other vulnerable groups.",0.5615797909823331
"The REWARD Program does not intend to do any land acquisition or resettlement as the proposed civil works are going to be small, local structures such as check dams, anicuts, tanks, ponds and trenches.",0.1022306897423484
Further analysis of other watershed projects in India and in the participating states suggests that there is no land acquisition and hence risk relating to acquiring land and resettlement is minimal or non-existent.,0.5246791839599609
"Early screening for identification of potential E&S risks during DPR preparation and FPO Business Plans for identification of potential environmental and social risks, including LRI and DSS platform, to show land use and environmental areas; and guidance on preparation of an environmental and social management plan (ESMP).",0.7659914710304954
Crop advisories issued by the Government shall include advisories on adverse impacts of overuse of insecticides and  The World Bank Rejuvenating Watersheds for Agricultural Resilience through Innovative Development (P172187) chemical fertilizers as per the pesticide and fertilizer management plan to be prepared by the Government.,0.8518074209039862
"Addressing macro and micro-level environmental issues such as overall hydrology which includes water resource budget, conservation, flow, change in ground water table, change in water quality including salinity and sodicity in the macro watershed.",0.6725526289506392
"Existing GRM system to be further strengthened and streamlined for registering, screening and redressing, monitoring, reporting, and integrating them with the Program MIS.",0.664535869251598
"Establishing a scientific assessment and evaluation system, including a rigorous impact evaluation that encompasses the application of remote sensing and GIS technologies; process monitoring, and thematic studies for assessing change in specific parameters (such as groundwater level, sediment load, soil organic carbon) to evaluate the effectiveness of watershed investments.",0.8683057264848189
"Adopting a system of valuation of ecosystem services like water budgeting and their contribution to watershed development scoping will be explored and landscape approach for integrating planned convergence of other programs (including with partner Departments of Agriculture, Horticulture, Forestry, and Rural Development) to conserve soil moisture to improve outcomes on water yield, ground water and sediments in the long run for environmental sustainability.",0.8506624048406427
"the behavior change pilot on fertilizer use); (ii) Recommendation on establishing a scientific assessment and evaluation system, including a rigorous impact evaluation that encompasses the application of remote sensing and GIS technologies; process monitoring, and thematic studies for assessing change in specific parameters (such as groundwater level, sediment load, soil organic carbon) to evaluate the effectiveness of watershed investments; (iii) Addressing macro and micro-level environmental issues such as overall hydrology which includes water resource budget, conservation, flow, etc., in the macro watershed, change in ground water table, change in water quality is addressed through Result Area 1; (iv) Recommendations on early Screening have been mainstreamed and made part of PDO Indicators #2 DLR 2.1 and procedure for DLR 2.1 & 2.2.",0.8670207803899591
"It is also proposed that REWARD program will explore opportunities to support the participating institutions in piloting tools to better understand the cumulative aspects of valuation of ecosystem services like water budgeting and their contribution to watershed development through landscape approach for integrating planned convergence of other programs (including with partner Departments of Agriculture, Horticulture, Forestry, and Rural Development) to conserve soil moisture to improve outcomes on water yield, ground water and sediments in the long run for environmental sustainability.",0.8685946031050249
"For Department of Land Resources (DoLR) The REWARD program support to DoLR is mainly towards national capacity enhancement to support national program, promote learning from state level implementation.",0.5794865001331676
"The NPMU being established should also include nodal officials/experts responsible for coordinating, guiding, supervising, implementation of key Environmental and Social actions.",0.10898125171661377
"The national web portal proposed under the REWARD program shall also include socio-economic and environmental data (particularly sediments, water budget, forests, ground water, pesticides etc.).",0.6965298652648926
The knowledge exchange events shall also include lessons and insights from implementation of environmental and social actions under the REWARD Implementation.,0.47088553688742896
 The World Bank Rejuvenating Watersheds for Agricultural Resilience through Innovative Development (P172187) 4.,0.8724632263183594
Capacity building on environmental and social risk management.,0.7782566764137961
"Similarly, Officials at district, block and PIA level will also be co-designated for environmental and social safeguards and trained for providing implementation support, monitoring and reporting of implementation of E&S activities in the participating states.",0.5908208326859907
 The World Bank Rejuvenating Watersheds for Agricultural Resilience through Innovative Development (P172187) .,0.8836495659568093
"will be completed Date of the for reporting of IBRD Loan financial progress Agreement Use of PFMS Fiduciary SWDs of Karnataka and Other Within 6 Bank review confirms systems mandated; Systems Odisha months completeness, reliability and and all program after the timeliness of Program financial expenditures, Effective reports.",0.8670643893155184
"including WDC- Date of the PMKSY [new phase, IBRD Loan when it starts] Agreement entered in PFMS systems Preparation of Fiduciary SWDs of Karnataka and Other Within 6 Review of the manual by Bank community Systems Odisha months to assess whether it effectively procurement after the ensures economy and guidance manual Effective efficiency.",0.9062121998180043
"(with provisions for Date of the annual social audit IBRD Loan & provision for Agreement application of Bankâs Anti- Corruption Guidelines), which ensures economy and efficiency; and its distribution to WCs.",0.8841827565973456
"Planning, Fiduciary DoLR, SWDs of Other Within 2 After end of each six-month monitoring and Systems Karnataka and Odisha months period- KPIs Reporting within disclosure of all after the 15 days; and Contract Award procurements of Effective Disclosure within 30 days.",0.16315134005113083
"value above INR Date of the Before commencement of next 500,000- IBRD Loan six-month period- Procurement Preparation of and on six Plan Publication before 15 days.",0.8504451404918324
"Issuance & related complaint after the operationalization of guidelines  The World Bank Rejuvenating Watersheds for Agricultural Resilience through Innovative Development (P172187) handling Effective on complaint resolution, mechanism, with Date of the process of decision making, and an interface to IBRD Loan disclosure of complaint related accept complaint; Agreement statistics.",0.8877938010475852
inclusion and building community ownership of watershed plans based on science- based data inputs.,0.3393677147951993
"Existing grievance Environmental SWDs of Karnataka and Other Within 12 Strengthened grievance redress redress mechanism and Social Odisha months mechanism (GRM) developed (GRM) to be Systems after the and implemented by strengthened and Effective participating states and streamlined for Date of the periodic reports being registering, IBRD Loan generated.",0.8657564683393999
 The World Bank Rejuvenating Watersheds for Agricultural Resilience through Innovative Development (P172187) ANNEX 7.,0.879212119362571
"The Program would entail generation of co-benefits through incentivizing science-based watershed management including soil moisture conservation, water harvesting, weather-based agro-advisories, value chain development, etc.",0.899618842385032
"Table E: Climate Vulnerability Context, Programâs Intent for Addressing Climate Vulnerability and Link to Activities Climate Land degradation and unsustainable groundwater use are among the key issues confronting Vulnerability Context85 India.",0.5282907485961914
Projections point towards an increase in summer monsoon precipitation and the year-to-year variability of monsoon rainfall will contribute to a greater frequency of floods and drought and lower recharge rates of groundwater reservoirs.,0.8135847611860796
"While watershed development programs have treated significant land areas with basic soil and water conservation, there have been gaps in terms of: incorporating hydrology, water management, 84 The climate co-benefit estimation in WB-financed projects is based on the Joint MDB methodology that has been developed by a group of multilateral development banks (MDBs), composed of the African Development Bank (AfDB), the Asian Development Bank (ADB), the Asian Infrastructure Investment Bank (AIIB), the European Bank for Reconstruction and Development (EBRD), the European Investment Bank (EIB), the Inter-American Development Bank Group (IDBG), the Islamic Development Bank (IsDB), the New Development Bank (NDB) and the World Bank Group (WBG).",0.8752691962502219
 The World Bank Rejuvenating Watersheds for Agricultural Resilience through Innovative Development (P172187) and climate resiliency into plans and investments; supporting farmers to transition to climate resilient farming practices; value addition and market access for increased productivity and incomes; and strengthening rural livelihood development to improve equity and opportunities for women.,0.8975316827947443
Statement of The Program Development Objective (PDO) is to strengthen capacities of national and state purpose/intent institutions to adopt improved watershed management for increasing farmersâ resilience and support value chains in selected watersheds of participating states.,0.9045214219526811
"Adaptation co-benefits: The adaptation co-benefits in each of the results areas are listed below: Results Area 1: Strengthened institutions and supportive policy for watershed development Capacity building of community institutions and local government bodies engaged in watershed development through development of guidelines and procedures, training, performance grading and incentives, etc.",0.8658363168889825
"Capacity building of government institutions in watershed development through placement of staff with expertise in hydrology, agriculture, etc., and their training.",0.7921810150146484
"Establishment of a national CoE in science-based watershed management for providing capacity building support to the cadre of watershed professionals in all states â this will include training on climate-resilient land management practices, climate smart agriculture, climate-resilient technologies on the farm, climate information services, climate-resilient irrigation or drainage services, community water management systems, science-based watershed management, etc.",0.8719506697221235
"Development of a supportive policy for watershed development including the development of national technical standards and protocols that will cover, inter alia, development of a land resource inventory, hydrology assessment, preparation of a science-based and participatory watershed development plan that integrates climate resilience, etc.",0.8623539317737926
Development of policies on operation and maintenance of watersheds for enhancing infrastructure resilience.,0.8956714976917614
"Development of strong monitoring and evaluation systems that includes focus on measuring outcomes and thematic studies for assessing change in specific parameters (such as groundwater levels, sediment load, soil organic carbon) to evaluate the effectiveness of watershed investments.",0.870328729802912
Pilot on science-based fertilizer demand and supply that involves aligning demand and supply of fertilizers through interventions such as building farmer awareness on soil nutrient status to improve productivity by addressing climate impact on soil quality.,0.9480374943126332
Results Area 2: Science-based watershed development for climate resilience and enhanced livelihoods Development of science-based watershed development plans based on Land Resource Inventory (LRI) and hydrology data and community participation.,0.7873178828846324
"Implementation of science-based watershed development in select âmodelâ watersheds including interventions on community engagement; engineering works including as relevant ridge area treatment, drainage line treatment, soil and moisture conservation, rainwater harvesting, etc.",0.8472309112548828
"; agriculture and horticulture including on-farm soil moisture conservation and water harvesting practices; treatment of common lands including pasture development, afforestation (forestry and agroforestry plantations in non-forest lands), etc.",0.304119348526001
"These interventions are expected to improve climate resilience, provide water security especially in terms of âgreen waterâ, and restore ecosystem services through improved soil moisture, enhanced water storage based on hydrological conditions, more efficient  The World Bank Rejuvenating Watersheds for Agricultural Resilience through Innovative Development (P172187) irrigation, more appropriate crop selection and management, increased tree cover, etc.",0.9464215365323153
"Provision of agro-advisories to farmers based on LRI and weather data with timely information on land resources, soil status, weather events, etc., along with recommendations on crop selection and management practices.",0.8620804873379794
"Value chain interventions focusing on production enhancement, post harvest management, infrastructure development, and forward and backward linkages of producers to markets.",0.9581619609485973
"Mitigation co-benefits: The mitigation co-benefits in each of the results areas are listed below: Results Area 1: Strengthened institutions and supportive policy for watershed development Pilots on science-based fertilizer demand and supply that involves aligning soil fertility status, demand and supply of fertilizers through interventions such as building farmer awareness on soil nutrient status, training of extension workers and fertilizer retailers, tracking data on fertilizer purchases made by farmers.",0.8933446190573953
"This will contribute to reducing inappropriate use and overuse of chemical fertilizers, will nudge farmers towards adoption of integrated soil fertility management and lead to potential increase in soil carbon.",0.8713778582486239
"During the course of the Program, value of ecosystem services (such as through water budgeting) and their contribution to watershed development, including scoping and measurement of soil organic carbon, will be explored.",0.8270071203058417
"Results Area 2: Science-based watershed development for climate resilience and enhanced livelihoods Contribution to soil carbon sequestration through rehabilitation of degraded lands by implementation of science-based watershed development â specifically, integrated nutrient management, horticulture plantations, pastureland development, forestry and agroforestry plantations in non-forest lands, etc.",0.9083992351185192
The Economic and Financial Analysis undertaken during the Program preparation estimated that over a 20-year period it is expected that the Program supported activities will result in net GHG sequestration of 11.9 million tons CO2 eq.,0.8704048503528942
which is equivalent to a GHG sequestration of 0.59 million tons CO2 eq.,0.6490401354703036
"Value chain investments that integrate climate mitigation and adaptation opportunities (such as use of renewable energy in agri-processing, energy efficient agriculture infrastructure, climate risk resilient infrastructure development).",0.9646871740167792
The DLIs which will track progress on addressing the climate vulnerability context and on achievement of the identified climate co-benefits are as follows: â¢ Watershed Committees and Gram Panchayats demonstrate satisfactory watershed management as measured through a performance rating system.,0.8414115905761719
â¢ Land area treated with science-based watershed management technologies.,0.8522395220669833
â¢ Adoption of resilient agriculture technologies and practices by farmers.,0.11438320983539928
â¢ Increase in climate-adjusted soil moisture in targeted watershed areas.,0.8388630260120739
â¢ Number of professionals who complete certified training on improved watershed management provided by National Center for Excellence on Watershed Management.,0.840924696488814
â¢ National technical standards for improved watershed management updated by DoLR and directive issued to states.,0.8703347119418058
 The World Bank Rejuvenating Watersheds for Agricultural Resilience through Innovative Development (P172187) ANNEX 8.,0.8794299038973722
"The Implementation Support Plan (ISP) outlines the approach the World Bank will take to support the DoLR and SWDs in the implementation of the REWARD Program, including reviewing implementation progress, reviewing achievement of Program results and DLIs, monitoring compliance with legal agreements, providing support on resolving emerging issues and in managing potential risks to achieving Program results.",0.8323756131258878
The main thrust of the Bankâs implementation support will be concentrated on the overall implementation quality and on making the performance-based incentive system work to its fullest potential.,0.9033143303611062
The Implementation Support Plan reflects learnings from other Bank supported multi-state projects in the country.,0.8629185069691051
"To enable these multiple mechanisms, the Bank will also explore the provision of Technical Assistance (TA) through channels such as the FAO/World Bank Cooperative Program as well as TA funds from the AGF GPâs central pool and bilateral donor agencies.",0.8735493746670809
"In the initial years of Program implementation, the focus of the implementation support missions and the TA will be on ensuring critical human resource capacity in the implementing agencies; establishment and functioning of national and state level governance mechanisms; partnerships with scientific and technical agencies; implementation of PAP actions; establishment of MIS; establishment of impact evaluation and results verification systems; effective information flows between the national, state, district, block level implementing agencies; and mitigating any early risks that are identified.",0.4635628786954013
"The emphasis of Bank support in the initial years, and especially in case of states that are new to science-based watershed development, will be on capacity building of the state implementing agencies, through the TA as well as through facilitating the lighthouse approach.",0.8076792630282316
"As implementation progresses, World Bank support will focus on ensuring that the DoLR, SWDs, district and block/sub-block levels have adequate support for carrying out Program activities and will include monitoring compliance to legal agreements, monitoring progress in achieving PAP actions, tracking results indicators through the MIS, and managing any emerging risks.",0.8477517908269708
"Consultant âResident Representativesâ in each state Technical specialists (watershed development; As required As required Bank staff and consultants; country based, LRI; hydrology; agriculture; agri-business; climate international adaptation; institution development) Procurement Specialist 5 2-3 Bank staff and consultants; country based Social Development Specialist 5 2-3 Bank staff and consultants; country based Environmental Specialist 5 2-3 Bank staff and consultants; country based Financial Management Specialist 5 2-3 Bank staff and consultants; country based Monitoring & Evaluation Specialist 8 4-5 Bank staff and consultants; country based, international ICT/Digital Specialist 3 2-3 bank staff and consultants; country based Communications Specialist 3 2-3 Bank staff and consultants; country based Resident Representatives (one per state) 24 per state As required (for Consultants: country based national review meetings) ",0.907522895119407
