seq,ecological domination
"Although the current account deficit widened to 2.1 percent of gross domestic product (GDP) in FY18/19, robust capital inflows during the second half of the year allowed for a buildup of international reserves to US$411.9 billion at the end of the fiscal year (equivalent to 10 months of imports).",0.8468600186434659
"Going forward, subdued import growth and benign oil prices are expected to contain the current account balance.",0.8993573622270064
The proposed project is focused on improving the public passenger transport by river ferries in the state of Assam (primarily on the Brahmaputra but also on the Barak River) and the institutional capacity and framework to develop the sector.,0.8986380316994407
"Flowing through the heart of the state, the Brahmaputra is a formidable physical barrier, with only five bridges along its entire length, which reflects the high costs of bridging such a river.",0.10664490136233243
"In addition to the Brahmaputra, navigational facilities are also maintained on the Barak River (designated National Waterway 16), which flows through southern Assam for a stretch of 121 km before flowing into Bangladesh.",0.5523801283402876
 The World Bank Assam Inland Water Transport Project (P157929) 4.,0.8744580528952859
"The challenge is multifaceted: it includes the governance and regulation of the sector; the standards, equipment, and amenity of many vessels; the rudimentary navigational aids currently used; and the condition of many ferry terminals that are no more than improvised moorings needing relocation with changing river conditions, often for substantial distances and to locations with poor last mile connectivity.",0.6526236534118652
Development of waterways and ferry services provides low-cost options to integrate transport networks north and south of the river compared to the construction and maintenance of flood-resilient roads and bridges across the long stretches of the Brahmaputra.,0.8607094504616477
Inland water transport (IWT) is also sustainable in that it provides opportunities for modal shift to low-carbon transport option for passenger as well as potential freight movements.,0.7159295082092285
"However, the development of fixed terminals in the waterways has been challenging due to the long flood season from June to September and the subsequent dry period, which reduces and alters the river flows and navigation channels considerably.",0.8467232097278942
The GoA has constituted the Assam Climate Change Management Society in 2018 to tackle the impacts of climate change and environmental issues.,0.8145764090798118
 The World Bank Assam Inland Water Transport Project (P157929) 9.,0.8622347224842418
The GoA itself is responsible for about 89 operational ferry routes in Assam and there are 272 others overseen by the local (village) and district councils.,0.2687086192044345
"The GoA ferry routes are managed by the Directorate of Inland Water Transport Assam (DIWTA), either directly (11 routes) or under different contract arrangements with private vessel operators (78 routes).",0.7077128670432351
"DIWTA has a total of 171 vessels (excluding pontoons and vessels used as terminals), around 60 of which are leased to the private contractors.",0.1769193627617576
"With World Bank support, the GoA is creating a more rigorous, tripartite institutional framework that can provide a stronger foundation for sector governance and sustain the desired sector improvements.",0.7569630362770774
"Regulatory oversight will be reformed: safety, environmental, and economic regulation (shipping, ports, dry-docking facility for inspection, repair, and maintenance) will be the responsibility of a new statutory Inland Water Transport Regulatory Authority (RA), legislation for which was passed by the Legislative Assembly in September 2018 and is under implementation.2 The GoAâs own ferry activities will be corporatized by establishing the Assam Shipping Company (ASC) to operate the government ferries and the Assam Ports Company (APC) to provide terminals and terminal services on a common-user basis to public and private ferry operators.",0.8966404307972301
"This proposed Assam Inland Water Transport Project (AIWTP) is therefore an integrated package of institutional, regulatory and physical measures that will help Assam both to improve specific ferry services and strengthen the capacity of GoA institutions to administer, regulate, and deliver better services throughout Assam.",0.9437867077914152
"Alongside its support for the sectorwide reform program, the World Bank will finance priority investments in safety management, private and public ferry fleet improvements, and replicable terminal improvements on the major Guwahati and Majuli routes and several pilot rural routes.",0.8172437494451349
 The World Bank Assam Inland Water Transport Project (P157929) 14.,0.8422995480624113
The proposed project is focused on passenger ferry services.,0.7558371803977273
"The Inland Waterways Authority of India (IWAI) of the Government of India (GoI), established in 1986, provides and maintains the fairway navigation3 on national waterways.4 The IWAI, in coordination with DIWTA, is considering augmenting commercial freight transportation on the Brahmaputra, which is a national waterway (National Waterway 2).",0.8567060123790394
"That operation would focus on identifying key anchor commodities and heavy cargo for transport on the river and establishing an IWT system for the Northeast region as an efficient alternative mode, given the regionâs high dependence on the narrow Siliguri corridor for direct connectivity to other parts of India.",0.8774934248490767
The IWAI participates in the GoA meetings on this project and the GoA participates in the GoI meetings on commercial development of National Waterway 2 and National Waterway 16.,0.8541108911687677
One of the key synergies between the projects is that the new Assam Inland Water Transport RA will also regulate commercial freight shipping in the state.,0.8639890497381036
The World Bank support for establishing the Authority in this project will therefore also benefit inland waterways freight service.,0.8598885969682173
"This project will also seek to derive mutual benefits by synergizing with other initiatives in the region including the ongoing flood management of the Brahmaputra and its tributaries supported by the Asian Development Bank, flood protection programs by the Brahmaputra Board, and a newly formulated Technical Assistance Project requested by the Ministry of Development of the Northeast region for planning and management of water resources.",0.9118714766068892
"At the regional level, cooperation policies between India and Bangladesh envisage a crucial future trade and transport role for IWT.",0.8448538346724077
The two countriesâ bilateral protocol on international waterway transit routes (1972) was strengthened in June 2015 by the Coastal Shipping Agreement.,0.8706692782315341
"In a recent development, Chittagong and Mongla Ports have been opened for riverine traffic from Northeast India on the Indo-Bangladesh protocol route.",0.8704839186234907
This agreement allows goods to move by coastal shipping from Kolkata to Chittagong Port in Bangladesh and thereafter by inland waterways (predominantly through the Brahmaputra River) or other modes to Assam and other northeastern Indian states.,0.8252947547219016
"The two countries also agreed to seek international financing for development of year-round navigability of the protocol (waterway) routes between the two countries, as envisaged in the Bilateral Framework Agreement on Trade and Transit.",0.9030547575517134
The World Bankâs priority objectives and operational approach are set out in the World Bank Groupâs Country Partnership Framework (CPF) for India (FY18-22; Report No.,0.8633643930608575
"The project targets most of the CPFâs defined focus areas within the partnership objective of resource-efficient growth, with positive impacts in both rural and urban areas.",0.04696694287386807
"Developing the 3The fairway is the channel occupied by vessels using the waterway and its main technical parameters are its width, least available water depth, standards of markings/lighting, and so on.",0.7299613952636719
"4 The Brahmaputra is classified as National Waterway 2 under the 1985 Inland Waterway Authority of India Act, which mandates the IWAI to develop navigation infrastructure.",0.860350868918679
 The World Bank Assam Inland Water Transport Project (P157929) basic IWT infrastructure would enable larger segment of the 31.2 million population to use the waterways.,0.9125157269564542
"In a sprawling city such as Guwahati, service improvements would also contribute to more efficient land use and urban consolidation by allowing the city to develop on its relatively close but underdeveloped north bank instead of just sprawling further along its congested southern bank.",0.622715559872714
"Moreover, the project will target improvements in the resilience of waterway transport to climate change and finance equipment and systems that will permit more effective emergency management on the waterways.",0.8888524662364613
The project uses three âimpact multipliersâ identified in the CPF that will enhance its benefits and long-term sustainability.,0.5542585199529474
"First, it is underpinned by the commitment of the GoA to strengthen the public institutions by which the IWT sector is managed: the current cumbersome and internally conflicted apparatus of state management will be replaced by the tripartite structure that will clearly separate state administration, industry regulation, and commercial operations.",0.8296045823530718
"Third, the project will help finance an incentive scheme to upgrade safety standards of private vessels as a âcarrotâ to help private operators to transition to the more rigorous safety regulatory regime that has been enacted.",0.5963780229741876
"While current public perceptions of the safety and reliability of private ferries are low, the new regulatory framework should lead to growing public confidence in the private sectorâs role as a safe and reliable ferry services provider.",0.2806799195029519
Resilience to climate change has been built into the flexible and modular design of terminal infrastructure.,0.7310856905850497
Improvement of ferries will also help lessen pressures for road bridges that would tend to propagate more road-oriented and emissions-intensive transport patterns in the state.,0.45059815320101654
The Project Development Objectives (PDOs) are to (a) improve passenger ferry infrastructure and services in Assam and (b) improve the institutional capacity and framework for inland water transport in Assam.,0.9406095851551403
" The World Bank Assam Inland Water Transport Project (P157929) Passenger Ferry Infrastructure and Services â¢ Ferry service hours available in a day - on project supported ferry routes (PDO 1) â¢ Percent women users of ferries during peak hours (PDO 2) â¢ User satisfaction (on access, safety, quality of services, facilities etc) disaggregated by gender on project supported ferry routes (PDO 3) Institutional Capacity and Framework â¢ Regulation of IWT operations in Assam strengthened (PDO 4, linked to DLI5 1) â¢ Unbundling public sector operations from industry regulations (PDO 5, DLI 5) â¢ Enhanced IWT sector capacity on safety and modern technologies (PDO 6, linked to DLI 2) â¢ Establishing an emergency response system including a search and rescue unit (PDO 7, linked to DLI 3) B.",0.96387394991788
"The project is supported by an Investment Project Financing (IPF) of US$88 million, which includes a financing of US$53 million based on achievement of DLIs.",0.7984377254139293
"The project will support ferry infrastructure and services (terminals and vessels), institutional reforms, consultancies/analytical studies, training and capacity building, goods including information and communication technology equipment, and development of software applications for safe and efficient management of the sector.",0.9575184908780184
"The project activities are organized under the following four components collectively intended to tackle the regulatory, operational, and infrastructure challenges of the sector.",0.8516048951582476
"Component 1: Institutional, regulatory and safety strengthening (estimated cost US$21 million) 24.",0.37838415666060016
"Technical Assistance: (i) Carrying out technical assessments/studies to prepare an integrated state-wide inland water transport (IWT) strategy and investment plan, to mainstream inland water transport and promote multi-modal integration and last mile connectivity; (ii) carrying out environmental and social impact assessments in relation to inland water transport investments financed under the Project; (iii) carrying out studies on weaknesses, institutional requirements and business plans for the IWT sector, to prepare institutional reforms including basic legislation for the strengthening of Assam Inland Water Transport Regulatory Authority (âAIWTRAâ) to develop and enforce safety, environmental and economic regulations for the IWT sector; (iv) unbundling shipping/ferry and terminal operations in Assam by establishing and operationalizing the Assam Shipping Company (âASCâ) and Assam Ports Company (âAPCâ), developing business plans therefor, and providing technical assistance/guidance during the initial years of operations; and (v) undertaking assessment on, and eventually strengthening, the institutional capacity of the 5 Disbursement-linked indicator.",0.9632275321266868
" The World Bank Assam Inland Water Transport Project (P157929) Directorate of Inland Water Transport Assam (âDIWTAâ) including establishing a new hydrography unit, carrying out job-mapping exercises and developing sector competencies (training and re-skilling) (US$11 million).",0.9306731657548384
"Safety Management: (i) Assessing, procuring and deploying navigations aids in the Brahmaputra and Barak rivers to allow 24-hours/night navigation services in the most trafficked routes/crossing points; and (ii) establishing a search and rescue organization, piloting an emergency response system (including developing policies and procedures, procuring equipment and setting up/supporting management and operation teams), and improving existing systems for emergency preparedness for natural disasters and climate change (US$10 million).",0.7329891378229315
This component will include the following: a. âJibondingaâ incentive scheme: Implementing the âJibondingaâ incentive scheme retrofitting of existing vessels and/or new vessel acquisition by private boat/ferry operators through the provision of Matching Grants (US$10 million).,0.896369760686701
Component 3: Improvement in terminal infrastructure (estimated cost US$55 million) 26.,0.861237265846946
"Provision of Priority Terminals and Repair Facilities: Designing and constructing approximately three (3) priority mid- to large-size terminals and repair facilities in congested river crossings, as per standard modular designs for scalable infrastructure adaptable to rural and urban areas and following the âworking with natureâ approach (US$40 million).",0.7383282401344993
"Provision of Smaller Terminals: Designing and constructing at least four (4) small and mainly rural terminals, as per standard designs for modular and scalable infrastructure adaptable to rural and urban areas (US$15 million).",0.27598554437810724
Component 3 will provide standard designs for modular and scalable infrastructure that can be adapted for other urban and rural ferry terminals.,0.05822063576091419
Component 4: Project management support (estimated cost US$9 million)  The World Bank Assam Inland Water Transport Project (P157929) 28.,0.8858588825572621
"This component will support implementation of the above three components and provide for costs on project preparation, implementation, coordination, and monitoring and evaluation (M&E).",0.6011597459966486
"An important element of the component would support capacity augmentation and policy support on climate mitigation and adaptation through consultancies, knowledge events, staff training, and so on.",0.7953128814697266
"The activities supported under the component specifically include the following: Providing support for Project implementation, coordination, monitoring and evaluation, through: (i) establishing and ensuring the operability of AIWTDS, including the provision of training, staffing, office modernization and equipment; (ii) ensuring the operability of the AIWTRA, including the provision of training, staffing, office and equipment; (iii) providing technical assistance and management support, including hiring the services of the General Consultant and the Independent Verification Agency; (iv) carrying out Project audits; and (v) setting up monitoring and evaluation systems (US$9 million).",0.3824560858986594
"The four main beneficiary groups of the project are the users of ferry services throughout the state of Assam, through better and safer services; private vessel owners through fleet modernization and upgrading of the existing fleet to better safety and service standards for operations under a strengthened regulatory regime; government employees in the institutions of the sector who will be trained to fulfill more effective and focused roles in the new institutions in industry; and the citizens of Assam who will benefit from the more efficient and effective public governance of the sector.",0.04289912635629827
"The total project cost is US$110 million, of which US$88 million will be funded by IBRD and the balance US$22 million will be the counterpart contribution.",0.8936807459050958
"Project Cost and Financing (US$, millions) IBRD % IBRD Project Components Project Cost Financing Financing 1.",0.8847534873268821
Project management support 8.8 7.0 80 Front-end fees 0.2 0.2 Total project costs 110.0 88.0  The World Bank Assam Inland Water Transport Project (P157929) 32.,0.9021198966286399
"The GoA will be seeking retroactive financing, not exceeding US$16 million, with respect to payments made for eligible expenditures under the project on or after , and till the loan signing date.",0.8791763999245383
"The EEP provides for all project-related investments (goods, works, non-consulting services, consulting services, training, and operating costs) included under the four project components mentioned earlier (detailed in annex 2).",0.5833920565518466
"These investments broadly include (a) the cost of construction of terminal infrastructure and its operational and maintenance cost during the project lifetime; (b) incentive scheme for the private sector, retrofitting of existing vessels and procurement of new vessels including their maintenance; (c) technical assistance, institutional reforms, and sector modernization needs toward improved safety and efficiencyâsuch as night navigation, emergency response and search and rescue, tools, equipment, software, trainings, and so onâand others; (d) operationalization of the newly established RA and the two proposed companies (ASC and APC), including salaries of staff at the RA through the life of the project and the ASC and the APC until three years after their incorporation; (e) project management support including office modernization of the AIWTDS, consultant/staff hiring and compensation at the AIWTDS, capacity on climate change and resilience, and so on E. Results Chain 35.",0.9240052483298562
 The World Bank Assam Inland Water Transport Project (P157929) Figure 1.,0.8379905874078925
"A2 Adoption, training and voluntary use of technology A3 Wider boat operator participation and enrolment in the scheme A4 Institutional unbundling, an independent functioning Regulator and sustained capacity building efforts Note: TA = Technical assistance.",0.6857863339510831
The World Bank is supporting the state of Assam in delivering this project.,0.8752829811789773
"The GoAâs objective articulated in the new sector law is to promote âsafe, efficient, reliable and environmentally sound inland waterway transport services for the benefit of ferry users, freight consigners and water tourism in the state of Assam.â6 The practical experience of countries with mature IWT industries, for example, the Netherlands, Germany, the United States, China, and Vietnam, is that governments and government administrative agencies must actively lead IWT sector development because of the geographically dispersed and fragmented structure of the industry and because of the many legitimate and competing uses of water resources.",0.7943611145019531
"Most of the investment and maintenance costs of navigation infrastructure in 6 Source: The Assam Inland Waterway Transport Regulatory Authority Bill, 2018.",0.9367982690984552
 The World Bank Assam Inland Water Transport Project (P157929) these comparator countries are publicly provided and funded.,0.8821678161621094
"Typically, only a small proportion of such costs are charged to waterway users, especially to passenger services.",0.812051079489968
The project design is based on the expectation of a similar long-term disposition of roles in Assam with public sector management of infrastructure provision and a mix of public and private sector operations in transport services.,0.3477909348227761
The GoA seeks not only World Bank financing but also the World Bankâs knowledge and experience in strengthening public sector institutions in the transport sector.,0.8265375657515093
"The World Bankâs institutional advice, experience in developing inland waterways with high-level specialist technical inputs, and material support are crucial for the GoA.",0.8734344135631215
"The project would address these challenges and help ensure that the direct impacts of IWT infrastructure and services on the environment do not detract from the overall environmental merits of IWT as a transport mode in terms of energy efficiency, greenhouse gas (GHG) emissions, land take, and other impacts.",0.8741756785999645
"Most waterways need investments in and maintenance of reliable channels, supported with navigation aids, provision of suitable vessels, and landing facilities to make IWT an efficient alternative and/or complementary transport mode to roads and railways.",0.9484079534357245
"The sectorâs multimodal potential requires wider understanding of logistics, intermodal connectivity (first/last mile) requirements, the right institutions for sound governance, and so on.",0.7144944884560325
"The scale and type of ferry use and the operating conditions (river behavior, bank stability, and so on) require a flexible and modular approach to terminal design, with simpler local solutions encouraged for rural areas.",0.5878508741205389
"The project has drawn on international best practices such as (a) the âworking with natureâ - a concept developed for IWT infrastructure construction/management by the European Union (EU) and (b) the unbundling/separation of infrastructure development, regulation, and operations, which is a principle applied in IWT sector management in the United States, EU, China, and Vietnam.",0.913781079378995
The project also benefits from the World Bankâs recent experiences in implementing other inland waterways projects within the country (National Waterway 1: Ganga-Bhagirathi-Hoogly River system) and outside (especially Bangladesh).,0.9012276909568093
"In particular, the ongoing capacity augmentation of the National Waterway 1 has helped assess the right resources and the baseline techno-commercial and institutional assessments needed for project design.",0.8275467265735973
"Important lessons, such as âworking with natureâ that aims to design waterways infrastructure that is least intrusive and flexible in aligning itself to the character of the Brahmaputra, have influenced the project design philosophy.",0.5858439965681597
"Similarly, âsafetyâ remains at the core of the project through incorporation of better aids to navigation, improved vessel configuration, terminal infrastructure, staff training, emergency response system, and new regulatory institutions.",0.6987454240972345
 The World Bank Assam Inland Water Transport Project (P157929) III.,0.8748057105324485
"The project has led to the establishment of the AIWTDS under the Transport Department, GoA, to implement the project.",0.8442248431119052
"The newly formed AIWTDS acts as the Project Management Unit (PMU), which is headed by a State Project Director (SPD) not below the rank of the Secretary, Transport Department, GoA, while the Director, IWTA, acts as the Additional State Project Director (ASPD).",0.5705738501115278
"The SPD is responsible for overall project control and delivery, while the ASPD supports the SPD in providing day-to-day administrative guidance to the project.",0.6361025463451039
"The society is supported by professionals in procurement, financial management (FM), transport and logistics, social development, environment safeguards, and so on.",0.7635798020796343
"Corporate oversight and management of the AIWTDS is provided by a Project Guidance Council (PGC) headed by the Chief Secretary, GoA, as the President and a Governing Body (GB) headed by the seniormost Secretary of the Transport Department as the Chairman.",0.2833132743835449
The GC would continue to provide functional support as the project enters the implementation phase when closer ground-level monitoring is needed.,0.6825076016512784
"A technical services and supervision consultant (TSSC) will be hired to assist with technical design review, construction supervision, quality control, and monitoring of terminal works under the project components.",0.8758279627019708
The PIUs are not expected to manage any funds and will thereby have no fiduciary function in the project.,0.45148658752441406
The society will also provide the data for the World Bank to prepare the projectâs Implementation Completion and Results Report and the Governmentâs assessment of the project.,0.6527605056762695
"Environmental sustainability has also been built into project design in terms of the higher environmental performance of new vessels, the retrofitting of existing vessels with newer and less-polluting engines under the planned incentive scheme, and design of ferry terminals in an environmentally sensitive way that reduces dredging requirements.",0.3823999925093217
Financial sustainability is subject to greater uncertainty because many of the public ferry services are loss making at existing fare levels and it is likely to take some years until the new RA is able to attain a tariff regulation regime that is both neutralâbetween public and private operatorsâand affordable to users and the government.,0.8934059143066406
"The planned corporatization of public ferry and ports operations will create transparency of commercial performance of ferry services, which is currently concealed within the overall administrative budget of DIWTA and therefore inextricably mixed up with the costs of its numerous nonoperating functions.",0.9097896055741743
"Therefore, the planned institutional reforms will provide the enabling framework for gradually improving financial sustainability.",0.8826378909024325
The untamed character of the Brahmaputra River also makes the provision of fixed infrastructure technically challenging.,0.8528976440429688
The project is improving the existing passenger ferry market in Assam through better and technically designed terminals and energy-efficient vessels (both new and retrofitted) and is making these sustainable through a more responsive institutional framework.,0.4289039265025746
"The infrastructure investments do not envisage any disruption to the water balance, large-scale dredging activity, or land acquisition.",0.9158883528275923
The project would improve the landside infrastructure as well as the vessel fleet and navigation aids.,0.820711916143244
"The investments are planned and prioritized under an integrated strategic development plan (ISDP) for the state, aiming to mainstream IWT as a mode of transport in Assam that is attractive and suited to a much wider user base.",0.8544252569025214
Certain priority ferry routes (in Guwahati and Dibrugarh) have been identified for investments under the project.,0.8939483815973456
"In doing so, the project draws guidance from âworking with natureâ principles that aim to design new infrastructure or rehabilitate existing infrastructure in a way that works with natural river  The World Bank Assam Inland Water Transport Project (P157929) processes.",0.7848841927268289
"The focus is to design and develop infrastructure in a way that is modular and scalable, limiting the need for fixed structures or substantial acquisition of land or heavy capital dredging.",0.6342577500776811
"To reduce dredging requirements, the ferry terminals will be developed in the river where water levels provide better depths for berthing of vessels round the year.",0.7646877115423029
This approach is expected to significantly reduce costs and delays attributed to constant changes in river morphology.,0.6884372451088645
Terminals are planned with waste management facilities so that no solid waste or sewage is released into the river.,0.7764975807883523
All sewage generated at the terminals shall be routed to a package treatment plant.,0.4563275250521573
"More specifically, waste management will follow the Environment Impact Assessment (EIA) recommendations.",0.7830188924616034
The project will support more landings (mostly smaller rural ghats) that will be selected by the GoA based on the strategic development plan and identification of upgrading needs.,0.11151330037550493
"Alongside terminal infrastructure, the Guwahati and Dibrugarh (Majuli) ferry corridors will be taken up initially for installing navigation aid facilities.",0.8146313753995028
Fixed terminal lights and level markers at the berth and navigational aids to mark fairways for ferries from and to the ghats are being considered.,0.27837220105257904
"A new state-level RA for IWT is already established under the project, and rules for safe and sustainable operations and management of the IWT system are being drafted.",0.8656453219327059
The enforcement of regulations is aimed to transform the operating scenario where only registered vessels are approved for deployment on the ferry services.,0.3485678759488193
The existing vessels of DIWTA and the private ferry operators registered with DIWTA are being modernized and upgraded to minimum safety standards through project interventions and incentive schemes.,0.7703453410755504
"The project will generate direct transport economic benefits in the form of improved services to existing ferry users, benefits from generation of ferry trips (including fewer road trips and savings in their resource costs), time savings from the shorter river crossings along the Brahmaputra where there are only five bridges to commute across the banks, connectivity for largely rural communities in the upper reaches of the river, and possible benefits in vessel operating efficiency.",0.9154142032970082
Climate change resilience outcomes will arise from more efficiently designed modular and floating terminals as well as by relieving the pressure to  The World Bank Assam Inland Water Transport Project (P157929) build new road bridges that would have encouraged a more carbon-intensive transport system.,0.9019291617653586
"Tertiary benefits include stimulating local economic activity and production in the form of flow-through benefits of boosting shared prosperity by creating more jobs associated with cross-river trade, more livelihood opportunities with improved and more reliable connectivity, increased incomes for farmers and riparian communities, and reduced poverty.",0.8487382368607954
The project investments are supporting the sector to make a step-change transition to sustainably superior and safer standards.,0.09540775689211758
The economic analysis captures some of the direct benefits from the main fixed investments in ferry infrastructure that are proposed on the identified priority ferry routes between North and South Guwahati and the Aphalamukh-Neamati route serving the Majuli River Island.,0.8127566250887784
The economic internal rate of return (EIRR) of the investments is estimated to be 18.9 percent in real terms.,0.9250675548206676
"The benefits of improved urban amenity, encouragement of lower-cost land use development on the north bank, and contribution to tourism will be additional to the direct transport benefits measured.",0.6559923778880726
"Also, the design of the water transport infrastructure under Components 2 and 3 incorporates resilience parameters to better cope with increased precipitation and flooding.",0.8458569266579368
"Climate-smart engineering solutions will be applied, including modular floating designs for ferry access points at the passenger terminals.",0.7295892021872781
The project will include fleet modernization of the vessels with higher power marine engines with sufficient speed to safely navigate the higher velocity current during the flood season.,0.29104094071821734
The safety management system and terminal/vessel operating systems will incorporate climate considerations.,0.7044258117675781
The project will thus remove critical transport bottlenecks through modal shift options and reduce the pressure on the government to build new bridges and roads.,0.5123987197875977
 The World Bank Assam Inland Water Transport Project (P157929) B.,0.8713104941628196
Fiduciary (i) Financial Management 63.,0.19403284246271307
"The project has acceptable FM arrangements to account for and report on project expenditures including (a) use of funds in an efficient and economical manner for the purposes intended, (b) preparation of accurate and reliable periodic financial reports, and (c) acceptable audit/assurance arrangements.",0.8615590008822355
The FM arrangements for the project are reliant on the use of country fiduciary systems to the extent feasible.,0.859377687627619
The society is implementing a World Bank-financed project for the first time; adequate training on World Bank procedures will be provided to the staff.,0.8082136674360796
Budget estimates will be prepared by the AIWTDS on the basis of annual work plans approved by the GB and will be submitted to the GoAâs Transport Department for transmission to the GoAâs Finance Department to include in the GoAâs annual budget under a separate budget head.,0.8752700632268732
"Adequate budget provisions of INR 400 million (FY17/18), INR 500 million (FY18/19), and INR 1,000 million (FY19/20) have been made during the life of the project preparation facility (PPF) and for the follow-on operation.",0.8543361317027699
The World Bank loan will be available to the GoA in accordance with standard arrangements between the GoI and the states.,0.8531658866188743
The budgeted funds for the project will be routed through the GoAâs State Treasury into the project bank account periodically on a need basis.,0.8554540980945934
All project-related payments will be centralized in the AIWTDS and funds for imprest or advances for specific activities may be provided on a need basis.,0.39720582962036133
 The World Bank Assam Inland Water Transport Project (P157929) 69.,0.8250456723299894
"The AIWTDS will prepare quarterly unaudited interim financial reports (IFRs) based on these accounting records, reflecting the actual expenditures under the EEP to support the DLIs achieved by the project (see disbursement arrangements agreed against the DLIs in the following paragraph).",0.7944412231445312
The IFRs will be submitted to the World Bank within 45 days from the close of the quarter and will include a list of payments against contracts that are subject to the World Bankâs prior review.,0.851407831365412
The legal documents provide that this category be fully withdrawn as a precondition of the borrower accessing the funds under Category 2.,0.7533959475430575
"(b) Access to the remaining fund of the loan (that is, US$53,000,000 provided for under Category 2 of the disbursement table) will be contingent on the achievement of results/DLIs (that is, will be disbursed pursuant to a result-based financing approach).",0.8520947369662198
"(ii) On validation of DLIs achieved, the project will seek reimbursement from the World Bank for an amount equivalent to the lesser amount of DLI value achieved or the eligible expenditures incurred and to be reimbursed.",0.8051639903675426
"(iv) In case the audited eligible expenditure are less than the reported expenditures, the difference will be, at the discretion of the World Bank, either refunded to the World Bank or adjusted against disbursement of subsequent DLRs.",0.24398435245860706
 The World Bank Assam Inland Water Transport Project (P157929) 71.,0.8557750528508966
"Disbursement Categories Amount of the Loan Percentage of Expenditures to be Category Allocated financed (inclusive of taxes) (expressed in US$) (1) Goods, works, non-consulting services, and consulting services; training and workshops; incremental operating costs; and matching grants under the project; as well as salaries, fees, honoraria, bonuses, 33,630,000 80% and any other salary supplements of (a) AIWTDSâ and AIWTRAâs staff and (b) ASCâs and APCâs staff during the first three years since incorporation (2) Goods, works, non-consulting services, and consulting services; training and workshops; incremental operating costs; and matching grants under the project; as well as salaries, fees, honoraria, bonuses, 53,000,000 80% and any other salary supplements of (a) AIWTDSâ and AIWTRAâs staff and (b) ASCâs and APCâs staff during the first three years since incorporation Amount payable pursuant to Section (3) Refund of the preparation advance 1,150,000 2.07 (a) of the General Conditions Amount payable pursuant to Section 2.03 of this Agreement in accordance (4) Front-end fee 220,000 with Section 2.07 (b) of the General Conditions (5) Interest rate cap or interest rate collar Amount due pursuant to Section 4.05 0 premium (c) of the General Conditions Total Amount 88,000,000 Note: AIWTRA = Assam Inland Water Transport Regulatory Authority.",0.794795036315918
"Audit report for the project will be submitted by the AIWTDS to the World Bank within nine months from close of the financial year, that is, December 31.",0.865382194519043
"The PPF was approved for US$2.4 million, of which approximately 47.8 percent (US$1.15 million) has been used until .",0.32215684110468085
An audit report of the expenditures incurred during the PPF will be submitted to the World Bank along with the first yearâs audit report of the follow-on operation.,0.6207502105019309
 The World Bank Assam Inland Water Transport Project (P157929) 74.,0.81231689453125
The World Bank will undertake at least semiannual implementation support missions (ISMs) to ensure that agreed FM arrangements are appropriately followed.,0.8467337001453746
"Procurement for the project will be carried out in accordance with the World Bankâs Procurement Regulations for IPF Borrowers dated July 2016, revised November 2017 and August 2018, and the provisions stipulated in the Legal Agreement.",0.860989744013006
"The project would be subject to the World Bankâs Anticorruption Guidelines, dated , and revised in January 2011 and July 2016.",0.8542835929177024
"The strategy presents a view on complex and large procurement contracts, assesses market and implementation risks, and proposes mitigations for the smooth implementation of procurement under the project.",0.3872813744978471
"The key contracts that present a potential market risk are (a) the construction of the ferry terminals, (b) procurement of vessels, and (c) procurement of night navigation equipment.",0.6418519453568892
This is the first World Bank-funded project to be handled by the society.,0.8282300775701349
"As part of the project preparation process, an assessment of procurement capacity of the implementing entity was conducted using PRAMS and, accordingly, risk mitigation measures have been proposed.",0.6547140641645952
"The main areas of potential procurement risks are delays in procurement and contract management process, external interference in the procurement process, poor participation of bidders in bidding process, and lack of satisfactory complaint handling system.",0.32378781925548206
"Based on discussions held with the implementing agencies, the risk mitigation measures are (a) use of skilled procurement staff for handling procurement activities; (b) monitoring through Procurement Plan; (c) training and hand-holding provided by the World Bank; (d) prior and post reviews by the World Bank; (e)  The World Bank Assam Inland Water Transport Project (P157929) use of e-procurement; (f) measures to improve competition such as broad technical specifications; realistic post qualification criteria, appropriate contract packaging; (g) disclosure of procurement-related information; and (h) appropriate handling of complaints.",0.8481905677101829
The risk rating has been decided based on the risk factors and mitigation measures and the overall procurement risk rating for the project is determined as âModerateâ.,0.6955144188620828
Procurement risk and the progress on various mitigation measures will be reassessed during the implementation phase and risk rating will be done accordingly.,0.7050198208202015
"Procurement Types and Financial Threshold Type of Procurement Method Threshold (US$, millions) Prior Review Threshold Works Open International > 40 All contracts more than US$15 million Open National < 40 equivalent National Request for Quotation < 0.1 Goods, IT, and non- Open International > 3 All contracts more than US$4 million consulting services Open National < 3 equivalent National Request for Quotation < 0.1 Consulting firms Selection Based on Consultantsâ All contracts more than US$2 million Qualifications = 0.3 equivalent Least Cost Selection and Fixed Budget Selection - in justified cases Quality- and Cost-based Selection and Quality-based Selection - in all other packages Consulting - No threshold All contracts more than US$400,000 individuals equivalent Direct selection No threshold With prior agreement based on justification â¢ For goods/works/non-consulting services: As per paragraphs 6.8â6.10 of the Procurement Regulations.",0.28978785601529206
"Even for post review cases, the inputs of World Bank on technical specifications/ToRs will be obtained by the project.",0.8640988089821555
"In the case of contracts subject to prior review, the implementing agency shall seek the World Bankâs âno objectionâ before granting/agreeing to (a) an extension of the stipulated time for performance of a contract that either increases the contract price or has an impact on the planned completion of the project; (b) any substantial modification of the scope of works, goods, non-consulting services or consulting services and other significant changes to the terms and conditions of the contract; (c) any variation order or amendment (except in cases of extreme urgency) which singly or combined with all variation orders or amendments previously issued increase the original contract amount by more than 15 percent; and (d) the proposed termination of the contract.",0.8453361337835138
 The World Bank Assam Inland Water Transport Project (P157929) 83.,0.8436525518243964
"The e-procurement system of the GoA, which is an National Informatics Centre developed e-procurement portal ( ), shall be used, wherever possible, for all goods and civil works procurements (national competitive biddings as well as international competitive biddings) under the project using agreed Standard Procurement Documents.",0.5192781795154918
"For procurement of consultancy services, the use of e-procurement shall be subject to the World Bankâs approval based on capacity building on e-procurement.",0.1251220161264593
The national competitive bidding method for procurement of goods and works as per the above value thresholds will be conducted in accordance with paragraphs 5.3â 5.6 of the Procurement Regulations.,0.20806362412192606
"The AIWTDS will retain all records pertaining to award of tenders, including bid notification, bid opening minutes, bid evaluation reports, and all correspondence pertaining to bid evaluation, communication exchanged with the World Bank and the bidders/consultants in the process, bid securities, and approval of invitation/evaluation of bids.",0.7166630138050426
Oversight and monitoring by the World Bank.,0.4255098429593173
"IWT is generally environmentally benign compared to other modes of transport with respect to GHG emissions per unit moved, but some issues such as water quality, aquatic and terrestrial ecology along the route and close to onshore facilities, soil quality and material extraction, as well as local drainage and noise and vibration, especially during construction period, may need to be managed properly.",0.8115986910733309
"Since the project will support improved vessels, including early  The World Bank Assam Inland Water Transport Project (P157929) retirement of unsafe ones, safety aspects during operation are mainstreamed into the project design.",0.8706456964666193
The âworking with natureâ approach adopted for the project design has meant little proposed modification to the watercourse for project activities.,0.7630460045554421
"In light of potential impacts, in the context of the sensitive water environment-related impacts, the project has been classified as Category A.",0.4597965587269176
"The following operational policies have been triggered for the project: Environmental Assessment (OP 4.01), Natural Habitats (OP 4.04), and Physical Cultural Resources (OP 4.11).",0.841583251953125
"The project has triggered the Environmental Assessment (OP 4.01) policy to analyze the potential impacts of the project using a multistage environmental assessment, which started with a screening and scoping stage.",0.5591831207275391
"Since all the designs for investments to be supported under the project have not yet been finalized, an Environmental Management Framework (EMF) has been prepared to guide the preparation of the EIA with consequent Environmental Management Plan (EMP).",0.8882399472323331
The EMP describes the feasible and appropriate measures to be implemented during subsequent stages of the project and assigns responsibilities for supervision and monitoring of these along with a budget estimate.,0.7976458289406516
The EMF and the draft final EIA for the investments already identified have been disclosed on the World Bankâs website and on the AIWTDSâ website following World Bank review.,0.4358858195218173
"To ensure that the impacts on these species are appropriately managed, the project has triggered OP 4.04 - Natural Habitats.",0.16388757662339645
"As part of the EIA, the potential impacts on the local flora and fauna has been analyzed.",0.032874752174724235
"To meet the requirements of OP 4.11 - Physical Cultural Resources, the EIA has identified the resources that could be potentially affected.",0.6157893267544833
Draft EMF Male - 28  The World Bank Assam Inland Water Transport Project (P157929) 2.,0.8378587202592329
Relevant portions of the EMP have been integrated with the works/equipment contracts as part of the bidding documents.,0.8190121217207476
"This includes specifications for vessels to be purchasedâas well as material, plants, and equipmentâand also for timing of construction of terminals to avoid undesirable impacts, for instance, on aquatic life.",0.8559736772017046
"Specifications for the equipment, including vessels, and facilities being provided in the ghats have been made environmentally sound.",0.15423270789059726
"A separate budget of INR 9.1 million has been estimated for the implementation of the EMP measures for the subprojects currently selected for implementation, beyond the costs integrated with design and specifications of the project components.",0.8948251550847833
Supervision consultant support has been provided to ensure that there is adequate environmental supervision and monitoring of equipment supply and execution of works.,0.8375851024280895
Third-party monitoring of EMP implementation is included in the EMF and specific EIA for activities is already identified.,0.7091755000027743
This support will be made available in synchronization with the construction and delivery schedule.,0.6565746394070712
"In addition, since this is the first project handled by the AIWTDS, capacity building on environmental management aspects of its staff and PIU members is also being supported in line with the training plan developed as part of the EIA.",0.8626204403963956
An integrated grievance redress mechanism (GRM) for social and environmental aspects is being developed building on the complaint handling system already in place in the AIWTDS.,0.7737652171741832
Operational policy on Involuntary Resettlement (OP 4.12) is triggered as construction of new terminals and upgrading of existing terminals to be financed under Component 3 could result in land acquisition and resettlement impacts.,0.9013541828502308
"Operational policy on Indigenous Peoples (4.10) is also triggered as the projectâs investment cuts across districts in Assam, which has a significant population of scheduled tribes.",0.8734725605357777
"Since the specific alignments with detailed technical design for investment to be supported under the project are being finalized, a Social Management Framework (SMF) and a Resettlement Policy Framework-cum-Indigenous Peoples Development Framework (RPF-cum-IPDF) have been prepared to guide the Social Impact Assessment (SIA) to prepare site-specific Social Management Plan, Indigenous Peoples Development Plan-cum-Resettlement Action Plan (SMP, IPDP-cum-RAP).",0.7694615450772372
"An e-RAP management information system and mobile application will be managed by the AIWTDS for real-time monitoring of land acquisition process and R&R as per the requirements of the Assam Land Acquisition and Rehabilitation and Resettlement Rule, 2015.",0.8879880038174716
"To build the capacity of the AIWTDS, contractors and vessel crew on social safeguards and management (land acquisition, R&R, labor standard compliance, GBV, gender sensitization, GRM, RTI, among others), a three-year training plan has been developed.",0.8734766353260387
"CE for the AIWTP includes stakeholder/community consultations, a multilevel GRM, and beneficiary survey on draft designs for the terminals to be constructed/upgraded (Component 3), including activities listed under other components.",0.1536415923725475
The assessment noted lack of knowledge among users of existing GRM and absence of dedicated staff and  The World Bank Assam Inland Water Transport Project (P157929) procedures to track and assess grievance resolution.,0.8401747616854581
"For addressing grievances related to land acquisition and R&R provisions, divisional- and AIWTDS-level GRCs have been established.",0.6448336514559659
"A Standard Operating Procedure (SOP) will be developed, which would include procedures and communication strategy for information dissemination on GRM among project employees, users, and ferry operators.",0.04635961489243941
Communities and individuals who believe that they are adversely affected by a World Bank (WB) supported project may submit complaints to existing project-level grievance redress mechanisms or the WBâs Grievance Redress Service (GRS).,0.7883704792369496
"The World Bankâs OP 7.50 is triggered since project activities will take place on the Brahmaputra and possibly also on the Barak River, which are international waterways with implications for Bangladesh, Bhutan, and China, in addition to India.",0.0902774225581776
"All planning and design considerations for proposed infrastructure for the AIWTP have been aimed at fully avoiding (or absolutely minimizing), where possible, any potential adverse transboundary affects (which could have had impacts such as reduction and/or modification of flow of water or sediments and increased water pollution).",0.8507004651156339
"The avoidance of any obstruction to or modification of flow, the designs that ensure that there is no pollution of the river, and the limits placed on dredging and disposal of dredged materials mean that there will be no impact on the quality and quantity of flow in the transboundary rivers.",0.7230803749778054
"To conclude, the World Bank has determined that due to the location and nature of project activities, the proposed project will not cause any appreciable harm to the interests of the other riparian  The World Bank Assam Inland Water Transport Project (P157929) countries nor be appreciably harmed by the other riparian countriesâ possible use of the Brahmaputra or the Barak Rivers.",0.8576919382268732
"The project will finance the âJibondingaâ scheme with an objective to provide safe, secure, and sustainable ferry services in IWT by replacement or conversion of existing in-use semi-mechanized country boats to mechanized boats as per the approved design and specifications certified by DIWTA.",0.7603167620572177
The scheme provides âadditionalâ incentives/subsidies to encourage women entrepreneurs (additional 5 percent) and registered women self-help groups (SHGs) (additional 5 percent) who want to be self-employed as vessel operators/owners  The World Bank Assam Inland Water Transport Project (P157929) in the IWT sector.,0.49769323522394354
"As per the scheme, each of the private boat owners shall be given 70 percent incentive for replacement of existing engines (with marine engines) for registered boats that are up to 10 years old and in good condition.",0.8380833539095792
"Subsequently, to meet the insurance cost of passengers and the boats for three years, additional finance will be provided under the scheme.",0.5972908193414862
"Loans at special terms shall be provided to boat owners and new entrepreneurs including women SHGs as incentive for buying new boats and operating services as registered service providers, as part of the subsequent phase of the Jibondinga scheme.",0.5269679156216708
These measures include project informed design and support for value addition of goods.,0.5683104775168679
Upgrading and rehabilitation of approach roads up to the terminals will be considered under the project.,0.8517275723544034
"Additionally, memorandum of understanding to establish links with different land transport authorities will be considered to ensure intermodal connectivity for feeder services and other paratransit modes to and from the terminals.",0.8608306537974965
Timings and frequency of the ferry services will be regulated to meet the requirement of all user groups.,0.5496302084489302
"Based on their suggestion and footfall of passengers, night navigation facilities will also be provided.",0.01814097436991605
"(c) Facilities for value addition of goods near the terminals, Guwahati and Majuli.",0.6989800713279031
"The AIWTDS will consider, in coordination with other state agencies, facilities at the terminals to store, sort, and grade the goods to achieve higher value for the goods in the market.",0.7301040129228071
"While specific measures such as a dedicated helpline number will be integrated into the GRM system for the Assam IWT project to address and monitor GBV cases, the project will also provide the following digital media and Internet-based communication tools to enhance safety and security of the ferry service users/passengers.",0.8200577822598544
"Additionally, the SOP that outlines the steps with guidance for safety and security of passengers relating to GBV on IWT will be drawn up, followed and used in the training of all IWT operators, terminal staff, and river police.",0.19712641022422098
"To address sexual harassment at the workplace, ICCs will be  The World Bank Assam Inland Water Transport Project (P157929) established at the AIWTDS and by the contractors in all selected terminals.",0.8441085815429688
"Two of the key risks, namely safeguards and institutional capacity for implementation and sustainability, are rated Substantial.",0.18226510828191583
"The substantial risk in institutional capacity for implementation and sustainability partly derives from perceived client capacity and also from the challenges of (a) major organizational change that might not be welcomed by all stakeholders and (b) the need for effective coordination by the World Bank and client with many departments at national, state, and local levels with specific roles and interests in the development or management of waterways or IWT.",0.8752114556052468
"Since this is the first project being undertaken by AIWTDS, management of potential impacts on these important ecosystem components, as well as from construction of landside facilities, can be a challenge.",0.8443409312855114
"In addition, the project has adopted an approach of âworking with natureâ that aims to design waterways infrastructure that is least intrusive and flexible in aligning itself to the character of the river.",0.7004230239174583
"Also, as part of the project preparation process, an assessment of procurement capacity of implementing entity was conducted using PRAMS and accordingly risk mitigation measures have been proposed.",0.5224576429887251
Procurement risk and the progress on various mitigation measures will be reassessed during the implementation phase and risk rating will be done accordingly.,0.7050198208202015
 The World Bank Assam Inland Water Transport Project (P157929) VI.,0.8718274723399769
"RESULTS FRAMEWORK AND MONITORING Results Framework COUNTRY: India Assam Inland Water Transport Project Project Development Objectives(s) The objectives of the Project are to: (a) improve passenger ferry infrastructure and service in Assam, and (b) improve the institutional capacity and framework for inland water transport in Assam Project Development Objective Indicators RESULT_FRAME_T BL_ PD O Indicator Name DLI Baseline Intermediate Targets End Target 1 2 3 4 Passenger Ferry Infrastructure and Services Ferry service hours available in a day - on project supported 10.00 10.00 14.00 14.00 16.00 16.00 ferry routes (Hours) About 25% of ferry users Percent women users of ferries Expect at least 5% Expect at least 5% Expect at least 5% Expect greater than 30% are Women and children No change expected during peak hours (Text) increase over baseline increase over last target increase over last target women users (to be reassessed) User Satisfaction (on access, 10% increase in user 10% increase in user safety, quality of services, 10% increase in user No change expected in satisfaction over level satisfaction over level More than 70% User facilities etc) dis-aggregated by To be measured satisfaction over the first year reported in immediately reported in immediately satisfaction gender on project supported baseline preceding stage / target preceding stage / targe ferry routes (Text) Institutional Capacity and Frameowork RA Established under Assamâs state AIWTRA has adopted AIWTRA has: (a) AIWTRA has: Regulation of IWT operations DLI 1 new Act of State government has and notified new Assam developed draft Safety in Assam strengthened (Text) Legislative Assembly appointed the Vessel Rules Regulations for the (a) adopted and notified  The World Bank Assam Inland Water Transport Project (P157929) RESULT_FRAME_T BL_ PD O Indicator Name DLI Baseline Intermediate Targets End Target 1 2 3 4 Chairperson and all operation of passenger new Safety Regulations Members of the ferry services and for the operation of AIWTRA, as per the published them for passenger ferry services; AIWTRA Act public consultation; and and (b) developed draft Economic Regulations (b) adopted and notified for transparent and new Economic sustainable operation of Regulations for passenger ferry services transparent and and published them for sustainable operation of public consultation.""",0.9256569255482067
"The Transport Department has: The State Public The Transport Investment Board has: Department has: (a) (a) transferred all fixed (i) registered the Assam assets identified in APCâs (a) approved the Ports Company under asset devolution plan business and feasibility (primarily public ferry the Companies Act; and plan for the (ii) adopted the terminals) to the Assam Unbundling public sector establishment of Assam Ports Company; and Internally conflicted respective asset operations from industry DLI 5 Ports Company (APC); institutional setup devolution plan; and (b) regulations (Text) and (i) registered the Assam (b) transferred all (b) approved the Shipping Company floating/ movable assets business and feasibility under the Companies plan for the identified in ASCâs asset Act; and (ii) adopted the devolution plan establishment of Assam respective asset Shipping Company (ASC) devolution plan.""",0.945257533680309
"Training of 100 people Training of 300 people Training of 400 people 500 staff from DIWTA,  The World Bank Assam Inland Water Transport Project (P157929) RESULT_FRAME_T BL_ PD O Indicator Name DLI Baseline Intermediate Targets End Target 1 2 3 4 on safety and modern A comprehensive training (including DIWTA, ASC, (including DIWTA, ASC, (including DIWTA, ASC, ASC, ASP and / or technologies (Text) plan under review by the APC staff and private APC staff and private APC staff and private private boat operators Govt.",0.3409388932314786
"boat operators, with at boat operators, with at boat operators, with at have been trained on least 20% of them being least 20% of them being least 20% of them being best practices for registered private boat registered private boat registered private boat navigation safety and operators operators operators modern technologies, with at least 20% of them being registered private boat operators DIWTA and/or AIWTDS have / has established a DIWTA and/or AIWTDS coordination mechanism The Transport have / has prepared and with the State Disaster Department and/or Establishing an emergency approved a concept note Management Agency, DIWTA have/has The ER&SAR has been response system including a DLI 3 No specific capacity exists to develop an the State Climate Cell notified the made operational search and rescue unit (Text) emergency response, and AIWTRA to prepare establishment of the search and rescue and respond to water ER&SAR system/unit (ER&SAR) transport related emergencies PDO Table SPACE Intermediate Results Indicators by Components RESULT_FRAME_T BL_ IO Indicator Name DLI Baseline Intermediate Targets End Target 1 2 3 Institutional, regulatory and safety Access to modern information (advance weather forecast, Poor availability / access to Detailed activity scoping and Vendor selected and system Improved access to climate / Initiate process to expand information to assist Bid process initiated for the procurement / installation weather information and electronic charts, night navigation) coverage to other routes to assist safer navigation (Text) navigation project routes done on project supported night navigation support  The World Bank Assam Inland Water Transport Project (P157929) RESULT_FRAME_T BL_ IO Indicator Name DLI Baseline Intermediate Targets End Target 1 2 3 routes available on project supported routes The Transport Department Transport Department has Adoption of Assam Water No Inland Water transport has approved / adopted an approved/adopted an Intra- DLI 4 Transport Strategy (Text) strategy available for Assam intra-state water transport State Water Transport strategy Strategy Percent complaints resolved of the total complaints received using the dedicated helpline number and Atleast 50 percent resolved Atleast 60 percent resolved Atleast 70 percent resolved Atleast 90 percent resolved No reporting mechanism out of total complaints out of total complaints out of total complaints out of total complaints internet-based communication exists specific to the sector tools to report sexual harassment received.",0.07849392565813931
"and GBV issues (Text) Fleet Safety and Modernisation DIWTA or Assam Shipping DIWTA and/or Assam DIWTA and/or Assam Company, as the case may be, Shipping Company has/have Shipping Company has/have is operating the twenty (20) received ten (10) new received additional ten (10) New, modern and safer public new vessels received from the vessels with gender inclusive design DLI 6 Tender issued for vessels from the shipyards new vessels from the shipyards, all of them with procurement of new vessels (corresponding to 50/100 shipyards (corresponding to (Text) crew in compliance with pax capacity), all in 50/100 pax capacity), all in Assam Vessel Rules and Safety compliance with the Assam compliance with the Assam Regulations"" Vessel Rules Vessel Rules Retrofitted/new, safer country boats for private sector supported Total of 50 or more boats Total of 100 or more boats Total of 200 or more boats More than 200 private sector Old and unsafe private DLI 7 with 5% to eligible Women / with 5% to eligible Women / with 5% to eligible Women / country boats made safer and under the âJibondingaâ incentive country boats scheme (Text) SHG boat operators SHG boat operators SHG boat operators efficient Terminal Improvement Modern, floating and engineered ferry terminals with improved 0.00 0.00 1.00 3.00 7.00 access and socially inclusive design (Number)  The World Bank Assam Inland Water Transport Project (P157929) IO Table SPACE UL Table SPACE Monitoring & Evaluation Plan: PDO Indicators Methodology for Data Responsibility for Data Indicator Name Definition/Description Frequency Datasource Collection Collection RA / DIWTA notice on The indicators tracks service Checking service improved services through schedules, schedule notice and extended hours of available Annual / Terminal Ferry service hours available in a day - on daily records - Schedule DIWTA / AIWTDS operation, with Semi-annual operator project supported ferry routes monitoring of actual implementation of modern record, operations technology (night navigation Survey of etc) actual ferry operations DIWTA records / Gender study The indicator is intended to Sample head Review the baseline assess change in perception count for Carry out regular, Percent women users of ferries during Annual AIWTDS of safety among women as peak hour random field surveys on peak hours users of improved mobility ferries on project routes beyond usual daytime project routes Survey consultant report  The World Bank Assam Inland Water Transport Project (P157929) Survey results on Carry out user The indicator tracks the established User Satisfaction (on access, safety, satisfaction surveys change in user satisfaction baseline and quality of services, facilities etc) dis- Annual both for baseline and AIWTDS as ferry infrastructure and intermediate aggregated by gender on project intermediate / services are improved / supported ferry routes yearly assessments gradually.",0.709093917499889
"/ of Assam, RA notification on Government revised Assam Vessel Tracks expected progress of Assam / Rules (specifying from a functioning and Annual / RA conditions for Regulation of IWT operations in Assam independent regulatory AIWTDS semi-annual notification operation of vessels in strengthened authority in strengthening on revised Assam such as regulatory framework for Assam Vessel registration, crew, the IWT sector in Assam Rules, Assam fitness certification, Transport passenger protection, Department insurance) website and / Target 3: Verify from or RA the official Assam website, Gaz Transport Department ette website and/or RA Notification website for the relevant  The World Bank Assam Inland Water Transport Project (P157929) of the Govt.",0.662442380731756
Target 4: Verify Gazette notification on Safety and Economic regulations for passenger ferries in Assam.,0.08961429379203102
"The indicator aims to measure the continued Review orders / institutional reforms Annual / Govt notifications from Unbundling public sector operations from AIWTDS undertaken to separate / Semi-Annual Notification Transport Dept Govt of industry regulations unbundle industry Assam regulation from sector operations Training plan approved Review AIWTDS record The indicator measures by AIWTDS on trainings approved efforts to improve Annual / Enhanced IWT sector capacity on safety AIWTDS and provided on safety, AIWTDS institutional capacity in Semi-annual and modern technologies record on emergency response, delivering safer and efficient training provi navigation etc.",0.9753799438476562
"ferry services ded to DIWTA, APC,  The World Bank Assam Inland Water Transport Project (P157929) ASC staff and the private operators (with minimum 16 training hours for each trainee) Review relevant Terms of progress documents by Measures enhanced Reference by AIWTDS and Govt institutional capability to AIWTDS and Establishing an emergency response Annual orders on establishing AIWTDS respond to water transport relevant system including a search and rescue unit the unit, staffing and related emergencies / Govt.",0.8208541003140536
"ME PDO Table SPACE Monitoring & Evaluation Plan: Intermediate Results Indicators Methodology for Data Responsibility for Data Indicator Name Definition/Description Frequency Datasource Collection Collection Procurement Monitoring the bid Measures improvement in Plan - Letter process - Verifying deployment of tools, of Award - records of the ouputs Access to modern information (advance navigation aids and modern Work from the systems, tools Annual AIWTDS weather forecast, electronic charts, night communication completion etc.",0.8214808377352628
- Speaking wit h navigation) to assist safer navigation technologies to provide certificate - Boat masters on necessary information that Records / availability / use of reduce travel risk outputs from information the  The World Bank Assam Inland Water Transport Project (P157929) commissione d systems Review Govt Measures progress to Annual / Govt.,0.658002333207564
Adoption of Assam Water Transport Notification/ Transport AIWTDS support broader transport Bi-annual Notification Strategy Dept.,0.7980885939164595
"AIWTRA has adopted and notified new 2,000,000.00 Assam Vessel Rules.",0.5635723634199663
"AIWTRA has:(a) developed draft Safety 3,000,000.00 USD 1.5 M each upon completion of Regulations for the operation of passenger ferry (a) and (b) services and published them for public consultation; and (b) developed draft Economic Regulations for transparent and sustainable  The World Bank Assam Inland Water Transport Project (P157929) operation of passenger ferry services and published them for public consultation.",0.9169802232222124
"AIWTRA has:(a) adopted and notified new 2,000,000.00 USD 1 M each upon completion of Safety Regulations for the operation of passenger (a) and (b) ferry services; and(b) adopted and notified new Economic Regulations for transparent and sustainable operation of passenger ferry services.",0.8463897705078125
"DLI_T BL_MATRI X DLI 2 Enhanced IWT sector capacity on safety and modern technologies Type of DLI Scalability Unit of Measure Total Allocated Amount (USD) As % of Total Financing Amount Output Yes Text 7,000,000.00 6.40 Period Value Allocated Amount (USD) Formula Baseline Training Plan being developed Target 1 500 staff from DIWTA, ASC, APC and / or private 7,000,000.00 Upon at least 50 staff trained, USD boat operators have been trained on best 14000 for every person practices for navigation safety and modern technologies, with at least 20% of them being registered private boat operators Target 2 NA 0.00 Target 3 NA 0.00 Target 4 NA 0.00  The World Bank Assam Inland Water Transport Project (P157929) DLI_T BL_MATRI X DLI 3 Establishing an emergency response system including a search and rescue unit Type of DLI Scalability Unit of Measure Total Allocated Amount (USD) As % of Total Financing Amount Output No Text 5,500,000.00 5.00 Period Value Allocated Amount (USD) Formula Baseline No specific capacity exists Target 1 3.1.",0.8741168975830078
"DIWTA and/or AIWTDS have / has 1,000,000.00 established a coordination mechanism with the State Disaster Management Agency, the State Climate Cell and AIWTRA to prepare and respond to water transport related emergencies.",0.8633211309259589
"The Transport Department and/or DIWTA 1,500,000.00 have/has notified the establishment of the ER&SAR Target 4 3.4.",0.7777130820534446
"The ER&SAR has been made operational 2,000,000.00 DLI_T BL_MATRI X DLI 4 Adoption of Assam Water Transport Strategy Type of DLI Scalability Unit of Measure Total Allocated Amount (USD) As % of Total Financing Amount Intermediate Outcome No Text 3,000,000.00 2.70 Period Value Allocated Amount (USD) Formula  The World Bank Assam Inland Water Transport Project (P157929) Baseline No specific water transport strategy, and weak overall State transport policy Target 1 The Transport Department has 3,000,000.00 approved/adopted an intra-state water transport strategy Target 2 0.00 Target 3 0.00 Target 4 0.00 DLI_T BL_MATRI X DLI 5 Unbundling public sector operations from industry regulations Type of DLI Scalability Unit of Measure Total Allocated Amount (USD) As % of Total Financing Amount Intermediate Outcome No Text 12,000,000.00 10.90 Period Value Allocated Amount (USD) Formula Baseline Internally conflicted institutional setup exists Target 1 5.1.",0.9240854436700995
"The State Public Investment Board has: (a) 4,000,000.00 USD 2 M each upon completion of approved the business and feasibility plan for the (a) and (b) establishment of Assam Ports Company; and (b) approved the business and feasibility plan for the establishment of Assam Shipping Company.",0.8898112557151101
"The Transport Department has: (a) (i) 4,000,000.00 USD 2 M each upon completion of registered the Assam Ports Company under the (a) and (b) Companies Act; and (ii) adopted the respective asset devolution plan; and (b) (i) registered the Assam Shipping Company under the Companies  The World Bank Assam Inland Water Transport Project (P157929) Act; and (ii) adopted the respective asset devolution plan.",0.8688488006591797
"The Transport Department has: (a) 4,000,000.00 USD 2 M each upon completion of transferred all fixed assets identified in APCâs (a) and (b) asset devolution plan (primarily public ferry terminals) to the Assam Ports Company; and (b) transferred all floating/ movable assets identified in ASCâs asset devolution plan (primarily public vessels) to the Assam Shipping Company.",0.8846067948774858
"Target 4 0.00 DLI_T BL_MATRI X DLI 6 New, modern and safer public vessels with gender inclusive design Type of DLI Scalability Unit of Measure Total Allocated Amount (USD) As % of Total Financing Amount Output Yes Text 10,000,000.00 9.10 Period Value Allocated Amount (USD) Formula Baseline Tender issued for procurement of new vessels for improved safety and comfort with an inclusive design Target 1 6.1.",0.37934355302290484
"DIWTA and/or Assam Shipping Company 8,000,000.00 USD 2M for every five (5) vessels has/have received twenty (20) new vessels from received the shipyards (corresponding to 50/100 pax capacity), all in compliance with the Assam Vessel Rules Target 2 6.2.",0.3352144414728338
"DIWTA or Assam Shipping Company, as the 2,000,000.00 USD 0.1M for every new vessel in case may be, is operating the twenty (20) new operation with crew vessels received from the shipyards, all of them  The World Bank Assam Inland Water Transport Project (P157929) with crew in compliance with Assam Vessel Rules and Safety Regulations Target 3 0.00 Target 4 0.00 DLI_T BL_MATRI X DLI 7 Retrofitted/new, safer country boats for private sector supported under the âJibondingaâ incentive scheme Type of DLI Scalability Unit of Measure Total Allocated Amount (USD) As % of Total Financing Amount Output Yes Text 4,500,000.00 4.10 Period Value Allocated Amount (USD) Formula Baseline Old and unsafe private country boats Target 1 DIWTA has approved a total of two hundred 4,500,000.00 USD 1.125M for every fifty (50) (200) Matching Grants, under the âjibondingaâ Matching Grants approved incentive scheme, with at least 5% of such grants being awarded to women or self-help group boat operators Target 2 0.00 Target 3 0.00 Target 4 0.00  The World Bank Assam Inland Water Transport Project (P157929) Verification Protocol Table: Disbursement Linked Indicators DLI 1 Regulation of IWT operations in Assam strengthened Description The DLI intends to incentivise expected progress in strengthening regulatory framework for the IWT sector by the RA.",0.695910323749889
orders Verification Entity World Bank World Bank will monitor the DLI based on self-certification by Govt.,0.48666004701094195
"order and publication of draft Safety Regulations for intra-state passenger ferries, calling for public consultation / and feedback Procedure within 30 days of publication.",0.6163670799948953
"order and publication of draft Economic Regulations on route licensing and tariff rationalization for operations of intra-state passenger ferries, calling for public consultation / feedback with 30 days of publication Target 4: Verify Gazette notification on Safety and Economic regulations for passenger ferries in Assam.",0.919327129017223
The safety regulations are to be in line with Assam Vessel Rules as approved by Government of Assam.,0.09255640073256059
Economic regulations to include route licensing and tariff rationalization.,0.952461762861772
DLI 2 Enhanced IWT sector capacity on safety and modern technologies The DLI will measure efforts to train and improve institutional capacity in delivering safer and efficient ferry services.,0.6624826084483754
"Self-certification by AIWTDS on trainings (atleast 16 hours each) provided to staff Data source/ Agency and private boat operators  The World Bank Assam Inland Water Transport Project (P157929) Verification Entity General Consultant and Independent Verification Agency Review AIWTDS approved Training plan for staff (including private sector) and the trainings needs identified on safety, emergency response, and modern navigation technology.",0.55521991036155
"Formula: Upon at least 50 staff trained, USD 14000 for every person successfully completing the training, up to an amount not to exceed USD 7,000,000; provided that at all time there is a minimum 20% ratio of registered private boat operators trained DLI 3 Establishing an emergency response system including a search and rescue unit The DLI measures enhanced institutional capability to prepare and respond to water transport related emergencies / Description accidents in Assam.",0.2916724248365922
"Target 2: AIWTDS has confirmed consultations carried out with state disaster management, state climate cell, RA and other Procedure relevant agencies.",0.2514657974243164
"Target 4: AIWTDS has confirmed in writing the formal launch of the emergency response and rescue system, functional with necessary staff and equipment / tools (atleast 3 shore station based search and rescue cum surveillance vessels + 3 man over board boats) having been acquired by Govt for the purpose  The World Bank Assam Inland Water Transport Project (P157929) DLI 4 Adoption of Assam Water Transport Strategy Description The DLI assesses progress to support broader transport policy for the State Data source/ Agency Transport Department (Govt of Assam) notification Verification Entity World Bank An approved Intra-State Water Transport Strategy (include but not limited to Water transport networks, implementation plans, investment priorities, and water transport improvement program, integration with other modes, vision for increase Procedure in modal share) for Assam has been made publicly available on the official govt.",0.8739372600208629
"website DLI 5 Unbundling public sector operations from industry regulations Description The DLI intends to incentivize the progress on reforms to corporatize public terminal operations and ferry services State Public Investment Board notification/letter; Govt notifications and certificate from registrar of companies; Transport Data source/ Agency Department, Government of Assam notification Verification Entity World Bank and IVA Target 1: a.",0.856809442693537
"Review approval letter from State Public Investment Board (SPIB) on the Business plan / feasibility of the APC, clearing the way for its incorporation.",0.37076074426824396
"The business plan / feasibility should typically (while SPIB's own guideline will prevail) include details on the capital structure, capitalization levels, investment plan and staffing.",0.28766356814991345
"Review approval letter from State Public Investment Board (SPIB) on the Business plan / feasibility of the ASC, clearing Procedure the way for its incorporation.",0.4149076721884988
"The business plan / feasibility should typically (while SPIB's own guideline will prevail) include details on the capital structure, capitalization levels, investment plan and staffing.",0.28766356814991345
The Transport Department self certifies an approved asset devolution plan for APC.,0.6740190332586115
"The devolution plan at minimum includes details of the assets, their location and approximate valuation and time line for the devolution.",0.7648558183149858
 The World Bank Assam Inland Water Transport Project (P157929) b.,0.8713104941628196
The Transport Department self certifies an approved asset devolution plan for ASC.,0.7445272965864702
"The devolution plan at minimum includes details of the assets, their age, approximate valuation and time line for the devolution.",0.6998427997935902
Target 3: a. Govt order on asset devolved to APC or Audited Balance Sheet of APC validating transfer of fixed assets (primarily public ferry terminals) b. Govt order on asset devolved to ASC or Audited Balance Sheet of ASC validating transfer of floating assets (primarily public vessels) The DLI will be monitored by the World Bank (for target 1 and 2) while IVA will verify Target 3.,0.840163837779652
Data source/ Agency Delivery receipt of vessels / Self certification by Transport Department Registration Certificate from AIWTRA Verification Entity Independent Verification Agency Target 1: IVA to verify the delivery note / receipt of class certified vessels conforming to bid specification (50/100 pax) as per the agreed delivery schedule.,0.8339168375188654
"Formula: USD 2,000,000 for every five (5) vessels received from/delivered by the shipyards, up to an amount not to exceed USD 8,000,000 Procedure Target 2: Review Govt.",0.2727994051846591
The DLI is scalable to permit flexibility in  The World Bank Assam Inland Water Transport Project (P157929) disbursement where annual targets fall short of full achievement.,0.8922823125665839
"Matching Grant Agreements, Self certification by AIWTDS and/or Govt order on approved scheme beneficiaries under Data source/ Agency 'Jibondinga'; Registration certificate from AIWTRA Verification Entity Independent Verification Agency Verify Matching Grant Agreement, Govt Order / Self certification by AIWTDS on approved incentive scheme beneficiaries i.e eligible private boat operators for retrofitting / new country boats (dis-aggregated by gender, women self-help groups) to assess total number of approvals under the Jibondinga incentive scheme.",0.8020208532159979
"Verify Vessel registration certificate to establish ownership by gender Procedure Formula: USD 1,125,000 for every fifty (50) âjibondingaâ incentive schemes approved up to an amount not to exceed USD 4,500,000  The World Bank Assam Inland Water Transport Project (P157929) VII.",0.8179539767178622
INDICATIVE TERMS AND CONDITIONS FOR THE GUARANTEE Not Applicable  The World Bank Assam Inland Water Transport Project (P157929) ANNEX 1: Implementation Arrangements and Support Plan COUNTRY: India Assam Inland Water Transport Project 1.,0.8833130923184481
"The project is anchored with the Transport Department, GoA.",0.1782290068539706
The project has precipitated establishment of an AIWTDS under the Transport Department to prepare and implement the project.,0.8385920091108843
"The SPD is responsible for overall project control and delivery, while the ASPD supports the SPD in providing day-to-day administrative guidance to the project.",0.6361025463451039
"The society is supported by professionals in procurement, FM, transport and logistics, social development, environment safeguards, and so on.",0.10634442892941562
"Coordination of day-to-day project implementation, planning and scheduling, procurement management, financial control, and reporting and monitoring will be the responsibility of the AIWTDS.",0.8435177369551226
"The AIWTDS will be primarily responsible for (a) preparing annual work plans and budgets; (b) undertaking actions for approving the annual work plan by the GB/PGC, financial control, procurement management, monitoring progress of project components, and preparing quarterly and other progress reports; (c) ensuring that financial reports are available, audited, and submitted to the World Bank within the stipulated time; and (d) undertaking procurement of high-value and complex goods, works, non- consulting services and hiring technical experts, and key consultants, as needed, for project implementation, monitoring, and technical evaluation.",0.8935884128917347
"Where institutional capacity is limited and special skills are required, the project will acquire outside expertise, including international technical assistance and consulting services.",0.21041239391673694
"The AIWTDS currently draws on technical resources from DIWTA on need basis and the project will support establishment/strengthening of a Hydrography Unit that shall be manned by dedicated river engineers, technical surveyors, and so on.",0.7903102527965199
"To strengthen the project management capacity early, a professional consulting firm has been competitively selected and appointed as GC to assist the AIWTDS in providing day-to-day functional/management support.",0.850613767450506
"The project implementation will itself be facilitated by early improvements to the institutional makeup that are expected to address conflicting interests and any blurring of lines, which currently constrain sector management.",0.7999721006913618
"The process to unbundle policy and  The World Bank Assam Inland Water Transport Project (P157929) planning, industry regulation, and sector operation has been initiated with support from the project.",0.9711899323896929
"TSSCs will be hired for Component 3, as the project enters the implementation phase and closer ground-level monitoring is needed.",0.6941633224487305
"These consultants will assist with technical design review, construction supervision, quality control, and monitoring of works under the project components.",0.8252749876542524
"Safeguards monitoring consultants, independent of the supervision consultants, will be hired to inform the AIWTDS regarding the extent to which safeguards are being implemented in project activities.",0.7134427157315341
 The World Bank Assam Inland Water Transport Project (P157929) ANNEX 2: Project Components and Cost COUNTRY: India Assam Inland Water Transport Project 1.,0.8781793767755682
The project is focused on improving ferrying of cross-river passengers in Assam and seeks to use the opportunity to establish a tenable foundation for development of a modern IWT sector in Assam.,0.7011051177978516
"Despite the odds, however, Assam manages to provide ferry services to about 9 million people annually, usually along with their vehicles, livestock, or goods.",0.11168025840412486
"As such, the project is guided by a binding philosophy that admits wider and even incremental interventions as long as they contribute to strengthening institutions and planning, operational efficiency and safety, and importantly, sustainability.",0.10989996519955722
"The project has four components collectively intended to tackle the regulatory, operational.",0.7022625316273082
and infrastructure challenges of the sector including one component supporting project management.,0.9240361993963068
"Component 1: Institutional, regulatory and safety strengthening (estimated cost US$21 million) 2.",0.6118762709877708
"Sector planning, design and rollout, operationalization of new Regulatory Authority (RA), business planning and operationalization of Assam Shipping Company (ASC) and Assam Ports Company (APC), including remuneration of staff/specialists hired at the RA, ASC, APC, and Assam Transport Policy; modernization of crew training center and training of staff to fulfill new roles in the restructured industry (US$11 million) 3.",0.9076430580832742
An ISDP for water transport in the state is being prepared.,0.8583959232677113
The exercise involves preparing a water transport strategy for Assam and an investment plan to help mainstream water transport in the state including multimodal integration and last mile connectivity.,0.8624456579034979
"Complementing the investments in infrastructure, the project aims to strengthen the Assam IWT sector through a supportive institutional framework.",0.72588435086337
"In doing so, the study has already provided the basic legislation for an independent IWT RA to carry out the safety, environmental, and economic regulation of the sector (shipping, ports, and shipbuilding).",0.8739972548051314
"Recently, the bill has been passed by the state in November 2018 for establishing an independent RA for IWT.",0.05783589861609719
The operationalization and salaries cost of the RA will be financed under this subcomponent through the life of the project.,0.892005747014826
 The World Bank Assam Inland Water Transport Project (P157929) 5.,0.8765567432750355
"Further, the operational and commercial functions of the governmentâs shipping operations and terminal services have been decided to be vested in two new companies: the ASC and the APC respectively.",0.8169006867842241
The incremental operational cost and salaries cost of the ASC and the APC will be financed under this subcomponent for the first three years after incorporation of these companies.,0.8973390405828302
"The water transport strategy will assist the state in developing a water transport policy with a broad road map for future investments that promote a more balanced modal mix, improved modal integration, mainstreaming of IWT, and better climate adaptability/resilience and emission reduction.",0.8777698170055043
"In particular, developing or consolidating capacity to undertake regular surveys, charting of the river, and recording and analysis of data, which in turn helps institutionalize knowledge on river navigation, is of immense importance.",0.7191573489796032
The project therefore proposes to establish a Hydrography Unit under the DIWTA of IWT Assam.,0.8263744007457386
"The component would also support modernizing the CTC, embedding the Lighthouse India Initiative.",0.42402328144420276
"Safety management: river navigation aids, night navigation technology on some routes, and emergency response system (policy, procedures, vessels, and equipment) (US$10 million) 7.",0.7944305593317206
"The subcomponent would draw on national/international experience in assessing appropriate aids to navigation, procurement, and deployment to allow 24-hour services/night navigation on the most vulnerable, trafficked routes, or crossing points.",0.7874740253795277
"Beginning with pilots at 2â3 crucial locations, deployment of navigation aids will be scaled up based on the investment strategy for the sector.",0.2811304872686213
"An important objective will be to support the establishment of a Search and Rescue Unit; or pilot an emergency response system (policy, procedures, equipment, and management); and improve systems for emergency preparedness including climate and natural disasters.",0.28766224601052026
"The emergency mechanism to respond to expected climate risks would involve advance weather information systems, which would help better schedule inspections to ensure resilience of old/new structures to climate change pressures and improve and integrate emergency evacuation procedures into operations.",0.6287935430353339
This will include financing of the two subcomponents.,0.8346503864635121
a. GoA incentive scheme (known as Jibondinga) to assist industry transition to the new regulatory regime; it is designed to help retrofit existing but acceptable vessels with modern marine engines  The World Bank Assam Inland Water Transport Project (P157929) and safety equipment and support scrapping and replacement of unsafe or obsolete private vessels with new vessels (US$10 million) 10.,0.9006938934326172
"The objective of supporting an incentive scheme is to ensure safe, secure, and sustainable transport and to encourage investment in modern shipping technology including adoption of more efficient, greener, and safer technologies, through review of fiscal and other barriers affecting quality of boat construction and maintenance.",0.832832163030451
"The GoA has prepared a draft proposal entitled âJibondingaâ - boat for livelihood, which provides incentive both for retrofitting of existing vessels (so long as they are found riverworthy) as well as acquisition of new vessels.",0.7811933864246715
Vessel design and specifications for procurement and retrofitting will be standardized to have better regulation as well as for ease of repair and maintenance.,0.2583557909185236
"However, the incentive scheme is designed to assist industry transition to the new regulatory regime beginning with direct support on retrofitting existing but acceptable vessels with modern marine engines and safety equipment.",0.7845016826282848
"Subsequently, a market-based financing framework will be developed to support the scrapping and replacement of unsafe or obsolete private vessels with new vessels, the expected capital cost and financing requirements for which will need much deeper assessment.",0.8200878663496538
"But it will be a high borrowing amount for private boat operators, and due to the small-scale business (small and medium enterprises /micro, small, and medium enterprises) nature of many operators with a weak balance sheet and insignificant personal collaterals, accessing financing from commercial sources remains extremely difficult.",0.867749734358354
"Further, due to lack of familiarity and high-risk perception, commercial banks may also not be willing to lend to private operators with vessels as collaterals, thus further limiting access to long-term financing.",0.7003478136929598
"Without an affordable cost of financing, the private operators would not be able to upgrade to new and safer vessels and eventually not participate in the program, thus affecting the overall development objective.",0.5816667730158026
The component will therefore provide for a detailed analysis to assess financing requirements and structure a government program that mitigates the risk perception of commercial banks and increases access to financing for private boat operators to procure new vessels.,0.5587611631913618
The component will identify suitable interventions needed by the Government through design of appropriate incentive mechanisms specifically targeting increasing private participation in vessel purchases and operations.,0.8515772386030718
"Both IBRD loans and guarantees will be contemplated and structured in a way to meet this objective in subsequent projects, which may include a combination of government incentive and/or IBRD loans and guarantees to be structured through a financial intermediary (a domestic commercial bank or financial institution) to provide loans at competitive financing terms to private boat operators.",0.9374623732133345
Procurement of new vessels for the Assam Shipping Company and retrofitting of existing public vessels (US$15 million) 11.,0.5439697178927335
"To ensure substantially improved stability, the two-wheelers will be carried below the gunwales of the vessels.",0.041486230763522064
"Simultaneously, the project has initiated condition surveys of the existing government fleet, hull and machinery, and deck and outfit items for their suitability, impact stability (for the area of operation),  The World Bank Assam Inland Water Transport Project (P157929) loading, and other conditions.",0.8101012490012429
"This will also include measures to âgreenâ the vessel fleet, including adoption of good waste management practices.",0.8642207058993253
A few medium-speed shallow draft roll-on/roll-off (Ro-Ro) passenger/cargo catamarans for selected major traffic routes are also planned for procurement.,0.40209150314331055
"The project would also like to improve connectivity/access to basic services for many islands, villages, and far-off chars by using additional floating stock which is customized to specific needs.",0.8110008239746094
"For this, the project plans to use the existing government fleet, which may no longer be suited for intensive passenger ferrying but could be usefully converted into mobile clinics, schools/library, and for other such important services.",0.3595395955172452
Component 3: Improvement in terminal infrastructure (estimated cost US$55 million) 14.,0.8096332550048828
This component will support development of improved and technically designed/engineered ferry landings at feasible locations along the Brahmaputra in Assam.,0.5323176383972168
The project will finance the activity under two subcomponents.,0.5163154602050781
Provision of priority terminals including repair facilities (US$40 million) 15.,0.1574901884252375
"In particular, this subcomponent will finance the design and construction of few priority terminals at identified busy crossings (such as Guwahati and Majuli).",0.8378647890957919
"The infrastructure improvements/designs will in particular adopt a âworking with natureâ approach which ensures that project objectives are satisfied in a way that places natural ecosystem at center stage, thereby making solutions non-damaging and sustainable (limit dredging, use portable/modular infrastructure design adaptation for landing stations to enhance climate change resiliency, low draft vessel designs, and so on).",0.7881865067915483
"The developments would offer opportunities for ecotourism development, rejuvenating the river waterfront and integrating quality ferry terminals in the urban context.",0.8882863304831765
This subcomponent will provide standard designs for modular and scalable infrastructure that can be adapted for other urban and rural ferry terminals.,0.6376183683221991
Component 4: Project management support (estimated cost US$9 million) 17.,0.8424543033946644
"This component will support implementation of the above three components and provide for costs on project preparation, implementation, coordination, and M&E.",0.1412994536486539
"This will include establishment and operation of the AIWTDS and financing of the attendant project operating costs (project staffing,  The World Bank Assam Inland Water Transport Project (P157929) consultancies, training, office modernization/equipment, and other operational costs); the IVA; audit; and M&E systems.",0.875368291681463
"An important element of the component would support capacity augmentation and policy support on climate mitigation and adaptation through consultancies, knowledge events, staff training, and so on.",0.7953128814697266
"The activities supported under the component specifically include the following: Providing support for Project implementation, coordination, monitoring and evaluation, through: (i) establishing and ensuring the operability of AIWTDS, including the provision of training, staffing, office modernization and equipment; (ii) ensuring the operability of the AIWTRA, including the provision of training, staffing, office and equipment; (iii) providing technical assistance and management support, including hiring the services of the General Consultant and the Independent Verification Agency; (iv) carrying out Project audits; and (v) setting up monitoring and evaluation systems.",0.3824560858986594
The total cost of the project is estimated at US$110 million.,0.8626511313698508
The IBRD support is estimated at US$88 million while the GoA share will be US$22 million.,0.8337287902832031
"From the IBRD US$88 million, US$1.4 million will finance repayment of the Project Preparation Advance (US$1.2 million) and the capitalization of the front- end fee (US$0.2 million).",0.8774689761075106
The remainder of the loan will be disbursed pursuant to regular IPF procedures (US$33.6 million) and results-based lending procedures (US$53 million) for the financing of the same eligible expenditures.,0.8345064683393999
"Project Cost and Financing (US$, million) IBRD % IBRD Project Components Project Cost Financing Financing 1.",0.8417902859774503
Project management support 8.8 7.0 80 Front-end fees 0.2 0.2 Total project costs 110.0 88.0  The World Bank Assam Inland Water Transport Project (P157929) ANNEX 3: Technical Analysis COUNTRY: India Assam Inland Water Transport Project 1.,0.8844608827070757
The project is improving the existing passenger ferry market in Assam through better and technically designed terminals and energy-efficient vessels (both new and retrofitted) and making these sustainable through a more responsive institutional framework.,0.44156048514626245
"The infrastructure investments do not envisage any disruption to the water balance, any large-scale dredging activity, or land acquisition.",0.8451213836669922
The untamed character of the Brahmaputra River also makes the provision of fixed infrastructure technically challenging.,0.8528976440429688
"The authorities constantly struggle to shift and reposition the location of ghats (ferry landing stations), in response to changing river geometry and seasonally varying water levels.",0.5769210295243696
"While DIWTA is responsible for services on 89 designated routes, it has contracted 78 of them to private operators (in many cases using leased DIWTA vessels).",0.21350949460809882
 The World Bank Assam Inland Water Transport Project (P157929) 4.,0.8744580528952859
The project would improve the landside infrastructure as well as the vessel fleet and navigation aids.,0.820711916143244
"The investments are planned and prioritized under an ISDP for the state aiming to mainstream IWT as a mode of transport in Assam, attractive and suited to a much wider user base.",0.81932579387318
"In consultation with the GoA, the project has prioritized the following high-demand ferry routes for development.",0.3662076863375577
"â¢ The south bank location (Neamati) is also a project priority but as the state government is considering developing it jointly with the IWAI, it will be taken up subsequently.",0.7574071017178622
These priority ferry routes (located in Guwahati and Dibrugarh) are serviced by DIWTA and private ferries but more stable locations for the ferry landings (coordinates within Â±100 m) have now been assessed for techno-commercial feasibility.,0.3403877778486772
"In doing so, the project draws guidance from âworking with natureâ principles that aim to design new infrastructure or rehabilitate existing infrastructure in a way that works with natural river processes.",0.6766385598616167
"The focus is to design and develop infrastructure in a way that is modular and scalable, limiting the need for fixed structures or substantial acquisition of land or heavy capital dredging.",0.6342577500776811
"In addition to the geotechnical and topographic investigations, location assessment required understanding the riverbed and bank stability.",0.7671205347234552
"At the feasibility stage, a time series of satellite imagery triangulated with sample field readings has been carried out instead of indicative cross-sectional bathymetric surveys (detailed design and Detailed Project Report preparation are based on actual bathymetric surveys).",0.37007162787697534
Secondary information was also drawn from the fortnightly âThalwegâ readings of  The World Bank Assam Inland Water Transport Project (P157929) the navigation channel being undertaken by the IWAI as well as the seasonal-level variations being recorded through the Central Water Commissionâs Flood Forecast Monitoring Directorate.,0.8209545829079368
"To reduce dredging requirements, the ferry terminals will be developed in the river where water levels provide better depths for berthing of vessels round the year.",0.7646877115423029
This approach is expected to significantly reduce costs and delays attributed to constant changes in river morphology.,0.6884372451088645
Terminals are planned with waste management facilities so that no solid waste or sewage is released into the river.,0.7764975807883523
Estimation of the sanitary sewage flow is 20 percent above the water supply rate and it will be routed to a package treatment plant.,0.8541063828901811
"More specifically, waste management will follow the EIA recommendations.",0.7908251502297141
The project will support more landings (mostly smaller rural ghats) that will be selected by the GoA based on the strategic development plan and identification of upgrading needs.,0.11151330037550493
The design of passenger ferries is being standardized for improved efficiency and sustainability.,0.10249451073733243
"For maintenance, the vessels will be serviced at suitable locations where refueling (bunkering), supply with freshwater, and disposal of wastewater and solid waste as well as cleaning and repairs can take place.",0.6560546701604669
A GoA incentive scheme (known as Jibondinga) to assist industry transition to the new regulatory regime will begin with direct support on retrofitting existing but acceptable vessels with modern marine engines and safety equipment.,0.8443397175181996
"Subsequently, a market-based financing framework will be developed to support the scrapping and replacement of unsafe or obsolete private vessels with new vessels.",0.8521785736083984
Detailed analysis will be developed to assess financing requirements and structure a government program that mitigates the risk perception of commercial banks and increases access to financing for private boat operators to procure new vessels.,0.4770724990151145
Suitable interventions needed by the Government shall be identified through design of appropriate incentive mechanisms specifically targeting increasing private participation in vessel purchases and operations.,0.8900034644386985
"Both IBRD loans and guarantees will be contemplated and structured  The World Bank Assam Inland Water Transport Project (P157929) in a way to meet this objective in subsequent projects, which may include a combination of government incentive and/or IBRD loans and guarantees to be structured through a financial intermediary (a domestic commercial bank or financial institution) to provide loans at competitive financing terms to private boat operators.",0.9398591301657937
The project will strengthen the presence of physical navigation aids as well as suitable communication technology on land as well as on the ferries.,0.7554671547629617
"Alongside terminal infrastructure, the Guwahati and Dibrugarh (Majuli) ferry corridors will be taken up initially for shore-based pilots for installing navigation aid facilities.",0.544481710954146
Fixed terminal lights and level markers at the berth and navigational aids to mark fairways for ferries from and to the ghats are being considered.,0.27837220105257904
"In parallel, the project will help set up a Hydrography Unit at DIWTA by consolidating and strengthening capabilities, which would provide the necessary technical capacity to regularly scan and understand changes in the riverbed.",0.8582757603038441
An important activity for efficient navigation guidance will be to continuously update electronic river charts by responses from traveling ferries equipped with echo sounders and onboard global positioning system.,0.46971581198952417
"The state-level RA is already established under the project, and rules for safe and sustainable operations and management of the IWT system are being drafted.",0.860649889165705
The enforcement of regulations is aimed to transform the operating scenario where only registered vessels are approved for deployment on the ferry services.,0.3485678759488193
"Besides safety specifications and modern communication systems for all vessels, the IWT vessel rules would state the operating conditions, training and qualifications for the vessel crew and shore staff, mandatory requirement for vessels to display safe passenger load painted on the vessel hull, stringent monitoring of ferry service operations, and suspension of operating licenses for nonconformance to the rules.",0.20655415274880148
The existing vessels of DIWTA and the private ferry operators registered with DIWTA are being modernized and upgraded to minimum safety standards through project interventions and incentive scheme.,0.7549247741699219
Procurement of bigger and faster vessels for deployment on high traffic routes and specialized fleets of search and rescue vessels for emergency response services are also being mobilized under the project.,0.1137188347903165
 The World Bank Assam Inland Water Transport Project (P157929) ANNEX 4: Economic Analysis COUNTRY: India Assam Inland Water Transport Project 1.,0.8691605654629794
The project is expected to have economic and social benefits much wider than the direct improvements in transport service.,0.5451499765569513
"The project will generate (a) direct transport economic benefits in the form of improved services to existing ferry users, (b) benefits from generation of ferry trips (including fewer road trips and savings in their resource costs), (c) time savings from the shorter river crossings along the 891 km where there are only five bridges to commute across the banks, (d) connectivity for largely rural communities in the upper reaches of the river, and (e) possible benefits in vessel operating efficiency.",0.9127511978149414
Climate change resilience outcomes will arise from more efficiently designed modular and floating terminals as well as by relieving the pressure to build new road bridges that would have encouraged a more carbon-intensive transport system.,0.7780411460182883
"Tertiary benefits include stimulation of local economic activity and production in the form of flow-through benefits of boosting shared prosperity by creating more jobs associated with cross-river trade, more livelihood opportunities with improved and more reliable connectivity, increased incomes for farmers and riparian communities, and reduced poverty.",0.8640639565207742
The economic analysis captures some of the direct benefits from the main fixed investments in ferry infrastructure that are proposed on the identified priority ferry routes between North and South Guwahati and the Aphalamukh-Neamati route serving the Majuli River Island.,0.8127566250887784
"The benefits of improved urban amenity, encouragement of lower-cost land use development on the north bank, and contribution to tourism will be additional to the direct transport benefits measured.",0.6559923778880726
A 10 percent bus operator surplus has been allowed for a non-air-conditioned bus with operating costs of about INR 1.1 per passenger-km.,0.2417041605169123
The direct transport economic benefits stem from enhancement to âuser surplusâ because of much lower âuser general costâ relative to the âwithout-projectâ situation.,0.9372679970481179
 The World Bank Assam Inland Water Transport Project (P157929) (a) The value of time (VOT).,0.8649744553999468
"Main Inputs to the Assessment Distance (Aphalamukh) Without With Ferry distance (km) 0 15 Bus distance (km) 300 0 Time (h) Ferry 0 1.88 Bus 20 0 (Ferry speed: 8 km per h, Bus: 15 kmph) Distance (Guwahati) Without With Ferry distance (km) 0 2 Bus distance (km) 25 0 Time (h) Ferry 0 0.25 Bus 2 0 (Ferry speed: 8 km per h, Bus: 15 km per h VOT (Aphalamukh) Average earnings per month (INR) 3,000 estimate VOT work per hour (INR) 19 (Considering 160 hours per month) 7 The per capita income of the state in terms of NSDP at constant (2011â12) prices is estimated at INR 51,126 .00 for 2016â17 (Source: Government of Assam, Directorate of Economics and Statistics).",0.8708750984885476
" The World Bank Assam Inland Water Transport Project (P157929) Percentage work per commute 30% VOT leisure 70% Time cost (INR per person per h) 10.22 Bus, GHG cost per trip (INR) 650.0 Ferry GHG cost per trip (INR) 105.5 VOT (Guwahati) Average earnings per month (INR) 8,000 estimate VOT work per h (INR) 50 (Considering 160 hours per month) % work per commute 30% VOT leisure 70% Time cost (INR per person per h) 27.25 Bus, GHG cost per trip (INR) 54.2 Ferry GHG cost per trip (INR) 14.1 Unit operating cost Ferry 2.5 per person per km Bus 1.0 per person per km 5.",0.9599791440096769
The EIRR of the investments is estimated to be 18.9 percent in real terms.,0.8890667828646573
The user benefits of these ferries were estimated as the socioeconomic costs saved by the availability of ferry services compared with the shortest available road route.,0.6951451735063032
"The cost savings estimated include travel time savings which reduce the general user cost (considering use of buses as most likely alternative to ferries),  The World Bank Assam Inland Water Transport Project (P157929) avoidance of trip suppression costs,8 and carbon cost savings per trip.",0.8642037131569602
"The capital costs of vessels have been incorporated in vessel operating costs, as has the capital cost of buses in the operating cost estimates for buses.",0.7819548520174894
"A reality to reckon, however, while reviewing the economics associated with the investments is the fact that the sector, which has remained underfunded, rudimentary, and unsafe for decades (while being operational somehow), is now being scaled up to international engineering standards with due consideration also to sustainability.",0.10323069312355736
It would be a complex challenge to provide a detailed estimate of such benefits and so this has not been attempted given the scale of the other benefits.,0.2735711661252109
"Sensitivity Analysis CAPEX increases by 10%, time savings Parameters decline by 10%, and operator cost CAPEX increases by 20% increases by 10% CAPEX 10% 20% User time savings â10% 0% Operator cost 10% 0% EIRR 16.1% 16.5% NPV (INR, million) 2,816.4 3,276.3 ",0.8366281336004083
