seq,ecological domination
"This was supported by a successful vaccination campaign, a series of measures adopted to respond to the multifaceted nature of the shock, an extraordinary agricultural season, solid manufacturing and agro-industrial export, supportive counter-cyclical fiscal and monetary measures, and an unprecedented level of remittances.",0.8379605900157582
"In response to the drought, in 2022 the Government of Morocco (GoM) adopted a US$1 billion emergency recovery package for farmers, including agricultural insurance and rescheduling debt mechanisms.",0.8210921721024946
Morocco’s New Development Model (NDM) presents a new vision for the country’s development.6 The structural reforms launched two decades ago gave way to a sustained period of economic growth and poverty reduction that is unparalleled in the country’s contemporary history.,0.1272366155277599
 The World Bank Morocco Water Security and Resilience Program (P179192) This goal would require (a) sustaining an average annual growth rate of almost 7 percent for the next 12 years; (b) prioritizing actions to foster structural transformation and rebalancing investments to leverage more private sector investment; (c) unlocking bottlenecks that prevent women and youth from entering the labor force; and; (d) raising the levels of human capital through better education and health services.,0.6909587166526101
"Building a sustainable Morocco will require preserving natural resources, enhancing the resilience to climate change, and safeguarding water resources through more efficient use and management of its scarcity.",0.6009733026677911
"Highlighting the challenges that Morocco faces in terms of the water structural deficit in his speech to the opening of the Parliament on , 8 and subsequent -meetings on the National Program for Potable Water Supply and Irrigation (Programme National pour l’Approvisionnement en Eau Potable et l’Irrigation; PNAEPI) 2020-2027, His Majesty King Mohammed VI emphasized the need to continue the policy of building additional storage, the development of water transfers for inter-basin solidarity and the construction of seawater desalination plants and recognized the need to implement policies to improve water use efficiency- especially in irrigation.",0.7339715957641602
"In his speech, His Majesty King Mohammed VI outlined four main guiding principles for water resources management in the context of increasing water deficits: (a) launching more ambitious programs and initiatives, and leveraging modern technology, particularly for water savings and wastewater reuse; (b) improving the rational exploitation and preservation of groundwater resources, in particular by curtailing illegal pumping and well digging; (c) fostering cross-sectoral coordination and updating sectoral strategies on a continuous basis, in light of their pressure on water resources and the need to build a water secured Morocco; and, (d) considering the real cost of water, accounting for each stage of the water mobilization process, and promoting transparency and awareness about all the drivers of cost of water.",0.9174574938687411
"The 2021 NDC’s financing requirements amount to US$78.8 billion for the 2020-2030 period (i.e.an average of around US$7.2 billion per year or about 5.2 percent of 2022 GDP), with more than half targeted toward adaptation measures.",0.8076516064730558
"According to the Country Climate and Development Report for Morocco (CCDR),12 the greatest potential for putting Morocco on a climate-resilient and low-carbon pathway lies in (a) tackling water scarcity and droughts, notably through the nexus of water and agriculture; (b) enhancing resilience to floods to preserve urban and coastal economies and livelihoods; and (c) decarbonizing the economy for a zero-net emission pathway by the 2050s.",0.05520943078127774
"The CCDR highlights the need for improved inter-institutional coordination13 and mainstreaming climate actions into economic, fiscal, and financial policies.",0.8517423109574751
13 A rapid Climate Change Institutional Assessment (CCIA) was conducted as part of the preparation of the CCDR.,0.6409714872186835
 The World Bank Morocco Water Security and Resilience Program (P179192) B.,0.5121838829734109
"The water deficit between supply and demand in 2020 was estimated at 1.8 billion cubic meters (BCM) per year, with demand expected to increase by 15 percent between 2020 and 2050.14 Water security challenges are compounded by the unequal distribution of water over space and time, with most of the surface water resources concentrated in the northwest of the country.15 Surface water shortages have led to the over- exploitation of groundwater resources, which are being abstracted faster than they are being replenished.",0.8590993014248934
"Water shortages are further aggravated by the loss of existing storage due to high dam sedimentation rates,17 water pollution, and saline intrusion in the coastal regions.",0.8580778295343573
"Hotter and drier conditions are also expected to increase demand, with crop water requirements predicted to increase by up to 12 percent, increasing demand for irrigation and placing further demands on limited water resources.",0.9223728179931641
"These changes in supply and demand could result in a deficit of between 4 to 7 BCM per year by 2050.19 Such constraints could significantly affect the Moroccan economy,20 with water scarcity exacerbating competition among water users and potential causing a 6.5 percent decline in real GDP under extreme conditions.21 8.",0.3145983869379217
"To address the country’s water challenges, the GoM is implementing comprehensive large-scale water sector investment programs.",0.9112096266313032
"These include the National Program for Potable Water Supply and Irrigation (Programme National pour l’Approvisionnement en Eau Potable et l’Irrigation; PNAEPI) 2020-2027, adopted in January 2020, which encompasses the first phase of the draft National Water Plan (Plan National de l'Eau, PNE) and outlines an ambitious set of investments.",0.8909482955932617
"This builds on a long tradition of water resource development, with 135 large dams providing 17.5 14 Total water demand by 2050 is expected to be between 18.7 and 20 BCM per year taking climate change into account.",0.7473403757268732
"Water demand from uABHn households is expected to increase by 50 percent (from 1.1 to 1.7 BCM per year) during the same period, with corresponding increases in effluent quantities.",0.15694044936787
"Source: Ministry of Equipment, Transport, Logistics, and Water: Draft National Water Plan 2020–2050.",0.03947872736237266
"15 Ministry of Equipment, Transport, Logistics, and Water: Draft National Water Plan 2020–2050.",0.07386991110715
"Source: Ministry of Equipment, Transport, Logistics, and Water: Draft National Water Plan 2020 –2050.",0.03947872736237266
"Source: Ministry of Equipment, Transport, Logistics, and Water: Draft National Water Plan 2020 –2050.",0.03947872736237266
"[link]  The World Bank Morocco Water Security and Resilience Program (P179192) BCM of storage capacity and 220 million cubic meters (MCM) per year of installed desalination capacity at the end of 2022.22 The PNAEPI continues to promote supply-side solutions, with investments aimed at increasing the mobilization of water resources through the construction of 21 large dams accounting for a total storing capacity of between 6 to 8 MCM3, the implementation of desalination station for an installed capacity of about 1 MCM3 and the development of wastewater reuse projects for about 100 million m3.",0.9421740445223722
"However, there is also recognition that increasing resilience to climate change requires ambitious policy reforms that reflect the value of water, increase the transparency of costs along the water value chain, balance competing demands, and incentivize more efficient and rational uses.",0.724049221385609
"The PNAEPI acknowledges the incremental cost of new water supplies and the need for strong policy reforms, establishing targets for reducing water-losses, including provisions for the reduction of dam sedimentation and reforestation of watersheds, incentives for water savings in agriculture, drinking water, tourism, and industry, along with the preservation of groundwater resources.",0.9485830827192827
"The PNAEPI is accompanied by a communication strategy, adopted in 2021, to raise awareness and change behaviors relating to water conservation and its value.",0.6688349463722922
The governance of the water sector is evolving in response to the changing nature of water resources and the new socio-economic vision.,0.8588017550381747
"The legal and institutional system integrates religious tradition and customs alongside modern provisions introduced since independence in 1956.23 The Law 10-95 (1995) stipulated the rules for integrated, decentralized, and participatory water resources management to guarantee the right of Moroccans to water, including the creation of River Basin Agencies (Agences du Bassin Hydraulique, ABHs) as technical and financially independent entities responsible for planning and managing water resources at the basin level.24 The Water Law 36-15 (2016) retained and re-enforced the foundational elements aimed at improving water use efficiency, providing universal access, reducing disparities between rural and urban areas, and ensuring water security.",0.8877905065363104
"It further emphasized decentralized, integrated, and participatory management and planning of water resources; strengthened consultation and coordination by establishing river basin councils and the adoption of the PNE by the Superior Council of Water and Climate; established the legal foundations to diversify sources of supply through the use of unconventional water resources; mandated the establishment of water information systems at national and river basin levels; and strengthened mechanisms for the protection and conservation of water resources (raw water abstraction and pollution fees and participatory groundwater management contracts).",0.9059401425448331
"As part of the continued commitment to régionalisation avancée, the GoM plans to establish regional multiservice companies (Sociétés Régionales Multiservices, SRM) for energy and potable water distribution and wastewater collection and treatment, to substitute autonomous municipal public utilities (Régies).25 10.",0.8899858648126776
"24 Their duties include preparing river basin management plans, authorizing water abstractions and discharges, and maintaining a public register; collecting fees for abstraction and effluent discharges; providing financing and technical assistance for water pollution prevention; ensuring efficient water use; monitoring water quality; enforcing laws related to water resource protection; setting up an emergency response system; and promoting public awareness about water resource management.",0.8871755599975586
Available at   The World Bank Morocco Water Security and Resilience Program (P179192) positions.,0.3965725898742676
The ongoing transformations in Morocco’s water sector have significant implications for its financial sustainability.,0.705375844782049
The upscaling of non-conventional water resources has important implications for the country’s water balance and the associated cost structure for the sector.,0.8751373291015625
Production and retail water supply tariffs and sanitation fees do not fully reflect production and distribution costs and are generally insufficient to cover operational and maintenance costs.,0.8968828374689276
"Financial sustainability is further undermined by the under-collection of raw water abstraction and water pollution fees.28 The lack of a robust financing strategy for the sector could present barriers to the realization of the GoM’s ambitious plan for expanding desalination capacity, particularly for irrigation purposes, and compromise the sector’s financial viability with impacts on future water security.",0.9675695245916193
"Even if technological advances continue to reduce the cost of desalination,29 capital, and operating costs would remain significant and energy-dependent, potentially exacerbating the sector’s financial fragility.",0.7961355556141246
"The evolution of the sector illustrates the challenges in positioning water in the political-administrative ecosystem and, simultaneously, adapting to its complex interrelation between different sectors,30 and the uncertainty imposed by climate change.",0.19943376020951706
"In this context, an enhanced governance model is needed to ensure an integrated approach to water production and distribution, optimize allocation decisions, ensure financial sustainability, and ensure that decisions about water are made to maximize socio-economic outcomes in alignment with the development model for Morocco.",0.8887864026156339
"Specifically, the Program supports Focus Area 3 “Promoting Inclusive and Resilient Territorial Development”, directly contributing to the three objectives of: (a) improving the performance of key infrastructure delivery services to cities; (b) improving access to sustainable water resources; and, (c) enhancing adaptation to climate change and resilience to natural disasters.",0.8739806088534269
"Available at  budget-axe-sur-les-resultats-integrant-laspect-genre/ 28 Between 2012 and 2017, water basin organization collected less than US$7 million per year on raw water and water pollution fees, of which water pollution fees represented less than 4 percent.",0.8768703287298029
"In addition to technological advances and economies of scale achieved by larger plants, falling costs are driven by project development choices, such as colocation of desalination plants with power plants, and enhanced competitiveness from more efficient methods of project financing and delivery.",0.6762625954367898
" The World Bank Morocco Water Security and Resilience Program (P179192) CCDR,32 the World Bank’s Climate Change Action Plan (2021-2025)33, and the World Bank Group Roadmap for Climate Action in the Middle East & North Africa (2021-2025).34 The Program also contributes to the MENA Region's efforts for Green, Resilient, and Inclusive Development35 by: (a) emphasizing the protection of natural resources and promoting water resource use efficiency; and, ((b) strengthening the capacity to adapt to climate shocks such as increased water scarcity and droughts.",0.8655174428766425
"The Program further contributes to the four pillars of the WBGs Global Crisis Response Framework37 that is aimed at helping countries navigate multiple, compounding crises by strengthening resilience and supporting paths to build long-term resilience, while strengthening policies, institutions, and investments.",0.8249330520629883
"The Program builds on the GoM’s experience with the PforR instrument and the Government’s successful experience with results-based financing in various sectors, ranging from agriculture to education, early child development and urban development, among others.",0.7524720105257902
"The Program focuses on a portion of the PNAEPI where the Government aims at enhancing efficiency, effectiveness, and impact of expenditures by linking the disbursement of funds to the achievement of specific results based on the existing performance-based budget system.",0.009392478249289772
"The Program will provide a platform for national and local entities to incentivize sustained progress of the government reform program, including on water valuation, state-owned enterprises, and the régionalisation avancée.",0.8469278162175958
The Government program is defined by the National Program for Water Supply and Irrigation (2020-2027 PNAEPI: Programme National pour l'Approvisionnement en Eau Potable et l'Irrigation).,0.8634069616144354
"Based on the orientations provided by His Majesty King Mohamed VI, in 2017, a technical commission - under the guidance of the Interministerial Water Commission - was charged with the preparation of a program to accelerate investments in the water sector to strengthen drinking water supply and irrigation, in particular for the areas most impacted by the successive droughts impacting the country since 2015.38 With investments estimated at MAD 143 billion (US$ 14.4 billion), the PNAEPI is expected to be financed through a combination of public subsidies, user contributions, and a combination of the private sector, climate financing, and international financing institutions.",0.8434390154751864
"World Bank Group Climate Change Action Plan 2021–2025: Supporting Green, Resilient, and Inclusive Development.",0.3386063575744629
The World Bank Group’s Roadmap for Climate Action in the Middle East and North Africa (M ENA).,0.8097499500621449
"37 World Bank (2022) Navigating Multiple Crises, Staying the Course on Long-term Development: The World Bank Group’s Response to the Crises Affecting Developing Countries.",0.6115401007912376
"38 The technical commission composed of representatives of the Ministry of the Interior, the Ministry of Agriculture, Maritime Fisheries, Rural Development, Water and Forests, the (then) Ministry of Economy, Finance and the Reform of the Administration, the (then) Ministry of Equipment, Transport, Logistics and Water, the (then) Ministry of Energy, Mines and the Environment, and the National Office for Electricity and Water Potable (ONEE).",0.6755927692760121
 The World Bank Morocco Water Security and Resilience Program (P179192) 2028.,0.5080358765342019
"The PNAEPI is the first tranche of the draft PNE, which is under preparation and shall be adopted by Decree after the review by the Superior Council of Water and Climate (chaired by the Prime Minister).",0.8429054780439897
"The PNAEPI aims to diversify the sources of supply, guarantee water security, and reduce climate change impacts by accelerating investments to strengthen water supply for drinking and irrigation uses.",0.9277399236505682
"The PNAEPI's major objectives are: (a) expanding water supply by increasing water storage capacity and the contribution of non- conventional sources to the water matrix (wastewater reuse and desalination), and safeguarding groundwater resources; (b) improving water efficiency by reducing water losses in conveyance and distribution networks (potable water and irrigation) and improving water productivity in the irrigated agriculture sector; (c) strengthening access to potable water supply in rural areas; and (d) increasing awareness on the value of water.",0.9905333952470259
"Among other factors, the successful implementation of the PNAEPI relies on: (a) boosting cross-sectoral coordination; (b) re-thinking the sector financial framework to reflect the increasing cost of water mobilization; (c) adopting critical regulations relating to non- conventional water resources, participative aquifer management contracts, and water data management and information systems; (d) strengthening the performance of ABHs, in particular concerning water withdrawal control and enforcement; and (e) supporting the on-going reform of the potable water and wastewater service sector aimed at improving service delivery and financial sustainability.",0.8978545448996804
The institutional arrangements for implementing the PNAEPI reflect water’s cross-sectoral nature and the GoM’s high-level commitment towards water security.,0.868174899708141
"The Inter-Ministerial Technical Committee (chaired by the Minister of the MEE) ensures the PNAEPI’s coordination and implementation consistency, maintains a dashboard on the country’s water supply situation and program implementation, proposes adjustments to the PNAEPI; and defines the annual communication program.",0.8571870110251687
Regional Committees (chaired by the Wali of the region) define regional needs related to small dams and drinking water supply in rural areas and monitor program implementation at the territorial level.,0.8688385703346946
"In addition to the concerned institutions (MEF, MEW, MoI, MAF, MEM, and ONEE), activities under the PNAEPI are implemented by several institutions, including the ABHs, water supply operators (ONEE, Régies, private concessionaires), Regional Agricultural Development Offices (Office Régional de Mise en Valeur Agricole, ORMVAs), and the OCP Group.",0.8347303217107599
The Theory of Change outlines the Program logic and its contribution to the water-related development challenges in Morocco.,0.05715355006131259
"The Program will support interventions that address the water challenges on three levels: (a) sector-level governance focused on water planning, strengthening of groundwater management, basin-level capacity to manage water resources, data and information management systems; and performance of water and wastewater operators; (b) improvement of the financing sustainability of the sector, including through local-level improvements to improve water use efficiency and reduce non-revenue water; and, (c) promote non-conventional water, from the regulatory perspectives and by supporting investment to scale-up wastewater reuse.",0.9571141329678622
"These include: (a) there is willingness and political commitment to work toward the common vision outlined in the PNAEPI; (b) the PNE will identify key issues and actions to inform evolution of the sector governance, institutional and financial aspects in response to the changes in the sector; (c) data and information are available and will inform planning and lead to better decisions around the integration and sustainable development of water resources; (d) the financial model is able to capture the relevant costs and revenue streams from different parts of the value chain for the water sector; (e) the policies and regulation  The World Bank Morocco Water Security and Resilience Program (P179192) adopted under the Program are enforced and not contradicted by actions taken by stakeholders within the sector; (f) there are no major natural or political crises that significantly affect the productivity of the water sector; and, (g) the GoM provides incentives to youth and women to participate in the water sector, which is mainstreamed in the Program design.",0.9120798977938566
"The dra PNE to include several clima c Interministerial Water derived from climate change imposes Superior Council of scenarios, and ins tu onal, governance and Commission constraints on growth and development; Water and Climate and nancial principles for the water sector revised and value of water needs to evolve in 2.",0.7362748059359464
"Minimum service standards, KPIs, and repor ng response to the development context minimum service standards and and increase water availability in selected areas re uirements for mul service operators de ned 2. ack of surface waters results in KPIs Performance of 3.",0.8863362399014559
Hydrological and hydrogeological monitoring groundwater over abstrac on 3.Water data and informa on mul service operators networks improved 3. arge investment program to increase management systems enhanced monitored .,0.9046284068714489
"RBAs performance benchmarking framework sources of water supply, including n on .Performance of selected RBAs and ac on plans developed (including with Informa on publicly To strengthen water sector ins tu ons conven onal water resources improved, including on gender gender targets) available (par al) .",0.9187020388516512
Major reform of the potable water supply dimension .,0.8491008931940253
Decree for a uifer management contracts through the Na onal sector .Groundwater management prepared; a uifer management contracts and .,0.8964427601207386
Data and informa on systems need to improved Water Informa on related technical studies for 3 a uifers prepared adjust to sector changes System 1.,0.14294070547277277
Cost structure of the water sector changing with introduc on of non 1.,0.4953569065440785
A nancial model and sustainability ac on plan 1.Water loss reduc on ac on plans conven onal water sources to adapt to for water sector developed osses in drinking water implemented increasing climate change impacts 2. oss reduc on plans implemented by 2.Targeted communica on transmission and 2.,0.8594416705044833
"Important potable water losses, mul service operators distribu on networks campaigns rolled out, with gender par cularly in areas with desalinated 3.",0.3373700055209073
"Communica on campaigns designed, included reduced targeted messages water resources with gender targeted messages 3. imited awareness among consumers on the value and cost of water 1.WWTPs upgraded and distribu on 1.",0.5644441084428267
Wastewater re use agreements signed networks for wastewater reuse 1. imited reuse of treated wastewater 2.,0.8164874857122247
Regulatory framework for non prepared 2.Decree fordevelopment and use of conven onal water resources not keeping 3.,0.8788186853582208
"Regula ons for wastewater disposal and desalina on adopted pace with investments wastewater reuse (including for irriga on) Treated wastewater for 3.Regula ons for wastewater 3. imited capacity to nego ate complex prepared disposal and wastewater reuse reuse augmented PPPs, par cularly for desalina on .",0.9197085120461204
"uality stands for the use of treated and wastewater reuse provided, including for .Increased capacity of government wastewater to be revisited female sta o cials (included women) on desalina on and wastewater reuse Note: PNE = National Water Plan; WWTP= wastewater treatment plant; multiservice operators refer to utilities in charges of energy and potable water distribution and wastewater collection and treatment.",0.8521638350053267
The scope and boundaries of the Program are based on the activities identified in the PNAEPI and defined by priorities that contribute to the following: (a) strengthening the governance of the water sector; (b) improving the valuation and financial sustainability of the water sector; (c) creating a water-savings culture and reducing water losses; and (d) providing an enabling environment for the integration of non-conventional water resources.,0.82581580768932
"The selection also takes into consideration the increasing reliance of these areas on desalinization with all of these ABHs, except for Loukkos and Sebou, experiencing extreme water shortages.",0.6967506842179731
"The ABHs will be responsible for targeted activities within their geographic responsibility (including river basin data and information systems, performance improvement, installation of smart meters for groundwater withdrawals’ monitoring, and aquifer management contracts).",0.8774381984363903
"Program related activities within the Régies are also located within the geographical area of these ABHs, including activities such as water loss management and wastewater reuse projects, contributing to the overall water security within these areas.",0.8535153649070046
"These include support for the GoM’s efforts to adapt the framework governing the sector to ensure that it is fit for purpose and deliver on Morocco’s expectations related to achieving longer-term goals of water security, recognizing the value of water, and ensuring the integration of non- conventional sources of water.",0.8825713070956144
"This approach is built on: (a) strengthening the water sector governance; (b) improving financial sustainability and water use efficiency, and (c) enabling the integration of non-conventional water resources.",0.9222217906605114
RA 1: Strengthening Water Sector Governance aims to strengthen the sector’s governance for sustained water resource management.,0.8779005570845171
"Activities include: (a) the preparation and adoption of the PNE as the Borrower’s framework based on a long-term strategy that reflects the increasing uncertainty due to climate change exacerbated vulnerabilities such as increased water scarcity and drought, and including the definition of principles of water valuation considering primarily economic and financial aspects of water; (b) the development, adoption, and implementation of regulatory instruments and consultative processes to improve implementation of participative aquifer management contracts; (c) the preparation and signature of participative aquifer management contracts in three selected aquifers; (d) the installation of smart meters for measuring groundwater withdrawals from large users and reducing withdrawals or demand thus increasing water availability during drier months; (e) the development, implementation, and adoption of a performance benchmarking framework to strengthen the performance of selected ABHs to deliver on their core functions of planning, managing, developing and protecting water resources, and operating and maintaining of infrastructure; (f) the operationalization of water information systems (SNIEAU and river basin); (g) improvements in water data management and information management systems, including regulations, formal specifications, and benchmarking for data generation, sharing, and access, quality assurance and control standards, upgrade, equipment, and maintenance of monitoring and information systems; (h) the installation and rehabilitation of hydrological stations and piezometers (integrating climate resilient design); and, (i) the operationalization of multiservice operators (energy and water supply distribution, and wastewater collection and treatment) performance systems and adoption of minimum service standards.",0.9429500753229315
"RA 2: Improving Financial Sustainability and Water Use Efficiency aims to enhance climate resilience by improving water valuation, reduce water losses from existing distribution systems, and encourage water conservation through communication campaigns.",0.8686388189142401
"Activities include: (a) the development of a Financial Sustainability Framework for the sector, including the development of a financial model for the sector to inform pricing strategies for specific sub- sectors and the adoption of a financial sustainability action; (b) the implementation of the PNAEPI communication strategy to raise awareness of the importance of water conservation, including baseline and end-strategy impact evaluations; and, (c) the implementation of water loss reduction plans, including the deployment of geographical information management systems (GIS) and hydraulic models; meters deployment (bulk- and micro-meters), network sectorization and pressure control program; and, leakage detection and rehabilitation campaigns.",0.8733179785988547
RA 3: Enabling the Integration of Non-Conventional Water Resources aims to improve the enabling environment for non-conventional water resources and scale-up of treated wastewater reuse.,0.8836180080067028
"Activities include: (a) the development of regulations to strengthen the enabling environment and facilitate the scaling-up of non-conventional water resources, focused on desalination (including provisions for limiting GHG emissions by promoting the use of renewal energies) and wastewater reuse; (b) the signature of conventions for use of treated wastewater; and, (c) the implementation of conventions for the use of treated wastewater, including: (i) upgrade of wastewater treatment plants (WWTPs) to increase the capacity for tertiary treatment and reuse of treated effluent for green spaces, industrial, aquifer recharge, and agricultural uses; and, (ii) construction of distribution systems for conveyance of treated wastewater reuse, including pipelines, pump stations and storage tanks.39 39The design of the distribution systems will consider resilient infrastructure design principles, such as those described in the World Bank (2020).",0.9002723693847656
“Resilient Water Infrastructure Design Brief”.,0.6452954899181019
"Summary of key attributes and scope of the Government program and the Bank-financed Program Feature Government program Bank financed Program Name National Program for Drinking Water Supply and Water Security and Resilience Program Irrigation (PNAEPI 2020-2027) Objective Consolidate and diversify water supply sources, boost To strengthen water sector institutions and water security, and reduce climate change impacts increase water availability in select areas in Morocco.",0.9416994615034624
"The Government Program is scheduled to 2023-2028 end 2027 but some of the activities will be launched in 2027 will be completed beyond 2028 Geographic Coverage Sector wide Adoption of sectoral wide frameworks Activities implemented in six ABHs (Loukkos, Sebou, Bouregreg-Chaouia, Oum Er Rbia, Tensift, and Souss Massa) and Régies within the geographical area of the six ABHS included in the Program Results Areas GP1: Water Supply Development RA1 supports GP1, GP2, GP3, and GP5 GP2: Water Demand Management RA2 supports GP2 and GP5 GP3: Wastewater Re-use RA3 supports GP1 and GP3 GP4: Rural Water Supply GP5: Communication and Awareness Overall Financing US$14.4 billion, of which US$350 million is financed by US$ 350 million IBRD in relation to the US$ 573 million expenditure framework associated with the activities under the program Note: GP= Government Program; RA= Results Area Program Financing 26.",0.8182286349209872
"Total program financing over the World Bank fiscal years 2023 - 2028 is expected to be MAD 5,801 million (equivalent to US$ 573 million).",0.8448794971812855
"Of this, an expected US$ 223 million equivalent (38.6 percent) will be funded by the GoM, and US$ 350 million equivalent (61.4 percent) will be financed through an IBRD loan.",0.8968554410067472
Allocation Summary by Results Area Results Area Implementing Entity Activity Amount (US$ Million) (% of total expenditure framework) RA 1: Strengthening Water Sector Governance MEE and ABHs Studies 131 23 MoI and Régies Goods and Services 66 12 Works 30 5 RA 2: Improving Financial Sustainability and MEF Studies 3 1 Water Use Efficiency MoI and Régies Goods and Services 76 13 Works 120 21 RA 3: Enabling the Integration of Non- MEE MoI and Régies Works 146 26 Conventional Water Total Expenditure Framework 573 100 Note: RA= Results Area  The World Bank Morocco Water Security and Resilience Program (P179192) 27.,0.9591227444735441
The PDO is to strengthen water sector institutions and increase water availability in selected areas in Morocco.,0.8681031140414152
Water information systems operationalized (value).,0.2907416387037797
Potable water savings in distribution water supply networks (m3).,0.7713771299882368
The PDO-level indicators were selected to measure the key achievements that the Program should reach within the implementation period and promote institutionalization and sustainability of the Government’s efforts under the PNAEPI.,0.19648564945567737
"Rationale for Disbursement Linked Indicators, by RA Disbursement Linked Allocation Rationale for selection Indicator (DLI) US$ million % RA 1: Strengthening Water Sector Governance DLI 1: National This DLI aims to incentivize the adoption of the PNE, which will set the 30-year vision for 53.000 15.14% Water Plan Adopted the water sector.",0.87169733914462
"It shall reflect the increasing uncertainty derived from climate change (PNE) such as increased water scarcity and drought; and the principles to strengthen the sector's governance, institutional, and financial aspects (including defining water valuation).",0.9112652865323153
"The preparation of the Plan entails significant coordination efforts among the relevant stakeholders, including the MEF, MEE, MoI, MAPMDREF, OCP Group, and service providers (irrigation and water supply and sanitation services); and reflects the water needs of sector-specific plans (notably the Generation Green Plan and OCP Group Water Plan).",0.8853216171264648
"The Superior Council of Water and Climate, chaired by the Prime Minister, will validate the PNE and it will be adopted by decree of MEE.",0.8516837033358488
"DLI 2: Groundwater This DLI seeks to support the GoM efforts to improve groundwater resources and 36.000 10.29% management for ensure long-term sustainability, including enhanced resilience to climate change selected aquifers exacerbated drought and water scarcity.",0.8939563577825372
"This DLI will incentivize developing, adopting, improved and implementing legal provisions and consultative processes for participatory aquifer management contracts.",0.8941587968306108
"Also, the DLI provides incentives for signing participatory management contracts in three significantly overexploited aquifers (Berrechid,  The World Bank Morocco Water Security and Resilience Program (P179192) Disbursement Linked Allocation Rationale for selection Indicator (DLI) US$ million % Maamoura, and Bahira).",0.9248441349376332
"Finally, the DLI supports GoM's effort for improved groundwater management by deploying smart meters to monitor groundwater abstraction in aquifers within the Program area, which will simultaneously increase water savings and reduce GHG emissions.",0.875924370505593
"DLI 3: River Basin This DLI provides incentives to strengthen river basin agencies (ABHs), key institutions 34.000 9.71% Agency performance for water resource management at the basin level.",0.9474937265569513
"To this end, the DLIs will support the framework adopted adoption of a performance benchmarking framework, which will allow ABHs to assess and performance their performance in delivering key functions (managing, planning, protecting water improved resources, and operating and maintaining public water infrastructure especially considering rising climate change vulnerabilities such as droughts and water scarcity) based on a maturity matrix.",0.8880807703191583
"To this end, the DLI will incentivize the adoption of the Decree establishing the operationalized and SNIEAU and ABHs' Water Resources Information Systems and the operationalization of used for decision- the systems, which entail: (a) interoperability between the SNIEAU and ABHs' Water making Resources Information Systems; (b) interoperability with relevant databases (stored water volumes in dams, inventory of wells by the National Conservation Agency, water quantity and quality, among others); and (c) their partial accessibility to the public.",0.875440077348189
"Finally, the DLI provides incentives for publishing the status of the annual hydrological situation, including water uses and water quality within the jurisdiction of the ABHSs included in the Program.",0.8527409813620828
DLI5: Water Service This DLI aims at establishing the foundations of the regulatory systems for the publicly 45.400 12.97% Operators' owned multiservice operators (energy and potable water distribution; and wastewater performance collection and treatment)- including two major elements: (a) KPIs reporting information system requirements feeding into an MoI digitalized performance information system; and (b) operationalized the definition of minimum service standards for electricity and water supply distribution and the wastewater collection and treatment.,0.8838879845359109
"RA 2: Improving Financial Sustainability and Water Use Efficiency DLI 6: Financial This DLI seeks to improve the sector's financial sustainability across the entire water 41.000 11.71% sustainability value chain by developing a Financing Sustainability Framework comprising a financial framework of the model, financial sustainability action plan, and regional water financing strategies.",0.9105580069802024
The water sector Framework will be developed based on the water valuation and cost-recovery principles improved included in the PNE (DLI #1).,0.8861065777865323
"These tools will facilitate GoM decision-making to bridge the gap between cost and revenues along the water value chain (including water mobilization through wastewater reuse and disposal), particularly considering the significant transformation of the water matrix envisaged under the PNAEPI.",0.8873927376487039
"In particular, the DLI will support developing a financial model and adopting a financial sustainability action plan.",0.8885693116621538
"All these tools will consider relevant costs (CAPEX and OPEX) and revenues (tariffs, transfers, and taxes).",0.9008731842041016
DLI 7: Volume of This DLI seeks to incentivize demand management efforts in the distribution systems by 40.000 11.43% potable water implementing non-revenue water reduction plans by Régies in the Program area.,0.946331110867587
"savings in Through the Program, 20 million m3 of potable water will be saved by Régies in the distribution water Program areas through network sectorization and pressure management, improved supply networks leakage control and repair, deployment of GIS tools, and rehabilitation of distribution mains leading to enhanced climate resilience during times of drought by increasing the availability and quality of water.",0.9005383578213778
" The World Bank Morocco Water Security and Resilience Program (P179192) Disbursement Linked Allocation Rationale for selection Indicator (DLI) US$ million % RA 3: Enabling the Integration of Non-Conventional Water Resources DLI 8: Wastewater This DLI supports the GoM's ambition to scale up treated wastewater for productive 56.125 16.04% reuse scaled-up uses (green spaces, golf, industry, tourism, agriculture, and others) as a strategic resource to mitigate increasing water scarcity risks.",0.9196387204256925
"Through this DLI, the Program will support the adoption of the bylaw defining the norms for wastewater reuse for agricultural purposes, noting that the general use of wastewater is already adopted.",0.8446220051158558
"In addition, the DLIs will incentivize the implementation of treated wastewater reuse projects, including expanding the installed capacity to the treatment level required for reuse and the distribution network from the wastewater treatment plant to the off taker of the treated effluent.",0.8981670032848011
"The Program will make 52 million m3 of treated wastewater available for reuse, thus enhancing resilience by reusing treated wastewater and increasing availability of freshwater resources for alternate uses (equivalent to 52 percent of the PNAEPI target).",0.8718206232244318
"The governance measures are intended to address the challenges of climate change-exacerbated water scarcity and the increased uncertainty in future water variability through incentivizing the incorporation and mainstreaming of measures in the data, information, and planning processes.",0.8496813340620561
"This includes specific provisions to incorporate climate change models and considerations into the PNE, and the performance evaluation framework for the ABHs.",0.606530102816495
"In addition to the contribution to the adaptation agenda, the Program includes several mitigation measures, specifically through the reduction in energy consumption as a result of reduced water losses that will generate savings in GHG emissions.",0.6856158429926092
"The PCU, nested at the MEE, will coordinate the timely consolidation and provision of monitoring data and supporting documents to the IGF and the World Bank.",0.8453178405761719
"The respective general inspection (See Annex 2) will be responsible for reviewing and approving the reports prepared by the PCU and submitting the verification results, along with any supporting documentation, to the MEF for subsequent transmission to the World Bank.",0.15495613488284024
 The World Bank Morocco Water Security and Resilience Program (P179192) III.,0.7797556790438566
"These are designed to ensure joint ownership by all stakeholders and reflect the multi-stakeholder and partnership-based nature of the PNAEPI, which relies on a close collaboration between actors across local, regional, and national tiers.",0.046713086691769684
"Program implementation arrangements PNAEPI Technical Commi ee Guidance (MEE, MoI, MEF, , ONEE, Others) M Coordina on Program Coordina on Unit MoI Technical MEE Management DRP Assistance (DRPE) Regies Operators DGH and Implementa on Non Revenue Wastewater DRPE RBAs Water Reuse 35.",0.9167979847301136
"The Technical Committee is required to meet as necessary, but at least twice a year, and is responsible for monitoring implementation of the PNAEPI.",0.14720340208573776
Specific responsibilities include: (a) ensuring PNAEPI’s coordination and implementation consistency; (b) establishing and informing a dashboard about the country's water resources and the progress of the implementation of the program; (c) proposing adjustments to the PNAEPI’s based on the water resources situation and the results of the studies carried out; and (d) overseeing the annual communication program.,0.8718453320589933
The MEE will be responsible for overall Program management through a Program Coordination Unit (PCU) established in the DRPE.,0.3706020008433949
"The PCU will be responsible for coordinating overall implementation, consolidating semi- annual progress reports submitted by the implementing entities, monitoring and reporting of DLIs, financial management and audits, and ensuring stakeholder coordination.",0.856948505748402
The PCU will report to the PNAEPI Technical  The World Bank Morocco Water Security and Resilience Program (P179192) Committee and be responsible for ensuring that the Program is implemented according to the Program Operations Manual (POM)40.,0.10365862196142023
"The POM will define the staffing requirements for the core team within the PCU, including, at a minimum, a Program Director, financial, procurement, environmental and social (E&S) specialists.",0.8264382102272727
The PCU will be supported throughout implementation by technical assistance to be funded through the corresponding government budget lines.,0.8186722668734464
"The implementing entities will be responsible for financial management, procurement quality control and management, compliance with E&S requirements, and reporting as per the POM.",0.8605542616410689
"The implementing entities will be supported by specialized technical assistance, which will be reflected in the respective budget lines of the implementing entities.",0.8522275577891957
1 National Water Plan (PNE) Adopted MEE 2 Groundwater management improved MEE and ABHs included in the Program 3 ABH performance framework adopted and ABH performance improved MEE and ABHs included in the Program 4 Water Information Systems operationalized and used for decision-making MEE and ABHs included in the Program 5 Operators' performance information system operationalized MoI and Régies included in the Program 6 Financial sustainability framework of the water sector improved MEF 7 Volume of potable water savings in distribution water supply networks Régies included in the Program 8 Wastewater reuse scaled-up MoI and Régies included in the Program 38.,0.8931198120117188
"The World Bank will provide implementation support based on the detailed Implementation Support Plan (Annex 7) the focus of which will be on the timely implementation of the agreed Program Action Plan (PAP) (Annex 6), provision of necessary technical support, conducting of fiduciary reviews, and monitoring and evaluation activities.",0.863802042874423
"Each implementing entity will be responsible for 40The POM will be prepared by the PCU, in coordination with the implementing agencies (MEE, MoI, MEF, ABHs and Régies).",0.1369662176478993
"The POM will provide overall guidance on Program implementation and will include information such as the detailed project description, financing plan, roles, and responsibilities for implementing agencies, the role of the World Bank during implementations, PCU staffing requirement, fiduciary requirements (procurement, financial management and fraud and corruption), E&S technical manual, and M&E arrangements.",0.8477918451482599
 The World Bank Morocco Water Security and Resilience Program (P179192) preparing semi-annual M&E reports on the progress toward achievement of the Program’s results and submitting these through the respective management entities (MEE and MoI) to the PCU.,0.8648414611816406
"The PCU will be responsible for consolidating all the data and documentation necessary for monitoring, verification, and evaluation purposes.",0.5313705531033602
The PCU will bear the responsibility for monitoring overall progress toward achievement of the Program's results and ensuring timely collection and provision of monitoring data and verification documents for the World Bank and IVA.,0.6791639761491255
"Once the World Bank has notified the Government in writing that it has accepted evidence of the achievement of the indicator and the amount of the eligible payment, the MEF will then submit applications for withdrawal per the amounts allocated to individual DLIs.",0.5142096172679554
The withdrawal amount against the DLIs achieved will not exceed the amount of the financing allocated by the World Bank for the specific indicator.,0.8663137609308417
The Program-financed results areas are embedded in the budget and expenditure management processes of the country system.,0.822047927162864
All payments of the Program will be made through the centralized Treasury Bank accounts held at the Central Bank (Bank Al-Maghrib).,0.7575444308194247
"The GoM, through its budget, will transfer the funds to the MEE and MoI based on the expenditure framework and activities to be executed by the directorates and agencies involved in the Program and thus prefinance the expenditure.",0.6497631072998047
"For advances and achieved results, the funds will be disbursed to the GoM’s Treasury Single Account opened at the Bank Al-Maghrib.",0.8344823663884943
"The Program includes capacity-building activities to strengthen technical, E&S, and fiduciary aspects.",0.8629466837102716
"Focal points of participating entities will be equipped and trained on identifying E&S risks and impacts regarding national regulations and international practices; the definition, implementation, and monitoring of mitigation measures; and the reporting and evaluation of the Environmental and Social Management System (ESMS).",0.8488697572187944
"Fiduciary capacity building will include (a) monitoring fiduciary implementation progress; (b) supporting the Government to resolve implementation issues and carry out institutional capacity building; and, (c) complying with audit reports.",0.860804557800293
"The Bank has leveraged trust fund resources to support the achievement of the Program results, particularly for activities to be carried out during the first two years  The World Bank Morocco Water Security and Resilience Program (P179192) of implementation.",0.871391469782049
"A Bank-executed Trust Fund (US$ 600,000) from the Global Facility for Disaster Reduction and Recovery (GFDRR) was secured to support the RA 1, specifically advising on the optimization of existing monitoring networks and issues around dams’ sedimentation.",0.8926148848100142
"Also, for the same RA, Bank-executed Trust Funds have been secured (US$ 400,000) from the Global Water Security and Sanitation Partnership (GWSP), specifically in guiding international experience and appropriate options to inform the development of institutional mechanisms for the water sector in Morocco, including guiding the development of a performance benchmarking framework for ABHs.",0.9170861677689985
"Similarly, resources from GWSP will support the achievement of results under RA 2 on Improved Financial Sustainability and Water Use Efficiency through international experience and approaches to the development of financial models and strategies to improve the sustainability of the sector, and international experience in formulating campaigns to influence water conservation behavior.",0.885326472195712
Capacity building and institutional strengthening will leverage synergies with other activities and Programs supported by the World Bank.,0.7485425255515359
This will help inform the preparation of the financing strategies for selected sub-sectors under RA2.,0.8731636567549272
"Also, efforts under the Program will be closely coordinated with efforts made by the General Meteorological Direction (Direction General de la Météorologie) and the National Agency on Water and Forest (Agence Nationale des Eaux et Forêts) under the Morocco Climate Operation / Support to Morocco’s Nationally Determined Contribution PforR (P178763; approved by the Board in June, 2023).",0.7982443029230292
"Finally, coordination with the Blue Economy PforR (P172926; approved by the Board on ) will be encouraged for contribution to the development of regulations relating to desalination.",0.8698243227871981
The Program’s strategic relevance is further underscored by its contribution to Morocco’s NDC for climate change mitigation and adaptation.,0.15853751789439807
"The Program will support the country’s climate adaptation priorities of reducing the impacts of water scarcity, droughts, and floods.",0.8583836121992632
"This will be achieved by strengthening the institutional framework for managing the development of water resources under increasing uncertainty due to climate change through the preparation and adoption of the PNE, enabling the introduction of non-conventional water resources, strengthening data and knowledge to inform more robust investment planning and decision-support systems, including contingency preparedness and responses to extreme hydroclimatic events, and improving the understanding and management of strategic groundwater resources.",0.9130584543401544
The Program will also directly support the emissions reduction target in the NDC through investments in wastewater treatment and the energy efficiency gains that can be realized through investments in water loss reduction in distribution networks.,0.8402763713489879
"The Program is built around three distinct but complementary results areas that emphasize efforts to strengthen the  The World Bank Morocco Water Security and Resilience Program (P179192) governance framework, improve water resource management, augment sources of supply through the integration of non-conventional resources into the water accounts, improve financial sustainability in response to the changing value of water, and improve the water data quality, information, and knowledge needed to inform more robust decision making.",0.9228817332874645
This facilitated the exclusion of high-risk activities -such as large-scale civil works related to desalination- and procurement of works estimated to exceed the Bank’s thresholds.,0.5730586485429243
"There is a high degree of predictability in the timely release of budget appropriations, and the sustainability of the expenditure framework of participating entities is assured.",0.25837681510231714
"The Finance Laws (Lois de finances) for 2021, 2022, and 2023 include specific provisions for the implementation of measures envisaged under the PNAEPI aimed at increasing water availability, such as projects related to water transfers, seawater desalination, and the reuse of treated wastewater.",0.8702662207863547
"As a result, the alignment of the budget with government priorities, classification, sustainability, and predictability is considered sufficient.",0.07232382080771706
The financial sustainability of the Program is assured by the Government’s overall medium-term budget trajectory.,0.8564808585427024
An evaluation of the costs and benefits confirms the economic rationale for the Program.42 The Program's economic feasibility analysis compared its estimated economic benefits and costs.,0.04187756505879489
The cost-benefit analysis estimated the economic feasibility of the Program by calculating the net present value (NPV) of cost and benefit streams and determining the Program ERR.,0.37530500238591974
"This includes converting financial cash flows associated with activities contributing to results under RA 2 and RA 3 into economic cash flows to eliminate distortions caused by taxes, subsidies, and other 41 Ministry of Economy and Finance, Report on budget execution and three-year macroeconomic framework published in connection with the 2023 finance law.",0.9252758893099698
Cost-benefit analysis monetizes all major benefits and all costs associated with a project so that they can be directly compared with each other as well as to reasonable alternatives to the proposed project.,0.6540943059054288
 The World Bank Morocco Water Security and Resilience Program (P179192) externalities and using these to estimate economic costs and benefits.,0.8755600669167258
"Benefits include (a) increased water revenues resulting from physical and commercial loss reductions; (b) decreased operational costs resulting from leak detection and reduced energy requirements; (c) revenue from the sale of treated wastewater; (d) GHG emission reductions owing to reduced energy requirements, and (e) reductions in local pollutants from WWTP effluents.",0.9725571545687589
"Also, the economic analysis considered the incremental O&M savings from reducing production, pumping, and energy consumption costs.",0.8886831456964667
Significant GHG emission savings are expected from water loss reduction programs leading to an overall decrease in energy usage and a reduction in localized pollutants resulting from the increased tertiary treatment capacity of WWTPs.,0.8598865162242543
A reduction in localized pollutants is expected from WWTPs upgrades to increase the capacity for tertiary treatment and reuse of treated effluent for green spaces and industrial and agricultural uses.,0.9612315784801136
These improvements in effluent quality will decrease pressure on scarce freshwater resources in the receiving water body.,0.5144190788269043
Investments in water loss reduction will postpone the need to invest in non-conventional water sources.,0.11575038866563277
"Treated wastewater and desalination represent consistent water sources for urban demand and irrigated agriculture, especially in droughts, as diversifying the water supply will increase resilience and water security.",0.718377720225941
Supporting the enabling environment and regulatory framework will provide Morocco with a viable path to securing its water future.,0.8922344554554332
"Similarly, the principles for water valuation (included under DLI#1) are key to informing water pricing and allocation decisions and promoting more efficient water allocation.",0.8146431662819602
Demand management and conservation strategies will be increasingly important as water scarcity increases to strengthen climate resilience.,0.8578969782049005
The Program is expected to improve the water sector's financial sustainability.,0.8893567865545099
"In addition to the interventions of the Program, which are expected to increase revenues and reduce operational costs, a financial model of the water sector will be developed to improve financial sustainability and inform policy decisions.",0.9174428419633345
"It will allow multiple institutions (ABHs, Régies, and water supply operators, among others) to improve the overall financial efficiency of the water sector and public expenditure management by combining capital expenditure planning with water pricing and ongoing operations.",0.971764477816495
Integrating the valuation of water services will allow service providers to consider water pricing strategies across users that enable smart water usage and inform water allocation decisions.,0.8703729456121271
"The Program results are intended to support these efforts by fostering accountability, transparency, and trust in the water sector by (a) developing information systems at the national and river basin levels to provide access to regularly updated data to citizens; (b) engaging citizens through communication campaigns to influence perceptions and awareness of water use and improve water conservation; and (c) developing groundwater management contracts with the participation of water users.",0.16284768147902054
"A dedicated indicator related to citizen engagement is included in the result framework in relation to results achieved under DLI#4 and refers to “users’ feedback on water information systems and services”, aiming at 43A shadow price is the true economic value or opportunity cost of an activity (as opposed to the market price).",0.8906674818559126
Guidance note on shadow price of carbon in economic analysis.,0.5039000944657759
 The World Bank Morocco Water Security and Resilience Program (P179192) monitoring users’ satisfaction on water resources related data and information services (such as dashboard and decision support tools available in water resources information systems) operationalized under the Program.,0.8643897663463246
An Integrated Fiduciary Systems Assessment (IFSA) of the Program was carried out following the World Bank Policy on PforR Financing.,0.869733290238814
" The World Bank Morocco Water Security and Resilience Program (P179192) documents and data collected from the implementing entities through a fiduciary questionnaire, and the experiences derived from PforR operations in Morocco.",0.8354483517733488
"The IFSA concluded that the existing fiduciary systems of implementing entities meet Bank PforR Financing requirements, subject to the mitigation measures and actions included in the PAP.",0.8717268163507635
Public financial management -including country procurement systems followed by the entities and assessed by the IFSA- is acceptable to the Bank and meets the requirements for implementing a PforR.,0.8679175810380415
The key fiduciary risks identified in the IFSA include procurement and financial management (FM) risks.,0.8573101217096503
"On the FM front, risks include (a) delayed execution of budgets by some ABHs and Régies and commitments of funds due to the challenges derived from the implementation of the PPD and the compliance with E&S requirements; (b) delayed preparation of consolidated financial statements and submission of Program audit reports due to a large number of implementing entities located around the country which requires an effective and adequate fiduciary coordination mechanism; (c) the lack of familiarity with PforR financing instruments of most of the entities (e.g., ABH, Régies, and DRPE) involved in the Program implementation combined with the use of “Excel” spreadsheets to prepare consolidated financial reports may impact the fiduciary performance of the Program, including the quality and timeliness; and, (d) follow up of audit recommendations and the internal audit unit at the MEE as per the Decree No.05-2019.",0.800728364424272
"Bank operations in the sector linked to water and irrigation, such as the Morocco Rural Water Supply Project and the Morocco Large Scale Irrigation Modernization Project, have faced challenges, with an extension of the closing date required to complete works and last payments.",0.9221122048117898
" The World Bank Morocco Water Security and Resilience Program (P179192) promptly; (b) develop and implement a capacity-building program on the PPD46; (c) maintain a register of all procurement-related complaints and ensure that they are treated promptly, (d) including as part of the semi-annual report a section on the Program's procurement performance, including key performance indicators; and, (e) include in the bidding documents an eligibility check clause requiring implementing entities to ensure that any person or entity debarred or suspended by the Bank is not awarded a contract, or otherwise allowed to participate in or benefit from the Program during the period of such debarment or suspension by the Bank.",0.8524372794411399
"To strengthen the fiduciary coordination, expenditure reconciliation, and financial reporting, the PAP will support (a) the development of standard tools and documents for fiduciary reporting to relevant implementing entities (to be included as part of the POM); and (b) the deployment of performance management with the support of the Bank fiduciary team through monitoring of key fiduciary performance indicators.",0.8810157775878906
Implementing entities will monitor and abide by the World Bank’s debarred/suspended firms list.,0.18890495733781296
An Environmental and Social System Assessment (ESSA) was carried out following the World Bank Policy on PforR Financing.,0.8597681739113547
"The Program encompasses eligible non-structural and structural activities, with the ESSA identifying measures to strengthen the E&S management system.",0.8298336375843395
"Through water reduction programs and WWTPs upgrades to the tertiary treatment level, the Program will support Morocco’s climate adaptation priorities, safeguarding water for domestic, industrial, and agricultural purposes.",0.8815075267444957
"This will increase the sustainable and safely managed drinking water available for households, reduce waterborne diseases, improve water quality, reduce the 46These include: (i) deliver a training to Procurement Officials and other stakeholders on the PPD; (ii) develop guidance notes on the new features such as rated criteria and competitive dialogue with more targeted training on these new features; and (iii) update the Bidding Documents in line with the PPD.",0.8463346307927911
" The World Bank Morocco Water Security and Resilience Program (P179192) pollution and degradation of soil and groundwater resources, and improve community health.",0.8229494094848633
"The Program will also (a) advocate a participatory and collaborative approach to the implementation of activities using collaborative leadership approaches, which will give boost citizen engagement; (b) introduce positive behavioral changes among stakeholders in terms of management and prudent use of water resources; and (c) contribute to strengthening the grievances redress mechanisms (GRMs).",0.8665855581110175
Potential E&S risks have been identified and can be managed or mitigated.,0.3211922428824685
"Following the World Bank’s Operational Policy on PforR, these have been excluded from the Program.47 The ESSA estimated that the potential negative impacts of additional 22 activities would be reversible, specific risk mitigation measures have been identified, and their implementation will prevent negative impacts.",0.8180114572698419
"For those activities that do not require an environmental impact assessment (EIA) according to the EAI Law 12-03 (2003) -such as the rehabilitation of drinking water networks- an ESMP must be prepared before the start of works to ensure that (a) its requirements are included in the works contract; and, (b) that monitoring of the required mitigation measures is effective, documented and evaluated.",0.8438414660367098
For activities listed in the EAI Law -such as WWTPs- the EAI Law stipulates that any change to the approved design requires an updated EIA.,0.4154996004971591
"Therefore, all WWTPs under the Program must update the EIA and comply with the joint order 1276-01 (dated ) governing wastewater reuse.48 68.",0.8461211811412465
"The E&S management system is considered adequate within the context of the PforR Policy, and some actions will be included to strengthen its performance.",0.822267705743963
"48 The reuse of wastewater in Morocco is governed by the joint order 1276-01 (dated ) of the (then) Ministry of Equipment and the Ministry in Charge of Regional Development, Environment, Urban Planning and Housing, that establishes water quality standards for irrigation and the obligations of users regarding monitoring the quality of treated wastewater before reuse.",0.8718310269442472
" The World Bank Morocco Water Security and Resilience Program (P179192) system, the “chikaya.ma” portal, is operational since 2018 and was effective during the outbreak of the COVID-19 pandemic as it provided the only means to contact the Moroccan administration.",0.8515678752552379
"), identify adequate social and environmental mitigation measures, and prepare and implement the corresponding action plans based on the following: • Environmental and Social Impact Assessments (ESIAs), including resettlement action plans as necessary (RAPs), for all activities involving moderate E&S risks • Environmental and Social Management Plans (ESMPs) for all activities involving moderate E&S risks • Screening checklists for all activities with low E&S risks • Community participation plans and stakeholders’ engagement plans as required by the ESSA Action Plan and as per the E&S Technical Manual • Establishment of functional and accessible GRMs for all project-related activities as stated in the ESSA Action Plan.",0.7677626176313921
The capacity for managing E&S aspects related to the Program activities requires significant strengthening measures.,0.7288305109197443
The EIA Law 12-03 provides the administrative authorizations for any project subject to a decision of environmental acceptability based on an EIA.,0.8456124392422762
"The procedures and principles governing the context of the EIAs are generally in line with international practice, and the environmental management and EIA procedures are clear at the technical level and sound at the institutional level.",0.8192534013227983
"However, the capacity of the various institutions responsible for managing E&S aspects related to the Program activities requires significant strengthening.",0.46752955696799536
"Thus, the Program will support specific measures to strengthen the performance of the Moroccan E&S management systems, including aspects related to (a) E&S management systems; (b) M&E; and (c) E&S management capacities.",0.8646729209206321
"The overall risk rating for the Program is Substantial, due to substantial risks associated with the macroeconomy, sector strategies and policies, institutional capacity for Implementation and sustainability, fiduciary, E&S, and stakeholders (see datasheet).",0.8602045232599432
 The World Bank Morocco Water Security and Resilience Program (P179192) 74.,0.12171640179374
"The New Development Model and the reform agenda launched by the GoM would improve the attractiveness of Morocco for private investment, especially in promising sectors with high value- added, and mitigate the impact of these potential risks.",0.6977740634571422
"The IMF has recently approved a precautionary Flexible Credit ine, which will boost Morocco’s external buffers contributing to mitigate residual macroeconomic risks.",0.9006752534346147
"Reducing the gap between water demand and supply, while protecting and securing water resources and building resilience to increasing hydro-climatic variability due to climate change, is a priority of the GoM.",0.8666682676835493
Activities contributing to the Program objectives of mobilizing water resources while strengthening the capacity for improved water resources planning and management are also key to climate change adaptation as per the country’s NDCs.,0.845452915538441
"Mitigating risks related to data sharing and access are central to the Program, including developing standardized data-sharing protocols and facilitating data transfer, as a share of the Program’s success depends on data-sharing and data-access policies of the ministries involved and ABHs.",0.34260171109979803
The creation of SRMs after the passing of the Law in Parliament (expected in 2023) may impact Program implementation if it involves Régies included under the Program.,0.001875994388352741
"Since the regionalization process is expected in the coming years, specific mitigation measures will be identified during Program implementation as needed.",0.2425209175456654
"The Program also supports a series of important institutional reforms, including measures to improve the valuation of water and financial sustainability.",0.8824499303644354
The investment capacity building under the Program will establish a strong institutional basis for the sustainable continuation of the systems and services.,0.6138479059392755
"The increasing investment in non-conventional water resources, particularly desalination, is also changing the sector's cost structure.",0.8110323819247159
"A series of measures have been integrated into the results framework to support the process of building consensus on the roadmap required to ensure the institutions and the financial structure of the sector are sustainable, including through the adoption of the PNE.",0.8386884169145064
These reforms will be supported by aligning with the high-level inter-ministerial mechanisms established under the PNAEPI.,0.11924338340759277
"The lack of familiarity of institutions in the water sector with the PforR instrument will also require significant efforts during implementation to  The World Bank Morocco Water Security and Resilience Program (P179192) ensure adherence to the policy requirements, strengthened monitoring, and timely submission of reports to ensure disbursements in line with the Program objectives.",0.8261354619806464
The Program is expected to bring significant E&S benefits by strengthening sector institutions and increasing water availability.,0.7694813121448864
"Construction activities required to achieve the Program's objectives are largely limited to small-scale, localized works related to reducing water losses in distribution networks and upgrading existing WWTPs and associated infrastructure for reuse.",0.8631526773626154
This introduces several risks to achieving the Program’s intended outcomes but reflects the complexity of the various measures needed to improve water security along the water value chain.,0.8115809180519797
"This includes stakeholders involved in managing the development of water resources, those involved in the provision of services, along with a wide range of users in various sectors.",0.8668202486905184
"These challenges define the objectives and inform the design of the activities supported under the Program and the expected outcomes, part of which is focused on strengthening institutions in the water sector.",0.8344107541170988
"Provisions have been included in the implementation arrangements to strengthen this coordination, including budgeted technical assistance for the PCU and focal points from the different implementing entities.",0.8371483195911754
"Specific results are included to incentivize collaboration, including technical working groups for the institutional and financial sustainability aspects – which will be adopting innovative approaches such as collaborative leadership.",0.8435805927623402
 The World Bank Morocco Water Security and Resilience Program (P179192) ANNEX 1.,0.5874751697887074
" The World Bank Morocco Water Security and Resilience Program (P179192) Results Framework COUNTRY: Morocco Morocco Water Security and Resilience Program Program Development Objective(s) The Program Development Objective is to strengthen water sector institutions and increase water availability in selected areas in Morocco Program Development Objective Indicators by Objectives/Outcomes RESULT_FRAME_TBL_ PD O Indicator Name DLI Baseline Intermediate Targets End Target 1 2 3 4 Strengthened Water Sector Institutions The draft National A revised draft of the Water Plan National Water Plan incorporating climate incorporating climate The draft National Water The draft National Water scenarios and scenarios and A revised draft of the National Water Plan (PNE) Plan endorsed by the Plan endorsed by the considerations and the DLI 1 considerations and the National Water Plan Adopted (Text) Interministerial Superior Council of principles to strengthen principles to strengthen prepared Commission for Water Water and Climate governance, institutions, governance, institutions and financial aspects and financial aspects adopted by decree and prepared published BADRE21 is the water The SNIEAU is partially The water resources resources information The SNIEAU accessible to the public information systems system in place, Two (02) ABHs' included operationalized, pursuant to the decree upgraded for two (02) comprising key data on in the Program have interconnected with and used as a decision Water information systems ABHs' included in the DLI 4 water resources at ABH Program operationalized a water relevant databases, and support tool for water operationalized (Text) and MEE resources information interoperable with ABHs resources evaluation, A prototype SNIEAU system water resources management and Three (03) protocols for information systems planning.",0.912686521356756
"platform developed in data sharing signed 2017 at MEE  The World Bank Morocco Water Security and Resilience Program (P179192) RESULT_FRAME_TBL_ PD O Indicator Name DLI Baseline Intermediate Targets End Target 1 2 3 4 ABHs water information Two (02) ABHs published systems at different annual hydrological stages of development status, including water reporting data to the uses and evolution of BADRE21 the water quality, in the Water databases SNIEAU.",0.8082650791515004
"managed by other entities not interoperable with ABHs water information systems Increase water availability in selected areas in Morocco 6,500,000 m3 of potable water savings in Volume of potable water distribution water supply savings in distribution water DLI 7 networks in 2022 5,250,000 4,000,000 4,000,000 3,250,000 3,500,000 supply networks (Volume m3) (compared to 2021) for (Text) Regies under the Program Volume of treated wastewater 0 m3 of treated made available for reuse under wastewater made DLI 8 7,000,000 4,700,000 3,400,000 11,900,000 25,000,000 the Program (Volume m3) available for reuse under (Text) the Program .",0.9467096328735352
"Strengthened Water Sector Governance Three (03) technical The Agreement between Decree on participatory studies supporting Three (03) participatory Three (03) participatory Participatory groundwater the MEE and MAPMDREF groundwater participatory groundwater groundwater DLI 2 management improved (Text) for managing selected management contracts groundwater management contracts management contracts aquifers signed adopted management contracts prepared and consulted signed prepared 0 smart meters for Smart meters for monitoring monitoring of groundwater withdrawals by groundwater withdrawals 10.00 10.00 10.00 10.00 10.00 large users installed under the for large users installed Program (Text) under the Program An annual action plan for performance improvement adopted by each of the six (06) ABHs' An annual action plan An annual action plan included in the Program for performance for performance improvement adopted improvement adopted The performance score An annual action plan by each of the six (06) by each of the six (06) for three (03) ABHs for performance ABHs' included in the ABHs' included in the ABH performance framework There is no ABH The ABH performance improved compared to improvement adopted Program Program adopted and ABH performance DLI 3 performance framework framework adopted by prior year by each of the six (06) improved (Text) in place the MEE in CY24 ABHs' included in the Program The performance score The performance score Publication by MEE in the for three (03) ABHs for three (03) ABHs SNIEAU of a report on improved compared to improved compared to ABH performance prior year prior year improvement, including comparative assesment and gender disaggregation as appropriate  The World Bank Morocco Water Security and Resilience Program (P179192) RESULT_FRAME_TBL_ IO Indicator Name DLI Baseline Intermediate Targets End Target 1 2 3 4 The adopted annual The adopted annual The adopted annual action plan for action plan for action plan for The adopted annual performance performance performance Women are action plan for improvement for each of improvement for each of improvement for each of underrepresented in The adopted ABH performance the six (06) ABHs' the six (06) ABHs' the six (06) ABHs' included ABH gender performance leadership roles and are performance framework improvement for each of included in the Program included in the Program in the Program includes score improved (Text) not effectively targeted in includes gender specific the six (06) ABHs' includes gender specific includes gender specific gender specific actions communication performance scoring included in the Program actions actions campaigns in ABHs includes gender specific actions Three (03) ABHs with Three (03) ABHs with Three (03) ABHs with improved gender improved gender improved gender performance scores performance scores performance scores The draft Decree The Water Law 36-15 The draft Decree establishing the SNIEAU The Decree establishing provided for the establishing the SNIEAU and ABHs' water the SNIEAU and ABHs' Decree on water information establishment of water and ABHs' water resources information water resources systems adopted (Text) information systems at resources information systems agreed upon information systems national (SNIEAU) and systems prepared with relevant adopted ABH levels stakeholders 10 percent increase in Users’ satisfaction users’ satisfaction on No users’ feedback baseline is established Users’ satisfaction water data and Users’ feedback on water mechanism is available in once the water baseline is established information services from information systems and prototype SNIEAU and resources information once SNIEAU is the SNIEAU and from services (Text) ABHs water information systems in three (03) operationalized basin-level water systems ABHs are information systems is operationalized achieved Hydrological stations and Diagnostic of the An action plan, and Quality and Control Quality and Control The Quality and Control Hydrological and piezometers are installed hydrological and guidelines/manuals to Assurance Plan for Assurance Plan for Assurance Plan for hydrogeological data quality in ABHS under the hydrogeological data improve hydrological hydrological and hydrological and hydrological and improved (Text) Program and report data measurement chain and hydrogeological hydrogeological data hydrogeological data hydrogeological data  The World Bank Morocco Water Security and Resilience Program (P179192) RESULT_FRAME_TBL_ IO Indicator Name DLI Baseline Intermediate Targets End Target 1 2 3 4 prepared measurements prepared prepared adopted operationalized in one (01) ABH The water data Regulatory texts on management system standards for the developed hydrological and hydrogeological measurement chain prepared 12 new or existing 12 new or existing 12 new or existing Hydrological stations and stations reporting data stations reporting data stations reporting data Number of stations and piezometers are installed Six (06) studies for automatically automatically automatically piezometers reporting data in ABHs under the stabilizing gauged (Text) 30 new or existing 30 new or existing 30 new or existing Program and manually sections prepared piezometers reporting piezometers reporting piezometers reporting reporting data data automatically data automatically data automatically Absence of minimum service standards for The MoI has adopted a electricity and water Circular stipulating the supply distribution and minimum service The MoI has developed a the wastewater collection standards for electricity digitalized performance At least 50% of and treatment by and water supply information system, At least 75% of An annual report multiservice operators in multiservice operators.",0.9124774932861328
"distribution and for including (1) KPIs for multiservice operators produced by the MoI on the Program area Multiservice operators' wastewater collection operational and financial Program area provide multiservice operators' provide annual performance information DLI 5 and treatment to be performance and annual performance performance, including Annual reporting of performance reports system operationalized (Text) complied with by reporting requirements reports through the comparative KPI operational and financial multiservice operators in by multiservice through the digitalized digitalized performance benchmarking, available performance by performance charge of electricity and operators; and (2) tools information system in the SNIEAU multiservice operators information system water supply for performance included under the distribution, and benchmarking Program to the MoI wastewater collection though certified and treatment management reports.",0.9147520065307617
"Improved Financial Sustainability and Water Use Efficiency  The World Bank Morocco Water Security and Resilience Program (P179192) RESULT_FRAME_TBL_ IO Indicator Name DLI Baseline Intermediate Targets End Target 1 2 3 4 There is no financial A financial sustainability The financial sustainability model for the water A financial model for the Financial sustainability action plan for the water action plan for the water sector, no financial The Technical Working water sector endorsed framework of the water sector DLI 6 sector endorsed by the sector adopted by the sustainability action plan, Group established by the Technical improved (Text) Technical Working Interministerial and no sector specific Working Group Group Commission for Water financing strategies Communication campaigns for The baseline evaluation The PNAEPI The impact evaluation of the reduction of water on the effect of Two (02) communication Two (02) communication Two (02) communication communication strategy communication consumption implemented communication campaigns implemented campaigns implemented campaigns implemented was adopted in 2021 campaigns completed (Text) campaigns prepared Number of District Metered 400 District Metered Areas established in potable Areas (DMAs) established 50.00 50.00 50.00 50.00 50.00 water distribution networks as of end-2022 in the (Text) Regies under the Program RA3.",0.897285981611772
Enabled Integration of Non-Conventional Water Resources The Water Law 36-15 The draft decree on Enabling environment for includes provisions for the 100 people trained on seawater desalination The decree on seawater integration of desalinated development of PPP contracts and their consulted with relevant desalination adopted water improved (Text) regulations concerning management stakeholders seawater desalination The Decree No2-97-875 The draft decree on The draft decree on the of 1998 on the modalities wastewater reuse modalities for wastewater for wastewater reuse has consulted with relevant reuse adopted not been updated based stakeholders Enabling environment for on the Water Law 36-15 100 people trained in integration of wastewater The bylaw defining the of 2016 wastewater re-use The draft bylaw defining reuse improved (Text) norms for wastewater There is no regulation the norms for reuse for irrigation concerning the norms for wastewater reuse for purposes adopted by the wastewater reuse for irrigation purposes MEE irrigation purposes consulted with relevant  The World Bank Morocco Water Security and Resilience Program (P179192) RESULT_FRAME_TBL_ IO Indicator Name DLI Baseline Intermediate Targets End Target 1 2 3 4 stakeholders 0 agreements for treated Number of agreements for wastewater reuse wastewater reuse projects projects signed by 3.00 3.00 3.00 3.00 3.00 signed (Text) relevant stakeholders under the Program .,0.9104714827104048
 The World Bank Morocco Water Security and Resilience Program (P179192) .,0.7524722706187855
Monitoring & Evaluation Plan: PDO Indicators Methodology for Data Responsibility for Data Indicator Name Definition/Description Frequency Datasource Collection Collection This indicator will be led by MEE.,0.6432920802723278
This indicator monitors the preparation and adoption of the National Water Plan (PNE).,0.8633337020874023
"The Water Law 36- 15 provides for the adoption by Decree of the National Water Plan, which the MEE shall prepare in coordination with all the relevant stakeholders, Semi-annual Semi-annual progress including the MEF, progress Semi- reports produced by the National Water Plan (PNE) Adopted MAPMDREF, MoI, ONEE, reports MEE Annual MEE detail information OCP, services providers produced by on progress made.",0.8643892461603339
(irrigation and potable the MEE water) -among others.,0.8395093571056019
The MEE prepared a draft PNE submitted for review by the Interministerial Commission for Water in December 2019.,0.7754052769054066
"Given the increasing risk of water insecurity and the renewed vision for the country outlined in the New Development Model Report (April 2021), the  The World Bank Morocco Water Security and Resilience Program (P179192) existing draft PNE shall be reviewed and updated as needed.",0.8575356223366477
"It shall reflect the increasing uncertainty derived from climate change; and the principles to strengthen the sector’s governance, institutional, and financial aspects.",0.8956115896051581
"The revised draft PNE shall be prepared using participative approaches, as provided by the Water Law, including contributions of the MEF, MEE, MoI, MA, OCP, service providers (irrigation and water supply and sanitation services), and others.",0.8906267339533026
"The revised draft PNE shall  The World Bank Morocco Water Security and Resilience Program (P179192) encompass the following: (a) A comprehensive diagnosis of the water sector (b) An assessment of the major sector challenges and threats -including the impacts of climate change- and potential scenarios of evolution of demand and supply under several climatic scenarios (c) The long-term vision, objectives, and strategic orientations of the water sector (d) The principles for water resources mobilization and their use, and the protection of water resources (surface and groundwater) (e) The principles to strengthen the sector's governance, institutional, and financial aspects (principles for water valuation) for water security.",0.8617525967684659
"The water valuation and cost- recovery principles should be tailored to the Moroccan context in order  The World Bank Morocco Water Security and Resilience Program (P179192) to inform an appropriate mix of policies and instruments for sustainable water management and include details on the priorities and levels of assurance for allocating different water sources among different sectors, the principles of cost recovery, and the elements to ensure full cost accounting across the water sector (including CAPEX, OPEX, and environmental and social externalities).",0.8877844376997515
"Year 2025: After consultation with relevant stakeholders and incorporating their comments, the revised draft PNE has been endorsed by the  The World Bank Morocco Water Security and Resilience Program (P179192) Interministerial Commission for Water Year 2025: After consultation with relevant stakeholders and incorporating their comments, the revised draft PNE has been endorsed by the Superior Council of Water and Climate.",0.8110261396928267
"The water reports and information systems under accompanying this indicator are for the documentation from the ABHs included in the ABHs included in the MEE Water information systems Program (Loukkos, Sebou, Program and prepares Annual ABHs MEE operationalized Bouregreg-Chaouia, Oum consolidated progress concerned Er Rbia, Tensift, and Souss reports on Massa).",0.8428130583329634
"operationalization of water information This indicator monitors systems and their progress to establish and use for water resources  The World Bank Morocco Water Security and Resilience Program (P179192) operationalize the SNIEAU evaluation, planning and and the water information management.",0.8755408200350675
This indicator is achieved as follows: Year 2025: Two (02) ABHs included in the Program have developed or upgraded their water information system for measurement and management of water quantity and quality.,0.8583985241976652
"Year 2026: The water information systems in two (02) ABHs included in the Program area are operationalized and meet the following minimum criteria: (a) The systems are developed or upgraded in conformance with regulations in force (b) The systems include data supplied by the concerned ABH and relevant sub-national level entities within the domain area of the ABH concerned (c) A minimum of four (04) sub-national level entities within the area of the ABH concerned are provided with access/user account and provide feedback on the use of the system (d) The concerned ABH conducts and reports every  The World Bank Morocco Water Security and Resilience Program (P179192) two months functionality tests, confirming data is updated and shared and incorporates feedback from users through the established feedback mechanism Year 2027: The SNIEAU is operationalized, interconnected with relevant databases, and interoperable with ABHs water resources information systems and meet the following minimum criteria: (a) The SNIEAU is developed or upgraded in conformance with regulations in force (b) The SNIEAU includes data supplied by MEE and from at least two (02) ABHs included in the Program (c) The SNIEAU includes a Geographic Information System (GIS) for water resources data, which include -at a minimum- tools to search, access, visualize, and download water data, and generate  The World Bank Morocco Water Security and Resilience Program (P179192) maps, charts, and reports (d) A minimum of four (04) stakeholders are provided with access/user account and provide feedback on the use of the system (e) The MEE conducts and reports monthly functionality tests, confirming data is updated and shared and incorporates feedback from users through the established feedback mechanism.",0.843215595592152
"Year 2028: The SNIEAU is partially accessible to the public and used as a decision support tool for water resources evaluation, planning and management and meets - at a minimum - the following criteria: (a) The SNIEAU is partially accessible to the public via a website portal, including web apps or other means of access (b) Decision support tools linked to the SNIEAU consist of the user-data-  The World Bank Morocco Water Security and Resilience Program (P179192) model interface corresponding to the specific decision-objective to be informed, including evaluation scenarios or reference indicators or thresholds for triggering decisions, and information is generated and disseminated to decision- makers and users (e.g reports, bulletins, short message services, etc.)",0.868132851340554
"AND Two (02) ABHs have published the annual hydrological status in the SNIEAU, including water uses and the evolution of water quality, and meet - at a minimum - the following criteria: (a) Annual status includes surface water, groundwater, desalinated and reuse water and water use (b) Annual status reported at the river-basin scale and aggregated at the level of the concerned ABH  The World Bank Morocco Water Security and Resilience Program (P179192) (c) Annual status is available online, and reports include methodology and descriptions as applicable.",0.6400185498324308
operational reports on water loss reduction This indicator measures the MoI Annual activities including the annual volume of potable Volume of potable water savings in Report based volume of water savings water savings in distribution water supply networks Annual on Régies MoI prepares annual Régies and MoI-DRPL distribution water supply (Volume m3) operational report which networks achieved by reports consolidates the volume Régies included in the of water savings from Program due to the loss the Régies included in reduction programs the Program implemented each year.,0.8802446885542436
"“Water savings” are defined as the volume of water (m3) that the operator is not buying or producing in a given year due to the efforts implemented to improve  The World Bank Morocco Water Security and Resilience Program (P179192) the efficiency of the network, such as leakage detection, localization and reparation works performed on distribution networks, sectorization of the network, etc.",0.906886100769043
The volume of water savings are calculated in cubic metres as per the following formula: [[Efficiency of the network in year N+1] – [Efficiency of the network in year N]] X [volume of water sold in year N+1].,0.6771189949729226
"The efficiency of the network in year N is calculated as follows: [Volume of water sold in year N] / [Volume of water produced and bought in year N] This result is scalable up to 10 percent of 20,000,000 m3 of potable water savings in distribution water supply networks achieved by Régies included in the Program  The World Bank Morocco Water Security and Resilience Program (P179192) during the Program implementation.",0.91936579617587
This indicator monitors the volume of treated Implementati wastewater in cubic meters on progress made available for reuse as reports established in the signed prepared by treated wastewater reuse (a) the The monitoring agreements to be executed monitoring committee established within the Program area.,0.8672010248357599
"committee in the reuse agreement For the treated wastewater established in prepares semi-annual Volume of treated wastewater made to be made available for the reuse performance reports, available for reuse under the Program reuse, the works defined in Annually MoI agreement, which include data on (Volume m3) the concerned signed and (b) the the quantity and quality treated wastewater reuse construction of treated wastewater agreements shall be companies made available for completed, including the selected for reuse.",0.8788077614524148
expansion of the the reuse wastewater treatment agreement plant capacity for the associated required level of treatment works.,0.8811960220336914
"for reuse purposes, the distribution network, and associated infrastructure (pumping stations, storage tanks, electric line, and others).",0.8812713623046875
" The World Bank Morocco Water Security and Resilience Program (P179192) The treated wastewater shall comply with the regulations in force concerning wastewater reuse for productive purposes (green spaces, golf courses, agriculture, industry, commercial, aquifer recharge, and others).",0.8621573014692827
"This result is scalable up to 10 percent of 52,000,000 m3 of treated wastewater in cubic meters made available for reuse within the Program areas during the Program .",0.08969793536446312
 The World Bank Morocco Water Security and Resilience Program (P179192) .,0.7524722706187855
"Monitoring & Evaluation Plan: Intermediate Results Indicators Methodology for Data Responsibility for Data Indicator Name Definition/Description Frequency Datasource Collection Collection This indicator monitors progress in improving groundwater management for selected aquifers under the Program (Berrechid, Mamoura, and Bahira), which are under the geographic jurisdiction of ABHs included in the Program (Loukkos, Sebou, Bouregreg-Chaouia, Oum Er Rbia, Tensift, and Souss Massa).",0.8782711896029386
"MEE and MoA Participatory groundwater management MEE prepares annual This indicator is achieved Annual ABHs and MEE improved progress reports as follows: ORMVA 2024: A Memorandum of Understanding (MoU) is signed between the MEE and MAPMDREF, outlining the roles and responsibilities for collaborative groundwater management for the three aquifers under the Program.",0.8714766935868696
 The World Bank Morocco Water Security and Resilience Program (P179192) 2025: The Decree on participatory groundwater management contracts is adopted according to current regulations.,0.8800400820645419
"The Decree shall contain, at a minimum, the following: (a) The process for preparing and adopting the participatory groundwater management contract, including engagement of relevant stakeholders and communities (including women representatives) (c) The minimum studies required for the establishment of the participatory groundwater management contract, including technical, economic/financial analysis, and impact analysis (c) The minimum content of the participatory groundwater management contract, including at least the following:  The World Bank Morocco Water Security and Resilience Program (P179192) - Delimitation of the public domain that is subject to the participatory groundwater management contract - Monitoring mechanisms of the previsions set for in the participatory groundwater management contract - Compliance and enforce mechanisms 2026: Three (3) technical studies supporting participatory groundwater management contracts for the three (03) aquifers included in the Program are completed by the concerned ABHs.",0.8702268600463867
"The studies shall include – at a minimum- a model of the aquifer and the identification of alternative sources of water that could be made available to existing users of the aquifer (as relevant) 2027: For the three (3) aquifers included in the Program and for which the  The World Bank Morocco Water Security and Resilience Program (P179192) studies had been completed in prior years, three (3) participatory groundwater management contracts are prepared and consulted with stakeholders according to the regulations in force.",0.8639898300170898
"2028: For the three (3) aquifers included in the Program, three (3) participatory groundwater management contracts are signed according to the regulations in force.",0.8649624911221591
"This indicator will be implemented by the ABHs Annual included in the Program progress (Loukkos, Sebou, reports MEE produced a Bouregreg-Chaouia, Oum produced by consolidated Annual Er Rbia, Tensift and Souss the ABHs report based on the Massa), with support from included in information received Smart meters for monitoring groundwater the MEE.",0.8365755948153409
the Program from the ABHs included withdrawals by large users installed under Annual for which MEE in the Program for which the Program This indicator monitors the smart meter smart meter for progress in the installation for monitoring monitoring groundwater of smart meters for the groundwater withdrawal have been monitoring of groundwater withdrawal installed and reporting withdrawals.,0.8650488419966265
The targets have been indicated in the results installed and framework are the reporting indicative results to be  The World Bank Morocco Water Security and Resilience Program (P179192) achieved each year (no cumulative).,0.8483612754128196
This result is scalable up to 10 percent of 50 of smart meters for monitoring groundwater withdrawals by large users installed in Program areas during the Program implementation.,0.8469833894209429
The indicator also monitors progress in adopting and implementing annual action plans to  The World Bank Morocco Water Security and Resilience Program (P179192) strengthen ABH performance.,0.867002313787287
"The annual action plan shall include - at a minimum- defined objectives and priority areas, costed actions, identified sources  The World Bank Morocco Water Security and Resilience Program (P179192) of financing, monitoring indicators, and an implementation timeline.",0.8695682178844105
"The annual action plan shall include - at a minimum- defined objectives and priority areas, costed actions, identified sources of financing, monitoring indicators, and an implementation timeline.",0.8557553724809126
"The annual action plan shall include - at a minimum- defined objectives and priority areas, costed actions, identified sources of financing, monitoring indicators, and an implementation timeline.",0.8557553724809126
" The World Bank Morocco Water Security and Resilience Program (P179192) Year 2028: Based on the self-assessment undertaken in year 2027, the Board of Directors of each ABH included in the Program adopts by Resolution an annual action plan to strengthen its performance.",0.8622948039661754
"The annual action plan shall include - at a minimum- defined objectives and priority areas, costed actions, identified sources of financing, monitoring indicators and an implementation timeline.",0.8559866818514738
"AND  The World Bank Morocco Water Security and Resilience Program (P179192) The MEE has published in the SNIEAU a report on the ABH performance framework and scores over 2024-2027, including a comparative assessment of ABHs performance (disaggregated by gender as relevant) This sub-indicator monitors improvements in the ABH performance score for ABHs included in the Program (Loukkos, Sebou, Bouregreg-Chaouia, Oum Er Rbia, Tensift, and Souss Massa).",0.7740686590021307
"Year 2025: Based on the self-assessment undertaken in year 2024, the Board of Directors of each ABH included in the Program adopts by Resolution an annual action plan to strengthen its performance, which  The World Bank Morocco Water Security and Resilience Program (P179192) includes gender specific objectives based on the gender performance composite score of 2024, costed actions, identified sources of financing, monitoring of implementation progress metrics and an implementation timeline.",0.7975966713645242
"This indicator monitors progress made on the preparation and adoption of the Decree for establishing the National MEE prepares an annual Water Information System report containing Decree on water information systems (System National information of progress Annual MEE MEE adopted d’Information sur l’Eau, made towards the SNIEAU) and ABH water results included in the resources information indicator systems, as defined by articles 129 and 130 of the Water Law 36-15 or relevant regulations in force.",0.868584459478205
This indicator is achieved  The World Bank Morocco Water Security and Resilience Program (P179192) as follows: Year 2024: The draft Decree for establishing the SNIEAU and ABH water resources information systems is prepared by the MEE and ready to be consulted with the concerned technical entities.,0.8680706891146573
Year 2025: The draft Decree for establishing the SNIEAU and ABH water resources information systems is consulted according to the regulations in force.,0.86944580078125
Year 2026: The Decree for establishing the SNIEAU and ABH water resources information systems is adopted and published in the Official Gazette according to the regulations in force.,0.870749213478782
This indicator monitors MEE collects progress users’ satisfaction on water MEE reports and Users’ feedback on water information data and information Annual ABHs accompanying MEE systems and services services operationalized concerned documentation from the under the Program.,0.6839177391745828
"The ABHs included in the  The World Bank Morocco Water Security and Resilience Program (P179192) indicator is defined as the Program, and prepares percentage of users consolidated progress satisfied with water data reports including on and information services, users’ satisfaction of including timeliness, water data and accessibility, and use of information services information products and on the navigation of the data-user-interface platform.",0.8540391055020419
"Year 2026: Users’ satisfaction baseline is established once the water resources information systems in three (3) ABHs are operationalized Year 2027: Users’ satisfaction baseline is established once SNIEAU is operationalized Year 2028: 10 percent increase in users’ satisfaction on water data and information services from the SNIEAU and from  The World Bank Morocco Water Security and Resilience Program (P179192) basin-level water information systems is achieved This indicator will be led by the MEE and implemented by the ABHs included in the Program (Loukkos, Sebou, Bouregreg-Chaouia, Oum Er Rbia, Tensift, and Souss Massa).",0.8686880631880327
"This indicator monitors improvements in data MEE collects progress quality assurance, related reports and to the completeness, accompanying timeliness, and consistency documentation from the of hydrological and ABHs included in the Hydrological and hydrogeological data hydrogeological data Semi- MEE and ABHs MEE and ABHs Program, and prepares quality improved across the data Annual concerned concerned semi-annual reports on measurement chain.",0.822450811212713
Year 2024: A diagnostic of the hydrological and hydrogeological data measurement chain is prepared by the MEE.,0.7665519714355469
"The diagnostic shall include, at a minimum, a needs assessment to improve hydrological and  The World Bank Morocco Water Security and Resilience Program (P179192) hydrogeological data generation, including investments and capacity- building requirements.",0.8497883189808239
"The data measurement chain encompasses: (a) Data acquisition (measurement, gauging, data collection) (b) Data transmission and storage (processing, treatment, analysis, control, validation, and storage) (c) All other related data organizational and regulatory aspects Year 2025: The action plan and guidelines/manuals to improve hydrogeological and hydrogeological measurements are prepared by MEE.",0.8379004218361594
"The guidelines/manuals shall detail, at a minimum, the  The World Bank Morocco Water Security and Resilience Program (P179192) standards and procedures for data measurement.",0.764460563659668
AND The water data management system is developed.,0.831104885448109
"The water data management system shall contain, at a minimum, the necessary functionalities and modules for data acquisition, processing, and storage based on the diagnostic and action plan produced in prior years.",0.844935417175293
Year 2026: A quality and control assurance plan for hydrological data is prepared by the MEE.,0.8579989346590909
AND The regulatory texts on standards for the hydrological and hydrogeological data measurement chain are  The World Bank Morocco Water Security and Resilience Program (P179192) prepared by the MEE.,0.8562996604225852
"The regulatory texts shall be in accordance with the manuals/guidelines prepared in year 2025 related to article 129 of the Water Law 36-15, specifically to the “carrying out of measurements, observations, inquiries and investigations”, and include a Decree and number of orders/general circular concerted with the relevant agencies and procedures as defined in the POM, and issued to the relevant agency for approval.",0.7861635034734552
Year 2027: The quality and control assurance plan for hydrological data is adopted by the MEE.,0.8551095615733754
"Also, workshops for capacity building on all aspects of improving the quality of hydrological and hydrogeological data measurement are carried- on in at least one (01) ABH under the Program.",0.7386367104270242
 The World Bank Morocco Water Security and Resilience Program (P179192) Year 2028: The quality and control assurance plan for hydrological data is implemented in at least one (01) ABH included in the Program.,0.8580946488813921
"In addition, hydrological or hydrogeological data produced by an ABH has been certified, hydrological and hydrogeological data are measured, collected, transmitted, and stored in accordance with guidelines/manuals and procedures prepared for quality assurance and quality control.",0.7694728157737039
"ABHs included in the Number of stations and piezometers Semi- MEE and ABHs MEE and ABHs Program, and prepares reporting data Annual concerned concerned This indicator monitors semi-annual reports on progress towards the the improvement of number of new or existing hydrological and stations and the number of hydrogeological data new or existing quality.",0.8303671750155363
piezometers in the ABHs included in the Program  The World Bank Morocco Water Security and Resilience Program (P179192) that are reporting data to the ABH and MEE.,0.7718212821266868
"A “new station” is defined as a station constructed and equipped under the Program, and includes hydrological, climatological, or pluviometric stations.",0.7533709786155007
This indicator is achieved as follows:  The World Bank Morocco Water Security and Resilience Program (P179192) Year 2025: Six (06) studies for the stabilization of gauge sections are prepared by ABHs included in the Program.,0.8412726142189719
"The studies for the stabilization of gauged sections shall include, at a minimum, the minor civil works design and topographic evaluation or technical specifications for the stream cross sections of the gauged stations to be stabilized.",0.851493315263228
Year 2026: 12 new or existing stations in the ABHs included in the Program are producing and communicating relevant data for water resources evaluation to the ABH and MEE.,0.8647681149569425
AND 30 new or existing piezometers in the ABHs included in the Program are producing and communicating relevant data for water resources  The World Bank Morocco Water Security and Resilience Program (P179192) evaluation to the ABH and MEE.,0.8628642342307351
Year 2027: 12 new or existing stations in the ABHs included in the Program are producing and communicating relevant data for water resources evaluation to the ABH and MEE.,0.8646318262273615
AND 30 new or existing piezometers in the ABHs included in the Program are producing and communicating relevant data for water resources evaluation to the ABH and MEE.,0.8492546081542969
Year 2028: 12 new or existing stations in the  The World Bank Morocco Water Security and Resilience Program (P179192) ABHs included in the Program are producing and communicating relevant data for water resources evaluation to the ABH and MEE.,0.8665180206298828
AND 30 new or existing piezometers in the ABHs included in the Program are producing and communicating relevant data for water resources evaluation to the ABH and MEE.,0.8492546081542969
"Annual Annual progress reports progress Multiservice operators' performance produced by the MoI This indicator monitors Annual reports MoI information system operationalized detail information on progress to establish the produced by progress made foundations of the the MoI regulatory systems for the  The World Bank Morocco Water Security and Resilience Program (P179192) SRMs, including: (a) KPI reporting requirements for multiservice operators feeding into an MoI digitalized performance information system; and, (b) the definition of minimum service standards for electricity and water supply distribution and wastewater collection and treatment.",0.9037734811956232
This indicator is achieved as follows: 2024: The MoI has adopted by Circular the minimum service standards for electricity and water supply distribution and wastewater collection and treatment to be complied with by multiservice operators in charge of electricity and water supply distribution and wastewater collection and treatment.,0.8826099742542614
"2025: The MoI has developed a digitalized performance information  The World Bank Morocco Water Security and Resilience Program (P179192) system, including (a) KPIs on the operational and financial performance and reporting requirements by multiservice operators; and (b) tools for performance benchmarking.",0.8901996612548828
"2028: An annual report produced by the MoI on multiservice operators' performance, including comparative KPI benchmarking, is available in the SNIEAU.",0.33028351176868787
 The World Bank Morocco Water Security and Resilience Program (P179192) This indicator monitors the development and operationalization of tools to strengthen the financial sustainability of the water sector (financial model and a financial sustainability action plan).,0.9013312079689719
"These tools will facilitate GoM decision-making to bridge the gap between cost and revenues along the water value chain (including water mobilization through Semi-annual Semi-annual progress wastewater treatment and progress reports produced by the reuse), particularly reports Financial sustainability framework of the Semi- Technical Working considering the significant produced by MEF water sector improved Annual Group provide detailed transformation of the the Technical information on progress water matrix envisaged Working made under the PNAEPI.",0.951272270896218
Group This indicator is achieved as follows: Year 2024: A Technical Working Group led by MEF comprised of key stakeholders in the water sector is established and maintained for the duration of the Program.,0.7932921322909269
"This result is achieved by adopting the Terms of  The World Bank Morocco Water Security and Resilience Program (P179192) Reference of the Technical Working Group, which define the scope of works of the Technical Working Group, its members (including, at a minimum, representatives of the MEF, MEE, MAPMDREF, MoI, and ONEE), the roles and responsibilities of the different members, the regularity of meetings (-at a minimum three times per year), the mechanisms for coordinating and adopting decisions, and reporting requirements.",0.809171503240412
"Year 2025: The financial model for the water sector is endorsed by the Technical Working Group, under the MEF leadership.",0.8789461309259589
"The financial model shall capture the costs and revenues associated with the key elements of the water value chain, according to the principles of water valuation included in the draft PNE, and provide forecasts of their  The World Bank Morocco Water Security and Resilience Program (P179192) evolution.",0.9201001253995028
"The financial model shall encompass water mobilization, water resource management at national and local levels, service delivery (potable water production and distribution, wastewater collection and treatment, and irrigation services), wastewater reuse, and flood control.",0.879775654185902
"The financial model shall capture CAPEX and OPEX and the different revenues, including national transfers and local contributions, taxes, and users' contributions (tariffs and fees)-.",0.9629795768044211
"Year 2026: Based on the financial model developed in 2025, the Technical Working Group endorses a draft financial sustainability action plan for the water sector.",0.8872725746848367
"It will be based on the historical evolution of the costs associated with water and will forecast costs and revenues for the long term; evaluate financing and funding  The World Bank Morocco Water Security and Resilience Program (P179192) requirements for the water sector; benchmark reference values against international comparators; consider options for minimizing the financing costs and maximizing the private sector contributions; and, include equity and social considerations.",0.8918095501986417
Year 2028: The financial sustainability action plan for the water sector is adopted by the Interministerial Commission of Water.,0.8681279962713068
communicatio The report includes a reduction of water consumption Annual n plans and MEE and ABHs description of the implemented This indicator monitors implementati communication progress in implementing on reports campaigns carried out of the PNAEPI’s by the MEE and communication strategy pertinent ABHs.,0.8636198910799894
 The World Bank Morocco Water Security and Resilience Program (P179192) This indicator is achieved as follows: Year 2024: A baseline for evaluating the impact of the communication campaigns implemented prior 2024 is developed by the MEE.,0.842247876253995
"Year 2028: An impact evaluation of the communication campaigns undertaken between 2025 and 2027 years is prepared by MEE aiming at informing future communication plans, including for  The World Bank Morocco Water Security and Resilience Program (P179192) targeting women.",0.7399937889792703
"This indicator will be coordinated by the MI- DRPL and implemented by the Regies included in the Program (RADEEF, RADEEJ, RADEEL, RADEEMA, RADEES, RADEET, RAK, RAMSA, RADEETA, RADEM and RADEEC) This indicator measures the Régies prepare number of established operational reports on District Metered Areas activities to establish Number of District Metered Areas Régies (DMAs) in distribution new DMAs.",0.8774799867109819
established in potable water distribution Annual operational MoI networks operated by the MoI prepares annual networks reports Régies included in the report consolidating Program.,0.8340268568559126
"defined as a hydraulically isolated area within the larger water distribution network where all inflows and outflows are monitored, and therefore a reliable water balance is known.",0.8419524106112394
The targets indicated in the results framework are the  The World Bank Morocco Water Security and Resilience Program (P179192) indicative results to be achieved each year (no cumulative).,0.7796601382168856
"For a DMA to be established, the following elements need to be in place: (a) The DMA’s delimitation and size have been defined through an optimization study (b) The DMA is hydraulically isolated (c) Gate valves, flow meters and debit meters are installed at key points of the DMA (d) A GIS and a supervision system is in place for remote monitoring This indicator will be implemented by the MEE.",0.8586153550581499
This indicator monitors The PCU prepares a progress in improving the report on the Enabling environment for integration of enabling environment for preparation/adoption of Annual MEE MEE desalinated water improved seawater desalination.,0.8753901394930753
"the Decree and the number of people This indicator is achieved trained, as relevant as follows: Year 2024: 100 people  The World Bank Morocco Water Security and Resilience Program (P179192) trained on PPP contracts and their management, of which at least 50 women.",0.5876963355324485
Year 2025: The draft Decree on seawater desalination is consulted with relevant stakeholders according to the regulations in force Year 2026: The Decree on seawater desalination is adopted according to the regulations in force.,0.8319271261041815
This indicator monitors progress in improving the enabling environment for The PCU prepares a wastewater reuse.,0.8681292100386186
"This report on the indicator is achieved once: preparation/adoption of Enabling environment for integration of Annual MEE the Decree and the MEE wastewater reuse improved Year 2024: 100 people number of people have been trained in trained (disaggregated wastewater reuse by gender), as relevant management, of which at least 50 are women.",0.8727182041515004
"Year 2025: The existing Decree No[TBD] of 1998 on the modalities for  The World Bank Morocco Water Security and Resilience Program (P179192) wastewater reuse is revised to ensure conformity with the provisions of the Water Law 36-15 or any other relevant law, and a revised draft Decree on the modalities for wastewater reuse is consulted with relevant stakeholders according to the regulations in force.",0.868035923350941
AND The draft bylaw defining the norms for wastewater reuse for irrigation purposes is consulted with relevant stakeholders according to the regulations in force.,0.8631153106689453
Year 2026: The draft decree on the modalities for wastewater reuse is adopted according to the regulations in force.,0.8684458299116655
AND The bylaw defining the norms for wastewater  The World Bank Morocco Water Security and Resilience Program (P179192) reuse for irrigation purposes is adopted by the MEE according to the regulations in force.,0.870572263544256
This indicator monitors progress in the signature of agreements for reusing treated wastewater within the Program Area.,0.8450421420010653
"The agreements shall include, at a minimum, the following: Signed MoI to collect the signed (a) The year of signature Number of agreements for wastewater wastewater reuse agreements and (b) The roles and Annually MoI reuse projects signed reuse prepares annual responsibility of each agreement progress reports signatory entity, including the financial obligation towards the investments considered in the reuse agreement, and operation and maintenance arrangements (including water quality monitoring) (c) The financing plan, including total investments needed; the expected cost (CAPEX and OPEX), and the reuse fee (per m3)  The World Bank Morocco Water Security and Resilience Program (P179192) (d) The implementation schedule (e) The quantity of treated wastewater to be made available for reuse, which shall be in conformity with the regulations in place (f) The monitoring and evaluation arrangement, including the establishment of a monitoring committee in charge of monitoring construction progress.",0.909166075966575
"The signatories of the agreement include (among others): (a) the MoI; (b) the MEE; (c) the concerned Province and/or region; (d) the concerned ABH; (e) the concerned communes; (f) the relevant final treated wastewater user; (g) the operator of the reuse project (which can include Régies, ONEE, delegated private operators or the commune itself); (h) the entity in charge of the implementation of the reuse project (if different from the wastewater .",0.8740547353571112
 The World Bank Morocco Water Security and Resilience Program (P179192) .,0.7524722706187855
"Disbursement Linked Indicators Matrix DLI_TBL_MATRI X DLI 1 National Water Plan Adopted (PNE) Type of DLI Scalability Unit of Measure Total Allocated Amount (USD) As % of Total Financing Amount Output No Text 53,000,000.00 15.14 Period Value Allocated Amount (USD) Formula Baseline A draft National Water Plan (PNE) dated December 2019 prepared 2024 DLR#1.1: A national water plan incorporating, 20,000,000.00 20,000,000 inter alia, climate scenarios and considerations and the principles to strengthen the governance, institutional, and financial aspects of the sector as further defined in the Verification Protocol (“National Water Plan”) has been prepared by the MEE.",0.9016999331387606
"2025 DLR#1.2: The draft National Water Plan has been 23,000,000.00 23,000,000 validated by the Interministerial Commission for Water 2026 DLR#1.3: The draft National Water Plan has been 5,000,000.00 5,000,000 validated by the Superior Council of Water and Climate 2027 DLR#1.4: The National Water Plan has been 5,000,000.00 5,000,000  approved by Decree and published.",0.8599394017999823
"2028 N/A 0.00 N/A DLI_TBL_MATRI X DLI 2 Groundwater Management Improved Type of DLI Scalability Unit of Measure Total Allocated Amount (USD) As % of Total Financing Amount Intermediate Outcome No Text 36,000,000.00 10.29 Period Value Allocated Amount (USD) Formula Baseline N/A 2024 DLR#2.1: The agreement between MEE and 2,000,000.00 2,000,000 MAPMDREF for managing of Selected Aquifers has been signed.",0.9643661325628107
"2025 DLR#2.2: The Decree on participatory 5,000,000.00 5,000,000 groundwater management contract has been adopted and published.",0.874982313676314
"2026 DLR#2.3: Three (3) technical studies supporting 12,000,000.00 4,000,000 per technical study participatory groundwater management completed supporting groundwater contracts for three (3) Selected Aquifers have management contracts for the been completed by the respective ABHs.",0.8948067751797762
"aquifers included in the Program 2027 DLR#2.4: Three (3) participatory groundwater 12,000,000.00 4,000,000 per participatory management contracts for three (3) Selected groundwater management contract Aquifers have been signed by the relevant signed for the aquifers included in stakeholders.",0.8736948533491655
"the Program 2028 DLR#2.5: 50 smart meters for monitoring 5,000,000.00 100,000 per every smart meter for groundwater withdrawals of large consumers monitoring of groundwater have been installed in the Program Area withdrawals of large consumers installed in the Program Area  DLI_TBL_MATRI X DLI 3 ABH performance framework adopted and ABH performance improved Type of DLI Scalability Unit of Measure Total Allocated Amount (USD) As % of Total Financing Amount Intermediate Outcome No Text 34,000,000.00 9.71 Period Value Allocated Amount (USD) Formula Baseline There is no ABH performance framework in place 2024 DLR#3.1: The ABH performance framework has 2,000,000.00 2,000,000.00 been adopted by the MEE in CY24.",0.9443322961980646
"DLI_TBL_MATRI X DLI 4 Water Information Systems operationalized and used for decision-making Type of DLI Scalability Unit of Measure Total Allocated Amount (USD) As % of Total Financing Amount Outcome No Text 43,600,000.00 12.46 Period Value Allocated Amount (USD) Formula Baseline BADRE21 is the water resources information system in place, comprising key data on water resources at ABH and MEE A prototype SNIEAU platform developed in 2017at MEE ABHs water information systems at different stages of development reporting data to the BADRE21 Water databases managed by other entities not interoperable with ABHs water information systems 2024 N/A 0.00 N/A 2025 N/A 0.00 N/A 2026 DLR#4.1: The Decree establishing the SNIEAU and 16,000,000.00 DLR#4.1: 7,000,000 DLR#4.2: ABHs’ water resources information systems has [4,500,000] per each ABHs water been published.",0.888741753318093
AND DLR#4.2: Two (02) ABHs resources information system have operationalized a water resources operationalized information system.,0.11675001274455678
"2027 N/A 0.00 N/A  2028 DLR#4.3: The SNIEAU is developed and partially 27,600,000.00 DLR#4.3: 15,000,000 DLR#4.4: accessible to the public pursuant to the decree [6,3000,000] per each annual referred to in DLR#4.1, and used as a decision hydrological status, including water tool for water resources evaluation, management uses and the evolution of the water and planning.",0.8215169039639559
"Two (2) ABHs have q published the annual hydrological status, including water uses and the evolution of the water quality within the jurisdiction of the ABH in the SNIEAU.",0.36585560711947357
"DLI_TBL_MATRI X DLI 5 Multiservice operators' performance information system operationalized Type of DLI Scalability Unit of Measure Total Allocated Amount (USD) As % of Total Financing Amount Intermediate Outcome No Text 45,400,000.00 12.97 Period Value Allocated Amount (USD) Formula Baseline Absence of minimum service standards for electricity and water supply distribution and the wastewater collection and treatment by sub- national publicly owned operators Annual reporting of operational and financial performance by regies included under the Program to the MoI though certified management reports 2024 DLR#5.1: The MoI has adopted by Circular the 12,000,000.00 12,000,000 minimum service standards for electricity and water supply distribution and the wastewater collection and treatment to be complied with by multiservice operators in charge of electricity and water supply distribution and the wastewater collection and treatment in the Program Area.",0.9891522147438743
" 2025 DLR#5.2: The MoI has developed a digitalized 12,000,000.00 12,000,000 performance information system, including: (a) KPIs operational and financial performance reporting requirements by multiservice operators; and (b) tools for performance benchmarking.",0.8631701035933061
"2026 DLR#5.3: At least 50% of the multiservice 8,000,000.00 8,000,000 operators in the Program Area have provided an annual performance report through the digitalized performance information system.",0.6234263506802645
"2027 DLR#5.4: At least 75% of the multiservice 9,000,000.00 9,000,000 operators in the Program Area have provided an annual performance report through the digitalized performance information system.",0.5605811639265581
"2028 DLR#5.5: An annual report produced by the MoI 4,400,000.00 4,400,000 on multiservice operators, including comparative KPIs benchmarking, is available in the SNIEAU DLI_TBL_MATRI X DLI 6 Financial sustainability framework of the water sector improved Type of DLI Scalability Unit of Measure Total Allocated Amount (USD) As % of Total Financing Amount Intermediate Outcome No Text 41,000,000.00 11.71 Period Value Allocated Amount (USD) Formula Baseline There is no financial model for the water sector and no financial sustainability action plan.",0.9201969666914507
"2024 DLR#6.1: The Technical Working Group has been 2,000,000.00 2,000,000 established  2025 DLR#6.2: The financial model for the water sector 13,000,000.00 13,000,000.00 has been endorsed by the Technical Working Group 2026 DLR#6.3: The financial sustainability action plan 14,000,000.00 14,000,000.00 for the water sector has been endorsed by the Technical Working Group 2027 N/A 0.00 N/A 2028 DLR#6.4: The financial sustainability action plan 12,000,000.00 12,000,000.00 for the water sector has been adopted by the Interministerial Commission of Water or other consultative body DLI_TBL_MATRI X DLI 7 Volume of potable water savings in distribution water supply networks Type of DLI Scalability Unit of Measure Total Allocated Amount (USD) As % of Total Financing Amount Outcome Yes Cubic Meter(m3) 40,000,000.00 11.43 Period Value Allocated Amount (USD) Formula Baseline 6,500,000.00 2024 5,250,000.00 10,500,000.00 500,000 per every additional 250,000 m3 potable water saved through the implementation of NRW plans by Regies in Program area.",0.8777511770075018
"2025 4,000,000.00 8,000,000.00 500,000 per every additional 250,000 m3 potable water saved through the implementation of NRW plans by Regies in Program  area.",0.9027925838123668
"2026 4,000,000.00 8,000,000.00 500,000 per every additional 250,000 m3 potable water saved through the implementation of NRW plans by Regies in Program area.",0.9013567837801847
"2027 3,250,000.00 6,500,000.00 500,000 per every additional 250,000 m3 potable water saved through the implementation of NRW plans by Regies in Program area.",0.8977730490944602
"2028 3,500,000.00 7,000,000.00 500,000 per every additional 250,000 m3 potable water saved through the implementation of NRW plans by Regies in Program area.",0.9007542350075461
"DLI_TBL_MATRI X DLI 8 Wastewater reuse scaled-up Type of DLI Scalability Unit of Measure Total Allocated Amount (USD) As % of Total Financing Amount Outcome Yes Text 56,125,000.00 16.04 Period Value Allocated Amount (USD) Formula Baseline 0.00 2024 7,000,000 7,000,000.00 500,000 per every additional 500,000 m3 of treated wastewater made available for reuse under the Program Area.",0.9388776258988814
"2025 4,700,000 4,700,000.00 500,000 per every additional  500,000 m3 of treated wastewater made available for reuse under the Program Area.",0.8467649980024858
"2026 3,400,000 3,400,000.00 500,000 per every additional 500,000 m3 of treated wastewater made available for reuse under the Program Area.",0.8449849215420809
"2027 11,900,000 11,900,000.00 500,000 per every additional 500,000 m3 of treated wastewater made available for reuse under the Program Area.",0.8533841046420011
"2028 25,000,000 m3 of water savings AND The revised 29,125,000.00 As above payments + 4,125,000 for bylaw defining the norms for wastewater reuse the revised bylaw adopted for agriculture purposes has been adopted by the MEE .",0.8710871609774503
  The World Bank Morocco Water Security and Resilience Program (P179192) .,0.7524722706187855
"The IVA analyses the semi-annual consolidated reports to verify that: (a) In 2024, the draft PNE is prepared and encompasses the following: -A comprehensive diagnosis of the water sector - An assessment of the major sector challenges and threats -including the impacts of climate change- and potential scenarios of evolution of demand and supply under several climate scenarios - The long-term vision, objectives, and strategic orientations of the water sector - The principles for water resources mobilization and their use, and the protection of water resources (surface and groundwater) Procedure - The principles to strengthen the sector's governance, institutional, and financial aspects for water security (principles of water valuation and cost recovery) - Its monitoring and implementation mechanisms, including obligations from the executing entities for regular reporting and the preparation of annual progress reports (b) In 2025, upon consultation with relevant stakeholders and incorporating their comments, the revised PNE draft has been endorsed by the Interministerial Commission for Water; and, the revised PNE draft encompasses the elements indicated under (a) above.",0.866486289284446
" The World Bank Morocco Water Security and Resilience Program (P179192) DLI_TBL_VERIFICATI ON DLI 2 Groundwater Management Improved This DLI encompasses the following results: DLR#2.1: The Agreement between the MEE and MAPMDREF for managing of selected aquifers has been signed DLR#2.2: The Decree on participatory groundwater management contracts has been adopted by the MEE DLR#2.3: Three (03) technical studies supporting participatory groundwater management contracts for Description three (03) selected aquifers included in the Program have been completed by the respective ABHs DLR#2.4: Three (03) participatory groundwater management contracts for three (03) selected aquifers included in the Program have been signed by the relevant stakeholders DLR#2.5: 50 smart meters for monitoring groundwater withdrawals by large users have been installed in the Program area Data source/ Agency MEE and ABHs Verification Entity MEE General Inspection For DLR#2.1 to DLR#2.4, the verification procedure is as follows 1.",0.8893668434836648
"The IVA analyses the annual consolidated report to verify that: (a) In 2024, the Agreement between the MEE and MAPMDREF for managing of the three (03) aquifers included in the Program has been signed (b) In 2025, the Decree on participatory groundwater management contracts has been adopted by the MEE according to the regulations in force Procedure (c) In 2026, three (03) technical studies supporting participatory groundwater management contracts for three (03) selected aquifers included in the Program have been completed by the respective ABHs (d) In 2028, three (03) participatory groundwater management contracts for three (03) selected aquifers included in the Program have been signed by the relevant stakeholders according to the regulations in force For DLR#2.5 -concerning the installation of smart meters for monitoring groundwater withdrawals by large users have been installed in the Program area - the verification procedure is as follows 1.",0.8777913180264559
The MEE prepares consolidated semi-annual report based on the information provided by the ABHs under the Program area indicating the number of new smart meters for monitoring groundwater withdrawals by large users that have been installed in the Program area over the previous six-month period and submits it to the PCU with the supporting evidence.,0.8383457877419211
The IVA analyses the semi-annual consolidated report and conducts random representative field verification to verify that  The World Bank Morocco Water Security and Resilience Program (P179192) smart-meters for monitoring groundwater withdrawals by large users have been installed within the six-month period according to the technical specification set forth in the POM and that data from the smart-meters is being transmitted to the corresponding ABH.,0.8561945828524503
" The World Bank Morocco Water Security and Resilience Program (P179192) DLI_TBL_VERIFICATI ON DLI 4 Water Information Systems operationalized and used for decision-making This DLI encompasses the following results: DLR#4.1: The Decree establishing the SNIEAU and ABHs' Water Resources Information Systems has been adopted, which is included under the indicator “Decree on water information systems adopted” D R# .2: Two (02) ABHs' included in the Program area have operationalized a water resources information system, which is included under the indicator “Water Information Systems operationalized” D R# .3: The SNIEAU is partially Description accessible to the public pursuant to the decree referred to in DLR#4.1, and used as a decision tool for water resources evaluation, management and planning DLR#4.4.",0.8736374594948508
"Two (02) ABHs included in the Program area have published the annual hydrological status, including water uses and the evolution of the water quality within the jurisdiction of the ABH in the SNIEAU Data source/ Agency MEE consolidated progress reports and accompanying documentation Verification Entity MEE General Inspection For the DLR#4.1 - concerning the adoption of the Decree establishing the SNIEAU and ABHs' Water Resources Information Systems - the MEE sends to the PCU evidence of the adoption of the Decree establishing the SNIEAU and ABHs' Water Resources Information Systems and submits it to the IVA.",0.8395853909579191
For the DLR#4.2 - the verification procedure is as follows: The MEE sent to the PCU evidence of Water Information Systems operationalized with accompanying documentation and submits it to the IVA.,0.8162778507579457
"The IVA review that water information systems complied with the minimum criteria established in the definition of the indicator and in the POM (as relevant) Procedure For the DLR#4.3 - the verification procedure is as follows: The MEE sent to the PCU evidence that the SNIEAU is partially accessible to the public and used as a decision making tool for water resources evaluation, management and planning and submits it to the IVA.",0.8280516537753019
"The IVA review that SNIEAU complies with the minimum criteria established in the definition of the indicator and in the POM (as relevant) For DLR#4.4 the MEE sends to the PCU evidence that two (2) ABHs have published the annual hydrological status, including water uses and the evolution of the water quality within the jurisdiction of the ABH in the SNIEAU and submits it to the IVA to review that the minimum criteria established in the definition of the indicator and in the POM (as relevant).",0.6944220282814719
DLI_TBL_VERIFICATI ON DLI 5 Multiservice operators' performance information system operationalized Description See definition under Annex 1 -- Monitoring & Evaluation Plan  The World Bank Morocco Water Security and Resilience Program (P179192) Data source/ Agency MoI consolidated progress reports and accompanying documentation Verification Entity MOI General Inspection 1.,0.5124911828474565
"The IVA analyses the semi-annual consolidated reports to verify that: (a) In 2024, the MoI has adopted by Circular the minimum service standards for electricity and water supply distribution and the wastewater collection and treatment to be complied with by multiservice operators in charge of electricity and water supply distribution and the wastewater collection and treatment.",0.8808469772338867
"(b) In 2025, the MoI has developed a digitalized performance information system, including (a) KPIs operational and Procedure financial performance reporting requirements by sub-national publicly owned operators; and (b) tools for performance benchmarking.",0.8391902230002664
"(e) An annual report produced by the MoI on multiservice operators' performance, including comparative KPI benchmarking, is available in the SNIEAU.",0.31430716948075726
DLI_TBL_VERIFICATI ON DLI 6 Financial sustainability framework of the water sector improved Description See definition under Annex 1 -- Monitoring & Evaluation Plan Data source/ Agency Semi-annual reports prepared by the Technical Working Group and the MoI Verification Entity IGF The verification protocol is as follows : 1.,0.8309460553255948
"The MEF prepares semi-annual reports reflecting the progress made in the implementation of the indicator, including the development of the financial model and the preparation of the financial sustainability action plan and the financial Procedure strategies for the water sector.",0.8819000937721946
"The semi-annual progress report shall be accompanied by the supporting annexes that demonstrate the participatory approaches, and the applied methodology.",0.7082727172157981
 The World Bank Morocco Water Security and Resilience Program (P179192) 2.,0.8260066292502664
(b) In 2025 – the financial model for the water sector is endorsed the Technical Working Group.,0.878140622919256
(c) In 2026 – the financial sustainability action plan for the water sector is endorsed by the Technical Working Group.,0.8707107197154652
(d) In 2028 – the financial sustainability action plan for the water sector is adopted by the Interministerial Commission for Water or any other consultative body.,0.8641435449773615
DLI_TBL_VERIFICATI ON DLI 7 Volume of potable water savings in distribution water supply networks See definition under Annex 1 -- Monitoring & Evaluation Plan.,0.818261753429066
The MoI prepares annual consolidated progress reports on the water savings (disaggregated by Regies) with accompanying documentation on the water savings achieved by each of the regies included in the Program and submits it to the PCU and the IVA accompanied by the audited annual management reports (rapports de gestion) of the Regies included in the Program.,0.8657637509432706
"The audited annual management reports shall contain information of the volume of water produced and bought and the volume of water sold, and a detailed description of the initial state of the distribution Procedure networks and actions undertaken to reduce water losses in potable distribution network.",0.873634858564897
"Each year, the IVA analyses the MoI consolidated reports and the audited annual management reports to verify the calculations of the water savings indicated by the MoI in the consolidated report.",0.8389185125177557
The IVA conducts field verification on a representative sample of sites to determine consistency between progress and actions reported in the annual management reports and physical progress in the field.,0.5122730948708274
"DLI_TBL_VERIFICATI ON DLI 8 Wastewater reuse scaled-up This DLI encompasses the following results: DLR#8.1: The revised bylaw defining the norms for wastewater reuse for irrigation purposes has been adopted by the MEE according to the regulations in force (to be achieved in 2026), which is Description included under the indicator “Enabling environment for integration of wastewater reuse improved” D R#8.2: 2,000,000 m3 of treated wastewater have been made available for reuse under the Program, for which indicative results by year are included under the indicator “volume of treated wastewater made available for reuse under the Program”.",0.9156279997392134
"For the revised bylaw defining the norms for wastewater reuse for irrigation purposes adopted by the MEE, the progress reports are prepared by the MEE.",0.8620191053910689
"For the volume of treated wastewater made available for reuse under the Program (m3), Data source/ Agency implementation progress reports are prepared by (a) the Monitoring Committee established in the wastewater reuse agreement and (b) the construction companies selected for the reuse agreement associated works.",0.8673315915194425
The MoI ensures that the Convention Monitoring Committee for each reuse project is established in accordance with the provisions of the treated wastewater reuse agreement.,0.8481551083651456
"The construction companies selected for the implementation of works included in the treated wastewater reuse agreement prepare semi-annual progress reports that are submitted to the Convention Monitoring Committee and include – at a minimum- (a) physical and financial progress of the construction of the reuse project, (b) records of environmental and social management, (c) grievance management, and (d) incident/accident reports.",0.8654388080943715
"The Convention Monitoring Committee prepares consolidated project semi-annual progress reports, consolidating semi-annual progress reports, which include – at a minimum- (a) physical and financial progress of the construction of the reuse project, (b) records of environmental and social management, (c) grievance management, and (d) incident/accident Procedure reports.",0.848088264465332
"Once the Reuse Project has been completed, the convention Monitoring Committee prepares a Consolidated Final Project Report, which includes – at a minimum- (a) evidence of the physical completion of works included in the treated wastewater reuse agreement; (b) final financial balance; (c) evidence of compliance with the quality standards for wastewater to be reused for the specific use established in the treated wastewater reuse agreement; (d) summary of environmental and social management, (e) summary of grievance management, and (e) summary of incident/accident reports.",0.8644131747159091
"The MoI-DRPL submit semi-annual reports to the IVA and the PCU indicating for completed projects - the volume of treated wastewater effluent made available for reuse during the six months, accompanied by the Consolidated Final Project Report prepared by the Convention Monitoring Committee, and for projects under implementation – summary of the progress made during the six months under the treated wastewater reuse agreement signed and not yet completed.",0.8677343888716265
The IVA verifies the volume made available for reuse within the six months covered by the semi-annual reports  The World Bank Morocco Water Security and Resilience Program (P179192) submitted by the MoI-DRPL as follows: (a) Analysis of the semi-annual reports submitted by the MoI-DRPL.,0.8183298977938566
It will also conduct random treated wastewater quality sampling to verify they comply with the relevant Moroccan regulations on water quality for reuse.,0.8571971546519886
For DLR#8.2: The revised bylaw (arrêté) defining the norms for wastewater reuse for irrigation purposes has been adopted by the MEE - the MEE sends to the IVA evidence of the adoption of the bylaw according to the regulations in force.,0.835243745283647
 The World Bank Morocco Water Security and Resilience Program (P179192) ANNEX 3.,0.702970418063077
"This was due primarily to non-climatic factors, such as population growth in the north, the expansion of irrigation, and urban, industrial, and tourism development, with water demand already exceeding available supply.",0.9413649819113992
"Based on the currently available sources of supply in the water accounts (i.e., freshwater, treated wastewater reuse, and desalinization), the annual average inflow is estimated at around 18 billion cubic meters (BCM) per year, with around 14.5 BCM per year available and sustainably exploitable with existing infrastructure, including 4 BCM per year of renewable groundwater resources.",0.6669635339216753
"The current water deficit is estimated at 1.8 BCM annually, with demand expected to increase by 15 percent between 2020 and 2050.49 Shortages are aggravated by the loss of existing storage due to high sedimentation rates in the country’s portfolio of large dams, estimated at nearly 75 million cubic meters (MCM) per year, and water pollution in many areas.",0.8998603820800781
"These challenges are compounded by the unequal distribution of water over space and time, with 70 percent of the surface water resources concentrated in the country's northwest, representing a mere 15 percent of the territory.",0.48607696186412463
"50 Surface water shortages have led to the over-exploitation of groundwater, with current groundwater withdrawals exceeding the exploitable level by 28 percent (or 1.1 BCM per year), increasing energy-related greenhouse gas (GHG) emissions due to the need for deeper groundwater pumping.",0.6666717529296875
The Government of Morocco’s (GoM) response to increasing water demand has pred ominantly been to invest in supply-side solutions.,0.6499202901666815
"Between 1960 and 2020, the Kingdom built more than 120 large dams, a tenfold increase in total water storage capacity, bringing the total to 135 large dams with a total capacity of 17.5 BCM.",0.787294561212713
"A further 100 small dams have been constructed to provide another 100 MCM to meet local water, irrigation, and livestock needs.",0.8960549614646218
There are also 13 water transfer systems between river basins to increase resilience and assurance of supply.,0.814843784679066
"Since 1995, the GoM has made significant investments to address the gap through the development of desalination plants, with the installed capacity reaching 220 MCM per year by the end of 2022.",0.8062529130415483
"While desalinization represents less than 2 percent of all mobilized water resources, it provides a high level of assurance, with 44 percent for potable water, 41 percent for irrigation, and 14 percent for phosphate production.",0.8148351149125532
Increasing water management efficiency is critical to close the water demand-supply gap51.,0.8837887157093395
"Regarding potable water , reducing existing water losses in the transport and distribution networks could lead to potential water savings of 400 49 Total water demand by 2050 is expected to be between 18.7 and 20 BCM per year taking climate change into account.",0.8611576773903586
"Water demand from urban households is expected to increase by 50 percent (from 1.1 to 1.7 BCM per year) during the same period, with corresponding increases in effluent quantities.",0.6663871244950728
" The World Bank Morocco Water Security and Resilience Program (P179192) MCM per year, with the draft National Water Plan 2020-2050 (Plan National de l’Eau, PNE)52 aiming to reduce non-revenue water in distribution networks to 20 percent by 2030 and 15 percent by 2040, acknowledging the need for water-loss targets in transport and distribution networks to reflect the incremental cost of new water supplies.",0.8852215680209073
"53 On the irrigation side, the government has made significant efforts to reduce water losses and increase water productivity through the Green Morocco Plan (Plan Maroc Vert) and the Irrigation Water Conservation Program 2008–2020’s (Programme National d’Economie d’Eau en Irrigation) associated investments by the upgrading of irrigation distribution networks and plot modernization 54.",0.9394023201682351
"As per the draft PNE and the Generation Green Strategy 2020-2030, the aim is to increase the value derived from 1.8 BCM annually through modernizing existing irrigation schemes 55.",0.7494049072265625
These water management investments will reduce demand by about 2.2 BCM per year.,0.9227852387861772
"57 A permanent reduction in water supplies could significantly affect the Moroccan economy,58 with water scarcity exacerbating competition among water users and leading to a 6.5 percent decline in real GDP under extreme conditions.59 For example, hotter and drier conditions are expected to increase the water requirement of crops by up to 12 percent, increasing demand for irrigation and further stressing limited water resources.",0.7286174080588601
"While infrastructure will be required to help adapt to the changing conditions, the potential magnitude and uncertainty associated with future climate conditions will also require ambitious policy reforms that reflect the value of water resources, increase the transparency of costs along the water value chain, incentivize more efficient and rational uses, and balance competing demands.",0.8954239758578214
The GoM is implementing comprehensive large-scale water sector investment programs to address the country's water challenges.,0.914028601212935
"This includes the National Program for Potable Water Supply and Irrigation (Programme National pour l’Approvisionnement en Eau Potable et l’Irrigation : PNAEPI 2020-2027), adopted in January 2020, which encompasses the first tranche of the draft National Water Plan (PNE).",0.8834582242098722
"The PNAEPI promotes supply-side solutions, with a significant portion of investments aimed at increasing the mobilization of water resources by about 3 BCM per year by 2027, with a strong emphasis on non-conventional water resources.",0.8622750368985262
"The PNAEPI establishes targets for reducing water-losses, acknowledging the incremental cost of new water supplies, and includes provisions for the reduction of dam sedimentation, incentives for 52 Ministry of Equipment and Water, 2019.",0.8726781498302113
"Water-loss targets in transport and distribution networks should also reflect the interdependency of upstream and downstream users, and the valuation of water and its externalities.",0.7766066464510831
"54 The implementation of the Irrigation Water Conservation Program 2008–2020 resulted in the conversion of 462,000 hectares to localized irrigation (395,000 hectares for individual reconversion and 67,000 hectares for reconversion of collective land (including ongoing works), intensifying agricultural production through more reliable irrigation and by doubling water productivity on average (measure as US$/m3).",0.9600760719992898
"For instance, in the Doukkala ORMVA, the program contributed to increasing water productivity, from 5.7 to 10.6 MAD/m3 in 2018; and, to increase the share of high-value-added crops (vegetables, fruit orchards, and oilseeds) relative to low-value-added crops (cereals, beets, and fodder).",0.8174903176047585
" The World Bank Morocco Water Security and Resilience Program (P179192) water savings in agriculture, drinking water, tourism and industry, preservation of groundwater resources, reforestation of watersheds, and communication campaigns.",0.8789927742697976
"Summary of PNAPI axes, objectives, and investments PNAEPI Axis Objectif Investments Cost (MAD % of total million) Water supply • Expanding water supply by increasing Dams 38 664 27.1% surface water storage capacity Desalination 9 237 6.5% • Mobilize new groundwater sources Extension potable water 24 322,6 17.1% • Development sea water desalinization systems • Reinforce urban potable water supply Other 11 660 8.2% systems Subtotal 83 883,6 59% • Improving water efficiency by reducing Potable losses reduction 13 483 9% water losses in transport and distribution programs Water demand networks (potable water and irrigation canals) Irrigation modernization 14 000 10% management • Improving water productivity in the irrigated agriculture sector Subtotal 27 483 19% Wastewater reuse Develop wastewater reuse, in particular for Wastewater reuse 3 019 2% golfs and green spaces Rural water supply • Improve rural water supply potable Water supply extension 28 259 20% water reliance on water sources less impacted systems (distribution by climate change networks and connections) in rural areas Communication and • Increasing awareness of the value of Implementation of 50 0,035% behavioral change water communication campaigns at the national and local level by PNAEPI's implementing entities Total 142 694,6 100% Source: MEE, DRPE.",0.9179074547507546
"The legal framework for the water sector in Morocco has evolved in response to the changing socio-economic, political, and resource realities.",0.772018779407848
"60 Law 10-95 (1995) stipulated the rules for integrated, decentralized, and participatory water resources management to guarantee the right of citizens to water.",0.8652081056074663
"The foundations introduced by the Water Law 10-95, aiming to improve water use efficiency, provide universal access, reduce disparities between rural and urban areas, and ensure water security across the country, were kept and reinforced by the Water Law 36-15 (published in 2016).",0.8054161071777344
"Also, the Water Law 36-15 further emphasized decentralized, integrated, and participatory management and planning of water resources; strengthened consultation and coordination bodies and organizations by establishing water basin councils; established the legal foundations to diversify sources of supply through the use of unconventional water resources; introduced water-related information systems; and, strengthened the institutional framework and mechanisms for the protection and conservation of water resources- including participatory groundwater management contracts.61 60 Doukkali, M.R.",0.898672797463157
 The World Bank Morocco Water Security and Resilience Program (P179192) 8.,0.7962407198819247
"The institutional framework for water resources management includes various national, regional, and municipal actors.",0.8627978238192472
"The Superior Council for Water and Climate (Conseil Supérieur de l’Eau et du Climat )62 is mandated to reinforce horizontal and vertical coordination among the actors, water users, and non-governmental stakeholders and provide advice on the PNE and anu other topic related to water.",0.8524479432539507
"Under Royal instructions, a commission (Commission Interministerial sur l’Eau)63 was created in 2017 to formulate an emergency plan to confront the drought that started in 2015 and accelerate the mobilization of additional water resources for potable water and irrigation purposes.",0.8861963098699396
"Water resources planning and mobilization at the national level is the responsibility of the Ministry of Equipment and Water (MEE)64, in coordination with all relevant sector stakeholders.",0.845169414173473
"River Basin Agencies (Agence du Bassin Hydraulique, ABHs), created by the Water Law 10- 95 as technical and financially independent entities, are responsibility for planning and managing water resources at the basin level based on the principles of integrated water resources management and monitoring water use and quality.",0.9034290313720703
"65 The River Basin Councils, introduced by the Water Law 36-15 and established in 2022, are in charge of revising the PDAIREs, represent the interests of the regional and municipal authorities and water users (services providers, farmers, and public and private associations in the water and climate domain).",0.6252131895585493
"Regional Agricultural Development Offices (ORMVAs) provide irrigation services withing a defined irrigated perimeter (usually encompassing large-irrigation schemes), with irrigation covering roughly 1.7 million hectares (accounting for 19.4 percent of the cultivated area), representing about 45 percent of the agriculture value, and contributing 75 percent of the total agriculture exports of the country.",0.9769470908425071
The institutional framework for delivering potable water services encompasses actors at three levels of government.,0.8092835166237571
"The National Office for Electricity and Potable Water (Office National de l’Electricité et de l’Eau Potable: ONEE) is a public enterprise responsible for potable water planning and has traditionally been the major national potable water producer, with their tariff being regulated by the Interministerial Commission of Prices (headed by the MEF).",0.884888388893821
"In connection with the GoM’s strategic scaling-up of non-conventional water resources, the OCP Group has been tasked by the GoM with developing desalination plants for phosphate production and providing potable water in neighboring municipalities.",0.9025591936978427
"The MoI, through its Direction of Public Local Networks (MoI-DRPL), plays a supporting role in planning, implementing, and monitoring the distribution of potable water and wastewater collection, which are the responsibility of the municipalities, exercise control over private concessions, and set retail tariffs for water and wastewater services.",0.9762222983620383
"Hence, they may provide the service directly or by delegation to autonomous municipal public utilities (Régies)67, the ONEE, or private concessionaires.",0.7517477382313121
"The ongoing reform of the water supply sector will entail the introduction of regional multiservice companies (Sociétés Régionales Multiservices, SRM) for the provision at the regional level of energy and water distribution services and wastewater collection and treatment (see more below under RA1).",0.9143342104825106
"64 MEE is responsible for initiating, promoting, and coordinating the protection of water resources, pollution abatement and legislation enforcement.",0.862949631430886
"In addition, it is responsible for environmental control, auditing, and reporting, including public awareness and participation regarding water resources and the environment.",0.83947077664462
"65 Their duties include preparing PDAIREs, authorizing water abstractions and discharges, and maintaining a public register; collecting fees for abstraction and effluent discharges; providing financing and technical assistance for water pollution prevention; ensuring efficient water use; monitoring water quality; enforcing laws related to water resource protection; setting up an emergency response system; and promoting public awareness about water resource management.",0.8845837332985618
66 Evaluating the contribution of irrigation to economic and agricultural growth: the case of Morocco.,0.35399380597201263
"67 The Régies are legal municipal public entities, with financial autonomy, under the supervision of the MoI.",0.2551089416850697
"There are currently 12 autonomous distribution boards: seven for water, electricity, and wastewater distribution; and five for water and sanitation services distribution – of which 11 are included under the Program.",0.8564768704501066
"Population Served by Type of Provider (%) Water supply Wastewater 44 34 23 23 22 22 19 14 ONEE CONCESSIONAIRES MUNICIPALITIES REGIES Source: MoI, 2021.",0.042519501664421776
Low water tariffs compromise the sector’s financial viability and could impact future w ater security.,0.8846251747824929
"Through tariffs and fees, user contributions are generally insufficient to cover operational and maintenance costs.",0.8416275544600054
Bulk and retail tariffs are not based on production and distribution costs.,0.6279048052701083
"The under-collection of withdrawal and water pollution fees further undermines the sector’s financial sustainability.68 Between 2012 and 2017, the water basin organization collected less than US$7 million per year on withdrawal and discharged fees, of which discharge fees represented less than 4%.",0.8628452474420721
"Low water tariffs could present barriers to realizing the GoM’s efforts to boost water security, including further development of water supply sources (dams and water transfers) and the scale-up of non-conventional water resources (desalination and wastewater reuse).",0.9078743674538352
"Even if technological advances bring down the cost of desalination, 69 capital and operating costs would remain significant and energy-dependent, potentially exacerbating the sector’s financial fragility.",0.8134660720825195
The changing nature of the water balance and climate change challenges require institutional realignment to boost sector resilience to future uncertainty.,0.7634248733520508
The sector has changed its focus to respond to water challenges from emphasizing public works and improving infrastructure to sustainable resource management and increasing water security.,0.8748279918323864
"As the sector transitions in response to increasing water scarcity and future climate uncertainty, the institutional realignment of roles and responsibilities is needed to ensure affordable and sustainable water security solutions.",0.8552141189575195
These include support for the GoM’s efforts to strengthen the governance of the water sector to ensure that it is fit for purpose and can deliver on Morocco’s expectations related to the 68 Source: Cour des Comptes.,0.696437575600364
"In addition to technological advances and economies of scale achieved by larger plants, falling costs are driven by project development choices, such as colocation of desalination plants with power plants, and enhanced competitiveness from more efficient methods of project financing and delivery.",0.6762625954367898
" The World Bank Morocco Water Security and Resilience Program (P179192) longer-term goals of water security, recognizing the value of water, and ensuring the integration of non-conventional sources of water.",0.8636401783336293
"This approach is built on: (a) strengthening the water sector governance; (b) improving financial sustainability and water use efficiency, and (c) enabling the integration of non-conventional water resources.",0.9222217906605114
"Synthesis of RAs, activities, and executing agencies Activities Lead Executing agency  RA 1: Strengthening Water Sector Governance: Support GoM’s efforts to adapt the water sector governance to existing and future water challenges Preparation and adoption of the National Water Plan (PNE) MEE Development, adoption, and implementation of regulatory instruments and consultative MEE processes to improve the implementation of participative aquifer management contracts Preparation and signature of participative aquifer management contracts in three selected Concerned ABHS within the aquifers  Program Area Installation of smart meters for measuring groundwater withdrawals  ABHs included in the Program Development, implementation, and adoption of a performance benchmarking framework to MEE strengthen the performance of selected ABHs to deliver on their core functions of planning, ABHs included in the Program managing, developing, and protecting water resources and operating and maintaining infrastructure Operationalization of water information systems (SNIEAUSNIEAU and river basin agency) MEE ABHs included in the Program Improvements in water data management and information management systems, including MEE regulations, formal specifications, and benchmarking for data generation, sharing, and access, ABHs included in the Program quality assurance and control standards, upgrade, equipment, and maintenance of monitoring and information systems Installation and rehabilitation of stations and piezometers  ABHs included in the Program Operationalization of multiservice operators (energy and water supply distribution, and MoI and Régies included in the wastewater collection and treatment) information system Program RA 2: Improving Financial Sustainability and Water Use Efficiency Objective: Support GoM’s efforts to improve the valuation of water, reduce water losses from existing distribution systems, and encourage water conservation through communication campaigns Development of a Financial Sustainability Framework for the sector, including the development of Technical Work Group a financial model for the sector and the adoption of a financial sustainability action plan Implementation of communication campaigns and activities to raise awareness of the importance MEE of water conservation, including baseline and end-Program impact evaluations ABHs included in the Program Implementation of water loss reduction plans, including the deployment of geographical Régies included in the Program information management systems and hydraulic models; meters deployment (bulk- and micro- meters), network sectorization and pressure control program; leakage detection and rehabilitation campaigns; and network sectorization RA 3: Enabling the Integration of Non-Conventional Water Resources Objective: Support GoM’s efforts to improve the enabling environment and scale-up the availability of non-conventional water resources Development of regulations to strengthen the enabling environment and facilitate the scaling-up MEE of non-conventional water resources, focused on desalination and wastewater reuse Signature of conventions for the use of treated wastewater  MoI  The World Bank Morocco Water Security and Resilience Program (P179192) Activities Lead Executing agency  Implementation of conventions for the use of treated wastewater , including the (a) upgrade of Convention parties, including wastewater treatment plants (WWTPs) to increase the capacity for tertiary treatment and reuse of MoI and wastewater operator treated effluent for green spaces, industrial, and agricultural uses; and (b) distribution systems for the conveyance of treated wastewater reuse, including pipelines, pump stations, and storage tanks.",0.9013491543856534
 The activities related to groundwater management and participative aquifer management contracts will be only implemented within the geographical perimeter of action of the six ABHs included in the Program.,0.868091496554288
 The activities related to the signature and implementation of conventions for the use of treated wastewater will be only implemented within the geographical perimeter of action of the six ABHs included in the Program.,0.8171974528919567
Strengthening Water Sector Governance 13.,0.20556996085427023
"The technical assessment highlights the need to re-align institutions to ensure good water governance in response to changes in the water matrix, mobilization costs, and the increasing role of the local and regional governments.",0.8813617012717507
"Also, given the ongoing reform on the distribution of water services, the Program provides an opportunity to support the improvement in performance benchmarking of public-owned service providers for electricity and water supply distribution and wastewater collection and treatment.",0.9243337457830255
"At the decentralized level, the technical assessment found that adopting performance targets and fit-for-purpose built-in capacity can improve ABHs' performance and greater effectiveness in managing, protecting, and planning water resources within their respective domain, including financial autonomy.",0.9060469540682706
The impact of drought and floods and the pressure of growing demand are all factors that require planning for water resources development and management strategies.,0.9498604861172762
"Thus, since the 1970s, the GoM has undertaken efforts for water resources planning aimed at meeting Morocco’s water needs, with the objectives of (a) integrated planning and conjunctive management of surface and groundwater; (b) optimizing the allocation of water resources to meet present and future demand in the medium and long term in support of Morocco’s economic and social development growth at national and local levels and also between sectors; (c) providing access to water for the various regions of the country to ensure balanced development and the promotion of water-poor regions through water transfers from surplus to deficit regions; and, (d) protecting water resources.",0.929873293096369
Water Planning Process.,0.012287175113504583
"The prior Water Law 10-95 introduced the need for a long-term National Water Plan and Integrated Water Resources Management Master Plans (Plans Directeurs d’Aménagement Intégrée des Ressources en Eau , PDAIRE) for individual river basins.",0.8887479955499823
"According to the Water Law 10-95, the PNE sets the priorities for the mobilization and use of water resources based on the PDAIREs and defines the conditions for water transfers between river basins.",0.8808387409556996
"Based on Water Law 36-15 requirements, six PDAIREs have been approved by the Board of Directors of the ABHs, and four more are expected to be approved by December 2024.",0.4498517730019309
"The PDAIREs include (a) a quantitative and qualitative assessment of water resources; (b) water demand by sector and use category and water balances and water resources development schemes; (c) the definition of the investments at the river basin; (d) the economic and environmental evaluation of the proposed schemes/investments; and, (e) the implementation modalities of these water resources development schemes/investments.",0.9712510542436079
 The World Bank Morocco Water Security and Resilience Program (P179192) 16.,0.23818791996348987
"Based on the Water Law 36-15, the MEE prepared a draft PNE and submitted this for review by the Interministerial Water Commission in December 2019.",0.8616751757535067
"Given the increasing risk of water insecurity and the renewed vision for the country outlined in the New Development Model Report, the existing draft PNE is under review.",0.8549107638272372
"The Program will incentivize revising the existing draft, its endorsement by the key consulting bodies (Interministerial Water Commission and Superior Council of Water and Climate), and its adoption by Decree (under DLI #1).",0.8290038542314009
"The revised PNE, which will set the 30-year vision for the water sector, the draft shall encompass the following: • A comprehensive diagnosis of the water sector • An assessment of the major sector challenges and threats -including the impacts of climate change- and potential scenarios of evolution of demand and supply under several climate scenarios • The long-term vision, objectives, and strategic orientations of the water sector • The priorities for water resources mobilization and their use and the protection of water resources (surface and groundwater) • The principles to strengthen the sector's governance, institutional, and financial aspects for water security – including principles for water valuation and cost recovery • Its monitoring and implementation mechanisms 18.",0.8679346604780718
"The PNE revision and adoption entails significant coordination efforts among relevant stakeholders, including the MEF, MEE, MoI, MAPMDREF, OCP Group, and service providers (irrigation, water supply, and sanitation services).",0.881545673717152
It reflects the water needs of sector-specific plans (notably the Green Generation and OCP Group Water Plan).,0.8647197376598011
"The Superior Council of Water and Climate, chaired by the Prime Minister, reviews, and provides its advice on the PNE, which is adopted by Decree of the MEE.",0.8271051753651012
Local government authorities are responsible for the service provision of basic infrastructure services .,0.8461214412342418
The Organic Law 113-1 (201 ) specifies that the municipality “creates and manages the public services and facilities necessary for the offer of local services in the following areas: “– the distribution of water and electricity; public lighting; – liquid and solid sanitation and wastewater treatment plants” (Article 83).,0.8265744122591886
The Municipal Council of the Commune decides the management method of public services delivery under its jurisdiction and by the laws and regulations in force.,0.8455052809281782
"As such, municipalities are responsible for defining service objectives, monitoring, and controlling the execution of the service, and directing investments.",0.8666865608908914
The municipalities shall define master plans for sanitation and wastewater management.,0.8132273934104226
"Municipalities exercise their functions under the tutelle technique of the MoI, which provides technical assistance to the multiservice operators.",0.11961595578627153
"They coordinate at the national level the plans for developing municipal public services, including their pricing.",0.38227189670909534
"By the provisions of article 143 of the Constitution, the region has an essential role concerning other local authorities in the preparation, implementation, and monitoring of regional development programs and regional spatial planning schemes while respecting the competencies of other local authorities.",0.8028087615966797
The region has a legal personality and administrative and financial autonomy to carry out these tasks.,0.6643080277876421
"The regions can set up Local Development Companies (Societies de development local), which are local public companies whose capital is controlled by the local authorities, which can serve the objective of the regions to implement their responsibilities for equipment and infrastructure with a regional dimension.",0.8621138659390536
Regionalization offers an opportunity to revisit the formulation of the national sectoral strategies to anchor them better in a local development process that considers the specific regional advantages and needs.,0.03388805551962419
"Greater regionalization necessitates significant reforms in the water sector, given the more prominent role of the regions.",0.8291319066827948
"Essential reforms include adapting the institutional setup (including for planning and service delivery), funding  The World Bank Morocco Water Security and Resilience Program (P179192) arrangements (including budgetary processes, regional contribution, and engagement with the private sector), financial instruments (including regional financial strategies, under DLI#6), and local government accountability in policy formulation and execution.",0.8990468111905184
Regions have a significant role in the rollout of significant reform to distribution services.,0.8593004400079901
"The reform would entail the separation of bulk from distribution services, with bulk energy and water production handled by a national-level operator; and water supply and energy distribution and wastewater services (collection and treatment) entrusted to SRMs.",0.906354470686479
The GoM is reforming the distribution segment of the water supply and wastewater-collection service delivery chain.,0.8908412239768289
"In July 2021, a memorandum of understanding (MoU) was signed between the MoI, the MEF, and Ministry of Energy, Mines, and Environment, and the ONEE to launch the process of creation of regional multiservice companies for the distribution of electricity, drinking water, and wastewater collection and treatment at the level of each region.",0.9029419638893821
"In December 2022, the draft Law for the creation of SRM was presented to Parliament, and it is expected to be approved during 2023.",0.1147558255629106
"Currently, Régies – as autonomous subnational entities- are obliged to submit an annual audit to the MoI, which includes reporting the key information regarding operational and financial plans.",0.7990401874889027
"The Program will support the establishment of reporting requirements, with greater regularity, to be submitted through a digitalized performance information system to be managed by the MoI.",0.30586103959517047
"Also, the Program will support the definition of minimum service standards for electricity and water supply distribution and wastewater collection and treatment.",0.8752926913174716
"KPIs to be considered as part of digitalized operators' performance information system Indicators Unit Definition Water Coverage % The number of people served with drinking water expressed as a percentage of the total population within the service area of a utility Sewerage Coverage % Number of people served by a sewerage network expressed as a percentage of the total population within the service area of a utility Drinking Water Quality Composite Measures the potability of the water supplied by a utility, including compliance with indicator residual chlorine standards and bacteriological standards (according to Moroccan standards) Treated effluent Composite Measures the quality of the treated wastewater, including compliance with the Compliance with indicator parameters for final disposal (according to Moroccan standards) Quality Standards Hours of Water Supply Hours/day Measures the average number of hours a utility provides water to its customers daily.",0.8851473548195579
"It measures the continuity of services of a utility and, thus, the availability of water to the customer Non-Revenue Water % and volume Non-Revenue Water is the difference between the amount of water put into the (m3) distribution system and the amount billed/unbilled as authorized consumption.",0.8964834213256836
"It comprises commercial (apparent) and physical (real) losses Metering Ratio % Measures the number of connections with functional meters as a proportion of the total (for water supply) number of active water connections Staff Productivity Staff per 1,000 This refers to the number of personnel employed per 1,000 connections (total active connections water and, where applicable, sewer connections) Personnel Expenditure % Personnel costs as a percentage of overall O&M costs determine if personnel costs are as a Percentage of proportionate to overall O&M costs as defined by sector benchmarks O&M Costs  The World Bank Morocco Water Security and Resilience Program (P179192) Indicators Unit Definition Revenue Collection % Revenue Collection Efficiency measures coherence between collected revenues relative Efficiency to the billed amount Operation and % Operation and Maintenance O&M Cost Coverage measures the utility’s ability to break- Maintenance Cost even in its operational costs while relying on internally generated revenue.",0.855583971196955
Groundwater management remains a challenge due to over-abstraction and the lack of data (its quality and quantity).,0.7682939876209606
"There is no assessment of the available groundwater reserves, a projection of declining production, or an estimate of the cost increase of pumping and quality deterioration for overused groundwater.",0.9512015256014738
Challenges related to the management of groundwater resources in Morocco are significant .,0.7534704208374023
"Groundwater has come under unprecedented pressure over the past thirty years due to repeated droughts in the country, which have greatly reduced surface water supplies, pushing irrigators to draw more from aquifers, and partly because of the increase in water needs induced by the country's socio-economic development.",0.38177602941339667
"The overexploitation of groundwater leads to additional costs for pumping and deepening wells/boreholes, which is problematic for small farmers who practice subsistence agriculture.",0.87126671184193
The Program provides incentives in three key areas to improve groundwater management.,0.9063453674316406
"Since 2007, the GoM, through the MEE and the ABHs, has established participatory aquifer management contracts to manage groundwater resources better.",0.9112649397416548
"These contracts are designed to define the organizational, technical, and financial measures that shall be in place to sustain a given aquifer and avoid over-exploitation by the various aquifer users.",0.8845670006491921
"Through DLI#2, the Program provides incentives to strengthen the regulations for aquifer management contracts, sign aquifer management contracts for critical aquifers, and monitor groundwater abstraction by deploying smart meters.",0.9111808430064808
The Program will support the preparation of the regulatory provisions for participatory aquifer management contracts according to Water Law 36-15.,0.8766204660589044
"Studies and groundwater knowledge generated under the Programs and supported by strong scientific reviews will also be the basis for preparing and adopting participatory aquifer management contracts for the Berrechid, Maamoura, and Bahira aquifers, which are currently overexploited and for which there is a need to deploy an aquifer management contract.",0.8421569304032759
"Also, the Program will make links with the economic cadastre (including groundwater well inventory) being undertaken by the National Land and Cadastre Agency ( Agence Nationale de la Conservation Foncière, du Cadastre et de la Cartographie, ANCFCC).",0.86423414403742
"Since early 2023, the ANCFCC has been implementing an economic cadastre, which will gather 70 Geosciences 2020, 10, 81, Moroccan Groundwater Resources and Evolution with Global Climate Changes, Mohammed Hssaisoune, Lhoussaine Bouchaou, Abdelfattah Sifeddine, Ilham Bouimetarhan, and Abdelghani Chehbouni.",0.890454725785689
 The World Bank Morocco Water Security and Resilience Program (P179192) information at the plot level and include information on the depth and flow of each well (including authorized and unauthorized wells).,0.7028352564031427
"Thus, the ANCFF economic cadastre will support a greater knowledge of groundwater and would serve as a basis for launching wells-legalization campaigns to register unauthorized wells and control better groundwater abstractions.",0.8465031710537997
"Under DLI#4, the SNIEAU will be interoperable with the ANCFCC economic cadastre platform.",0.8558287187056108
"Hence, data will be available to water entities (at national and local levels) to better information decisions on groundwater management.",0.8607888655229048
"Finally, the GoM is deploying smart meters for large water users to better manage groundwater withdrawals.",0.8642057939009233
"The Program will support these efforts through DLI#3 by disbursement against the number of smart meters for large water users installed in aquifers within the Program area – that is, for the three aquifers for which aquifer management contracts will be signed as part of the Program and others.",0.8769108165394176
The ABHs were created by Water Law 10-95 to ensure integrated water resources management at the basin level.,0.8791783072731711
They are independent entities with financial autonomy under the tutelle technique of MEE.,0.854032343084162
The Water Law 36-15 adoption in 2016 solidified this decentralized approach by creating water basin councils and strengthening the main obligations and roles of ABHs.,0.6643730510364879
"As per Water Law 36-15, the mandates of the ABHs include monitoring, protecting, managing, and planning water resources, developing, and supplying water, monitoring and controlling water use and quality, and flood protection within their respective basins.",0.8787449923428622
"The main challenges across ABHs pertain to insufficient information management systems informing the preparation and implementation of the PDAIREs, operation of water infrastructure, water allocations, and flood forecasting.",0.8883927085182883
"Insufficient revenues and human resources also prevent ABHs from monitoring and controlling water abstraction and pollution efficiently, undertaking watershed and flood protection, ensuring dam O&M and safety, and sustaining reliable water sources.",0.8813417608087714
"This is also due to the need to implement more cohesive actions for the control of the Hydraulic Public Domain and of specific regulations in place on the delimitation of the Hydraulic Public Domain, water police, and permissible effluent discharge values.",0.864994309165261
Existing frameworks mainly focus on financial performance and remain limited to support prioritization efforts for overall ABH strengthening.,0.8998100107366388
A solid base of water sector information is required to support efficient and resilient sector development.,0.8360676331953569
"The technical assessment identified actions to improve water sector data and information, which need a holistic approach that encompasses all systems that make up for water information management systems to facilitate access and bring more utility of information services to decision-makers and users.",0.8566567681052468
"These systems include monitoring and observation networks, data management systems, and information services delivery and feedback systems.",0.6752370921048251
Improving water information services in Morocco requires increasing the spatial coverage and density of observation networks.,0.7441938573663885
These systems require quality management systems to ensure water data reliability for different applications.,0.8547030362215909
"Developing information systems to boost the exchange, public access, and utility of water information to users through specific products and services will support efficient water resource management and planning.",0.8657749349420721
Water observation and monitoring networks.,0.5778689817948774
"The ABHs manage hydrological and hydrogeological networks, while the strategic development of these systems at the national level lies under the MEE-DRPE.",0.8731320121071555
The manual and automated data measurement and transmission from existing networks further face shortcomings due to deficiencies in data quality assurance practices and supporting Information and Communications Technology systems.,0.8074852336536754
Thoughtful operation and maintenance and sufficient financial and human resources are necessary to ensure these systems' sustainability over time.,0.1344518553126942
The Program will support the development of hydrological and hydrogeological networks in the ABHs included in the Program.,0.8524834025989879
Establishing new hydrological stations and piezometers will extend existing measurement networks to areas not sufficiently covered within these basins.,0.8566405556418679
"The maintenance of existing stations, including the modernization of select stations and piezometers with telemetry equipment, will further support the rehabilitation and upgrade of these systems.",0.7436667355624113
"The development of these networks will be implemented following a diagnostic and action plan that will enable the adoption of a more strategic approach based on assessed water data needs, benchmark best practices, and cost-effective solutions.",0.8397421403364702
"Implementing these plans will also include the training and capacity development of ABHs and MEE technical staff to operate and maintain improved systems, including optimizing their management and O&M.",0.8824453353881836
 The World Bank Morocco Water Security and Resilience Program (P179192) 35.,0.022081654180179943
Data management systems and water data quality assurance.,0.8270814202048562
"The existing water resources database (BADRE21), which encompasses different data processing and storage modules, does not meet the functional needs of ABHs and MEE.",0.8394323695789684
This database lacks automatic synchronization between ABHs and central-level data management systems.,0.04443348537791859
"The backbone software making up this database further requires upgrading to reflect functionalities with current practices for data visualization, consolidation, and protection.",0.6612326882102273
"In addition, standard procedures for undertaking surface and groundwater measurements, including specific tools and technical capacity for data quality assurance and control across the data measurement chain,72 remain underdeveloped.",0.831759973005815
These are necessary to maintain a satisfactory level of quality in a data set or data consolidation to build institutional data trust and make water data and information sufficiently reliable to potential users.,0.5969538255171343
"The Program will support the development of an improved data management framework to operate for the processing, storing, and consolidating of water data at the ABH and central level (DPRE-MEE).",0.8666322881525214
"This system will include improved data storage modules (databases) specific for surface water, groundwater, and flood data, each with Geographic Information Systems (GIS) capability.",0.8044047789140181
The Program will also support the preparation and adoption of guidelines and manuals detailing the procedures for surface and groundwater measurements and the operationalization of tools and practices for data quality assurance and control by ABHs included in the Program.,0.8164854916659269
Adopting quality management principles will enable ABHs to enter a formal certification process.,0.13636114380576395
"Quality assurance and control processes will cover the life cycle of the water data, from the equipment installation and observation through its storage and use.",0.8315134915438566
"In Morocco, water information systems at the ABHs level constitute the basis for data consolidation at the basin level.",0.5766611966219816
The Water Law 36-15 mandated the creation of a National Water Information System (SNIEAU) as the chapeau framework to consolidate basin-level water data at the national level.,0.8555575284090909
This is partly due to specifications of the Water Law 36-15 related to the SNIEAU and the functions and procedures for water data (Articles 129 and 130) requiring prior definition and formalization.,0.6946576725352894
"Water information systems also require further development of decision-support functions for water resources planning and management, including specific data products or services to decision-makers and users.",0.8736055547540839
Improved water information management systems will enable the reliable access and use of water data and information for decision-making at the basin and national levels.,0.843435981056907
"To this end, the Program will support the adoption of the decree defining all specific requirements for establishing the SNIEAU – following the Water Law 36-15 specifications.",0.8659739060835405
"The Program will also incentivize the operationalization of water resources information systems at the basin and national levels, involving their necessary upgrades to meet compliance with the established norms, the interoperability among systems for the consolidation of water data from basin to national level systems and with other sector systems, and to enable and ensure publicly and reliable access of water data and information to stakeholders and users.",0.8673399144952948
"The access and use of water data and information will be further enhanced by developing and upgrading specific decision-support tools for water quality, groundwater monitoring, and the generation of river basin water accounts.",0.862754995172674
Improving Financial Sustainability and Water Use Efficiency 39.,0.10453903675079346
The transformation of the water sector has important implications for long-term financial sustainability and equity considerations across different sectors and parts of society .,0.7501798976551403
"Tariffs for water supply and irrigation services are not 72 Include the ensemble of processes and means for data measurement and collection, treatment, transmission, processing, and storage.",0.8812727494673296
" The World Bank Morocco Water Security and Resilience Program (P179192) generally based on production and distribution costs, and user contributions are generally insufficient to cover operational and maintenance costs.",0.8791737989945845
These challenges and changes in the sector's cost structure call for a comprehensive approach to the valuation of water that can inform future-focused policies and regulations to improve financial sustainability.,0.8973242152820934
"These policies and regulations will be important to reveal the range of values among different stakeholders and develop a shared vision within communities, to optimize the sustainable and efficient allocation of water, ensure the equitable pricing of water services, and guide investments aimed at safeguarding water security, its contribution to economic growth and development, and maintaining social equilibrium.",0.8558224764737216
The Program will support the Government’s efforts to anticipate and address the challenges of financial sustainability in the sector.,0.8760245930064808
"The NDM report recommends measures “reflecting the true value of the water resource and incentivizing a more efficient and rational use and management of the resource.” The goal is “future-orientated” policy processes that anticipate, rather than react to, new challenges and account for the change in socio-economic and environmental conditions, shifts in societal values, and pervasive uncertainty associated with climate change.",0.8444733186201616
"As part of updating the PNE, the Program will support a qualitative process that can build consensus around national priorities and reveal local values, culminating in adopting principles that will inform the development of quantitative tools to improve financial sustainability.",0.6935773329301314
The Program will build on these principles to identify and update the underlying costs and benefits associated with investments in the water sector to inform the development of a consolidated financial model.,0.9185439023104581
This information is critical to informing and guiding the process of developing pricing strategies for the various sub-sectors that can be used to create incentives for better water use and consumption while safeguarding water for the environment and other intangible value allocation options.,0.941724257035689
"The key building blocks of financial sustainability Valuation Costing Sustainable Water Establish principles that Service Delivery can inform next steps, guide the allocation of Understand cost Financing water and inform structure and benefits necessary reforms to within the sector Sector wide financial Pricing ensure financial through a consolidated model that can optimize sustainability and equity set of financial accounts financing options and Improve self-financing, among stakeholders that accounts for and budget allocations to manage demand, integrates direct, ensure an equitable attract private financing indirect and non-use transition toward and better target benefits and costs financial sustainability government funding of the sector and ensure targeted assistance to safeguard the vulnerable Potable water savings in distribution networks 41.",0.958321831443093
A key pillar of the PNAEPI is the reduction of water losses and service providers’ performance improvement to enhance Morocco’s water security.,0.8629830100319602
"In 2022, water losses (physical and commercial) varied from 19.9 to 31.28 percent among the Régies included in the Program.",0.4920861504294656
"Given Morocco’s water scarcity challenges and the increasing cost of water mobilization, a further increase in potable water distribution efficiency is critical to enhance water security and support the financial sustainability of service providers.",0.9325360384854403
"The water loss reduction programs implemented by the Régies include the sectorization of distribution networks into hydraulicly isolated sections (or creation of District Metered Areas - DMAs), the  The World Bank Morocco Water Security and Resilience Program (P179192) installation, replacement, and calibration of macro an micro-meters, the installation of pressure valves and modulators for better network pressure control, the installation of remote leakage detection tools (like acoustic sensors), as well as the localization, repair, and replacement of underperforming distribution infrastructure where leaks were detected.",0.8960181149569425
The Program will support the implementation of the water loss reduction plans prepared by the selected Régies in the Program area.,0.8594175685535778
"In addition, existing DMAs will be upgraded, where necessary, with electromagnetic flow meters and remote management capabilities, superimposition of commercial and hydraulic sectors, installation of leak detection equipment (e.g., acoustic sensors), replacement of old and defective meters, pressure modulation, geo-localization of water connections and migration into GIS platforms.",0.9029554887251421
"These actions will help improve the monitoring and calculation of water balances in each DMA, increasing the efficiency of leak detection and decreasing water losses.",0.860684568231756
"In addition to these actions, the Program will support repairing, rehabilitating, and replacing old pipes, depending on their damage status.",0.46008378809148615
The water loss reduction activities supported under the Program could lead to water savings of 20 MCM over the Program’s lifetime and important operational and financial efficiencies.,0.8739934401078657
"If a physical loss is detected and repaired, the savings will be in reducing variable operational costs for the Régies as less water needs to be produced and pumped.",0.8667510639537465
This would create additional water supply and allow new customers to connect to the supply system.,0.3114363496953791
"These savings would also reduce energy consumption and GHG emissions, relieve pressure on groundwater, and delay the need to develop alternative water supply sources.",0.27300318804654206
"When a commercial loss is detected and resolved, the saving will be an immediate revenue increase and thus is based on the water sales tariff, generating additional revenues, and improving the financial performance of the beneficiary service providers.",0.9284847432916815
"Establishing DMAs also makes optimizing energy consumption, pressure management, and water quality issues possible.",0.87476262179288
District Metered Areas for more efficient water loss reduction Water losses are defined as the volume of water distributed minus the volume of water billed in each network.,0.8580332669344816
"Therefore, water losses encompass physical losses due to leakages in the water distribution system and commercial losses due to faulty meters or illegal connections.",0.7078852220015093
"When a water network is operated as an open system, determining water losses can only be calculated for the entire network, which is an average for the entire system.",0.37417416139082477
"Moving from passive to active leakage control allows for more efficient operations, and it requires the sectioning of the larger network into smaller zones or district meter areas (DMAs).",0.26409977132623846
A DMA is defined as a discrete part of a water distribution network.,0.05872373147444292
"The concept of monitoring flows into DMAs, where bursts and leaks are unreported, is now an internationally accepted and well-established technique to determine where leak location activities should be undertaken.",0.24068773876536975
"The NCSP establishes three main objectives: (a) ensure that all relevant stakeholders, implementing agencies, and partners are fully informed about the pillars of the PNAEPI; (b) promote the participation and engagement of all relevant stakeholders in the implementation of the PNAEPI; and (c) raise the awareness of the general population on the country’s water scarcity situation and the need to change behavior towards water conservation.",0.837740117853338
The Program will support the implementation of the actions related to the NCSP’s third objective due to its strategic role in boosting a water savings culture in Morocco.,0.8750248822298917
"Despite the country’s water scarcity, many water users are often disengaged and uninformed of the objectives of the PNAEPI, are not aware of the actions they can take to conserve potable water and water for irrigation and may view non-conventional water resources with mistrust.73 These issues may hinder the successful implementation of the Program and the PNAEPI.",0.8539535349065607
The Program will support the roll-out of communication campaigns to galvanize support for implementing the PNAEPI and incentivize awareness of water consumption reduction among the general population.,0.8525196422230114
"These campaigns seek to engage with the general population on the main pillars of the PNAEPI, raise awareness about the water scarcity challenges the country faces, encourage support to augment non-conventional water resources in the country’s water mix, and incentivize behavior change towards water conservation.",0.8613697398792614
"Ultimately, the campaigns also seek to build trust between water users and water management institutions.",0.8430083014748313
 The World Bank Morocco Water Security and Resilience Program (P179192) RA3.,0.7663608897816051
Enabling the Integration of Non-Conventional Water Resources 46.,0.11397888443686745
A sound regulatory framework and an enabling environment must accompany the successful expansion of non- conventional water resources.,0.8432632793079723
Diversifying the water resource matrix is critical for Morocco to boost water security and resilience by decoupling water production from hydro-climatic variability.,0.754117185419256
The Program will support capacity-building efforts for contracting and managing Public-Private Partnerships (PPPs) for desalination.,0.8914352763782848
"As indicated by the NDM report and the PNAEPI, given the high-CAPEX costs associated with seawater desalination, mobilizing private-sector financing is key to Meet Morocco’s water security objectives.",0.694543491710316
"PPP contract models allow for the assessment of asset performance (desalinated water production capacity, quality, and water pressure at the point of delivery) against agreed-upon technical specifications, timing, and budget with the private party.",0.8680944442749023
The remuneration to the private developer can be easily linked to the demand for desalinated water using capacity-plus-volume tariff structures.,0.8971966830166903
"In 2016, 47 percent of desalination capital investments in the world (US$2.9 billion) were financed using PPP schemes, with the MENA region leading with more than 30 desalination BOTs signed in the past 20 years.75 Wastewater reuse scale-up 48.",0.7962118495594371
"Morocco has made significant progress in increasing wastewater treatment in the country, which represents an opportunity for increas ing the availability of treated wastewater for reuse to reduce pressure on Morocco’s scarce water resources and vulnerability to climate change.",0.8307093706997958
"In 2006, the government of Morocco embarked on a large National Sanitation Program (Programme National d’Assainissement Liquid et d’Épuration des Eaux Usées, PNA), which resulted in about 84 percent of the Moroccan urban population connected to a sewerage network in 2019 and increased the level of wastewater treatment from 8 percent in 2005 to 53 percent in 2019.",0.5890055569735441
"By the end of June 2020, Morocco had completed 153 wastewater treatment plants (WWTPs), with an overall treatment capacity of about 3.4 MCM per day.",0.5253112532875754
"Most of this installed capacity in volume concerns pre-treatment and discharge at sea via an outlet (2.3 MCM per day or 68 percent of the installed capacity) because the large coastal cities (Rabat, Tangier, Casablanca, Tetouan) have retained this type of treatment system.",0.875479438088157
"In addition, 16 percent (or 0.5 MCM per day) of the installed capacity concerns tertiary treatment, followed by 13 percent at the secondary stage and 3 percent of the capacity for primary treatments exclusively.",0.6231314919211648
These volumes represent an important resource to alleviate the water scarcity challenges the country is facing.,0.8451028303666548
"The National Sanitation Mutualized Program (Programme National d’Assainissement Mutualisé , PNAM) was launched in 2019, establishing the target of 100 MCM per year of wastewater reuse by 2027.",0.9105207269841974
"The PNAM, part of the PNAEPI, establishes that further developing and expanding treated wastewater reuse is a strategic solution to Morocco’s water scarcity challenges.",0.4590197042985396
The PNAEPI foresees a total investment of MAD 3019 million (US$301 million) to expand treatment capacity and upgrade WWTPs from primary or secondary treatment to tertiary treatment for reuse.,0.8475098176435991
"The proposed investments build on Morocco’s successful experience implementing reuse projects, for example, for use in industry, green spaces, and golf courses across the country.",0.36880090019919654
"In 2020, 21 golf courses were already being irrigated with treated wastewater.",0.7940278486772017
The PNAEPI foresees additional 87 reuse projects to be implemented under 2027.,0.7605844844471324
The implementation arrangements of the reuse projects are established in dedicated reuse agreements.,0.8040057095614347
"These agreements establish the purpose and scope of the project, as well as the roles and responsibilities of the involved 75 Global Water Intelligence (GWI), 2017.",0.07147002220153809
" The World Bank Morocco Water Security and Resilience Program (P179192) stakeholders regarding financial contributions, operation and maintenance arrangements, quality and quantity of water, monitoring, reporting, and coordination mechanisms needed for the project implementation, among others.",0.8741026791659269
The average tariff charged for the treated wastewater is between 2 to 3 MAD per m3.,0.5416439229791815
Non-conventional water resources use in industry – the case of the OCP group Morocco has the largest reserves of phosphates in the world (75 percent of the global stock).,0.48817812312733044
"The state-owned OCP group is responsible for the exploration, extraction, processing, and marketing of phosphate rock and its derivatives.",0.8659754666415128
"As part of its sustainability strategy, OCP has committed to adhering to circular economy principles and is currently meeting around 30 percent of its water demand through the use of treated wastewater and desalinated water.",0.7555678974498402
"In line with the PNAEPI and the OCP Group’s sustainability strategy, the OCP Group has committed to cover all its water needs with non- conventional water resources by 2030 (72 with water from desalination plants and 28 percent with treated wastewater, for a total water need of 161 MCM per year by 2030).",0.8663793043656782
"For this, several projects are underway including the expansion of existing desalination plants and the construction of the Tadla WWTP, and the Fqih Ben Salah WWTP.",0.846435546875
The existing WWTP at Khouribga will be expanded to treat twice the current volume.,0.2254321358420632
"The OCP also has in place a large program for increasing the efficiency of its water processes, including recycling 80 percent of the water used in phosphate enrichment process; and saving three MCM of water a year through the installation of a slurry pipeline that has replaced conventional railway transportation that used to transport phosphate from Khouribga to Jorf Lasfar.",0.9018699472600763
"By 2021, 87 percent of OCPs energy needs were met by co-generation and wind energy.",0.35146921331232245
"As part of its Sustainability Strategy, the OCP will expand its solar power grid as well as engage in energy efficiency practices to reduce consumption by 10 percent.",0.8016550757668235
"Sources: OCP Group (2021) OCP Sustainability Integrated Report 2021.  08/OCP%20GROUP%20INTEGRATED%20REPORT%202021.pdf Corporate Website and presentation provided by the OCP Group on , during the Webinar “La place des eaux non conventionelles dans la stratégie de Développement Durable d’OCP” in collaboration with the Moroccan Coalition for Water (COALMA):  51.",0.7933694666082208
The Program will support the expansion of treated wastewater available for reuse to more than 52 MCM per year by 2027.,0.8652084523981268
"The scope of each reuse project will be specified in its corresponding reuse agreement, and it will include: the upgrading of existing wastewater treatment plants from primary or secondary treatment to tertiary treatment, the extension of tertiary treatment capacity, and the construction of treated wastewater distribution network and associated infrastructure (pumping stations, reservoirs, etc.).",0.9480691389604048
"Summary of reuse projects characteristics included as part of the Program No Location - Treated Existing WWTP Type of WWTP WWTP WWTP Area to Volume of Town wastewater treatment level technology completion capacity be treated use date (m3/day) irrigated wastewater (ha) effluent needed (m3/year) 1 Kelâat Green spaces Tertiary Trickling filter 2014 8 400 28 615 000 Sraghna 2 Rabat, Salé Green spaces The treated water for reuse comes from the water used to 105 3 650 000 et Témara wash the filters of the Oum Azza and Bouregreg water treatment plants 3 Al Hoceima Green spaces Tertiary Activated 2004 - 2011 9 600 18 91 000 sludge 4 Azemmour Mazagan Under Activated Under 7 000 200 2 700 000 Beach and construction sludge construction Golf Resort, Golf Pullman Mazagan Royal, and green spaces 5 Settat Settat Tertiary Natural Lagoon 2006 13 500 104 1 700 900 University Golf and green spaces 6 Bouznika Golf Bouznika Tertiary Natural Lagoon 2010 5 070 119 1 737 400 Bay Capri and green spaces 7 Ech- Mohammadia Secondary Trickling filter 2015 2 800 TBD 1 022 000 challalate Royal Golf and green spaces 8 Fés Fès Royal Golf Secondary Activated 2014 155 400 120 12 045 000 à Ain Chgag, sludge Golf Oud Fès and green spaces 9 Assilah, Golf Assilah Tertiary Activated 2015 10 400 166 3 400 000 Gueznaia et Marina and sludge Tanger green spaces 10 El Jadida Green spaces, Primary Pre-treatment 2012 95 000 414 5 767 000 Parc and submarine d'exposition outfall M6 and PUMA OCP 11 Benslimane Green spaces Tertiary Natural Lagoon 1997 5 600 9 321 748 12 Biougra Green spaces Tertiary Natural Lagoon 2007 1 156 TBD TBD and infiltration percolation  The World Bank Morocco Water Security and Resilience Program (P179192) No Location - Treated Existing WWTP Type of WWTP WWTP WWTP Area to Volume of Town wastewater treatment level technology completion capacity be treated use date (m3/day) irrigated wastewater (ha) effluent needed (m3/year) 13 Ifrane Michelifen Tertiary Activated 2015 8 900 100 110 500 Golf and sludge green spaces 14 M'Rirt Green spaces Tertiary Aerated lagoon 2003 - 2021 4 265 18 397 354 and irrigation for agriculture 15 Marrakech Green spaces Tertiary Activated 2010 90 720 228 7 000 000 sludge 16 Meknès Meknès Royal Primary Anaerobic 2009 100 000 TBD 10 895 250 Golf and lagoon green spaces 17 Kénitra Golf 3ème Secondary Activated 2018 70 000 17 620 500 Bafra and sludge green spaces Source: MoI, April 2023.",0.8917840610850941
The Program will strengthen the legal framework for reusing treated wastewater in agriculture by updating the by-laws regulating its use.,0.8657373081554066
"The Water Law 36-15 provides bylaws for the safe and sustainable reuse of treated wastewater in various sectors, including agriculture, industry, and public spaces.",0.31327215108004486
"Thus, the Decree No2-97-875 of 1998 defining the water quality standards and the process for establishing the inventory of sources of water pollution need updating based on the provisions of the Water Law 36-15, as well as the Order No1276-01 of October 2022, which sets the quality standards for treated effluent to be used for agriculture purposes.",0.8685931292447177
The Program will support a consultative and participative process for revising Decree No2-97-875 of 1998 and the Order No1276-01 of October 2022.,0.7028007507324219
"This DLI aims to incentivize the adoption of the PNE, which will set the 30-year vision for the water sector.",0.8768366033380682
"It shall encompass dynamic planning that reflects the increasing uncertainty derived from climate change; and the principles to strengthen the sector's governance, institutional, and financial aspects (including defining water valuation and cost-recovery principles).",0.8760120218450372
"The preparation of the Plan entails significant coordination efforts among the relevant stakeholders, including the MEF, MEE, MoI, MAPMDREF, OCP, and service providers (irrigation and water supply, and sanitation services).",0.8837542100386186
It reflects the water needs of sector-specific Plans (notably the Generation Green and OCP Water Plan).,0.8666739030317827
"Its approval must be done by the Superior Council of Water and Climate, chaired by the Prime Minister.",0.741491664539684
DLI#2: Groundwater management improved.,0.8181629180908203
This DLI seeks to support the GoM efforts to improve groundwater resources and ensure long-term sustainability.,0.8547899939797141
"This DLI will incentivize the development, adoption, and implementation of legal provisions and consultative processes for participatory aquifer management contracts.",0.8817738619717684
"Also, the DLI provides incentives for signing participatory management contracts in three significantly overexploited aquifers (Berrechid, Maamoura, and Bahira).",0.8758233677257191
"Finally, the DLI supports GoM's effort for improved groundwater management by deploying smart meters to monitor groundwater abstraction by large users in aquifers within the Program area.",0.8692033941095526
"This DLI provides incentives to strengthen the performance of the river basin agencies (ABHs), key institutions for water resource management at the basin level.",0.9486596367575906
"To this end, the DLIs will support the adoption of a performance benchmarking framework, which will allow ABHs to  The World Bank Morocco Water Security and Resilience Program (P179192) assess their performance in delivering key functions (managing, planning, protecting water resources, and operating and maintaining public water infrastructure) based on a maturity matrix.",0.8906777121803977
DLI#4: Water Information Systems operationalized and used for decision-making.,0.6164501363580878
"This DLI seeks to incentivize improved content, quality, accessibility, and use of water data.",0.7185912565751509
"To this end, the DLI will incentivize the adoption of the Decree establishing the SNIEAU and ABHs' Water Resources Information Systems and the operationalization of the systems, which entail: (a) interoperability between the SNIEAU and ABHs' Water Resources Information Systems; (b) interoperability with relevant databases (stored water volumes in dams, inventory of wells by the National Conservation Agency, water quantity and quality, among others); and (c) their accessibility to the public (partial).",0.871533827348189
"Finally, the DLI provides incentives for publishing in the SNIEAU of the annual hydrological status by selected ABHs included in the Program, including uses and quality aspects.",0.8407644792036577
This DLI aims at establishing the foundations of the regulatory systems for the SRMs- including two major elements: (a) KPI reporting requirements feeding into an MoI digitalized performance information system; and (b) the definition of minimum service standards for electricity and water supply distribution and the wastewater collection and treatment.,0.8923684900457208
DLI#6: Financial sustainability framework of the water sector improved .,0.879466403614391
This DLI seeks to improve the sector's financial sustainability across the entire water value chain by developing a Financing sustainability framework comprising a financial model et financial sustainability action plan.,0.9296403364701704
"These tools will facilitate GoM decision-making to bridge the gap between cost and revenues along the water value chain (including water mobilization through wastewater reuse and disposal), particularly considering the significant transformation of the water matrix envisaged under the PNAEPI.",0.8873927376487039
"In particular, the DLI will support developing a financial model, and adopting a financial sustainability action plan.",0.887401667508212
DLI#7: Volume of potable water savings in distribution water supply networks.,0.8520614450628107
This DLI seeks to incentivize demand management efforts in the distribution systems by implementing non-revenue water reduction plans by Régies in the Program area.,0.9331430955366655
"Through the Program, 20 million m3 of potable water will be saved by Régies in the Program areas through network sectorization and pressure management, improved leakage control and repair, deployment of GIS tools, and rehabilitation of distribution mains.",0.8874671242453835
"This DLI supports the GoM's ambition to scale up treated wastewater for productive uses (green spaces, golf, industry, tourism, agriculture, and others) as a strategic resource to mitigate increasing water scarcity risks.",0.9545627940784801
"Through this DLI, the Program will support the revision of the bylaw defining the norms for wastewater reuse for irrigation purposes, noting that the general use of wastewater is already adopted.",0.8689628947864879
"In addition, the DLIs will incentivize the implementation of treated wastewater reuse projects, including expanding the installed capacity to the treatment level required for reuse and the distribution network from the wastewater treatment plant to the off taker of the treated effluent.",0.8981670032848011
The Program will make 52 million m3 of treated wastewater available for reuse (equivalent to 52 percent of the PNAEPI target).,0.863549145785245
 The World Bank Morocco Water Security and Resilience Program (P179192) III.Corporate Requirements Gender 63.,0.8003707365556196
"Available at:  content/uploads/2018/11/RG_LF_2019.pdf  The World Bank Morocco Water Security and Resilience Program (P179192) approaches in ABHs water management, protection and development projects, and programs.",0.8735987923362039
Preparation of participatory aquifer management contracts.,0.8683076338334517
"The Program will incentivize the development of water information systems and capacities to improve the quality of water data, with a particular focus on user accessibility.",0.8551962592385032
This will be achieved with an established user feedback mechanism made available through these  The World Bank Morocco Water Security and Resilience Program (P179192) systems and the regular undertaking of customer satisfaction surveys that will inform the incorporation of feedback back into quality assurance and control processes to ensure data generation meets customer requirements.,0.8476116007024591
The PNAEPI communication strategy supported by the Program aims to build public support for the strategic priorities of the PNAEPI and promote sustainable water management practices.,0.8616207296198065
"These will be once again evaluated at the end of the Program to assess improvement in the suitability of messages, actions towards water conservation, and support to the Program activities.",0.16147597269578415
"Establishing DMAs for non-revenue water management will allow the Régies to respond more quickly to customer complaints about low water pressure or other issues related to the distribution network, as leakages can be more readily identified and fixed.",0.8658412586558949
Régies will also organize public meetings and community outreach campaigns during the implementation of non-revenue water reduction actions.,0.6180989092046564
"Rising temperatures and erratic rainfall have reduced river flows and increased evaporation and siltation of storage dams, leading to a 20 percent reduction in overall water resources in the last 30 years, exacerbating the problem of water scarcity generated by non-climate stressors such as population growth in the north, irrigation expansion, as well as urban, industrial and tourism development.",0.9484424591064453
Reducing energy consumption resulting from reduced water losses will generate GHG emissions savings by reducing the overall energy usage by the water sector.,0.14632312818007034
The NPV of these emissions is US$3 million.,0.4657007564197887
"Synthesis of the relevant expenditures associated with the Program (2023-2028) Implementing Agency Million MAD Million US$ ABH 1,822 180 MEE 487 48 Regies 2,012 199 Reuse projects 1,480 146 Total 5,801 573 Source: Annual budgets and concerned entities' budgets and forecasts Budget structure and lines 79.",0.8013388893821023
"The PNAEPI is funded through the budget of the MEE, the ABHs included in the Program (Loukkos, Sebou, Bouregreg Chaouia, Oum Er Rbia, Tensift and Souss Massa), and the budgets of the 11 Régies included in the Program (RADEEF, RADEEJ, RADEEL, RADEEMA, RADEES, RADEET, RAK, RAMSA, RADEETA, RADEM and RADEEC).",0.8247211629694159
"At the central level of the MEE, the investment budget is under Program 601, entitled ""Water,"" which includes several projects organized by budget lines.",0.7358180826360529
"These lines encompass studies, procurement, and works on evaluating surface and groundwater water resources and management and IT tools, platforms, and solutions development.",0.8688715154474432
MEE Budget lines considered for the Expenditure Framework Program Project Line Operation Title 601 11 17 Participative aquifer management contracts Smart meter for real-time data transmission 601 20 31 Technical studies related to water resources evaluation 601 20 34 Purchase of hydrogeological equipment 601 20 71 Hydrological studies related to surface water Design study of hydrological weirs at the resources evaluation national scale Modernization of the hydrological network Hydrological studies related to surface water resources evaluation 601 20 72 Construction and development of hydrological stations 601 20 74 Purchase of equipment and materials for hydro climatological measurements and flood warnings 601 80 12 Studies related to the development of IT solutions and platforms 81.,0.9269732561978427
"The expenditure framework encompasses the budget lines that support the development of water resources through the water public domain, water resources evaluation, planning and management, and water resources preservation and control.",0.8727544437755238
"RBA Budget lines considered for the Expenditure Framework Budget line Title 10 Modernization of the administration 20 Studies and research 30 Management of the Hydraulic Public Domain 40 Water resources evaluation 50 Water resources management and planning 60 Water resources conservation, preservation, and protection 80 Maintenance of Hydraulic Public Domain Assets 40 (Fct) Communication and awareness 82.",0.892357739535245
"As for the MoI, the expenditure framework related to the RA on non-conventional water resources, an analysis was conducted on the budgetary lines to be financed by the special fund created by the 2007 Finance aw entitled “National Fund for Wastewater Collection and Treatment ” (FA EEUR).",0.8744966333562677
"These lines cover the tertiary treatment of 36 communes, representing 11 percent of the projects considered under the National Mutualized Sanitation Program (PNAM).",0.5228930386629972
"A total of 17 projects were identified for a total amount of MAD 1480 billion (US$146 million equivalent) with a target of wastewater mobilized during Program implementation of 52,000,000 m 3.",0.9223366650668058
"Regarding the 11 Régies included under the Program, the expenditure framework covered all the budget lines that support the implementation of the RA2 related to water savings in distribution water supply networks.",0.8698720932006836
"The analysis identified the following activities under the budget lines of the 11 Régies: (a) renewal and reinforcement of the distribution network; (b) leaks detection campaigns; (c) pressure management and network sectorization; (d) acquisition of leak detection equipment; ed) renewal of water meters and installation of electromagnetic flowmeters for large consumers; and, (f) GIS deployment.",0.8934747522527521
"The economic, social, and financial measures taken rapidly by the government to offset the negative economic impact of the crisis have contributed to reducing the budgetary and financial margin of the government.",0.15790467912500555
Report on budget execution and three-year macroeconomic framework published in connection with the 2023 Finance Law.,0.21661901473999023
" The World Bank Morocco Water Security and Resilience Program (P179192) expected to have a long-term positive impact on the fiscal outlook by helping to broaden the fiscal base and spaces, increase tax revenue, and improve spending efficiency.",0.7631843740289862
"The 2023 Finance Law provides for the continued construction of the “Social State” and the strengthening of its pillars via concrete and unprecedented measures that will improve the living conditions of large segments of the population, in particular, the generalization of social protection to vulnerable and needy categories, the improvement of the purchasing power of the middle class and the healthcare offer, the promotion of public schools and the development of mechanisms for access to housing.",0.02604774995283647
"Also, among the four general orientations of the 2023 Finance Law, one of the four axes retained in this project concerns “the restoration of the budgetary margins to ensure the sustainability of the reforms.",0.8415841189297762
"The Government will attach particular importance to financing large-scale structural reforms initiated in recent years, to mobilize more resources and ensure their sustainability.",0.8401846452192827
"Among the sectoral strategies announced, the 2023 Finance Law provides within the framework of the PNAEPI ""the implementation of urgent measures to ensure the supply of drinking water, through the launch of a multitude of projects related to the transfer of water between certain basins, the implementation of seawater desalination stations as well as the reuse of treated wastewater in the watering of green spaces, industrial uses and the needs of tourist complexes.""",0.9240381067449396
"If the tools for defining an overall budget policy strategy are of acceptable quality at the level of the entire budget, they are still under construction at the level of the ministerial sectors.",0.7026670629327948
"The quality of the monitoring of budget execution during the year, despite the delays noted, also promotes the proper allocation of resources through the possible rapid readjustments that it allows.",0.8459914814342152
The cost-benefit analysis estimates the economic feasibility of the Program by calculating the net present value (NPV) of cost and benefit streams and by determining the Program's economic rate of return (ERR).,0.7416030710393732
 The World Bank Morocco Water Security and Resilience Program (P179192) 91.,0.10929364507848566
The cost-benefit analysis included economic costs and benefits under RA2 and RA3.,0.8139828768643466
"It was undertaken from an economic perspective converting financial cash flows into economic cash flows to eliminate distortions caused by taxes, subsidies, and other externalities.",0.9211772571910511
Costs include the investment and O&M costs of schemes under RA 2 and RA3 during the Program life.,0.8372155102816495
The net benefit is the difference between the incremental benefits and the incremental costs of two scenarios: “without” and “with” the Program.,0.5847106413407759
"Results under RA 2 and RA 3 were evaluated, measuring the expected costs and benefits for the Program’s lifetime, estimated at 20 years for the investments included under RA2 and RA3.",0.5488967462019487
• Costs and benefits are expressed in constant prices as of 2023.,0.125842040235346
"The analysis was completed using a 6 percent discount rate, corresponding to the Bank directives regarding discount rates for economic analysis81.",0.8960954492742365
RA2 investments in potable water loss reductions in distribution networks by Regies in the Program .,0.873052943836559
The expected economic benefits of these investments include (a) increased water revenues resulting from physical and commercial loss reductions; (b) decreased operational costs as a result of leak detection and reduced energy requirements; (c) avoided capital expenditures; (d) GHG emission reductions owing to reduced energy requirements.,0.9602446122602983
Additional water sales arising from greater water availability derived from reduced water losses.,0.7993132851340554
Reducing water losses is a key priority of the PNAEPI to help address water scarcity in Morocco and generate financial returns for the operators.,0.9027673547918146
"The rehabilitation of the distribution network under the Program aims to reduce commercial and physical losses across 11 Régies, which will reduce bulk water purchased from ONEE.",0.8839767629450018
"As of 2023, the 11 Régies in the Program purchase bulk water from ONEE to bridge supply gaps.",0.8520923961292614
Investments in non-revenue water (NRW) reductions will increase the water sold directly by the 11 Régies and reduce the bulk water purchases from ONEE.,0.9669180783358488
"As a result of the project, 20,000,000 m3 of water savings are expected to be achieved over the project's life with an average sale price of 4 MAD/m3 (US$ 0.61/m3)82, generating additional revenues of up to US$8 million per year.",0.8991744301535867
Investing in NRW reductions has been shown to reduce future capital expenditures owing to the extension of the useful life of current assets and a reduction in the rate of asset replacement.,0.8158978548916903
Incremental O&M Savings.,0.5326138409701261
The economic analysis considers incremental O&M savings from reducing production costs due to reduced pumping costs resulting in reduced energy consumption.,0.9023402820933949
"Reducing water losses will translate into a reduction of 1, 77 MWh over the Program’s life, leading to O&M savings of US$7.",0.8700884038751776
Water loss reduction programs have been shown to reduce the need to replace capital equipment in the network by extending their useful life.,0.8279219540682706
"Water loss reductions are expected to reach 54,000 m3/day, leading to savings of US$55 million in capital expenditure.",0.8946748213334517
Discounting Costs and Benefits in Economic Analysis of World Bank Projects.,0.856372746554288
82 Calculated using a weighted average of water sold and sale price in 2022 for 10 of the 11 Régies as data was unavailable for RADEETA.,0.5223637494173917
 The World Bank Morocco Water Security and Resilience Program (P179192) 98.,0.09639552506533536
Reducing energy consumption due to reduced water losses will generate GHG emissions savings by reducing the overall energy usage by the water sector.,0.12476312030445445
The NPV of these emissions is US$3 million.,0.4657007564197887
"Investment costs of US$ 192 million include capital expenditures under RA2 related to the implementation of water loss reduction plans, including the deployment of geographical information management systems and hydraulic models; meters deployment (bulk- and micro-meters), network sectorization and pressure control Program; leakage detection and rehabilitation campaigns.",0.964516206221147
O&M costs (estimated at US1.4 million annually) are expected to increase for NRW reduction.,0.8733286424116655
They can be easily offset by reductions in pumping costs and capital expenditure savings due to water loss reductions.,0.8716467944058505
"NRW investments benefits and costs Benefit/Cost Unit 2023 2024 2025 2026 2027 2028-2042 Additional water sales m3 5,149,601 8,978,544 13,129,957 16,405,498 19,795,032 19,795,032 under the Program Additional water sales US$ 1,973,027 3,440,055 5,030,635 6,285,632 7,584,304 7,584,304 under the Program Reductions in O&M US$ 105,891 184,626 269,971 337,356 407,040 407,040 GHG Emissions Reductions US$ 34,729 61,928 92,573 118,351 145,992 145,992 CAPEX NRW US$ 66,076,628 63,019,132 57,958,812 53,365,900 52,158,046 46,138,889 O&M NRW US$ 991,149 945,287 869,382 800,489 782,371 692,083 Source: Team calculations, June 2023.",0.9690593372691761
RA3 investments for increased wastewater reuse volumes.,0.8987434560602362
The expected economic benefits include (a) GHG emission reductions owing to a reduction in local pollutants from WWTP effluents; and (b) revenue from the sale of treated wastewater.,0.9772521799260919
WWTP pollutant reductions.,0.2085701118816029
"Program benefits stemming from the reduction in local WWTP pollutant loadings are estimated using a shadow price of pollutants for Biological Oxygen Demand (BOD), Chemical Oxygen Demand (COD), Total Suspended Solids (TSS), and Nitrogen (N).",0.8690453442660245
83 The reduction in these pollutants arises from upgrades to WWTPs to increase the capacity for tertiary treatment.,0.6559821475635875
"As a result of the Program WWTPs will be upgraded from primary or secondary treatment capabilities to tertiary treatment resulting in large local pollutant reductions of BOD, COD, TSS, and N. The avoided costs resulting from removing pollutants during wastewater treatment, known as the shadow price of all pollutants, were used to estimate the economic value of these pollutants.",0.9355593594637784
"These values depend on the receiving body of water, as reducing these pollutants affects the local biodiversity.",0.15117570486935702
Upgrading WWTPs to include tertiary treatment will allow TWW to meet the acceptable standard for reuse and will dramatically increase the amount of TWW sold.,0.8816139914772727
Expanding the use of treated wastewater will also help address water scarcity by increasing water availability.,0.822250713001598
Program costs Treated Wastewater Reuse.,0.34571717002175073
"Investment costs of US$ 146 million under RA 3 include upgrading of wastewater treatment plants to increase the capacity for tertiary treatment and reuse of treated effluent for green spaces, 83Hernández-Sancho, Francesc, et al.",0.9193604209206321
Economic valuation of wastewater: the cost of action and the cost of no action.,0.4187641143798828
" The World Bank Morocco Water Security and Resilience Program (P179192) industrial, and agricultural uses; and distribution systems for the conveyance of treated wastewater reuse, including pipelines, pump stations, and storage tanks.",0.8923906846479936
"Wastewater reuse investments benefits and Costs Benefit/Cost Unit 2023 2024 2025 2026 2027 2028 Reuse sales under the m3 0 7,000,000 11,677,748 15,077,748 26,983,048 52,073,652 Program Reuse sales US$ under the 0 1,676,245 2,796,395 3,610,572 6,461,458 12,469,744 Program Pollution US$ 0 4,771,387 7,959,865 10,277,395 18,392,366 35,494,792 Reduction CAPEX Treated US$ 24,333,333 24,333,333 24,333,333 24,333,333 24,333,333 24,333,333 wastewater Source: Team Calculations, June 2023.",0.9424488761208274
"Besides direct economic benefits, many other potential benefits are not factored into the cost- benefit analysis.",0.6900028748945757
This is either because estimating such benefits is difficult due to the lack of data or it is challenging to quantify the value of those benefits because they might not be financial or economic.,0.8185660622336648
"Treated wastewater and desalination represent consistent water sources for urban demand and irrigated agriculture, especially in droughts, as diversifying the water supply will increase resilience and water security.",0.718377720225941
Supporting the enabling environment and regulatory framework that facilitates the scaling up of non-conventional water resources provides Morocco with a viable path to securing its water future.,0.7999043031172319
Development of a water valuation strategy.,0.7048080184242942
The valuation of water is key to informing water pricing and allocation decisions and enables the most efficient allocation of an increasingly scarce resource.,0.8639501224864613
Demand management and conservation strategies will be increasingly important as water scarcity increases to strengthen climate resilience.,0.8578969782049005
"Economic Rate of Return (ERR) and Net Present Value (NPV) Scenario ERR (%) NPV @ 6% (US$ million) Without shadow price of carbon 15.5 230 With the shadow price of carbon 15.5 231.8 Source: Team Calculations, June 2023.",0.9104332490400835
 The World Bank Morocco Water Security and Resilience Program (P179192) ANNEX 4.,0.665784402327104
"The IFSA of the Program was carried out, consistent with Bank Policy and Bank Directive: “Program -for-Results Financing” and following the World Bank Guidance Notes for “P rogram-for-Results Financing.",0.5457379601218484
"The IFSA was conducted based on (a) the knowledge of the country ’s PFM and procurement systems in Morocco; (b) budget laws for the years 2020 to 2023, (c) the fiduciary data shared by the MEE and the selected ABHs and Regies through fiduciary questionnaires; and, (d) reports issued by the oversight bodies, including the National Public Procurement Commission (CNCP) review decisions published on the CNCP website, the Court of Accounts (latest report dated March 2023), and IGF audit reports of annual financial statements of operations implemented in these sectors.",0.16612724824385208
"The Program will be financed over five years (2023 –2028) for a total program expenditure framework (PEF) of US$ 573 million, including an IBRD loan of US$ 350 million.",0.8611101670698686
"Strengthened Water Sector Governance 2,309 228 40% RA2.",0.8471455140547319
"Improved Financial Sustainability and Water Use Efficiency 2,012 199 35% RA3.",0.9177240024913441
"Enabled Integration of Non-Conventional Water Resources 1,480 146 26% Total PforR 5,801 573 100% 5.",0.8683749112215909
"Except for the MoI, which is involved in several Bank-financed operations, the remaining participating implementing agencies have no experience implementing Bank-funded operations (PforR).",0.8551235198974609
Overall fiduciary performance of PforR operations managed by the MoI is deemed acceptable.,0.8392496975985441
"Also, with the implementation of recommended mitigation measures, before or during the program implementation, the capacity and performance of the remaining implementing agencies will be adequate to provide reasonable assurance that the Program funds will be used for the intended purposes.",0.5128836198286577
"If any significant issues come to the knowledge of the World Bank during the Program implementation, additional mitigation measures will be put in place in consultation with the GoM  The World Bank Morocco Water Security and Resilience Program (P179192) 6.",0.8564394170587714
"The PCU, within the Direction of the Research and Planning Directorate (DRPE) of MEE (Direction de la Recherche et de la Planification del’Eau, DRPE), will be the Bank fiduciary Focal point for the Program .",0.5133468888022683
The audit reports will be submitted to the World Bank within nine (09) months following the end of each calendar year.,0.8578101071444425
The overall residual fiduciary and procurement risk of the Program is assessed as Substantial.,0.6236840161410245
The IFSA concludes that only upon implementing the agreed fiduciary mitigation measures will the Program’s fiduciary systems provide reasonable assurance that the financing proceeds will be used for intended purposes.,0.8635978698730469
"The following key fiduciary risks were identified: (i) weaknesses in capacity for procurement planning and execution, (ii) challenges in operationalizing the new procurement decree, (iii) an inadequate procurement complaint handling system, (iv) a lack of procurement performance reporting mechanisms and (v) a lack of suspension and debarment check mechanism which might result in awarding a contract to firms and/or individuals debarred or suspended by the Bank, (vi) low budget commitment and payment by some ABHs and Regies, (vii) delayed preparation of consolidated financial statements and submission of program audit reports due to the large number of implementing entities located around the country which requires an effective and adequate fiduciary coordination mechanism, (viii) the lack of familiarity with PforR financing instruments of most of the entities (e.g., ABHs, Regies and DGH) involved in the implementation of the program combined with the use of spreadsheet “Excel” to prepare consolidated financial reports may impact the fiduciary performance of the Program, including the quality and timeliness, and (ix) there are also some challenges in the follow up of audit recommendations and the internal audit unit at the MEE as per the new decree that needs to be implemented.",0.866356069391424
"To strengthen the fiduciary coordination, expenditure reconciliation, and quality and timeliness of financial reporting, the Program and the PAP will support: (a) the development of standard tools and documents for fiduciary reporting to relevant implementing entities; (b) the deployment of performance management with the support of the Bank fiduciary team through monitoring of key 84Similar to the Note No.62 of Minister of Equipment and Water, dated 03 April 2023 that was issued to all departments and entities under to the authority of MEE explaining the new features of the new procurement decree.",0.8741862557151101
" The World Bank Morocco Water Security and Resilience Program (P179192) fiduciary performance indicators (KPI) included in the POM; and, (c) enhanced coordination between the implementing entities through the assignment of a fiduciary focal point in each RBA and Regie and periodic meetings between the entities fiduciary team.",0.8674815784801136
III.Legal and Institutional Public Finance Management (PFM) Framework in Morocco applicable to the Program 10.,0.6949790607799183
The legal and institutional Public Finance Management (PFM) framework is deemed acceptable for the Program.,0.787832953713157
"Specifically, the Organic Law No130-13 relating to the Finance Laws (OLFL) (Loi Organique relative aux lois de finances) promulgated on , introduced the three-year budget Program (Programme Budgétaire Triennal) in its article 585 and the program budgeting, which uses statements of missions, goals, and objectives to explain how the money is spent.",0.8187436190518466
"Overall, the planning and budgeting of all central entities involved in the Program follow a structured, timely, and disciplined process consistent with the country’s PFM cycle and ensures that allocations fit within the available budget envelope.",0.8005332946777344
The ABHs and the Regies implementing the Program RAs are subject to Law No69-00 relating to State financial control over public enterprises and other bodies.,0.85858154296875
The 2023 Public Expenditure and Financial Accountability ( PEFA) assessment will provide some updates on the performance of the country’s PFM systems applied by the DGH-MEE.,0.8095864382657137
"87As to RA3, the selection 85 Article 5 describes that the ""the annual budget law is drawn up by reference to a three-year program updated each year in order to adapt it to the country's changing financial, economic and social situation.",0.17697308280251242
"86 On December 29, a new procurement decree, decree# 2.22.431, was adopted by the Moroccan government in response to the recommendations of the special commission for the New Development Model.",0.7520230900157582
87 The new decree aims to consolidate the public procurement system to provide more clarity to economic actors and improve the business climate.,0.3578320416537198
"Furthermore, the new procurement decree includes provisions to strengthen transparency, fight corruption, promote data analytics  The World Bank Morocco Water Security and Resilience Program (P179192) process of the delegatee by the delegated authority will be governed by the provisions of Law No54-05 of  (Official Bulletin No5404 of ) and Decree No2-06-362 of  (Official Bulletin No5454 of ) on delegated management of public services contracts.",0.1407515894282948
"The overall costs of the supported Program, including the portion financed by the World Bank, are expected to be integrated into the budget laws 2024-2028.",0.7291431427001953
"Based on budget instructions/circulars, the teams of the various implementing entities under the responsibility of the Directorate of Financial Affairs (DAF) of each participating entity will prepare the Program budget considering the limits of allocations set by the GoM and the Program.",0.8480333848433061
The Program’s consolidated budget will be integrated into the budget of line ministries and implementing entities.,0.05692008408633145
The Bank fiduciary and task teams will closely monitor this strategy’s budget programming year by year with the MEF and ministries covered by the Program to avoid incoherence between the Program expenses and the disbursement rate.,0.6442331834272905
No specific issue related to funding predictability was identified in Morocco’s ongoing PforR operations.,0.75371976332231
Evolution of the Budget Allocation of the MEE (MMAD) through the establishment of a procurement observatory and to promote sustainable development.,0.5800896124406294
" The World Bank Morocco Water Security and Resilience Program (P179192) Type of budget 2020 2021 2022 2023 2024 2025 Operating budget 622.92 193.04 202.31 211.00 257.00 260.82 Capital budget 5,875.98 5,726.92 6,451.00 8,363.00 11,078.00 22,500.00 Others 143.76 2.74 3.50 - TOTAL 6,642.66 5,922.70 6,656.81 8,574.00 11,335.00 22,760.82 Source: MEE, April 2023.",0.8723351738669656
The PNAEPI is registered under the budget code 1222017000 with the Expenditure nomenclature heading “Investment Chapter (MEE).,0.8820670734752308
General description of the annual planning and budgeting process of the Entities involved in the Program: (I) Line ministry: The budget of the Department is elaborated regarding the three-year budgetary programming and following the provisions of the circular of the Head of Government setting the Government ’s priorities in economic and social matters.,0.18295608867298474
(ii): Regies and ABHs: They receive subsidies to contribute to financing certain projects included in the programs resulting from the policies for developing the water management and liquid sanitation sectors.,0.9545170177112926
This is done within the framework of multiparty agreements established following the requests for subsidies addressed to the two Ministries supported by the details of the investment programs planned by the entities and the related financial arrangements.,0.9129630869085138
"The draft budgets are prepared by the Authority and presented to the DRPL of the Ministry of the Interior (Regies) and DGH-MEE (ABHs) for approval of the investment projects in terms of consistency with sector-wide policies, strategies, and programs for the management of water, electricity, and liquid sanitation services.",0.896665399724787
"Then this same draft budget is presented to the Directorate of Public Enterprises and Establishments (DEPP) under the Ministry of Economy and Finance during the budget discussion meeting to approve the projects, the commitment and payment appropriations entered, as well as the planned financing methods to ensure the financial balance of the proposed draft budget.",0.8434052900834517
"Procurement Profile by implementing agency and type of procurement Type of procurement Implementing Agencies (US$ Million) Total Wastewater reuse % of MEE-DRPE ABHs Regies projects executing US$ Million Program agencies Financing Works 8 22 120 146 296 51% Goods and non-consulting 25% 12 54 76 0 142 services Consultants 28 104 3 0 135 24% Total 48 180 199 146 573 100% Source: MEE, MoI, RBAs included in the Program, and Regies included in the Program.",0.9145565032958984
"Based on the activities identified in the Program scope, the main procurable items include: (a) Works: water leakage detection and rehabilitation; works to manage, protect, and preserve the hydraulic public domain and aquatic environments; upgrading wastewater treatment plants (WWTPs); and distribution systems for the conveyance of treated wastewater reuse, including pipelines, pump stations, and storage tanks.",0.8915453824129972
"(b) Goods and non-consulting services: network sectorization; water data management and information management systems, including upgrade, equipment, and maintenance; equipment, measurement materials, and supplies for water resources monitoring and evaluation and for water losses detection; smart meters; communication campaigns to raise awareness of the importance of water conservation; machinery and equipment maintenance; equipment and materials for hydro-climatological and groundwater measurements; and computer-assisted maintenance management.",0.8810078014026989
"(c) Consultant services: evaluation of the institutional roles and responsibilities in key processes in the water sector; the development, adoption, and implementation of regulatory instruments and consultative processes to improve implementation of participative aquifer management contracts; development, implementation and adoption of a performance benchmarking framework to strengthen the performance of selected ABHs to deliver on their core functions of planning, managing, developing and protecting water resources; and the definition and implementation of water losses reduction plans.",0.9274565956809304
"Given that the new procurement decree will extend to all implementing agencies, including Regies, as of , and that the new decree also included new features like the use of rated criteria, procurement under the Program for the above categories (works, goods and consulting services) will systematically use rated criteria.",0.6732799356633966
The implementing units shall report to the World Bank if large contracts appear throughout project implementation.,0.8233183080499823
"In addition, the World Bank team will analyze and monitor the Program performance of fiduciary systems and contract management reports to identify any large-value contracts that may appear throughout the Program implementation.",0.8002392161976207
"88   The World Bank Morocco Water Security and Resilience Program (P179192) However, a recent assessment of the MPPP by the World Bank has revealed that the APP module is not interoperable with the e-bidding process.",0.8555062900890004
"The level of execution of the MEE’s overall budget is considered satisfactory and is above 95 percent over the three years, with a payment rate of around 70 percent.",0.8434974497014825
"However, the overall payment rate is around 50 percent, except for ABH Loukkos and Oum-Er-Rbia, which are 61 percent.",0.5481668385592374
"Concerning the investment budget, the overall execution rate of the ABHs is well above 90%, apart from ABH Oum- Er-Rbia, which has an average rate of 70%.",0.7526336149735884
"However, the average payment rate for capital expenditures for all ABHs remains 89 MEE: (Procurement plans for the different departments and directorates of the MEE including DRPE and DGH are available here:  ); Selected Regies and ABHs’ procurement plans are available here: (RADEEMA:  RAK:  RADEEJ;  , RADEES:  RADEEL:  RAMSA:  RADEET:  fournisseur/appels-doffres/, RADEEF:  RADEEC:  previsionnel/; RADEETA:  ABH (Sebou:  Bouregreg:  81.adsl2.iam.net.ma/images/actualites/Programme pr%C3%A9visionnel de l'ABHBC au titre de l'ann%C3%A9e budg%C3%A9taire 2022.pdf Chaouia: Bouregreg:  pr%C3%A9visionnel de l'ABHBC au titre de l'ann%C3%A9e budg%C3%A9taire 2022.pdf Chaouia, and Souss Massa:  )b  The World Bank Morocco Water Security and Resilience Program (P179192) below 50 percent (between 38 and 49 percent).",0.8814987702803179
"Hence, attention should be paid to the capacities of ABH Souss Massa and Our-Er-Rbia to execute investment budgets and ABH Sebou and Bouregreg et Chaouia for capital expenditure payments.",0.7812604037198153
ABHs commitments and payments 2020 2021 2022 ABHs Type of budget % commits % payments % commits % payments % commits % payments Operating budget 96.0 75.0 96.0 75.0 96.0 73.0 Capital budget 93.0 55.0 93.0 55.0 84.0 35.0 ABHL TOTAL 94.0 64.0 94.0 65.0 90.0 54.0 Operating budget 97.0 92.0 96.0 87.0 89.0 80.0 Capital budget 98.0 43.0 89.0 33.0 81.0 38.0 ABHS TOTAL 98.0 56.0 91.0 47.0 83.0 52.0 Operating budget 81.9 71.1 91.8 89.8 86.1 89.5 Capital budget 98.6 30.1 91.8 48.1 94.0 43.9 ABHBC TOTAL 94.4 42.4 91.8 58.8 91.8 55.8 Operating budget 89.0 82.0 74.0 65.0 Capital budget 83.0 47.0 90.0 37.0 ABHSM TOTAL 97.0 66.0 84.0 54.0 87.0 42.0 Operating budget 93.0 85.4 80.3 83.6 86.6 89.4 Capital budget 81.2 51.0 59.6 50.7 70.4 45.8 ABHOER TOTAL 86.2 59.9 68.7 60.7 78.5 64.7 Operating budget 86.0 74.0 85.0 82.0 87.0 81.0 Capital budget 98.0 50.0 89.0 45.0 88.0 34.0 ABHT TOTAL 95.0 55.0 88.0 52.0 88.0 43.0 Source: RBAs included in the Program.,0.33240818977355957
Regies level of execution of operating budgets and payment rates of the budget executed is overall satisfactory.,0.8122040141712535
Regies commitments and payments 2019 2020 2021 Regies Type of budget % commits % payments % commits % payments % commits % payments RADEEMA Operating 36.0 99.0 24.0 91.0 33.0 95.0 budget Capital budget 53.0 56.0 31.0 53.0 60.0 41.0 TOTAL RAK Operating 90.0 88.0 89.0 89.0 95.0 96.0 budget Capital budget 85.5 71.6 54.6 73.7 27.5 55.7 Capital budget - 77.0 44.7 85.5 37.9 59.2 56.2 Water TOTAL RADEEJ Operating 93.0 93.0 94.0 94.0 98.0 98.0 budget Capital budget 35.0 53.0 35.0 55.0 51.0 60.0 TOTAL 67.0 80.0 72.0 83.0 75.0 85.0 RAMSA Operating 94.0 94.0 94.0 94.0 92.0 92.0 budget Capital budget 64.0 65.0 88.0 83.0 75.0 72.0 TOTAL 86.0 87.0 92.0 92.0 87.0 87.0 RADEET Operating 86.0 74.0 85.0 82.0 87.0 81.0 budget Capital budget 98.0 50.0 89.0 45.0 88.0 34.0 TOTAL 95.0 55.0 88.0 52.0 88.0 43.0 RADEEF Operating 97.0 97.0 93.0 93.0 95.0 95.0 budget Capital budget 48.0 69.0 39.0 51.0 66.0 58.0 TOTAL (*) (*) (*) (*) (*) (*) RADEEC Operating (*) (*) 92.5 (*) 86.3 (*) budget Capital budget (*) (*) 35.9 (*) 33.9 (*) TOTAL (*) (*) (*) (*) (*) (*) RADEEL Operating (*) (*) (*) (*) (*) (*) budget Capital budget (*) (*) (*) (*) (*) (*) TOTAL (*) (*) (*) (*) (*) (*) (*) Data not received.,0.7109988819469105
 The World Bank Morocco Water Security and Resilience Program (P179192) Funds Flow Arrangements for Program Implementation 29.,0.8676967620849609
The Program’s funds will be reflected in the Government budget under the MEE (DRPE and ABHs) and MoI (selected Regies).,0.6693473295731978
All the implementing agencies except the ABHs and Regies will use the government’s treasury single account (TSA) to mak e payments under the Program.,0.8067434484308417
"Specifically, the funds will flow directly from the TSA to service providers, consultants, and constructors to pay invoices for the activities implemented by the participating ministries and entities.",0.8625980723987926
The Ministry of Economy and Finance (MEF) has set up an Observatory of Payment Delays (ODP) through its DEPP information system called “MASSAR.” The following measures have been taken and implemented progressively since 2018: (i) quarterly publication of payment delays declared by public establishments and enterprises (Etablissements et entreprises publiques EEP) at the ODP level on the MEF portal; (ii) support for EEP via the acceleration of budget transfers from the general state budget (budget general del ’Etat) and the activation of procedures for clearing the VAT credit of the EEP concerned; (iii) monitoring supplier claims filed on the MEF ’s “AJAL” platform (ref.,0.871329741044478
"Circular No59/20/DEPP dated on ); and (iv) making the governance bodies of the EEP, particularly the audit committees, accountable for monitoring payment times and, including an audit and evaluation of supplier payment management processes in terms of reference for external auditors.",0.8246870907870206
All these measures have significantly improved over the last five years in the average payment time of EEP.,0.8431184942072089
"As of , none of the ABHs and Regies were on the list of EEP with the longest payment times.",0.3579380078749223
"However, the analysis found that as of , some of the implementing entities, such as RADEEC and RADEEF, reported average payment times of 64 days (about 2 months) and 54 days, respectively, compared to an average for EEP of 36.9 days; RADEEMA reported 78 days at the end of December 2022.",0.7654176191850142
"The funds will be disbursed to the government’s Treasury Single Account (STA) for advances, prior and achieved results.",0.8399654735218395
"If the World Bank finds that the disbursement request meets the Financing Agreement terms, the World Bank will disburse the corresponding funds to the Treasury Bank Account opened at the Central Bank (Bank Al-Maghrib).",0.847891547463157
"The Government, through its budget execution procedures, will transfer its contribution to the Program into the Treasury bank account managed by the public accountants assigned to the implementing entities participating in the Program.",0.8477372256192294
"Participating entities from the MEE will apply similar accounting standards for the Program using the Integrated Expenditure Management (IEM) system (GID), an integrated set of computerized applications developed in-house.",0.5146521654996005
"This system allows the authorizing departments to extract  The World Bank Morocco Water Security and Resilience Program (P179192) the data and run reports to present the accounting situations (expenditures, commitments, payments, etc.)",0.8671030564741655
"The format of the table summarizing the semi-annual financial information (execution of the PEF, amounts committed and paid) and annual financial statements will be defined in the MOP and presented to the FM teams of the implementing entities during the Program launch and dissemination workshop of the MOP.",0.8571517250754617
"The DRPE will centralize financial information and oversee the work of the PCU, including financial reporting.",0.8628659681840376
"ThePNAEPI’s Technical Committee will oversee Program activities and management, including fiduciary work.",0.8491620150479403
"The annual financial statements will include the financial execution of each Result Area, and the data will be collected from participating entities.",0.8582155054265802
The head of the financial management team of each ABHs and Regies will be responsible for preparing and submitting to the PCU the financial reports on the budget execution of their activities implemented.,0.8027463392777876
"Specifically, similar to most of the Bank-financed operations in Morocco, a spreadsheet “Excel” and data extracted from the national budget execution software “Integrated Expenditure Management System (Gestion Intégrée de la Dépense- GID) and Integrated Revenue Management System (Gestion Intégrée de la Recette- GIR), will be used to prepare Program’s periodic consolidated budget execution reports and consolidated annual financial statements which in turn, may impact the quality and timeliness in the preparation of those reports and submission of audited financial statements.",0.48759729211980646
Implementing agencies’ bidding documents is based on the guidance note and the standard bidding documents issued by TGR in 2015.,0.7695728648792614
"MEE, ABHs, and Regies: While MEE and ABHs” procurement is governed by the existing public procurement decree No.2-12-349 dated , Regies (RADEEC, RADEEF, RADEEJ, RADEES, RADEET, RADEETA, RADEEMA, RADEM, RAK, RAMSA, REDEEL) are inter-municipal institutions of an industrial and commercial nature “EPIC that is governed by the aw No69-00 relating to the financial control of the State over the public enterprises and other organizations, and have their procurement regulations.",0.8088508952747692
"Additionally, per the Minister of Economy and Finance circular No1982-21, dated , on digitalizing public procurement procedures and financial guarantees, the implementing agencies must comply with the full digitalization of electronic submissions and bid securities.",0.8660281788219105
Procurement under Wastewater reuse projects 37.,0.58709885857322
17 wastewater treatment projects for $146 million are identified as part of the Program scope and included in the PNAEPI.,0.8618737134066495
Municipalities are responsible for ensuring that wastewater is collected and treated through direct service provision of delegated management.,0.8483787016435103
"Management of water and sanitation services has been delegated to Regies (i.e., RADEEC, RADEEF, RADEEJ, RADEES, RADEET, RADEETA, RADEEMA, RADEM, RAK, RAMSA, REDEEL ) to ONEE, and private operators through delegated management of public services contracts that are regulated by the Direction des Réseaux Publics Locaux DRPL (MoI).",0.8780845295299183
"Thus, ONEE acts as a delegated project management entity for some infrastructure projects and manages some services for municipalities or the State.",0.8802915052934126
"In terms of the legal framework, delegated management of public services contracts is governed by the provisions of Law No54-05 of  (Official Bulletin No5404 of ) and Decree No2-06-362 of  (Official Bulletin No5454 of ).",0.39820684086192737
"Additionally, with the generalization of electronic submission, contracting authorities must establish an electronic procurement record management system that complies with the technical and legal requirements established by the Ministry in charge of finance.",0.37945179505781695
"While some implementing agencies did not provide details about how record keeping is implemented, this re uirement is generally complied with, given Morocco’s robust audit institutions and legal framework.",0.46539189598777075
The assessment looked at data available on the MEF platform AJAL to assess the performance of contracts payment.,0.2568633339621804
"Based on the information published by the Moroccan Observatory for Payment Delays93: (1) RADEEMA94, one of the selected Regies, is amongst the top 10 bad payers in 2022 with a payment delay of 78 days; (2) while they didn’t share with the o bservatory their 2022 payment delays by , ABHs Loukkos, Sebou, and Tensift; and RADEEL showed reasonable payment delays in 2022 that did not exceed 60 days (15, 53, 10, and 40 respectively)95; and (3) RADEEF, RADEEL and RADEEMA were listed among the EEPs who didn’t address one (1) complaint each from a supplier regarding payment delays in 2022 96.",0.7202568054199219
"Furthermore, the TGR has implemented the Moroccan Public Procurement Portal (e- Government Procurement) and integrated systems to track and implement budget spending and process payments (GID).",0.08648905970833519
"Following the Minister of Economy and Finance Order (Arrêté) No1982-21 dated , on the digitalization of public procurement procedures and financial guarantees 97, the State, the Territorial Collectivities, as well as some public entities are required to comply with full digitalization of electronic submissions and bid securities.",0.8577287847345526
A recent assessment by the World Bank of the Moroccan e-GP system concluded that the 92 This platform is intended for suppliers of EEP members to electronically submit invoices and/or claims for late payments.,0.46837312524968927
The purpose of this platform is to: (i) Provide a space for suppliers to submit and process invoices and/or claims regarding payment delays by EEP members; (ii) Facilitate communication between suppliers and EEP members; (iii) Identify the causes of payment delays and provide appropriate solutions; (iv) Improve payment deadlines for suppliers of EEP members; (v) Digitize invoice and claim operations related to payment delays; (vi) Strengthen transparency and traceability in the processing of invoices and claims; and (vii)Hold stakeholders accountable and control the processing time for invoices and claims by EEP members.,0.6991158832203258
"The list of Public Enterprises and Establishments (EEP) using AJAL Platform, including selected ABHs and selected Regies is available here:  93  94  95 List available here:  96 List available here:  97 Available here:   The World Bank Morocco Water Security and Resilience Program (P179192) system is generally compliant with Multilateral Development Banks” e -GP Guidelines and the Bank will gradually start accepting the e-GP system in the Bank financed contracts under-investment (IPF) Operations.",0.8986252871426669
"Data on the use of MPPP by some of the implementing agencies KPI/IA ABHBC ABHs RADEEMA Number of calls for tenders 2022: 35 2022: 62 2022: 159 through MPPP (e-GP) 2021: 39 2020: 35 Number of Electronic 2022: 75 2022:253 2022:44 submissions through MPPP 2021: 92 (e-GP) 2020: 66 Volume of Electronic 2022: 4.86 2022: 35.9 2022:100.04 submissions through MPPP 2021: 9.25 (e-GP) (in MAD Million) 2020: 8.10 % 2022:28.3%(out of MAD17.18M) 2022: 85.5%(out of 2022: 7.7%(out of 2021:32.24%(out of MAD41.8M) MAD1,299.68M) MAD28.72M) 2020: 15.2%( out of MAD53.34M) Source: MEE, MoI, RBAs included in the Program, and Regies included in the Program.",0.3211772008375688
The Regies and ABHs are subject to the Dahir No1-03-195 of 16 Ramadan 1424 promulgating the Law No69-00 relating to the financial control of the State over public enterprises and other bodies (B.O.,0.8507869893854315
"Statistics on the follow-up of audit recommendations at the level of certain entities Entity Recommendation 2020 2021 2022 RADEEMA Number of recommendations implemented 41 48 Number of recommendations being implemented Number of recommendations not implemented 24 149 Total recommendations from external auditors 65 197 Satisfaction rate of external auditors’ recommendations 63% 34% RAK Number of recommendations implemented 17  The World Bank Morocco Water Security and Resilience Program (P179192) Entity Recommendation 2020 2021 2022 Number of recommendations being implemented 12 Number of recommendations not implemented 25 Total recommendations from external auditors 54 Satisfaction rate of external auditors’ recommendations 54% RADEET Number of recommendations implemented 9 Number of recommendations being implemented 4 Number of recommendations not implemented 3 Total recommendations from external auditors 16 Satisfaction rate of external auditors’ recommendations 81% ABH Loukkos Number of recommendations implemented 14 15 Number of recommendations being implemented 6 6 Number of recommendations not implemented 13 13 Total recommendations from external auditors 33 34 Satisfaction rate of external auditors’ recommendations 60% 62% ABH Sebou Number of recommendations implemented 31 52 1 Number of recommendations being implemented 29 27 36 Number of recommendations not implemented 20 18 26 Total recommendations from external auditors 80 97 63 Satisfaction rate of external auditors’ recommendations 75% 81% 59% ABH B&C Number of recommendations implemented 12 29 Number of recommendations being implemented 34 42 Number of recommendations not implemented 29 27 Total recommendations from external auditors 75 98 Satisfaction rate of external auditors’ recommendations 61% 72% ABH Souss Massa Number of recommendations implemented 43 Number of recommendations being implemented Number of recommendations not implemented 20 Total recommendations from external auditors 63 Satisfaction rate of external auditors’ recommendations 68% ABH Tensift Number of recommendations implemented 9 Number of recommendations being implemented 4 Number of recommendations not implemented 3 Total recommendations from external auditors 16 Satisfaction rate of external auditors’ recommendations 81% Source: MEE, MoI, RBAs included in the Program, and Regies included in the Program.",0.8609100688587535
"In absence of data because of the failure to report  The World Bank Morocco Water Security and Resilience Program (P179192) formally the status of actions related to fraud and corruption in most of the on-going Bank-funded operations, the IFSA team was unable to assess the effectiveness of these institutions in the portfolio.",0.8383822007612749
One representative from each implementing agency shall be nominated for granting access to the Client Connection by the World Bank.,0.3565884069962935
The borrower will develop and operationalize the mechanism of enforcing these requirements through the issue of instructions/circular to all the procuring entities requiring the procuring officers to check the eligibility of firms and individuals from the Bank’s list of debarred and suspended firms and record the same in procurement award decision files.,0.30699296431107953
The terms of reference setting out the modalities of intervention of these institutions will include specific provisions relating to verifying compliance with the Bank’s guidelines on preventing fraud and corruption.,0.062195338986136696
The IGF will  The World Bank Morocco Water Security and Resilience Program (P179192) conduct the audits of the Program annual consolidated financial statements based on agreed terms of reference.,0.8628212321888317
The audit reports and detailed management letters will be submitted to the Bank no later than nine (9) months after the closure of accounts.,0.4636692567305131
Fiduciary Management Capacity Assessment of Implementing Agencies.,0.8653459548950195
"Overall, except the MoI (Regies excluded), the assessment of the capacity of the fiduciary staff of the entities involved in the Program concluded to the need to implement a capacity program.",0.1046720959923484
This PCU will include a fiduciary officer ensuring cooperation and consolidation of The Program’s financial and procurement information prepared by each PCU.,0.6043013659390536
Financial Management: The Public Accountant of the entities involved in the Program will execute the budget following the public expenditure chain through the budget execution software GID and GIR.,0.7458504763516512
 The World Bank Morocco Water Security and Resilience Program (P179192) Figure A4.,0.038961827754974365
 The World Bank Morocco Water Security and Resilience Program (P179192) Program Systems and Capacity Improvements 65.,0.7273787585171786
"PAP Fiduciary Actions Action Description Due Responsible DLI or Loan Completion Measurement Area Date/Schedule Entity Covenant Planning Ensure that procurement Continuous MEE/ABHs/Mo N/A Annual Procurement plans are and plans are prepared and I/Regies published no later than the end of Q1 Budgeting implemented following of the fiscal year and are the regulations in force implemented following the regulations in force Budget Develop and implement a January 2024 MEE/MoI/TGR N/A A capacity strengthening program on Execution capacity-building the new PPD is prepared and program on the new PPD implemented, including: (a) capacity building plan on new decree to Procurement Officials and other stakeholders on new decree (b) development of guidance notes on new features such as rated criteria and competitive dialogue with more targeted training on these new features (c) update of Standard Bidding Documents in line with the new decree.",0.8882808685302734
Budget Implement a bi-annual Semi-annual PCU in Loan (1)A reporting is done and shared Execution reporting mechanism to coordination covenant with the Bank semi-annually using a be included in the semi- with IAs template to be developed with annual Program progress (MEE/ABHs/M Bank’s support.,0.8489445773037997
(b) The number of commitments (2) Financial and payments made is included Management: (a) the in the semi-annual activity status of implementation report of the Program (c) Financial management KPIs are expenditure framework; included in the semi-annual (b)the number of Program activity report.,0.8588215221058239
Budget Implement a monitoring Quarterly ABHs & Regies Loan A close quarterly monitoring Execution mechanism of covenant mechanism of procurement procurement implementation at ABHs and Regies implementation at ABHs level is implemented to and Regies level prevent/anticipate any bid cancellation risk; using a template to be developed withBank’s support.,0.8887082880193536
 The World Bank Morocco Water Security and Resilience Program (P179192) Action Description Due Responsible DLI or Loan Completion Measurement Area Date/Schedule Entity Covenant Budget Include in the bidding Continuous MEE/ABHs/Mo N/A An eligibility check clause in the Execution documents an eligibility I/Regies bidding documents and check clause implementing agencies are required to ensure that any person or entity debarred or suspended by the Bank is not awarded a contract under the program.,0.8819622559980913
Delegatees in charge of wastewater projects under RA#3 shall abide by this requirement.,0.6995247927579012
"Fiduciary Strengthen coordination Six months WB/MEE N/A Financial, procurement and Capacities between implementing after budgetary information is included in entities and develop tools effectiveness the half-yearly activity report and is for collecting budget acceptable and audited financial execution; procurement statements prepared and submitted and accounting data at on time the level of each implementing entity and capacity building actions Note : Potential KPIs: Number of internal audit reports and findings per year; number of corrected cases/weaknesses from the previous year in addition to the quality of the reports - Same for external audit; Timeliness and variances (estimates) compared to actuals regarding release of funds to implementing units or budget vs. actuals, etc.",0.8823693015358665
"Fiduciary implementation support would include: • Monitoring fiduciary implementation progress • Support the borrower to resolve implementation issues and build institutional capacity • Compliance with audit reports, including the implementation of the PAP • Monitoring, as relevant, of compliance with the fiduciary provisions of legal covenants  The World Bank Morocco Water Security and Resilience Program (P179192) ANNEX 5.",0.872212756763805
This Environmental and Social Systems Assessment (ESSA) examines the Borrower’s Environmental and Social (E&S) management systems applicable to the Program to assess their compliance with the provisions of the Bank ’s policies and guidelines applicable to the Program for Results (PforR) Financing.,0.8382217233831232
The aim is to ensure that the Program does not involve significant E&S risks and that the systems put in place make it possible to identify and manage any risks.,0.8289861679077148
"In particular, the ESSA identifies and analyzes the gaps between the national systems and the principles applying to the Program and recommends actions for improvement aimed at the consistency of the E&S management systems with the requirements of the policies and Bank guidelines applicable to the Program.",0.5962734222412109
"The preparation of the ESSA and the development of measures to strengthen the E&S management system benefited from various sources of information and an extensive consultation process, including: • Review of available documents and data and the regulatory framework • Consultative meetings with technical staff from Program stakeholders and Implementing agencies • Before the Program appraisal, the ESSA report was posted on the Ministry of Equipment and Water (Ministère de l’E uipement et de l’Eau, MEE) and World Bank websites, and a stakeholder consultation workshop, including civil society, was held on , in hybrid mode (physical/virtual)102.",0.8563800291581587
"Two categories of activities will be eligible for funding under the Program: (a) those related to planning, improving knowledge, or strengthening systems and skills (non-structural activities); and (b) those associated with the reduction of water losses in distribution networks, upgrading of existing WWTPs and associated infrastructure for reuse (small or medium-scale structural activities).",0.911162636496804
"Synthesis of RAs, activities, and type of activity Activities Type of activity: Structural(S) / Non-structural (NS) RA 1: Strengthening Water Sector Governance: Support GoM’s efforts to adapt the water sector governance to existing and future water challenges Preparation and adoption of the National Water Plan (PNE) NS Development, adoption, and implementation of regulatory instruments and consultative processes to NS improve the implementation of participative aquifer management contracts Preparation and signature of participative aquifer management contracts in three selected aquifers  NS Installation of smart meters for measuring groundwater withdrawals NS 102 The meeting was attended by representatives of civil society organizations working at the national and regional level in water, environment, women, youth, disability, health, etc., and technical staff of the government and partners.",0.8953479420055043
" The World Bank Morocco Water Security and Resilience Program (P179192) Activities Type of activity: Structural(S) / Non-structural (NS) Development, implementation, and adoption of a performance benchmarking framework to strengthen the NS performance of selected ABHs to deliver on their core functions of planning, managing, developing, and protecting water resources and operating and maintaining infrastructure  Operationalization of water information systems (SNIEAU and river basin) NS Improvements in water data management and information management systems, including regulations, NS formal specifications, and benchmarking for data generation, sharing, and access, quality assurance and control standards, upgrade, equipment, and maintenance of monitoring and information systems Installation and rehabilitation of stations and piezometers  NS Operationalization of multiservice operators (energy and water supply distribution, and wastewater NS collection and treatment) information system RA 2: Improving Financial Sustainability and Water Use Efficiency Objective: Support GoM’s efforts to improve the valuation of water, reduce water losses from existing distribution systems, and encourage water conservation through communication campaigns Development of a Financial Sustainability framework for the sector, including the definition of principles of NS water valuation and cost recovery, the development of a financial model for the sector, and the development and adoption of a financial sustainability action plan Implementation of communication campaigns and activities to raise awareness of the importance of water NS conservation, including baseline and end-Program impact evaluations Implementation of water loss reduction plans, including the deployment of geographical information S management systems and hydraulic models; meters deployment (bulk- and micro-meters), network sectorization and pressure control Program; leakage detection and rehabilitation campaigns; and network sectorization RA 3: Enabling the Integration of Non-Conventional Water Resources Objective: Support GoM’s efforts to improve the enabling environment and scale up the availability of non-conventional water resources Development of regulations to strengthen the enabling environment and facilitate the scaling-up of non- NS conventional water resources, focused on desalination and wastewater reuse Signature of conventions for the use of treated wastewater  NS Implementation of conventions for the use of treated wastewater , including S (a) Upgrade of wastewater treatment plants (WWTPs) to increase the capacity for tertiary treatment and reuse of treated effluent for green spaces, industrial, and agricultural uses; and (b) distribution systems for the conveyance of treated wastewater reuse, including pipelines, pump stations, and storage tanks.",0.911279331554066
Notes:  The activities related to groundwater management and participative aquifer management contracts will be only implemented within the geographical perimeter of action of the six ABHs included in the Program.,0.8620529174804688
 The activities related to the signature and implementation of conventions for the use of treated wastewater will be only implemented within the geographical perimeter of action of the six ABHs included in the Program.,0.8171974528919567
"The MEE will manage the Program through a Program Coordination Unit (PCU), which will be the focal point for the World Bank.",0.8207966197620739
The POM will define the staffing requirements for the PCU core team.,0.3208770751953125
"This will include, at a minimum, a Program director, specialists in finance, procurement, environment, and social issues, and  The World Bank Morocco Water Security and Resilience Program (P179192) focal points from other relevant agencies participating in the PNAEPI technical committee.",0.7778899452903054
"Most institutions involved in this Program103 have experience working with the World Bank in the context of previous development projects and programs in Morocco since the 2010s, except for the River Basin Agencies (Agence du Bassin Hydraulique, ABHs) and the Regies.",0.8697193319147284
"These include the Blue Economy PforR, the Municipal Performance PforR, the Improving Early Childhood Development Outcomes PforR, the Natural Disaster Management Program, etc.",0.07554321939294989
The MEF is involved in all the PforRs financed by the Bank.,0.8396410508589311
"A two-step filter was applied concerning E&S risks, following the Bank’s PforR policy approved by the Board of Directors: “Activities deemed likely to have significant, diverse or unprecedented adverse impacts on the environment and affected people are not eligible for PforR financing and are excluded from the PforR Program.” First, the list of 49 activities proposed for Program funding was analyzed against the exclusion criteria of paragraph 14 of the Bank Guidance Program- for-Results Financing E&S Systems Assessment.",0.7886008349331942
"Based on this review, 27 investments were assessed as highly risky due to their potentially significant negative E&S impact despite potential mitigation measures, and therefore they were excluded from the Program.",0.09513264352625067
"Second, the remaining 22 investments’ potential negative impacts were deemed reversible and reviewed (see Table below) to identify specific mitigation measures.",0.09026326916434547
Assessment of E&S issues E&S Aspects ESSA Core Questions Assessment Associated or probable Environmental effects: The Program is structured around three RAs that provide a mutually E&S effects • Potential loss or conversion of reinforcing set of incentives for the activities needed to produce the This section describes the natural habitats?,0.1710521091114391
The environmental impacts of the Program are not expected to be associated with the • Changes in land or resource large-scale or irreversible.,0.008131180974570188
management schemes included in this Program would foster positive • Potential impacts on vulnerable changes in resource use.,0.7093162536621094
The tertiary treatment system will recharge wastewater for irrigation and watering green spaces.,0.8487199436534535
"Degraded soils will be recovered and 103TheSustainable Development Department - Département de Développement Durable, DDD- responsible for managing the national Environmental Impact Assessment (EIA) system; the Ministry of the Interior - Ministère de l’Intérieur, MoI-; the MEE, the MAPMDREF, and the Ministry of Economy and Finance – Ministère de l’Economie et des Finances, MEF).",0.8857128836891868
 The World Bank Morocco Water Security and Resilience Program (P179192) E&S Aspects ESSA Core Questions Assessment contribute to increasing their operators’ income.,0.8902290517633612
Program area that may be • Program activities in or near The direct impacts that could be generated by wastewater reuse important to Program sensitive habitat areas?,0.4779967394742099
"projects, the rehabilitation of drinking water networks, and the design and • Potential cumulative or induced design and development of non-conventional water resources implementation effects?",0.8759415366432883
"These measures (i.e., E&S management vulnerable groups?",0.5478757077997382
"and site safety, tertiary treatment stations for liquid effluents, etc.)",0.8384442762895064
"Management Plans (ESMPs) for these activities, which will be prepared by the project leaders before the start of the works and which will become binding for construction companies.",0.8946921608664773
"management and are aligned with the vision established for the management systems, 2.",0.678195519880815
Does it include explicit E&S sector in the 2009 Water Strategy and the draft CWP to (a) increase within the broader country management objectives?,0.8900827061046254
"water storage capacity; (b) increase desalination capacity; (c) reduce development strategy, 3.",0.8135818134654652
"Do the activities of the water losses in transport and distribution networks (drinking water with particular emphasis Program engage, constrain, or and irrigation canals) and improve water productivity in the irrigated on identifying factors that modify the decisions of future agriculture sector; (d) ensure continuity of drinking water supply in may impede the successful generations?",0.9404457265680487
urban and rural areas by improving and expanding the capacity of management of the existing systems; and (e) protecting water resources by improving 4.,0.9620699449018999
Are there any potential Program over time the management and allocation of ground and surface water and obstacles to ensuring the E&S monitoring water quality.,0.861885590986772
"strengthening the territories’ resilience to climate change, and safeguarding its water resources through more efficient use and management of its scarcity.",0.8857491233132102
The Program is aligned with the World Bank Group’s Country Partnership Framework for Morocco for fiscal years 2019-24.,0.8542298403653231
"More specifically, the Program supports intervention area 3, “Promoting inclusive and resilient territorial development,” directly contributing to the following three objectives: (a) improving the performance of key infrastructure provision services to cities, (b) improving access to sustainable water resources, and (c) strengthen adaptation to climate change and resilience to natural disasters.",0.8571228547529741
"With a strong impact on the governance of water resources, the PROGRAM will contribute to promoting a sustainable management model for this resource.",0.8657159805297852
shown the absence/weakness of E&S management systems.,0.28367274457758124
"Capacity or commitment of experience is limited to carrying out EIAs (generally outsourced), the administrative, and counterpart to implement monitoring of which is delegated to the works companies.",0.7210159301757812
"The Program is an opportunity to build E&S management assessment, planning, and commitment and implementation capacities and support them in developing their E&S management management experience in E&S?",0.5514098947698419
"Are there any known, the PROGRAMs in the Moroccan portfolio and made it possible to institutional barriers that would effectively establish the E&S management systems of several prevent the implementation of institutions (Ministry of the Interior, Directorate General of this Program?",0.5646557374434038
"The MEF is familiar with the Bank’s instruments, including the PforR instrument, and has experience managing technical assistance projects.",0.8166237744418058
"The DDD is responsible for managing the EIA system and has good experience and the necessary skills, particularly around EIA review, project implementation monitoring, and environmental monitoring (air, water, soil), through the National Environment Laboratory.",0.8536741950295188
"No  The World Bank Morocco Water Security and Resilience Program (P179192) E&S Aspects ESSA Core Questions Assessment Risk Rating: Low Global evaluation: Is the Program suitable for Most E&S risks potentially associated with Program activities are This section describes the PROGRAM, or would it be better expected to be moderate.",0.7443835518576882
overall risk profile of the suited for a specific investment Program based on the loan?,0.8134734413840554
The social risks likely to result from the Program are linked during the preparatory phase to potential shortcomings in assessing social impacts and planning for their management and restrictions on access to natural resources.,0.7855619950727983
"They will be low-harm, controllable, and manageable based on well-recognized E&S mitigation measures.",0.45923510464754974
"To this end, the Program will support specific measures to strengthen the quality and performance of the E&S management systems in two areas: (a) strengthening the E&S management system and (b) building the capacities of stakeholders in E&S management.",0.8359139182350852
"Actions aiming at strengthening the E&S management system • The development of diagnostic tools and E&S monitoring of sub-projects (screening against the negative list, E&S monitoring sheets, ESMP, RAP) and the tools for site monitoring (E&S monitoring sheets, anomalies sheets), which will be included in the POM • The designation of an E&S focal point in the PCU (trained in E&S management) to ensure the implementation of E&S actions; the collection of information concerning E&S risks; the M&E of the implementation of mitigation measures; and the integration of data in the information system and reporting.",0.7782081257213246
" The World Bank Morocco Water Security and Resilience Program (P179192) • The inclusion in the POM of the E&S Technical Manual, which will include the complete procedures to accompany works construction to mitigate or avoid their E&S impacts, the responsibilities for site monitoring, and the methods and frequencies of reporting (including any incidents/accidents that have occurred during the implementation of the Program activities).",0.8567973050204191
"Actions aiming at building stakeholders’ capacities in E&S management • Based on the E&S technical manual, the PCU’s E&S focal point will develop a training plan for all Program stakeholders to provide stakeholders with principles and methods for developing and implementing an E&S management system • The E&S staff in implementing agencies will ensure -in close collaboration with the PCU’s E&S focal point- the screening against the negative list of the sub-projects, identification of E&S risks and their mitigation measures, and the M&E of their implementation and reporting, including any incidents/accidents that occurred during the implementation of Program activities.",0.8168718164617365
"90 days after the declaration of effectiveness, the PCU will carry out -with the support of the Bank’s E&S team- an evaluation of the existing GRMs in the ABHs and the Régies included in the Program to verify the existence of complaint reception, processing, and handling systems following the Decree 2- 17-265, and if in absence support the creation of complain management system with an adequate complaints management procedure • Works contracts.",0.6920407468622382
"ESSA action plan Action description Responsibility Timing Completion Measure PAP or Legal Agreement Appointment of E&S focal point PCU 30 days after effectiveness Appointment of the Included as part of Implementing E&S focal point by the Legal Agreement agencies the PCU and Implementation implementing Arrangements agencies ESIA with ESMP, Resettlement MoI Before the start of works ESIA, ESMP and RAP PAP Action Plan (RAP), public submitted to the consultation and public Bank dissemination for each wastewater reuse convention implemented under the Program Adoption of an E&S technical PCU 90 days after effectiveness E&S technical Included as part of manual included in the POM  and implemented manual, including the Legal Agreement throughout the duration of good E&S practices Implementation the Program included in the POM Arrangements Notification of incidents and Implementing Continuous Periodic E&S PAP accidents to the Work Bank no agencies monitoring sheets later than 48 hours after their (monthly) and occurrence reports (half-yearly) Preparation and ABHs and Regies 90 days after effectiveness Plans prepared by PAP implementation of stakeholder and implemented the implementing engagement plans  throughout the duration of agency and the Program submitted to the Bank Deployment of grievance 1-Focal Points 90 days after effectiveness Description of the PAP management mechanisms  2-Central PCU for and implemented system, consolidation and throughout the duration of communication reporting.",0.06515668738972057
"the Program strategies and system operating statistics Development of training module PCU 90 days after effectivenessModule and training PAP on E&S management including and implemented plan developed and monitoring tools; and relevant throughout the duration of carried out training sessions, including the Program subcontractors Notes:  The E&S technical manual shall include – at a minimum-: (a) site monitoring tools (E&S monitoring sheets, anomaly sheets, the procedure for communicating accidents/incidents and drawing up status reports and associated action plans, responsibility for site- monitoring; and screening against the negative list of the sub-projects); (b) mechanisms for the management of consultations, awareness, and training of stakeholders on the risks associated with gender-based violence, sexual abuse, and harassment; and, (c) methods and frequency of reporting  The Local Level Stakeholder Engagement Plan shall be developed and implemented throughout the life cycle of the projects.",0.11611519076607445
 The World Bank Morocco Water Security and Resilience Program (P179192) .,0.7524722706187855
"PROGRAM ACTION PLAN Action Description Source DLI# Responsibility Timing Completion Measurement Prepare annual Fiduciary PCU and Implementing Other 90 days Consolidated Program annual activity plans, Systems Agencies after the activity plans and procurement procurement plans, Effective plans submitted to the World and budgets Date and 90 Bank.",0.8057368885387074
"ESIA with ESMP, Environmental MoI Other Before the ESIA, ESMP, and RAP submitted Resettlement and Social start of the to the Bank Action Plan (RAP), Systems works public consultation, and public dissemination for each wastewater reuse convention implemented under the Program Notification of Environmental Implementing agencies Other Continuous Periodic E&S monitoring sheets incidents and and Social (monthly) and reports (half- accidents to the Systems yearly) Work Bank no later than 48 hours after their occurrence Deployment of Environmental PCU and implementing Other 90 days Description of the system, grievance and Social agencies after the communication strategies, and management Systems Effective system operating statistics mechanisms Date and implemente d throughout the Program Development of Environmental PCU Other 90 days Module and training plan training module on and Social after the developed and carried out E&S management, Systems Effective including Date and monitoring tools; implemente and relevant d training sessions, throughout including the Program subcontractors.",0.8676729202270508
 The World Bank Morocco Water Security and Resilience Program (P179192) Develop and Fiduciary MEE/MoI/TGR Due Date 31-Jan-2024 The capacity capacity-building implement a Systems program on the PPD submitted capacity-building to the Bank.,0.8821765726262872
program on the PPD Include in the Fiduciary Implementing Other Continuous Sample bidding documents bidding documents Systems Agencies submitted to the Bank.,0.8708660819313743
"Audit of Other Continuous Number of audit audits’ Systems Regies&ABHs recommendations recommendations implemented and timely of the Program reported in the Program activity reports Strengthen Fiduciary WB/MEE Other 180 days Financial, procurement, and coordination Systems after the budgetary information is between Effective included in the half-yearly implementing Date activity report and is acceptable entities and and audited financial develop tools for statements prepared and collecting budget submitted on time.",0.7566531788219105
"execution, procurement, and accounting data at the level of each implementing entity and capacity- building actions Report compliance Fiduciary IGF Other Implemente IGF assesses the compliance of to the Bank’s list of Systems d winning firms within the debarred and throughout program implementation temporarily the Program against the Bank’s list of suspended firms as debarred and temporarily part of the Program suspended firms Audit Report .",0.7293777465820312
 The World Bank Morocco Water Security and Resilience Program (P179192) ANNEX 7.,0.6769683144309304
The Implementation Support Plan is based on the World Bank Guidelines for PforR Operations.,0.3719684427434748
"The focus of the World Bank implementation support under the Program will be to: • Review implementation progress and achievement of Program results and DLIs • Provide support for resolving emerging Program implementation challenges • Provide technical support for the implementation of the PAP, the achievement of DLIs and other results, and institutional development and capacity building • Monitor systems’ performance to ensure their continuing ade uacy through Program monitoring reports, audit reports, and field visits; and • Monitor changes in risks to the Program and compliance with legal agreements and, as needed, the PAP • Mobilize technical assistance funds to support the achievement of the Program results, as presented below.",0.7661513415249911
"Focus of Implementation Support Time Focus Skills Needed Resources Partner Estimate Role First twelve Supporting of implementation of Team leader, water, and months governance RA (PNE and benchmark sanitation specialist; IWRM framework for ABHs), groundwater institutional design; management contracts, data Groundwater specialist; legal; management systems, and regulations gender; procurement; financial for non-conventional water resources management; social and environment; M&E 12-48 Reviewing implementation progress, Team leader, procurement; months field verification of verification reports financial management; social from the IVA and environment; water and sanitation specialist; IWRM specialist; legal; gender; M&E 2.",0.9100440632213246
A World Bank team will be mobilized to deliver Bank support as mentioned above (see Table A7.2).,0.19610370289195667
Task Team Skills Mix Requirements for Implementation Support Number of Staff Number of Skills Needed Comments Weeks Trips Task Team Leader 24 0 Based in Morocco WRM Specialist 12 3 Based in Jordan Groundwater 5 1 Based in Washington DC Water data management 5 2 Based in Washington DC Water supply and sanitation (non-revenue 10 3 Based in Washington DC water and wastewater reuse) M&E/Verification 6 2 Based in Morocco Procurement 4 0 Based in Morocco Financial management 4 0 Based in Morocco Governance (fraud and corruption) 2 To be defined Environment safeguards 4 0 Based in Morocco Social safeguards 4 0 Based in Morocco Gender 4 0 Based in Morocco Legal 2 1 Based in Washington DC Team assistance 6 0 Based in Morocco 3.,0.869139931418679
"After effectiveness, the first implementation support mission will occur as soon as possible to provide direct feedback and implementation support with critical inputs and involvement of environmental, social, and fiduciary teams.",0.7601314024491743
The World Bank will support implementation through regular missions and guide implementation.,0.7976918654008345
"Finally, the World Bank will mobilize trust funds (Bank or client executed) to support the Borrower in the implementation of the Program.",0.8312868638472124
"During preparation, some indicative areas of Bank support through trust funds were identified – as indicated in the Table below.",0.8606907237659801
World Bank support technical assistance Results Area DLI DLI Name Scope of World Bank Technical assistance No.,0.8163776397705078
"1 National Water Plan (PNE) International experience in climatic scenarios and principles to Strengthened Adopted strengthen the sector’s governance, institutional, and financial aspects Water Sector (including defining water valuation and cost-recovery principles Governance 2 Groundwater Review of the Decree for participatory aquifer management contracts management improved 3 ABH performance International experience on KPI and maturity matrix to assess ABHs framework was adopted, performance and definition of action plans and ABH performance improved 4 Water Information Review of the Decree establishing the SNIEAU and ABHs’ Water Systems operationalized Resources Information Systems and used for water International experience in the development and monitoring of the accounting and decision- process of establishing and putting in place the plan for data quality making and control for hydrological and hydrogeological data, and capacity building.",0.89373103055087
 The World Bank Morocco Water Security and Resilience Program (P179192) Results Area DLI DLI Name Scope of World Bank Technical assistance No.,0.8154955777254972
"International experience in the development and monitoring of the process of data certification for hydrological and hydrogeological data, and capacity building.",0.7948016253384677
6 The financial International experience in financial modeling and structuring of sub- Improved sustainability framework sector financing strategies Financial of the water sector Revision of TOR for the study on water costs (from mobilization to Sustainability improved service delivery) and Water 7 Volume of potable water Use Efficiency savings in distribution water supply networks RA3.,0.9244204434481534
Enabled 8 Wastewater reuse scaled- Review of the bylaw defining the norms for wastewater reuse for Integration up agricultural purposes of Non- Conventional Water Resources ,0.8814295855435458
