seq,ecological domination
"  The World Bank Irrigation for Climate Resilient Agriculture (P179037) vulnerabilities consist primarily of flooding and, to a smaller extent, reduced water availability and erosion.",0.8045017936012961
"Irrigation is a key driver of economic growth as it improves agricultural production, strengthens rural development, and increases resilience to climate change by bridging the gap between crop water requirements and precipitation.",0.8807619268243964
"Even though irrigated land represents only 36 percent (2.6 million hectares) of all agricultural land, approximately two-thirds of the country's agricultural output15 is produced on irrigated land.",0.7644494663585316
"Moreover, irrigation could increase the country’s GDP by 0.8 percent per year through agricultural productivity gains (World Bank, 2022).",0.8593448292125355
"However, irrigation systems in Peru face a variety of challenges – low overall agricultural water use efficiency (WUE)16 – at only 30 percent,17 vulnerability of small-scale farmers, and low support capacity of local governments.18 The low levels of WUE in irrigation systems are, in large part, due to the deteriorating condition of approximately 57 percent of Peru's existing irrigation infrastructure.",0.858258767561479
"Limited use of efficient on-farm irrigation technologies is also contributing to low water productivity, as they are not yet widely available or used throughout the country.",0.8161289908669211
"More efficient on-farm irrigation systems19 enable farmers to use less water for their crops, thereby improving the overall irrigation performance, increasing agricultural water efficiency, and boosting agricultural productivity .",0.9765466343272816
"15 Agricultural output is defined as the total value of crops produced in economic terms, although it has also been used to denote (physical) crop yields.",0.8855127854780718
16 Water use efficiency (WUE) is defined as the ratio between the volume of water used for irrigation and the volume extracted or derived from a water source for that purpose.,0.870263012972745
"It can be divided into storage, conveyance, distribution, and application efficiencies.",0.8746513019908558
"4-A, Gap Indicator ""Percentage of agricultural land without technified irrigation"", approved by Ministerial Resolution 0374-2021- MIDAGRI.",0.8833690990101207
19 On-farm irrigation systems include drip or sprinkler systems.,0.7914622913707386
"In sprinkler systems, water is led to a field through a pipe system under pressure, and artificial rainfall is created to water the crops.",0.8702451532537286
  The World Bank Irrigation for Climate Resilient Agriculture (P179037) water in the volumes required).,0.8751903013749556
"Efficiency is also commonly improved through sustainable on-farm agronomic practices20 that focus on soil moisture conservation, thereby reducing the need for irrigation water supply to fields.",0.8724734566428445
"Although subnational governments are the main financiers and implementers of irrigation investments, representing roughly 80 percent of the total budget for irrigation, these investments have not translated into significant improvements in irrigated area coverage or efficiency.",0.8684673309326172
"On average, only 60 percent of irrigation investments were fully executed, with efficient irrigation systems installed in only about 1 percent.",0.8737277984619141
Irrigation investments are often made without considering the broader hydrological and hydrogeological context.,0.3959971341219815
"This leading to water deficits in many basins and, hence, intense competition for water resources among water users.",0.8636965318159624
Many irrigation systems have been established without detailed knowledge about water supply or demand in the respective watersheds.,0.8072303425181996
"As a result, the Government of Peru (GoP) prioritized the rollout of efficient irrigation interventions as part of its development agenda, given the direct impact of irrigation on reducing poverty and enhancing food security for Peru's poorest in rural areas.",0.9079517017711293
Public sector financing is required as the targeted beneficiaries have limited capacity to access efficient irrigation infrastructure and technology given their high capital cost and relatively low revenue from farmers’ existing production.,0.8520428050648082
"Accompanying sustainable agronomic practices are also expected increase the efficiency of water use by maintaining soil health and conserving its moisture, thereby leading to improved productivity and resilience to shocks.",0.9373962228948419
"Technical Assistance (TA) and training are necessary for ensuring the positive impact of technological adoption and technical sustainability of irrigation systems through their improved management, given the general lack of TA and training services for farmers in Peru22 – reaching 11 percent of the total agricultural producers nationwide and 5 percent of small- and medium-sized farmers.23 The Sierra Irrigation Subsector Project (P104760), which extended access to TA, training, and efficient irrigation systems to farmers in the Sierra regions, demonstrated the effectiveness of such investments on poverty reduction for rural populations in areas implemented.",0.9941962849010121
"Farmers can incorporate specific practices to manage crops, improve soil quality, enhance water usage, and improve the surrounding environment by focusing on the conservation and regeneration of water and soil resources.",0.8656238209117543
"22 Reduced performance of technified irrigation infrastructure generally occurs due to a lack of sufficient training and TA for those who manage, operate, and maintain the schemes.",0.8889862407337535
"  The World Bank Irrigation for Climate Resilient Agriculture (P179037) in how water is used, saved, and managed, 25 they are generally excluded in the decision-making processes related to irrigation management and represent, in general, a small fraction of the water users.",0.8741938851096414
"The Ministry of Agricultural Development and Irrigation’s (Ministerio de Desarrollo Agrario y Riego [MIDAGRI]) Sub-sectoral Irrigation Program (Programa Subsectorial de Irrigaciones [PSI]), serves as the irrigation subsector’s executing body at the national level.",0.8742781552401456
The PSI’s objective is to improve agricultural water productivity by: (i) expanding the use of efficient irrigation technologies and on-farm practices to promote the efficient and sustainable use of water for irrigation; (ii) supporting the development and strengthening of the management capacity of WUOs and of Farmer Groups (FGs) in irrigation hydraulic blocks.,0.923779921098189
Regional and Local Governments (‘Gobiernos Regionales’ and ‘Gobiernos Locales’) are responsible for planning and promoting irrigation development33 within their jurisdictions and managing both self and externally financed program resources.,0.9247146953235973
These subnational (regional and local) governments apply relevant standards and policies to the design and implement sector investments.,0.9203908226706765
"Regional governments, specifically, are responsible for providing support to both local governments and irrigation service providers.",0.8616473458030007
"The National Water Authority (Autoridad Nacional del Agua [ANA]) oversees improvement of water resource management across the country and operates through its decentralized agencies.34,35 This includes a deficiency in accounting for both upstream and downstream users of water, particularly those impacted by irrigation investments and 25 De Nys, E., Hidrogo, C., Lajaunie, M., Chinarro, L. 2013.",0.9274288524280895
"33 Examples of irrigation development include those that fall under the concept of “technified Irrigation” ( riego tecnificado), which, as defined by Law No.",0.9358407800847833
"28585, seeks to promote “irrigation systems that allow the rational and efficient use of water to increase agricultural productivity”.",0.9229463230479847
"34 Technical support is provided through ANA via its 3 types of decentralized agencies (órganos desconcentrados): Administrative Water Authorities ( Autoridad Administrativa del Agua, AAA), Local Water Authorities (Autoridad Local del Agua, ALA), and Water Resources Basin Councils (Consejo de Recursos Hídricos de la Cuenca, CRHC).",0.8579809015447443
"However, these also lack the resources to provide support when and where needed, causing a lack of skills and technological solutions to improve water management among users.",0.8624073375355114
35 Relevant information and management capacity provided by ANA at the local level remains limited.,0.8739022341641512
The constraints related to irrigated agriculture pertain to lack specific information on the water balances of irrigation schemes or their impact on respective catchments.,0.8653448278253729
" 0 The World Bank Irrigation for Climate Resilient Agriculture (P179037) interventions, and water quality (e.g., polluted run-off water from fields).",0.8729067715731534
"Water Users Organizations (WUOs) are responsible for distributing water among users as well as the management, operation, and maintenance (MOM) of irrigation schemes and the collection and administration of water tariffs .",0.8756321993741122
"The term WUO describes three different types of hierarchically coordinated user organizations, namely (i) water user boards (junta de usuarios)36 that oversee (ii) water user commissions and (iii) water user committees.37 Users within each irrigation WUO share water and pool their financial, technical, material, and human resources for the MOM of water delivery systems under their control.38 21.",0.8854030262340199
WUOs have struggled to achieve operational efficiency as well as financial and technical autonomy.,0.8694838610562411
"Although responsible for the MOM of over 1.4 million ha of irrigated land and serving almost three quarters of a million users, WUOs lack sufficient technical capacity, specialized equipment, and reliable information on the availability and use of water resources (supply and demand) to improve their operational efficiency in their respective areas.39 WUOs also struggle to reach financial sustainability due to low water tariffs and collection rates.",0.8765883012251421
Farmer Groups (FGs) (Grupos de Gestión de Riego Tecnificado [GGRT]) manage sub-projects and comprise producers at the lower-level sections of a hydraulic block.,0.8686958659778942
FGs are responsible for the management of irrigated water from the water intake structure to the application of water on-farm and report to PSI.,0.8544445904818448
FGs were established for the purpose of managing ‘technified’ irrigation at each sub-project level to ensure that the water needs of each farmer are met and that their section of the block remains in good condition.,1.003434961492365
"After several years of discussion and planning, and a careful analysis of the above-mentioned challenges, the GoP decided to reinforce its engagement in modern irrigation water management and seek World Bank support in the form of the proposed Project, to assist them with investments in, and uptake of technified irrigation approaches.",0.8854010321877219
The Project also builds on the experiences from the World Bank–financed Sierra Irrigation Subsector Project (P104760).,0.8826161297884855
Farmers who participated in the Sierra Project reported 25 to 500 percent increases in net household income per hectare from improved water availability through advances in off-farm irrigation schemes and on-farm technology and agronomic practices used.,0.9018144607543945
"The Project is aligned with the following two policy actions: (i) promoting water security in agriculture through water storage solutions, water-efficient irrigation systems, and sustainable water management (considering social, productive, and environmental uses), while strengthening women´s status as agricultural producers; and (ii) strengthening environmental protection, disaster risk management, and climate change adaptation and mitigation.",0.7572207017378374
"The National Agricultural Policy (2021- 2030) that aims to improve competitive agricultural development by 36 percent by 2030, as attributed to a reduction of family farmers at subsistence level, and improved management of natural resources for sustainable agricultural production.",0.8509585640647195
The Project further responds to the MIDAGRI’s Multiannual Sector Strategic Plan (PESEM) 2015-2027 that has two objectives: (i) to manage natural resources and biological diversity within the competence of the agricultural sector in a sustainable manner 36 The 43 Water User Boards (JUs) oversee the 130 sub-projects that mostly correspond to a single commission or committee.,0.8704608570445668
"Thus, the total number of water user institutions involved in the proposed Project is 180.",0.8029284910722212
"37 User Committees (Comités de Usuarios) represent the base level of all WUOs, organized around lower levels of distribution structures of hydraulic blocks.",0.8295359178022905
"38 In accordance with Peru’s Water Resources Law, WUOs are civil associations whose purpose is the organized participation of wa ter users in the multisectoral management and sustainable use of water resources.",0.8674089258367365
"They operate under the auspices of Peru’s National Water Authority (Autori dad Nacional del Agua, ANA) – the highest technical and regulatory body for the management of water resources in the country.",0.869285756891424
"39 While PSI provides support to farmers who are members of WUOs, its budget program limits the adequate support and does not enable purveying the latest, sustainability-focused advances in irrigation interventions.",0.8557506908069957
" 1 The World Bank Irrigation for Climate Resilient Agriculture (P179037) and (ii) to increase agricultural competitiveness and market insertion, with emphasis on small agricultural producers.",0.9185407811945135
"The Project is also aligned with the Ministry of Agriculture’s (MIDAGRI) comprehensive national climate adaptation strategy for the agriculture sector, with measures related to building resilience and maintaining productivity, including investing in irrigation infrastructure and site-specific land-use planning to mitigate water scarcity.",0.9691179448908026
"The project is in-line with Peru's 2020 Nationally Determined Contribution (NDC) and 2021 National Adaptation Plan (NAP) for climate change mitigation and adaptation, identifying water as a priority sector for addressing climate change and limiting its impact.",0.8168225721879439
"The Project puts an emphasis on implementing energy- and water-efficient irrigation systems, increasing water storage, and strengthening water resources management.",0.8743034709583629
The Project is also aligned with the public investment recommendation of Peru’s Climate Country Diagnostic Report’s (CCDR) to improve access to efficient irrigation systems to build resilience in the agriculture sector and boost economic growth while protecting vulnerable populations.,0.8628843480890448
"Peru's CCDR also stresses the importance of adaptation to water-related shocks given the country’s significant spatial and temporal rainfall imbalances and uneven development patterns across its territory (World Bank, 2022).",0.8648829026655718
The Project is also aligned with the World Bank's mission of ending extreme poverty and boosting prosperity on a livable planet.,0.8669198643077504
"By promoting water use efficiency and developing improved irrigation infrastructure, the operation is expected to enhance agricultural productivity and increase farmer revenues in targeted areas with positive impacts on water and food security.",0.9122336994517933
"The proposed operation is also aligned with the WBG Country Partnership Framework for Peru FY23-FY27, discussed by the Board of Executive Directors on  (Report179046), specifically Objective 5: Enhance climate-change mitigation and adaptation under the High-Level Outcome 3: Increased resilience to shocks.",0.8609724911776456
"The Project is also closely aligned with the World Bank's strategic framework for moving ""From Crisis Response towards Green, Resilient, and Inclusive Development"" (GRID) – directly supporting its Pillar 4: ‘Strengthening Policies, Institutions, and Investments for Rebuilding Better,’ and the goal of the World Bank Group’s 2021-2025 Climate Change Action Plan of aligning climate and development goals while boosting growth.",0.5025099841031161
"Moreover, the Project complements the Bank's ongoing and pipeline programs to support sustainable and inclusive growth in Peru and builds on the Bank's longstanding policy dialogues in these areas.",0.29863340204412286
The Project development objective (PDO) is to improve the sustainability 40 and efficacy of water services for irrigation and the productivity of water on family farms in selected areas that are vulnerable to climate change.,0.929767521944913
The PDO level indicators are the following: PDO 1: Improve the sustainability and efficacy of water services for irrigation.,0.8733916716142134
1) Water User Organizations that increase operational efficiency in their hydraulic blocks by 10 percent41 (Percent).,0.8700426275079901
2) Regional Governments (GOREs) that have at least 500 hectares of ‘technified’ irrigation projects in their respective multiannual investment portfolios.,0.8717843836004083
"3) Average increase of the tariff collection rate of FGs participating in the Project to generate resources for an 40 For the purposes of the Project, sustainability encompasses technical, institutional, and financial dimensions as measured by PDO indicators 1 – 3.",0.8694275942715731
41 Operational efficiency evaluates the quality of the operation of the irrigation system between the intake of the water source and the input to the plots and is defined by the relationship between the water volumes distributed at the level of the users' properties or plots and the volumes extracted or derived from a given water source.,0.8941972905939276
 2 The World Bank Irrigation for Climate Resilient Agriculture (P179037) adequate operation and maintenance of their respective irrigation systems (Percent).,0.8788710507479581
PDO 2: Improve the productivity of water on family farms in selected areas that are vulnerable to climate change.,0.9090220711447976
5) Increase in agricultural water productivity on family farms in areas vulnerable to climate change42 (Percent).,0.8984296972101385
6) Increase in efficiency of application of irrigation water on-farm in areas with ’technified’ irrigation (Percent).,0.8664757121693004
"The proposed Project is a US$126.0 million Investment Project Financing (IPF) operation, financed by a US$100.0 million IBRD loan and US$26.0 million in counterpart funds.",0.8365353670987216
Proposed interventions are grouped around the following three components: (i) Component A: Irrigation Investments for Climate Resilient Agriculture; (ii) Component B: Institutional Strengthening for Effective and Sustainable Irrigation Services; and (iii) Component C: Project Management and Interagency Coordination.43 32.,0.9839376969770952
"Component A: Technified Irrigation Projects (US$ 106.7 million, of which US$89.5 million is financed by the IBRD).",0.9449352784590288
"Component A aims to improve water delivery services for irrigation and agricultural water productivity in 130 selected and prioritized subprojects covering a total of 8,014.38 hectares – involving 130 FGs (GGRTs)44 – and serving 7,767 producer households (thereby reaching an estimated total of 24,128 beneficiaries).",0.9262348521839489
"Each subproject represents a hydraulic block that consists, on average, of 60 ha of land and serves around 60 farmers.",0.8993818109685724
Figure 1 below illustrates the main elements (points 1-10) of a hydraulic block.,0.5769035165960138
The investments comprise improvements to existing irrigation schemes.,0.9139700802889738
This component is divided into the following three subcomponents supporting off-farm and on- farm irrigation infrastructure and TA to the administering FGs.45 33.,0.8836264176802202
Modernization of Communal (Off-Farm) Irrigation Systems.,0.8876154639504172
This subcomponent aims to modernize existing off-farm irrigation schemes within designated hydraulic blocks by converting open canals to pressurized gravity-based piped46 networks in areas with natural slopes47 (refer to points 1-5 in Figure 1).,0.9403751546686346
"Such modernization of off-farm irrigation infrastructure, coupled with their enhanced management is expected to improve the reliability of water supply to farmers, facilitate diversification toward higher-value crops, and increase resilience to water supply variability exacerbated climate change.",0.942390268499201
"Activities under this subcomponent include: (i) construction of new and improvement of existing head water intake structures48 from the original source of water supply to the main derivation canals and on to loading chambers or storage reservoirs, from which water is conveyed to the existing off-farm delivery networks (main and distribution levels); (ii) grit removal works between the water intake and storage reservoir to remove impurities that water from a derivation canal may contain (which can clog lower level systems); (iii) construction of water main and distribution piped networks from 42 Water productivity refers to the ratio of yield (marketable portion) to water consumed by the crop plants, expressed in price (PEN) per cubic meter (PEN/m 3).",0.9755407680164684
"Water productivity can be assessed at the level of (i) total yields (biomass – kg/m3), (ii) marketable yields (kg/m3), and (iii) their market value (PEN).",0.8920409462668679
"44 These 130 sub-projects are within the jurisdiction of 43 Water User Boards (JUs) and 4 User Committees (which are not part of the Water User Boards), distributed across 19 regions, 56 provinces, and 87 districts.",0.8569347208196466
"To date, the 130 sub-projects include 85 projects declared viable (past feasibility stage) and 45 projects at the concept level (technical assessment stage).",0.7500626824118874
45 FGs oversee the management of irrigated water from the water intake structure (point 1 in Figure 1) to the application of water on-farm (point 10).,0.8617834611372515
"46 As part of a ‘technification’ process, the conveyance systems will be adapted from open canals to pressurized gravity-fed piped systems, which naturally pressurize the water by mere use of gravity and without the need for energy.",0.8811632503162731
Piped systems are typically characterized by high water-use efficiencies due to negligible water losses from leaks/seepage and avoiding evaporation losses inherent to canals.,0.7301792664961382
48 Head water intake structures are used for water withdrawal from the original source for delivery to an irrigation network.,0.8705921173095703
" 3 The World Bank Irrigation for Climate Resilient Agriculture (P179037) the intake structure up to the farm gates (outlets);49 (iv) development of feasibility studies, detailed designs, and environmental and social instruments to identify and manage risks; (v) monitoring and supervision of civil works; and (vi) implementation of the respective Environmental and Social Management Plan (ESMP), including reforestation50 activities to improve soil carbon storage, reduce erosion, and increase the overall long-term sustainability of the hydraulic blocks.",0.9601163864135742
Irrigation Technology Improvement (On-Farm Irrigation Systems).,0.8568543520840731
This subcomponent aims to support farmers in increasing their agricultural water productivity by improving the efficiency of water applied to crops at the farm level through the installation of advanced on-farm irrigation systems.,0.9612092104825106
Activities include the following interventions on existing on-farm irrigation systems: (i) construction and provision of water-efficient field application systems (e.g.,0.8655446659434926
"drip irrigation, sprinklers, micro sprinklers), land leveling, lateral pipes, equipment for improved control and regulation of water flow, and flow rate measuring devices for improved monitoring; (ii) development of feasibility studies, detailed designs, and environmental and social instruments; (iii) monitoring and supervision of civil works; and (iv) implementation of the ESMP, including reforestation activities to improve soil moisture and environmental base flow, increase efficiency of sprinkler and micro-sprinkler systems, and increase the sustainability of the hydraulic blocks.",0.9707000038840554
This subcomponent will be financed through a cost-sharing arrangement with farmers following the National “Technified” Irrigation Program (NTIP) guidelines.,0.9480394883589311
Technical Assistance and Capacity Building to FGs (GGRTs).,0.5593113465742632
"This subcomponent aims to strengthen the capacity of FGs participating in subprojects under Subcomponents A.1 and A.2 to ensure the sustainability of the investments in their subprojects and increase water productivity in their hydraulic blocks through TA, capacity building, and knowledge sharing activities.",0.9242279746315696
"The assistance will be centered on the following three main areas: (i) MOM of the irrigation systems in the respective hydraulic blocks; (ii) strengthening the capacities of the farmers; (iii) improving the productive and efficient use of natural resources at their disposal by adopting sustainable agronomic practices;51 and (vi) helping establish WUOs with a balanced representation and participation of female and male farmers to leverage economies of scale, strengthen commercial management, and connect with national and international markets.52 37.",0.8441285220059481
"The combined investments in ‘technified’ irrigation systems, TA and capacity building as part of Component A are expected to increase farmers’ resilience to water variability caused by climate change and avoid significant decreases in crop yields.53 Adequate irrigation water delivery is critical for enabling farmers to cope with the climate-exacerbated occurrences of floods, droughts, and frost, to increase crop yields, and to grow higher value crops.",0.9246205416592684
"In addition to building water security, the proposed Project is anticipated to improve the food security and livelihoods of the mostly agricultural rural areas of Peru.",0.8911659067327325
An analysis calculating GHG mitigation potential of the Project concluded that an estimated 5.562 tons CO2-equivalent per year can be saved by the Project´s activities.,0.8401800502430309
"In approximately 90 percent of the efficient off-farm irrigation systems, the Project’s will utilize natural topographic elevations for gravity-based, pressurized flow of water that eliminates the need for electricity or diesel to power water pumps.",0.8747373060746626
"This is presumed to avoid GHG emissions by circumventing the need for energy generation using fossil fuels while providing highly efficient water conveyance, distribution, and delivery to farms.",0.8878902088512074
"Additionally, the soil and 49 The networks will include energy-efficient hydro-mechanical equipment and smart measuring devices, with their design considering resilience against climate change-exacerbated floods and droughts.",0.8756839578801935
"The main expected benefit is to help keep the soil structure intact, which helps maintain moisture content and thus reduce erosion.",0.2303647128018466
51 Regenerative or conservation agriculture focuses on ensuring soil health to increase the efficiency of water application and retention of moisture in the soil.,0.85314265164462
53 Improved irrigation can increase the yields of most crops by up to 100 percent as well as improve grazing land and pastures.,0.9038831537420099
" 4 The World Bank Irrigation for Climate Resilient Agriculture (P179037) vegetation carbon stock will be increased due to the tree-planting activities as well as the use of vegetation cover and sustainable agronomic practices (e.g., climate smart, regenerative, conservation agriculture).54 No substantial changes in existing cropping patterns are expected, thereby not resulting in significant effect on GHG emissions.",0.8597462394020774
"Component B: Other Initiatives: Institutional Strengthening for Effective and Sustainable Irrigation Services (US$6.7 million, of which US$6.0 million is financed by the IBRD).",0.8921186273748224
"To complement Component A’s interventions at the hydraulic block level, this Component focuses on providing scaled-up support to improve water services for irrigation at the local (scheme level), and subnational (regional government), and national levels.",0.9358419938520952
"Instead, it aims to strengthen the capacity of WUOs (water user boards, commissions, and committees) as well as of subnational governments to strategically support the newly created FGs and extend access to ‘technified’ irrigation solutions throughout Peru.",0.9099199121648615
"Although the entry point to improving irrigated agriculture for individual farmers is through irrigation services, the multi-level character of this component ensures that water storage (including reservoirs), groundwater, and surface water management—key elements in adapting to climate change—are also considered at higher “governance” levels.",0.8798130208795721
Strengthening WUOs for Improved Management of Reliable and Sustainable Water Services for Irrigation.,0.8797749606045809
"This subcomponent aims to support all participating WUOs55 in ensuring equitable, reliable, and timely distribution of water to the hydraulic blocks under Component A.",0.8793255199085582
"This subcomponent is designed to improve water management and administration by WUOs to mitigate climate-exacerbated floods, droughts, and frost in the WUOs’ areas of influence, promote adequate O&M of their hydraulic assets, and support efficient use of water for irrigation through 54 These practices will focus on sustainably increasing productivity and income while helping mitigate and adapt to climate change impacts through carbon sequestration and increasing the efficiency of water use on-farm.",0.9379671270197089
 5 The World Bank Irrigation for Climate Resilient Agriculture (P179037) water monitoring and accounting tools.,0.8688713420521129
Specific focus will be placed on capacity building to monitor the potential impact of increased absolute water use savings derived from improved water use efficiency upstream to help avoid any negative impact on downstream users by inadvertently reducing return flows.,0.8456526669588956
"Specific activities include: (i) updating and implementing key technical instruments, including water distribution plans, O&M plans, asset management plans; (ii) the installation of water control and measuring devices coupled with TA on water efficiency and accounting assessments; (iii) the implementation of demonstration parcels to promote the conversion to ‘technified’ irrigation systems among other FGs; and (iv) development of potential water tariff restructuring strategies following improvements in services.",0.9396015514026989
Climate-related aspects such as drought and flood early warning systems and data collection for improved water planning towards climate risks will be considered in the water distribution plans.,0.8708818609064276
Subcomponent B.2: TA to Subnational Governments for the Scaling Up of Improved Irrigation Investments.,0.9348832910711115
It aims to build the capacity of subnational governments to expand the use of ‘technified’ irrigation systems in the 19 regions where the 130 subprojects under Component A are located (see Map in Annex 3).,0.9333144968206232
Activities include: (i) capacity building in the management and administration of water resources for agricultural purposes; (ii) strengthening the ability of Regional Agrarian Departments (Dirección Regional de Agricultura [DRA]) and Planning Directorates (Dirección de Planificación) of subnational governments to carry out the O&M of ‘technified’ irrigation systems; (iii) strengthen capacities for the planning and management of regional ‘technified’ irrigation.56 43.,0.9519304795698686
"To contribute to the achievement of a sustainable nexus between water resources management and sustained or increased agricultural productivity in new investments (scale-up), this subcomponent will consider specific measures to assist in: (i) the consideration of integrated water storage solutions and comprehensive water resources planning at the watershed level; (ii) the presentation of an irrigation smart subsidy program that focuses on small farmers in an effort to provide incentives for the adoption of ‘technified’ on-farm irrigation systems and water management practices that conserve soil moisture and reduce polluting effects of crop cultivation; and (iii) improving resilience-based planning with the use of hydro-agro informatics, generated by MIDAGRI's information systems that will allow performance or impact assessments of irrigation and agricultural systems in targeted sub-watersheds, also informing O&M irrigation assets.",0.9292016462846235
"The Project aligns itself with MIDAGRI´s sectoral policies, management and expenditure planning instruments, investment plan and budget program, and will provide lessons learned for their updating.",0.8793100877241655
"This includes a close collaboration between the Project and respective sector entities to incorporate lessons learned from the Project’s implementation into the following activities:57 (i) updating of irrigation policies to strengthen, among others, the integration of Water Resources Management at basin level as part of the scaling up of ‘technified’ irrigation; redesigning of Budget Program PP0042 to update its operational model and indicators of with a focus on integrality and complementarity at the basin level; (iii) the improvement of a geographic information system, which MIDAGRI is currently developing.",0.9273257689042524
"The latter will be attained through the integration of data on water resources, the use of agricultural land and its characteristics, including the phenomena of floods and extreme droughts aggravated by climate change, in a single center for managing such knowledge so that it allows adequate planning of irrigation and ‘technified’ irrigation that can be used by the Project.",0.881027568470348
"Component C: Project Management and Interagency Coordination (US$12.6 million, of which US$4.5 million financed by the IBRD).",0.865018757906827
"The component will support capacity building on financial, environmental, social, and 56 These activities assist with strengthening the capacity for the regional and local governments to prepare and manage investments.",0.8795129602605646
"A 2020 report from PSI shows the lag in project implementation at the Regional and Local governments, where it was reported that only 20 percent of the programmed investment was executed (Inversiones en Riego Tecnificado Parcelario 2012/2019.",0.7705025239424272
"Since most of them have sufficient financial resources at their disposal, lack of capacity to prepare and implement the investments was suggested as the cause in the report.",0.868833368474787
 6 The World Bank Irrigation for Climate Resilient Agriculture (P179037) technical management as well as M&E.,0.8747697310014204
"In addition, this component will include activities to promote coordination between Project and existing government entities (e.g., ANA), other government programs (such as Sierra-Selva Exportadora, AGROIDEAS, AGRORURAL, etc.",0.6173653169111772
"The Project will directly benefit 130 FGs serving 7,767 farmer families cultivating 8,014.38 hectares (with the total number of beneficiaries is estimated at 24,128 persons) with improved irrigation systems and relevant capacity building.",0.8882989883422852
"The Project’s efforts to strengthen irrigation strategies at the regional and national levels, which will foster the extension of efficient irrigation solutions, are also expected to generate future benefits for residents living outside of the Project’s target areas.",0.9375905990600586
Many of these benefits will only be accrued after the closure of the Project.,0.5743199261752042
"The success of the improved irrigated water services (PDO1) directly contributes to the success of the improved agricultural water use productivity (PDO2), since without adequate provision of irrigated water, the on-farm investments would be rendered ineffective.",0.9396738572554155
"‘Technified’ irrigation systems and agronomic management will help farmers increase their resilience to climate-exacerbated floods, droughts, and frost by producing more crops with less water (including a second or third harvesting cycle), thereby reducing the impact of droughts and lessening the risk of over- watering during floods.",0.9693996256048029
Improved irrigation technologies (subcomponent A.2) will allow farmers to utilize the improved availability of irrigation water service delivery more effectively.,0.8993284919045188
"The improvement of irrigation schemes is expected to enable optimal usage of water (according to crop water requirements61) and of other agricultural inputs and practices, thereby potentially facilitating increases in cropping intensity and changing of cropping patterns toward higher-value crops (in nutritional content and monetary value).",0.970054799860174
"These investments are accompanied by technical assistance and capacity building to FGs (subcomponent A.3) and WUOs (subcomponent B.1), which are expected to allow for better management of water resources and investments in technified irrigation.",0.972658330743963
"As a result, farmers will increase their capacity to improve their production during the dry season, build their resilience to various climatic phenomena such as droughts, rising temperatures, and frost, and improve their incomes and livelihoods.",0.8676307851617987
The Project’s critical assumptions include: (i) adequate availability of water for the irrigation schemes; (ii) that the TA activities will result in significant uptake by farmers in terms of utilizing irrigation schemes correctly and increasing their focus on productivity; (iii) that local contractors (construction and TA) will have sufficient technical capacity; and (iv) that counterpart funds from farmers will materialize.,0.9125702597878196
"61 Crop water requirement (CWR) is defined as the depth of water in millimeters needed for the crop’s consumption through evapotranspiration (ET ) as c influenced by its growth stages, environmental conditions, and crop management).",0.7884000431407582
 7 The World Bank Irrigation for Climate Resilient Agriculture (P179037) 52.,0.8569457314231179
"Project ac vi es utputs utcomes Long Term impacts Increase O farm irriga onsystemsresilientof opera onal Increased ompA.1 Construc on and or improvement droughtsand heavy precipitaci n e ciency in Farmers ´resi of climateresiliento farm irriga onsystem constructedand or improvedand hydraulicblocks lience to opera onal climate Each GORE has at Improve changeand least, 500 ha of sustainabilityof climate techni ed waterirriga on variability ompB.",0.9356020147150214
TA for subna onal governments Regional Investment programs for irriga on services LowerG G for scalability of improve irriga on technologies approved at the regional level irrigaitonprojects itsmul anual Increase emissions.,0.9806251525878906
investments Improved investment yields por olios.,0.8775593150745739
igherand managementtoolstoimprovethe deliveryof Increase of tari more stable managementof reliableand sustainable ighervalue waterirriga onservices collec on rate farm income irriga onwaterservices crops) Intensi ca Increase on Improvee cacy of Expansionof sa sfac on with Increased waterirriga on improved the e cacy of the capacityto services irrga on waterservices.,0.9325123700228605
"water farm irriga onsystemsthatareresilientto technology, increasing watere ciency in Increasee ciency Improve droughts , oods and heavyprecipita on.",0.913351752541282
"Supportservicesto farmers, Financially ensuringthe inclusi n of female farmersfor FGsimplementO M plansand agricultural selectedareasthat sustainable Increasein are vulnerable to on farm irriga on , andto promote business plan irriga on agriculturalw ater climatechange agriculturalproduc vityandvaluechain services produc vity.",0.9164985309947621
"The Bank is a key and long-standing partner for Peru's water and agriculture sectors and brings global knowledge, technical expertise, and innovative approaches to this proposed investment Project.",0.8864622983065519
"In particular, the Bank team will share global knowledge on topics related to modernization of irrigation systems, governance, usage of regenerative agricultural practices, and improved monitoring of water usage through water accounting methods.",0.8657293319702148
The Bank's experience in supporting the implementation of the Sierra Irrigation Subsector Project has provided the Project’s task team with concrete lessons and specific guidance on how to improve its support under this proposed Project.,0.8788416602394797
"In addition, the Water Security Diagnostic for Peru62 has provided the Bank team with detailed information and findings on the nexus between water security and irrigation in Peru that will help the team provide value beyond the immediate scope of the Project.",0.8675909042358398
"The Project design builds on the lessons generated from the successful implementation of the Sierra Irrigation Subsector Project (P104760), the Sierra Rural Development Project (P079165), and by the recently completed Peru Water Security Diagnostic (WSD) report (World Bank, 2022).",0.8778738542036577
The project extended access of farmers to efficient irrigation 62 World Bank.,0.9108856374567206
 8 The World Bank Irrigation for Climate Resilient Agriculture (P179037) systems in the Sierra and facilitated their access to training and TA.,0.8836409828879617
"The WSD identified the need to prioritize the upgrade and expansion of efficient irrigation and drainage systems, especially for small and medium-sized family farms in areas with high seasonal water variability.",0.9275959188287909
"To maximize on the impact and sustainability of the Project, technification of collective irrigation schemes as well as on farm are integrated within the same territory of a hydraulic unit (subproject) associating the irrigation modernization with WUOs.",1.003380688753995
"This way, sub-projects attend to an entire system from the intake structure, conveyance, and distribution systems to the field application systems.",0.8688914559104226
This approach learned from the Sierra Irrigation Subsector Project (P104760) is expected to have a greater impact and allow for more effective irrigation services improvement.,0.8881681615656073
The Sierra projects showed that projects aiming to improve small-scale farmers’ production and commercial orientation should encourage beneficiary engagement and build capacity among organizations such as FGs.,0.6136377941478383
The experience with the implementation of sub-projects within the Sierra Rural Development Project (P079165) pointed to the success of such a model and was integrated into the proposed Project.,0.6790119517933239
"This was later replicated under the Sierra Irrigation Subsector Project (P104760), where WUOs/FGs participated in the selection, design, execution of subprojects.",0.8585182536732067
Both Sierra projects demonstrated that training and TA interventions are necessary for the technical sustainability of investments into irrigation infrastructure and to improve irrigation management.,0.9499951275912198
"Based on the lessons learned, the proposed Project aims to work with FGs to increase the technical sustainability of the investments in the medium and long term, including ensuring the funds for the maintenance and replacement of irrigation equipment and materials.",0.9729843139648438
 9 The World Bank Irrigation for Climate Resilient Agriculture (P179037) 60.,0.8599902933294122
"The proposed Project incorporates strengthened training plans in cultivation processes of crops, such as good agricultural practices and integrated management of pests and diseases .",0.8527023142034357
A portion of the TA provided to producers (through FGs/GGRTs) through demonstration plots as part of the Project includes (i) improving the efficiency of water management at the parcel level and (ii) agronomic management for both annual and perennial crops.,0.8780384063720703
"Agronomic management through incorporation of climate smart and regenerative practices will allow for greater efficiency in the overall water management in the sub-projects (lowering the need for irrigation water by conserving soil moisture), resulting in greater yields, lower chemical inputs of fertilizers and pesticides, and, thus, lower impacts on ecosystems.",0.9176616668701172
This is based on the successes under the two previous Sierra projects (P104760 and P079165) of providing group-centered TA to beneficiaries for increasing the productive capacity of individual households and promoting the application of adequate agronomic practices for the overall performance and sustainability of agricultural production under irrigation.,0.925407583063299
"Based on the experience from the Sierra Irrigation Subsector Project, the Project will adopt a watershed management perspective wherever possible.66 The proposed Project recognizes the importance of considering downstream impacts of increasing irrigation efficiency upstream.",0.8751176487315785
This relates to the well-known challenge of a reduction in water available to downstream water users through reduced return flows from increases in water use efficiency in irrigation schemes upstream.,0.8696028969504617
"While previously, the “lost” water might have functioned as an inflow to the water source downstream, this process could be undermined when “freed-up” water in the upstream system is potentially repurposed for additional irrigation water, either by expanding irrigated areas or by growing crops with a higher water consumption.",0.9013687480579723
"To quantify the severity and magnitude of this challenge for the Project´s proposed subprojects, an analysis was carried out to quantify the potential water savings from increases in water use efficiency without negatively impacting downstream water users.",0.8621767217462714
"To put these figures into context, it is important to consider the water balance in the respective watershed to understand the potential impact of the environmental return flow of one single subproject with an average of 60 hectares.",0.8856020840731534
"To the extent feasible, the Project will therefore consider estimating a water balance in the affected watershed(s) to understand the potential impact on the environmental return flow While disaggregated data on the respective local watersheds is not widely available, the Project will utilize the TA under Component B to coordinate with WUOs as well as ANA and its local entities, such as the Local Water Authorities (ALAs)67 to identify pilot subprojects to carry out further analysis on the impact of increased water use efficiency.",0.8756636706265536
"Since its inception in 1997, PSI has carried out 680 technical irrigation projects that have benefited 10,497 farmers nationwide (PSI, 2017).",0.8935201818292792
"The PSI to implement an irrigation program along the Costa that had the objective of improving the existing irrigation infrastructure, promoting efficient irrigation, and providing training to WUOs.",0.9322405728426847
"In 2006, the PSI was designated as the governing entity of the irrigation subsector at the national level to encourage and promote the efficient and sustainable use of irrigation water.",0.8780602541836825
"66 The SierraIrrigation Subsector Project determined that from a water scarcity risk management perspective, it is important to consider activities to conserve water sources in the upper parts of the micro watersheds.",0.7966540943492543
67 Local water administration units (Administración Local del Agua [ALA]) are the local offices of ANA.,0.8665525263006036
 0 The World Bank Irrigation for Climate Resilient Agriculture (P179037) 64.,0.8503558418967507
The PSI currently works nationwide through its seven regional offices68 on the implementation of irrigation projects.,0.9374531832608309
"The PSI is headquartered in Lima and has departments focused on: (i) administration and financing; (ii) infrastructure; (iii) irrigation management; and (iv) planning, budgeting and M&E.",0.8831735957752574
"The PSI will accompany the farmers in each of the stages, coordinating with MIDAGRI, ANA and its deconcentrated entities, regional and local governments, and the private sector.",0.1804692203348333
"These engagements include the World Bank Sierra Project, which closed in 2017.",0.3302258144725453
"The PSI also holds extensive experience implementing projects supported by Peru's national investment program (Sistema Nacional de Programación Multianual y Gestión de Inversiones - InviertePE), the Inter- American Development Bank (IADB), the Agency for Japan International Cooperation (JICA), and the Global Environment Facility (GEF).",0.8868553855202415
The Borrower proposed designating the PSI as the implementing agency given its local presence and experience with Bank-financed projects.,0.8419064608487216
"The Bank team rates the PSI's current capacity (including technical, environmental, social, financial management (FM), and procurement) to implement the Project as moderate.",0.8679013685746626
"Specifically, the Project will support the involvement of the ALAs to strengthen the continuous monitoring of Project interventions, water consumption, related system parameters, and enforcement of effective regulatory instruments to manage water use.",0.8666896820068359
"In addition, the Project will coordinate with MIDAGRI's ongoing rural programs (AGROIDEAS, AGRORURAL, and Sierra-Selva Exportadora) and the INIA to provide specific thematic support as needed.",0.8665721199729226
"Given the need for strong coordination among various agencies, MIDAGRI, with the support of the Ministry of Finance (MEF), will create a Project Steering Committee to provide high-level guidance, oversight, and control of the Project as well as inter-institutional agreements with key agencies (i.e., ANA).",0.8455412604592063
"Project monitoring will be carried out regularly, and will include physical and financial progress, intermediate outcomes and development results, compliance with safeguards policies and fiduciary regulations .",0.8636745106090199
"The PSI, as the Project’s implementation Unit (PIU), will be responsible for organizing and merging the data coming from different areas of the Project to track the advancement of the work against the indictors detailed in the RF .",0.868227178400213
 1 The World Bank Irrigation for Climate Resilient Agriculture (P179037) activities.,0.8641082590276544
"Project reports will be prepared and submitted to the World Bank on a bi-annual basis, no later than 45 days after completion of the semester.",0.8660781166770242
"The report will cover: (i) the progress of each component, implementation of key features of the environmental management plan, key performance indicators, details of operation of Project facilities, and financial statements; and (ii) the annual work plan for implementation, annual funds required for implementation, an updated disbursement profile, planned actions for mitigating negative effects during construction, and target indicators for the coming year.",0.868562871759588
A mid-term review (MTR) of the Project will be carried out by the Borrower and the World Bank.,0.8035163879394531
The Borrower will submit its own MTR report no later than two months before the MTR and an implementation completion report to the World Bank no later than two months after the closing date of the Project.,0.8774737444790927
ESF compliance will involve monitoring compliance with environmental and social safeguards policies as detailed in the environment and social safeguards instruments.,0.8448235771872781
The Project design includes extensive capacity building at the FG and WUO level to ensure that the off-farm and on-farm irrigation systems are managed in a sustainable manner.,0.8879675431685015
"The Project’s combination of hard and soft investments also builds sustainability from a financial perspective; the FGs’ access to irrigated agriculture will permit more reliable production of higher value crops, and the development and implementation of business plans will encourage strategic planning to successfully connect with national and international markets.",0.8364866430109198
"The FGs’ increased income will increase their capacity to pay for the WUO’s irrigated water services (this will be amplified by greater willingness to pay given the Project’s investments to improve service), building the financial sustainability of the WUOs’ operations as well.",0.9288414174860175
The Project’s investments also build sustainability from a resource perspective given the focus on efficient water use.,0.2510832439769398
"The efficient irrigation systems developed under the Project will build the capacity of FGs to produce crops utilizing less water, increasing the FGs’ resilience to droughts and other climate change-induced events, and are projected to improve the system’s resilience against water stress and climate-induced disasters such as droughts by reducing average water deficits from -34 percent to zero.",0.9816065701571378
"Finally, the Project’s investments at the subnational and national level promote the scaling up of investments and the strengthening of sector strategies that will build their institutional capacity to provide support to FGs and WUOs after the closing of the Project.",0.8890812613747336
"Technical, Economic and Financial Analysis Technical Analysis  2 The World Bank Irrigation for Climate Resilient Agriculture (P179037) 79.",0.8657715537331321
"Component A aims to improve water services for irrigation and agricultural water productivity in 130 selected subprojects with a total of 8,014.38 hectares, benefitting 130 FGs.",0.9320952675559304
"This component is divided into three subcomponents: (i) construction and improvement of off-farm irrigation systems; (ii) construction of on-farm, efficient irrigation systems; and (iii) TA and capacity building for the user organization.",0.9418439865112305
"Currently, out of the 130 subprojects, 18 subprojects have detailed designs (Expediente Técnico), 5 have advanced feasibility studies (Ficha Técnica), 36 subprojects are at the level of feasibility study, 35 are at the level of preliminary design plus feasibility study, and 36 are at the level of preliminary design.",0.8104219436645508
"From an infrastructure quality perspective, the subprojects with detailed designs are considered as suitable to be procured under a lump sum contract, considering that the designs, technical and graphic information, technical specifications, desegregated quantities, and itemization of the offer are well detailed.",0.831380237232555
The Bank reviewed the information provided for the Yocara-Puno subproject as part of the group of 5 subprojects prepared at the level of feasibility studies.,0.16751173409548673
"The study utilized information related to all relevant technical, economic, and financial characteristics and provides a sound rationale for the expected benefits, in line with the Project’s objective.",0.9195145693692294
"In summary, the Project's immediate benefits are also expected to extend beyond the Project's targeted area in the long-term given the Project's support for the preparation and implementation of a portfolio of efficient irrigation projects with regional and local governments and the strengthening of national policies for efficient irrigation and water resource management.",0.9412455992265181
"Project costs include capital investment costs, O&M costs of the irrigation systems, and crop production costs (inputs and labor costs).",0.9346676739779386
"The Project's immediate benefits are tied to the increase in productivity associated with the provision of efficient irrigation systems on over 8,014.38 hectares of agricultural land.",0.944186730818315
"With access to efficient irrigation systems and sustainable agronomic practices (known as climate smart, regenerative, and conservation agriculture) farmers are expected to utilize water more efficiently and better withstand climatic stresses (e.g., droughts, erratic rainfall patterns, frost).",0.8960302526300604
"Additionally, it is expected that farmers will be able to grow higher-value crops, reduce labor costs, and thereby increase their incomes while ensuring food security.",0.7828296314586293
The quantifiable Project benefits are linked mainly to the additional income of producers that are impacted by the sub-projects (Component A).,0.9525572169910778
Methodology used for the financial and economic (EFA) analysis.,0.7827143235640093
A standard cost-benefit analysis (CBA)70 was performed with a 20-year horizon to assess the financial and economic merit of the Project by quantifying all incremental costs and benefits directly attributed to the Project.,0.9389220151034269
Financial and economic benefits were assessed for important agricultural crops with the potential for the development of value chains.,0.9167889681729403
"Moreover, as part of the elaboration of each subproject design, the PSI will carry out a CBA for each of the 130 subprojects during implementation.",0.8871043812144886
"As part of the economic and financial analysis, each of the sample subprojects considered 8 crops under their production schemes.71 These eight crops comprise the cropping systems that will be improved through the Project’s implementation and will determine the financial profitability of each subproject.",0.9888054240833629
70 A cost-benefit analysis will be carried out for each subproject as part of the feasibility studies as per national investment guidelines.,0.909253640608354
 3 The World Bank Irrigation for Climate Resilient Agriculture (P179037) model was developed based on the information provided by the PSI to represent the ‘with’ and ‘without project’ scenarios.,0.8684127981012518
"The model calculates incremental net benefits over a period of 20 years, holding constant the input and output prices to capture the effect of the change in production.",0.9271004416725852
Existing crop production techniques were assumed to be replaced by the introduction of sustainable and sustainable on-farm agricultural practices72 in the Project areas.,0.8484575965187766
"In the ‘with project’ scenario, it is assumed that the investment will enhance the efficient use of natural resources through the introduction of technologies and agronomic practices that reduce or improve use of external inputs.",0.9290514859286222
"With this, it is assumed that the level of inputs (fertilizers, herbicides, and pesticides) needed will decrease by 5 percent.",0.8708324432373047
"Also, a water fee per hectare per year is considered in the models for the O&M of irrigation systems.",0.8843377720225941
"The economic analysis shows positive profitability indicators, with economic internal rates of return (EIRR) 73 between 13.2 percent to 21.6 percent.",0.808274962685325
"For a 20-year horizon, the incremental economic benefit for the entire Project is estimated to be US$60.6 million, with an EIRR of 17.2 percent.",0.8676811565052379
"The flow of annual incremental net benefits calculated over a 20-year period, considered an economic discount rate74 of 8 percent that is compatible with the maturation time of principal investments.",0.897247314453125
The economic analysis was applied to a sample of eight representative sub-projects (under of Component A).,0.857958360151811
"The CBA assessed the economic viability of the production models proposed by the Project, considering economic prices (shadow prices)75 and economic value of carbon.",0.8977486003528942
"For the general economic analysis of the Project, economic flows were extrapolated.",0.016426636414094406
Benefits across the total Project area were extrapolated from the cropping composition and relative size of each of the eight subprojects.,0.690935568376021
"76 The total cost of the Project is estimated at US$126.0 million.77 For a 20-year horizon, the incremental economic benefit for the entire Project is estimated to be US$60.6 million (representing the net present value [NPV]78 of agricultural production, with an EIRR of 17.2 percent.",0.916946757923473
"To ensure the long-term robustness of the economic behavior of the Project, a sensitivity analysis was performed to evaluate how the economic indicators of the overall Project change with: (i) reductions in yields; (ii) delays in benefit generation; (iii) cost overruns; and (iv) changes in the shadow price of carbon.",0.9571300853382457
"The results of the sensitivity analysis showed the Project’s overall NPV still presenting a positive economic return even when considering a delay in the generation of benefits of 3 years, a significant cost overrun, or a 5 percent reduction of expected benefits.",0.9289770993319425
"In addition to the Bank’s economic assessment, the PSI prepared an economic evaluation to comply with Peru’s public investment system, InviertePE.",0.813045241615989
"The evaluation models profitability indicators based on the expected effects of the Project on the yields, the incremental investment costs, and O&M costs.",0.9133818366310813
73 The economic internal rate of return (EIRR) produced by a CBA compares the economic costs and benefits of a project and provides information about the real yield of a long capital investment.,0.9061234214089133
74 Discounting expresses future costs and benefits at today’s equivalent value to account for inflation and risk.,0.7540505149147727
The applied discount rate corresponds to InviertePE.,0.8883547349409624
75 Shadow prices are utilized to quantify non-market costs and benefits.,0.8871881311590021
Shadow prices assume that all resources in the economy were optimally allocated and reflect the true social and economic value to society of the goods and services that the project utilizes to generate its benefits.,0.49675989151000977
"76 Net incremental benefits were summed across each of the production models, and then multiplied by a scaling factor, defined as the share of the total project area that these subprojects represent.",0.8953845284201882
78 NPV is used to evaluate the value of an investment based on the difference between the present value of cash inflows and outflows expected to be generated over the lifespan of a proposed project.,0.8979894464666193
"NPV represents the difference between the present value of cash inflows - expected (quantified) benefits - and of cash outflows - costs (of planning, preparation, and implementation) over a specified period.",0.9418261267922141
 4 The World Bank Irrigation for Climate Resilient Agriculture (P179037) 10 years and a social discount rate of 8 percent; it applies factors to convert financial prices to social prices of the inputs and outputs.,0.9604858918623491
"Moreover, incremental economic benefits from the reduction of emissions and carbon sequestration over a 20- year period were included in the analysis.",0.8720017346468839
"A constant shadow price of US$7.17 per ton of CO2.79 Over the Project duration of 20 years, the Project is expected to lead to a net carbon reduction of 111,258 tons of CO2-eqivalent (tCO2-eq).",0.8680943575772372
"The Project is also expected to provide a reduction of 5,562 tCO2-eq per year (see Annex 6 and 7 on Climate Change Co- benefits and alignment with the Paris Agreement).",0.8728388006036932
"Financial viability was determined as positive for the eight subprojects, with financial internal rate of return (FIRR)80 between 12.7 percent and 25.2 percent.",0.8823307210748846
"A CBA was applied to eight representative sub-projects of Component A, for which the flow of annual incremental net benefits over a period of 20 years was calculated (considering a financial discount rate of 12 percent),81 holding constant the input and output prices to capture the effect of the change in production.",0.947611461986195
The Project’s financial viability was examined to ensure the sustainability of the infrastructure works.,0.875754096291282
"The financial situation (and cost recovery) of the FGs and WUOs in the Project area, irrigation tariffs’ collection, administering of water rights (if applicable), and other revenue sources were evaluated.",0.863600037314675
"The financial situation (and cost recovery) of the FGs and other WUOs in the Project area, irrigation tariffs’ collection, administering of water rights (if applicable), and other revenue sources was also evaluated.82 94.",0.8625105077570135
"A financial analysis of WUOs revealed that the WUOs have struggled to achieve financial sustainability due to, among others, low water tariffs and collection rates.",0.8746722828258168
The success of the Project’s investments hinges on having a strategic implementation approach given the large number of subprojects and wide territorial expanse.,0.8503646850585938
80 The financial internal rate of return (FIRR) is the most common metric used in financial analysis to estimate the annual rate of return on investment.,0.9187498959628019
It estimates the flow of net incremental benefits of the project based on two scenarios – with and without the project.,0.8980321017178622
"82 If O M costs of the irrigation systems are not covered by the FGs and WUO’s revenues, alternate financing sources or changes in current sources will be discussed with stakeholders to make sure all the costs are covered.",0.8882947401566939
Estudio Socio Económico de los miembros (productores agrarios y/o usuarios) de las OUAs y Criterios de Priorización de las JUs.,0.8772839632901278
"Enero 2018  5 The World Bank Irrigation for Climate Resilient Agriculture (P179037) developed for the Project that considers poverty levels, climate vulnerability, geographical location, and number of farmers in the area covered by the subproject.",0.9313924962824042
The total amount projected to be contracted under the first year is US$16 million.,0.7686667875810103
The proposed project is not at risk of having negative impact on the country’s low-GHG emissions development pathways as the proposed project is supporting activities that will contribute to reducing the impact of climate variability and extreme events; increasing carbon sequestration; saving energy; reducing soil erosion and loss; and mitigating the impact of low temperatures.,0.7676048278808594
The project aims to address these climate change vulnerabilities through investments to improve the existing off-farm and on-farm irrigation systems as an adaptation measure (such as technified irrigation including sprinkler irrigation systems and provision of adequate water storage to attenuate climate change impacts).,0.9658398194746538
These infrastructure investments will ensure the integration of climate-resilient design to enhance resilience against climate change-exacerbated floods and droughts which reduces the risk to an acceptable level.,0.9205236434936523
"Considering the coverage of the Project, the increased frequency and severity of natural hazards and climate shocks may impact project activities with disruptions in service delivery for short periods of time, which may result in short delays in the implementation of activities (in particular, for the construction and improvement of irrigation systems) in certain areas.",0.7448524128306996
"Moreover, climate-related aspects such as drought and flood early warning systems and data collection for improved water planning towards climate risks will be considered in the water distribution plans.",0.8767004880038175
 6 The World Bank Irrigation for Climate Resilient Agriculture (P179037) B.,0.8625666878440164
"The residual FM risk (after mitigation) is rated Moderate considering PSI’s previous satisfactory experience in managing World Bank-financed operations, and the existence of overall acceptable FM arrangements, which will be strengthened in terms of staffing, the information system, and the future preparation of the Project Operational Manual (POM).",0.8652443452314897
"It is important to mention that Peru’s central government has sound public financial management systems, and the PSI will benefit from the use of such country systems in the areas of flow of funds, auditing, and the use of the financial information system SIAF for budgeting, and accounting.",0.8929242220791903
"As part of the mitigation measures, PSI will explore options to process a budget reallocation within its institutional budget to support the beginning of the Project.",0.8729685003107245
▪ The lack of a tool to support the preparation of reliable financial reports and the monitoring of implementation at subproject level.,0.8698212883689187
"As mitigating measure, setting up a new monitoring system is included as a dated covenant.",0.8782440532337535
"The PPSD focuses on most important contracts to be executed within the scope of the Project and summarizes the operational environment in which the Project will be implemented, the market analysis, the risk assessment, and the analysis of different approaches to carry out the procurement for these activities.",0.8709246895530007
C. Legal Operational Policies @#&OPS~Doctype~OPS^dynamics@padlegalpolicy#doctemplate Legal Operational Policies Triggered?,0.10534402457150546
The Operational Policy 7.50 on International Waterways has been triggered for this Project as several of the subprojects are located along the transboundary Amazon River Basin and Titicaca Lake River Basin.,0.8698654174804688
"However, all interventions under the Project comprise solely improvements to existing irrigation systems, including off-farm distribution and on-farm water application systems.",0.8682984438809481
"No expansions of irrigated areas will be financed, and the Project will not cause appreciable harm to other riparian countries.",0.8296511389992454
"For this reason, an exemption to the notification requirement was  7 The World Bank Irrigation for Climate Resilient Agriculture (P179037) requested for this Policy and authorized on .",0.8637707450173118
"From the environmental perspective, project-related risks will mainly stem from civil works under subcomponents A.1 and A.2, including the construction of canals and water mains, rehabilitation and construction of small water reservoirs, installation of equipment, pipes, meters, pressure regulators, sprinklers, drips systems, and land leveling.",0.8635272112759677
"It should be noted that Project activities will take place in previously disturbed areas, since the purpose of the Project is to improve existing irrigation systems; therefore, no significant risks or impacts to living natural resources are envisioned.",0.8624029159545898
"As such, the anticipated key issues derived from physical interventions while implementing civil works are: (i) consumption of water and raw materials; (ii) generation of construction-related wastes; (iii) nuisances related to traffic, dust generation, vibration, and noise; (iv) water overuse for irrigation purposes and reduction of return flow; (v) possible encounters of archaeological remains; and (vi) occupational health and safety hazards.",0.8881712826815519
"Given that, overall, the anticipated environmental and safety risks of the Project are not likely to be significant, and should be easily mitigated in a predictable manner, the task team has determined the Environmental Risk Rating to be moderate.",0.8501375371759589
"To adequately identify and manage the E&S risks and impacts, the Borrower has prepared an ESMF, which includes mitigation measures according to the scale and nature of the activities.",0.8620535243641246
"A draft ESMF, including the SGA, LMP, and IPPF, was disclosed on the Bank’s website on  and will be finalized and disclosed within 30 days of the effective date of the Project.",0.16113358194177801
"In addition, an Environmental and Social Commitment Plan and Stakeholder Engagement Plan were disclosed on the Bank’s website on  and , respectively.",0.8588039224798029
"During Project preparation, the Task Team reviewed potential risks associated with the Project and confirmed the following conclusions and mitigation measures: (i) no concerns that existing water dams may affect anticipated subprojects due to unexpected failures caused by unforeseen events, as none of the planned subprojects will present flood risks; (ii) no concerns that implementation and operation of small water reservoirs may pose E&S risks, since the abrupt failure of reservoirs would not pose significant E&S risks or impacts, as the anticipated flooding exposure would be equivalent to the amount of water supplied to the irrigation area during a gravity-fed irrigation operation; and (iii) to address the ESF requirements of the Project, and in response to the complex inter-institutional arrangements required for the preparation and implementation of subprojects, the PIU will be staffed with two full-time E&S specialists at the central level; three socio-environmental specialists at the territorial level; three project management specialists, one E&S specialist, and one archeologist, focused on subprojects preparation; and three coordinators to deal with activities related to TA activities.",0.8683298284357245
 8 The World Bank Irrigation for Climate Resilient Agriculture (P179037) Gender 112.,0.8566240830854936
"The GAP will be based on Peru's existing policies and relevant experiences on integrating gender in water, agriculture, and rural development projects.85 The following activities will be included: (i) developing gender-sensitive proposals and methodologies to institutionalize gender in the proposed investments; (ii) providing technical trainings for female farmers on irrigation management, roles and responsibilities of WUOs, and water regulations; (iii) hosting ""soft- skills"" workshops for women to improve their leadership and communication skills to counteract the common perception of men as being better leaders; (iv) providing workshops for male leaders and users to raise awareness on the importance of a gender focus in WUOs and on water policies with an emphasis on gender equity; and (v) carrying out workshops with the joint participation of women to raise awareness on the contribution and value of the work of female users.",0.27372388406233356
"Under Component A, activities will be designed to increase productivity and economic outcomes for female farmers by: (i) raising awareness on the importance of incorporating women’s preferences in irrigation infrastructure design; (ii) targeting outreach to women in local/indigenous languages to inform them of available irrigation technologies; and (iii) training female farmers on MOM of irrigation technology/equipment.",0.930040879683061
 9 The World Bank Irrigation for Climate Resilient Agriculture (P179037) examined and several citizen engagement mechanisms were explored.,0.8600659803910689
The Project aims to ensure the participation of stakeholders and vulnerable individuals with the goal of improving the sustainability and effectiveness of irrigation water services and water productivity in family agriculture in selected areas vulnerable to climate change.,0.9079088731245561
"To reflect the growing threat of water scarcity considering climate change, the Project will focus on watersheds with low water availability and will ensure that efficient irrigation investments are integrated with Peru’s national instruments and policies on water resources management.",0.927538351579146
"At the start of Project implementation, Project beneficiaries in targeted areas will be informed on the expected level of irrigation services provided.",0.9218843633478339
Communities and individuals who believe that they are adversely affected by a project supported by the World Bank may submit complaints to existing project-level grievance mechanisms or the Bank’s Grievance Redress Service (GRS).,0.869106032631614
"The mitigation measures for the Project will include: (i) reestablishing support for the proposed Project at both MIDAGRI and MEF immediately after high-level changes occur; (ii) having communication and citizen engagement strategies in place; (iii) ensuring an on-going dialogue with the government officials responsible for project implementation at the working level; and (iv) establishing a high-level Project Steering Committee to provide guidance,  0 The World Bank Irrigation for Climate Resilient Agriculture (P179037) coordination and oversight over Project implementation.",0.8696542219682173
"As detailed in the Implementing Agency Assessment below, the PSI, the entity responsible for overall implementation, has demonstrated its capacity to effectively execute irrigation projects.",0.8757633729414507
"The institutional capacity risk, however, is rated Substantial given the scale of the proposed Project (six times the size of the successful Sierra Irrigation Project), the geographic scope (the intervention area spans all three of Peru's zones), and the necessity to coordinate with numerous agencies at a national and local level.",0.7872565876353871
 1 The World Bank Irrigation for Climate Resilient Agriculture(P179037) VII.,0.8643937544389204
RESULTS FRAMEWORK AND MONITORING @#&OPS~Doctype~OPS^dynamics@padannexresultframework#doctemplate PDO Indicators by PDO Outcomes Baseline Closing Period Sustainability and efficacy of water services for irrigation Water User Organizations that increase operational efficiency in their hydraulic blocks by 10%.,0.937853379683061
(Percentage) Jan/2023 Dec/2029 0.00 90.00 Regional Governments with at least 500 hectares of ‘technified’ irrigation projects included in their respective multi -annual investment portfolios.,0.8946013017134233
(Number) Jan/2023 Dec/2029 8.00 16.00 Average increase of the tariff collection rate of Farmer Groups participating in the Project to generate resources for an adequate operation and maintenance of their respective irrigation systems.,0.891198765147816
(Percentage) Jan/2023 Dec/2029 0.00 20.00 Beneficiaries report an increase in satisfaction with the improvements of irrigation services provided.,0.9016375108198686
(Percentage) Jan/2023 Dec/2029 0.00 80.00 Productivity of water on family farms in selected areas that are vulnerable to climate change.,0.8824608542702415
Increase in agricultural water productivity on family farms in areas vulnerable to climate change.,0.8923520174893466
(Percentage) Jan/2023 Dec/2029 0.00 50.00 Increase in efficiency of application of irrigation water on-farm in areas with improved/’technified’ irrigation.,1.0011464032259854
(Percentage) Jan/2023 Dec/2029 0.00 100.00 Intermediate Indicators by Components Baseline Period 1 Period 2 Closing Period Component A: Irrigation Investments for Climate Resilient Agriculture  2 The World Bank Irrigation for Climate Resilient Agriculture(P179037) 'Technified' irrigation projects implemented.,0.9504888707941229
(Number) Jan/2023 Jun/2026 Jun/2028 Dec/2029 0.00 30.00 70.00 130.00 Average increase in water use efficiency across subprojects.,0.8714464361017401
(Percentage) Jan/2023 Dec/2029 0.00 100.00 Farmers reached with agricultural assets or services (Number) CRI Jan/2023 Dec/2029 0.00 24117.00 ➢Farmers reached with agricultural assets or services - Female (Number) CRI 0.00 12058.00 Area provided with new/improved irrigation or drainage services (Hectare(Ha)) CRI Jan/2023 Dec/2029 0.00 8000.00 ➢Area provided with improved irrigation or drainage services (Hectare(Ha)) CRI Dec/2022 Dec/2029 0.00 8000.00 Producers trained and organized commercially apply the techniques promoted under the Project for the production and commercialization of crops (Percentage) Jan/2023 Dec/2029 0.00 80.00 Direct beneficiaries receiving improved water services for irrigation in climate-vulnerable areas.,0.9205612702803179
"(Number) Jan/2023 Dec/2029 0.00 22,569.00 Component B: Institutional Strengthening for Effective and Sustainable Irrigation Services Percent of Water Distribution Programs (PDA) that are implemented in the WUOs in which the 130 'Technified' Irrigation Projects arelocated.",0.9887164722789418
"(Percentage) Jan/2023 Dec/2029 0.00 100.00 Percent of the Water User Boards (Junta de Usuarios), with which the Farmer Groups interact in the territory, implement TA servicesreceived.",0.8803590427745472
"(Percentage) Jan/2023 Dec/2029 0.00 60.00 Percent of the Demonstration Plots that show favorable indicators for production, profitability and efficiency in the use and application of water.",0.9309768676757812
"(Percentage) Jan/2023 Dec/2029 0.00 90.00 Percent of the Water User Boards, with which FG interact, implement their Strategic Management Plan, incorporating new investment proposals.",0.8936311548406427
(Percentage)  3 The World Bank Irrigation for Climate Resilient Agriculture(P179037) Jan/2023 Dec/2029 0.00 90.00 Percent of the Regional 'Technified' Irrigation Plans have a portfolio of projects of 'technified' irrigation projects of at least 500 hectares each.,0.9482046474109996
(Percentage) Jan/2023 Dec/2029 0.00 80.00 Female participation in management positions in WUO decision making bodies (Percentage) Jan/2023 Dec/2029 0.00 100.00 Female farmers benefitting from TA and training (Percentage) Jan/2023 Dec/2029 0.00 35.00 Component C: Project Management and Interagency Coordination  4 The World Bank Irrigation for Climate Resilient Agriculture (P179037) Monitoring & Evaluation Plan: PDO Indicators by PDO Outcomes Sustainability and efficacy of water services for irrigation Number of Regional Governments that have a solid portfolio of efficient irrigation projects that contribute to closing the gap of agricultural land without efficient irrigation systems.,0.9633981531316583
"Measures the number of participating Regional Governments that have a solid portfolio (defined as an investment Description portfolio of ""technified"" irrigation projects included in their respective Multi-annual Investment Portfolios), of a total of at least 500 hectares per each Regional Government.",0.8025783192027699
Frequency Annually Data source GORE Methodology for Data Collection Responsibility for Data PSI Collection Water User Organizations that increase operational efficiency in their hydraulic blocks by 10%.,0.8626470565795898
(Percentage) Measures the percentage of FG and/or WUOs that increase their operational efficiency (defined by the relationship Description between the water volume distributed at the level of the users' properties or plots divided by the volume extracted or derived from a given water source) by 5-10% or more in their respective blocks.,0.7575845718383789
"To measure the efficacy of irrigation services, this indicator measures the increase in satisfaction with farmers to receive Description the appropriate volume of irrigation water at the appropriate opportunity as per the irrigation plan.",0.8072452545166016
Increase in agricultural water productivity (Percentage) Description Measured in kg crop yield per cubic meter water used.,0.9340591430664062
"Frequency Annually Data source PSI, FG data Methodology for Data Collection Responsibility for Data PSI Collection Increase in efficiency of application of irrigation water on-farm in areas with improved/’technified’ irrigation.",0.8716772252863104
"(Percentage) At the end of the Project, the agricultural area with ""technified"" irrigation more than doubles (increase of 100%) the Description efficiency of irrigation water application at the farmer plot level.",0.9593663649125532
Frequency Annually Data source FG/PSI data Methodology for Data  5 The World Bank Irrigation for Climate Resilient Agriculture (P179037) Collection Responsibility for Data PSI Collection Direct beneficiaries receiving improved water services for irrigation in climate-vulnerable areas.,0.8773377158425071
"(Number) Climate Indicator to count the number of beneficiaries who receive improved water services for irrigation in climate- vulnerable areas, as defined as areas vulnerable to drought and or frost.",0.8170337677001953
Frequency Data source Methodology for Data Collection Responsibility for Data Collection Monitoring & Evaluation Plan: Intermediate Results Indicators by Components Component A: Irrigation Investments for Climate Resilient Agriculture 'Technified' irrigation projects implemented.,0.9168323170055043
(Number) Description Measures implementation of 'technified irrigation' subprojects executed under the Project.,0.965682636607777
Frequency Data source Methodology for Data Collection Responsibility for Data Collection Average increase in water use efficiency across subprojects.,0.8464770750565962
"(Percentage) This indicator measures the average increase in water use efficiency at subproject level, including the off-farm infrastructure as well as on-farm efficiency gains.",0.9137236855246804
Water use efficiency is defined as volume of water applied on each plot Description in relation to the volume of water extracted from the intake source at subproject level.,0.8131921941583807
Frequency Data source Methodology for Data Collection Responsibility for Data Collection Farmers reached with agricultural assets or services (Number) CRI This indicator measures the number of farmers who were provided with agricultural assets or services as a result of World Bank project support.,0.9373478455977007
"Services include research, extension, training, Description education, ICTs, inputs (e.g., fertilizers, pesticides, labor), production-related services (e.g., soil testing, animal health/veterinary services), phyto-sanitary and food safety services, agricultural marketing support services (e.g., price monitoring, export promotion), access to farm and post-harvest machinery and storage facilities, employment, irrigation and drainage, and finance.",0.8775877519087358
"Frequency Data source Methodology for Data  6 The World Bank Irrigation for Climate Resilient Agriculture (P179037) Collection Responsibility for Data Collection Farmers reached with agricultural assets or services - Female (Number) CRI Description Frequency Data source Methodology for Data Collection Responsibility for Data Collection Area provided with new/improved irrigation or drainage services (Hectare(Ha)) CRI This indicator measures the total area of land provided with irrigation and drainage services under the project, including Description in (i) the area provided with new irrigation and drainage services, and (ii) the area provided with improved irrigation and drainage services, expressed in hectare (ha).",0.9325814680619673
Frequency Bi-annually Data source Methodology for Data Collection Responsibility for Data Collection Area provided with improved irrigation or drainage services (Hectare(Ha)) CRI Measures in hectares the total area of land provided with new or improved irrigation or drainage services in operations Description supported by the World Bank.,0.9421272277832031
Frequency Annually Data source Methodology for Data Collection Responsibility for Data Collection Producers trained and organized commercially apply the techniques promoted under the Project for the production and commercialization of crops (Percentage) Description Measures the uptake of TA activities promoted under Project among beneficiaries.,0.9612922668457031
"Frequency Baseline, MTR, Closing Data source Methodology for Data Collection Responsibility for Data Collection Component B: Institutional Strengthening for Effective and Sustainable Irrigation Services in response to Climate Change –Exacerbated Vulnerabilities Average increase of the tariff collection rate of Farmer Groups participating in the Project to generate resources for an adequate operation and maintenance of their respective irrigation systems.",0.9157534512606534
(Percentage) Description Measures the financial and managerial effectiveness of Farmer Groups.,0.881561279296875
Frequency Annually Data source FG Methodology for Data Collection Responsibility for Data PSI Collection Percent of Water Distribution Programs (PDA) that are implemented in the WUOs in which the 130 'Technified' Irrigation Projects arelocated.,0.878263386813077
 7 The World Bank Irrigation for Climate Resilient Agriculture (P179037) (Percentage) Description Measures the level of collaboration between FG and WUOs and the results of the TA provided.,0.8700197393243964
"Frequency Bi-annually Data source FG, WUOs, ANA, ALA Methodology for Data Collection Responsibility for Data PSI, ANA Collection Percent of the Water User Boards (Junta de Usuarios), with which the Farmer Groups interact in the territory, implement TA servicesreceived.",0.8788139169866388
"(Percentage) Measures success of collaboration between the Project, FG and corresponding Water User Boards (Junta de Usuarios / Description JU) with regard to the implementation of TA support provided by the Project.",0.866378437389027
"Frequency Annually Data source WUO, ANA, FG Methodology for Data Collection Responsibility for Data PSI, ANA Collection Percent of the Demonstration Plots that show favorable indicators for production, profitability and efficiency in the use and application of water.",0.8920142433860085
"(Percentage) Measures the progress achieved in Demonstration Plots with regards to production, profitability and efficiency of water Description applied and crop yield.",0.8925457867709073
"Frequency Annually Data source FG Methodology for Data Collection Responsibility for Data PSI Collection Percent of the Water User Boards, with which FG interact, implement their Strategic Management Plan, incorporating new investment proposals.",0.9299278259277344
"(Percentage) Percent of the Water User Boards with which the 130 Farmer Groups interact in their respective subproject areas, Description implement their Strategic Management Plan, generating investment proposals from FGs to be incorporated into investment portfolios of Regional and Local Governments.",0.9145524285056374
"Frequency Annually Data source WUO, FG Methodology for Data Collection Responsibility for Data PSI, ANA Collection Percent of the Regional 'Technified' Irrigation Plans have a portfolio of projects of 'technified' irrigation projects of at least 500 hectares each.",0.965068210255016
"(Percentage) ""Solid Portfolio"" is defined as at least 500ha of 'technified' irrigation projects.",0.9149186394431374
Including these projects in Regional Description 'Technified' Irrigation Plan is a prerequisite to later incorporate these projects in regional multi-annual investment portfolios.,0.9158004413951527
Methodology for Data Collection Responsibility for Data PSI Collection Component C: Project Management and Interagency Coordination  9 The World Bank Irrigation for Climate Resilient Agriculture (P179037) ANNEX 1: Implementation Arrangements and Support Plan COUNTRY: Republic of Peru Irrigation for Climate Resilient Agriculture Project Institutional and Implementation Arrangements 1.,0.8700021396983754
"The Implementation Arrangements and Support Plan is based on the Project’s scope and risk profile, as well as on the lessons learned from the implementation of the previous World Bank Sierra Irrigation Subsector Project.",0.8663877140391957
"The recipient of the IBRD loan will be the Republic of Peru, through the MEF, which will transfer the loan proceeds to MIDAGRI and PSI.",0.8598508834838867
It will be chaired by the Minister of MIDAGRI or his/her designated representative and is comprised of members appointed by the Ministerial Resolution and acceptable to the World Bank.,0.8768119812011719
"The PSI has extensive experience in managing externally financed operations, and the proposed SC model reflects a similar arrangement to the one in place for the Integrated Water Resources Management in 10 Basins Project (P151851) and other World Bank financed projects in Peru.",0.8845546028830789
"The PSI will be responsible for the overall implementation of the Project and will serve the following key functions: (i) ensuring proper and timely implementation of Project activities; (ii) monitoring and supporting proper implementation of the Project’s ESF; (iii) prepare relevant technical and procurement-related documents in a quality manner; (iv) ensuring that procurement is carried out in the most expeditious manner, with technical input provided by relevant departments and/or expertise in the relevant area being financed, following World Bank rules; (v) monitoring contracts under the Project; (vi) presenting Project progress and financial reports on a timely basis as required by the World Bank; (vii) disseminating results in such a manner as to strengthen stakeholders’ feedback; and (viii) hosting and facilitating World Bank support missions and working to optimize the operation’s results and impact.",0.8495016964999113
"Two units – Unidad Gerencial de Riego Técnificado (UGERT), and Unidad Gerencial de Capacitación y Asistencia Técnica (UGCAT) will be responsible for Project implementation as outlined in the chart in Figure A 6 below.",0.8813608342950995
 0 The World Bank Irrigation for Climate Resilient Agriculture (P179037) Figure A 1: PIU Organigram of PSI.,0.8618212613192472
"As part of MIDAGRI, the PSI is the governing entity of the irrigation sub-sector at the national level, encouraging and promoting the efficient and sustainable use of water for irrigation in agriculture.",0.8896137584339489
It currently works nationwide through its seven regional offices and seven local units on the implementation of irrigation projects.,0.876430944962935
"The PSI is headquartered in Lima and has departments focused on (i) administration and financing, (ii) infrastructure, (iii) irrigation management, and (iv) planning, budgeting, and M&E.",0.881997368552468
"The PSI has a long experience of successfully implementing investment projects with development institutions.87 The PSI also has extensive experience implementing projects supported by Peru's national investment program (InviertePE), the Inter-American Development Bank (IADB), the Agency for Japan International Cooperation (JICA), and the Global Environmental Facility (GEF).",0.8314306085759943
 1 The World Bank Irrigation for Climate Resilient Agriculture (P179037) Figure A 2: PSI Implementation Process (as Regulated by its NTIP Regulation).,0.8700606606223367
NUMBER OF DEPARTMENT AREA (HA) PROJECTS REGION AMAZONAS 170.51 2 Selva ANCASH 279.27 5 Costa/Sierra APURIMAC 271.91 3 Sierra AREQUIPA 647.3 10 Costa/Sierra AYACUCHO 744.27 10 Sierra CAJAMARCA 714.32 11 Sierra/Selva CUSCO 781.2 14 Sierra HUANCAVELICA 636.69 9 Sierra HUÁNUCO 217.26 4 Sierra ICA 329.96 7 Costa/Sierra JUNÍN 555.34 8 Sierra/Selva LA LIBERTAD 494.55 7 Costa/Sierra LAMBAYEQUE 131.27 3 Costa/Sierra LIMA 666.83 12 Costa/Sierra MOQUEGUA 346.15 7 Sierra PIURA 523.55 10 Costa/Sierra PUNO 335.16 4 Sierra SAN MARTIN 100.19 2 Selva TACNA 68.65 2 Sierra TOTAL 8014.38 130  2 The World Bank Irrigation for Climate Resilient Agriculture (P179037) Figure A 3: Simplified implementation Schedule for Components A and B of the project.,0.16195278817957098
"The Bank team carried out an assessment of the PSI's current capacity (including technical, environmental, social, financial management (FM), and procurement) to implement the Project and rated it as Moderate.",0.8623081554066051
"The Project will also support the involvement of the Local Water Authorities (ALA) to strengthen the continuous monitoring of Project interventions, water consumption, related system parameters, and enforcement of effective regulatory instruments to manage water use.",0.8719688762318004
"In addition, the Project will require coordination with MIDAGRI's ongoing rural programs (AGROIDEAS, AGRORURAL, and Sierra-Selva Exportadora) and the INIA.88 Governance and institutional related activities under Component B will require strong collaboration between several of MIDAGRI's offices and the ANA.",0.8571230281483043
"Given the need for strong coordination among various agencies, the PSI, with the support of MIDAGRI and MEF, will create a Project Steering Committee to provide high-level guidance, oversight, and control of the Project as well as inter-institutional agreements with key agencies (i.e., ANA, AGRORURAL, and AGROIDEAS).",0.8626570268110796
Component C (US$12.6 million) will strengthen the Borrower´s capacity to carry-out Project activities.,0.8447385267777876
"To this end, it will finance the provision of technical assistance, consulting and non-consulting services, training and goods to the four implementing agencies necessary for the effective implementation of the respective activities under their mandate.",0.8693127198652788
"This Component will likewise support training aimed at qualifying professionals directly or indirectly involved in World Bank procurement policies, in the development of TORs, budget and costs, contract management, supervision, Project monitoring & evaluation, disbursement, and controls, as well as implementation of the environmental and social standards.",0.8750962344082919
"The Implementation Support Plan is based on the Project’s risk profile, the lessons learned of previous operations 88Partnerships with MIDAGRI’s rural programs are envisioned to support improvements to the supply chain of strategic crops and to apply research results and extension services to farmers benefiting from on-farm irrigation improvements.",0.9310093793002042
These partnerships are especially important to ensure that increases in productivity due to irrigation improvements are accompanied by integration into agricultural supply chains and connection to national and international markets.,0.917894103310325
" 3 The World Bank Irrigation for Climate Resilient Agriculture (P179037) with MIDAGRI and the PSI, and water sector projects of similar scope.",0.8691594383933328
Biannual World Bank implementation support missions will be complemented by continuous dialogue on Project progress and challenges.,0.8589569438587535
"This interaction will cover technical and nontechnical aspects of implementation, including FM, procurement, and ESF.",0.8713669343428179
"The World Bank will continue to provide fiduciary, ESF and other Project-related training as needed.",0.8646558414806019
"At the halfway point of Project implementation, a midterm review will be undertaken with a view to making any changes to the design and implementation arrangements, including any changes to the Loan Agreement that would require a restructuring.",0.6880786202170632
It is understood that any changes to the Project that require amendments to the Loan Agreement will require a formal request from the Government’s signatory.,0.8654616962779652
Table A 2 and Table A 3 estimate the level of inputs and staffing that will be needed from the World Bank to provide implementation support to the proposed Project.,0.8674457723444159
"Table A 2: Resource Requirements Focus Skills Needed Project management and Project implementation support Team Leaders coordination Compliance with E&S standards and management of E&S risks Environmental and Social Development Specialists Task Team Leaders, Technical Specialists (Irrigation, Water Technical, oversight of civil works, and quality review of Resources Management, Disaster Risk Management (Droughts), Terms of Reference, technical reports and bidding documents Gender, Climate Change), Externally hired consultants (as needed) Procurement review of bidding documents/implementation Procurement Specialist support FM supervision / implementation support FM Specialist Table A 3: Implementation Support Plan.",0.8890798742120917
"Number of Staff Number of Trips per Skills Needed Weeks per Year Year Task Team Leaders 20 2 Irrigation Specialist 6 2 Disaster Risk Management 6 1 Gender Specialist 1 0 Climate Change Specialist 1 0 FM Specialist 3 2 Procurement Specialist 3 2 Environmental Specialist 3 3 Social Specialist 6 3 Operations support 3 2 STC Consultants (support to project management; oversight of civil works; technical expertise on DRM, drought risk reduction, 6 0 reforestation; support to procurement and contract management)  4 The World Bank Irrigation for Climate Resilient Agriculture (P179037) Financial Management 15.",0.9076304869218306
"A Financial Management (FM) Assessment was performed in accordance with the FM Manual for World Bank Investment Project Financing, Bank Policy “Investment Project Financing”, and Bank Directive “Investment Project Financing”, to evaluate the adequacy of the Sub-sectoral Irrigation Program (Programa Subsectorial de Irrigaciones - PSI) FM arrangements for the implementation of the Irrigation for Climate Resilient Agriculture Project.",0.9197214299982245
The PSI has been successfully implementing investment projects with development institutions for many years.,0.8620655753395774
These engagements include the recently closed World Bank Sierra Project (P104760).,0.8502198999578302
"The PSI also has experience implementing projects supported by Peru's national investment program (InviertePE), the Inter-American Development Bank (IADB), the Agency for Japan International Cooperation (JICA), and the Global Environmental Facility (GEF).",0.8827740062366832
"This is due to PSI’s previous satisfactory experience managing World Bank financed operations, and the existence of overall acceptable FM arrangements, which will be strengthened in terms of staffing, the information system, and the future preparation of the Project Operational Manual (OM).",0.8725575533780184
"It is important to mention that Peru´s central government has sound PFM systems, and the PSI will benefit from the use of such country systems in the areas of flow of funds, auditing, and the use of the financial information system SIAF for budgeting, and accounting.",0.8781492059881036
"(i) Potential delays in budget allocation, at the beginning of Project implementation (this is a usual issue for projects in Peru) and low budgetary execution, as evidenced by the low execution experienced by the central government budget which is a systemic matter in the Perú’s portfolio financed by the Bank.",0.8663226040926847
"As part of the mitigation measures, PSI will explore options to process a budget reallocation within its institutional budget to support the beginning of the Project.",0.8729685003107245
"To manage this risk, the Bank will approve the terms of reference.",0.8758933327414773
"The lack of a tool that can support the preparation of reliable project financial reports and monitoring of implementation at subproject level, for which the mitigating measure is the implementation of a new system to be included as a dated covenant.",0.9442897276444868
The FM Action Plan is provided in the table below: Table A 4: Financial Management Action Plan.,0.8313478990034624
"(Dated Administrator) Covenant) Recruitment of the Treasury Specialist, and an Accounting 6 months after the declaration PSI Specialist of effectiveness PSI shall implement a financial information system in a manner 6 months after the declaration satisfactory to the Bank, including, inter alia, the required of effectiveness.",0.8741097883744673
(Dated PSI functionality to allow preparation of financial reports and Covenant) control and monitoring of Subprojects.,0.8779844804243608
 5 The World Bank Irrigation for Climate Resilient Agriculture (P179037) 20.,0.8553458994085138
"Based on the assessment performed, the FM arrangements proposed in Table A 4 are considered acceptable subject to the successful implementation of agreed mitigating measures, aimed at enhancing PSI’s capacity for project implementation.",0.8583472858775746
"Such procedures will be complemented by specific processes and procedures established in the POM, such as the preparation of an annual operating plan, including all sources of financing (IBRD and counterpart funds).",0.861840854991566
"PSI will be responsible for: (a) budget formulation and timely requesting of resources for each year in accordance with the annual operating plan; (b) ensuring the allocation of disbursement requests to the appropriate designated account for the execution of the activities agreed under the Project; (c) proper recording of the approved budget in the new information system, following a classification by Project component/subcomponent; and (d) timely recording of commitments, and payments, to allow adequate budget monitoring and the provision of accurate information on Project commitments for programming purposes.",0.46037409522316675
"While budgetary arrangements are acceptable, at the beginning of Project implementation there may be delays in budget allocation, as this is a usual issue for projects in Peru that results from the application of the country budget regulations.",0.7455771186135032
"Accounting – Information System: PSI will have to comply with Peruvian budget and public financial management laws, including the use of government SIAF and its general chart of accounts.",0.8660487261685458
"Considering the nature of Project activities and information needs, PSI will use a tailormade financial information system (SISGA), funded under the Project, which is pending to be purchased and implemented.",0.8779180700128729
SISGA will have interface with SIAF to issue the financial reports and the preparation of statements of expenditures in US Dollars according to the Project components/categories.,0.8830191872336648
"Even though, this system includes the basic standard modules, including budget, accounting, treasury, fixed assets, inventories, guarantee letters, and it is basically prepared to allow preparation of financial reports and, PSI will require to the provider the enhancement of system functionalities, and to adjust and complement those modules to respond to PSI’s and the Project specific needs.",0.8233551545576616
"Those adjustments include: i) a subproject module ii) a financial reporting module from which IFRs can be issued, in the formats and content agreed with the Bank; and iii) a module for preparation of Statement of Expenditures (SOEs) that allow the proper recording of the payments/disbursements made in accordance with the flow of funds arrangements defined for the Project.",0.7745126377452504
It has been agreed that the system to manage Project funds will be fully implemented and become operational six months after Project effectiveness.,0.8607040752064098
Such commitments will be reflected as a dated covenant under the legal agreement.,0.8705046393654563
"The OM will reflect processes, procedures, and internal control mechanisms for the new Project, chart of accounts according to the functional classification of the Project, preparation of the IFRs, terms of reference of the additional financial management staff, the flow charts that describe the procedures, roles and responsibilities, and specific internal controls to be followed for the implementation of the Project.",0.856996709650213
"Therefore, this chapter, as with the entire POM, must be satisfactory to the Bank as an effectiveness condition.",0.8646930347789418
"Financial Reports: Interim Financial Reports (IFR) should specify sources and uses of funds, reconciling items (as needed) and cash balances, with expenditures classified by category and component, and a statement of investments reporting the current semester and the accumulated operations against ongoing plans with footnotes explaining the important variances.",0.8643018549138849
"The scope of the audit would be defined by PSI, and the Bank, based on Project specific requirements and responding, as appropriate, to identified risks.",0.8591643246737394
Flow of funds and Disbursement Arrangements: Bank loan proceeds will follow the Bank’s disbursement policies and procedures as described in the Disbursement and Financial Information Letter.,0.7878324335271661
"The Bank and the Borrower have agreed to use the Single Treasury Account as a disbursement mechanism for the Project and, hence, advances to the designated account will be made to the STA.",0.8860820423473011
The STA for the use of loan resources is in place in Peru according to the Legislative Decree No 1441.,0.8651482842185281
Funds of the loan will be identified with a segregated code or sub-account of the STA.,0.797599272294478
The POM will include specific procedures to follow for PSI to manage the STA.,0.8766662424260919
The Project’s flow of funds is presented in the following chart:  7 The World Bank Irrigation for Climate Resilient Agriculture (P179037) Figure A 4: Diagram of Flow of Funds.,0.8795721747658469
The specific protocols and applicable internal control arrangements for the payment processes and procedures will be reflected in the POM.,0.8742512789639559
"Amount of the Percentage of Expenditures to be Financed Category Loan Allocated (Inclusive of taxes) (expressed in USD) (1) Goods, works, non-consulting services, consulting services, Operating Costs, and 100,000,000 100 external audits for the Project TOTAL AMOUNT 100,000,000 31.",0.936705849387429
Supervision Plan: The WB plans to perform at least two supervision missions per year to the extent possible while also reviewing the annual audit reports and the IFRs.,0.8766208995472301
An administrative specialist will perform financial monitoring of the investment programed for activity 2 (Technical assistance to the RGs for the institutionalization and promotion of investments in irrigation) as well as prepare monthly reports and financial reports on the implementation of this intervention.,0.9471980008212003
The following table presents the annual financial schedule of the Project.,0.8735769445245917
 8 The World Bank Irrigation for Climate Resilient Agriculture (P179037) Table A 6: Annual Financial Schedule of the Project Financial Schedule Description Total cost Year 1 Year 2 Year 3 Year 4 Year 5 I.,0.9326271577314897
"Portfolio of 130 projects 106,732,269.15 12,524,223 24,347,227 34,182,243 31,532,421 4,146,155 1.1 Studies and works 90,187,515 12,025,632 21,860,602 29,586,719 26,714,562 - 1.2 Technical assistance 16,544,754 498,591 2,486,626 4,595,524 4,817,859 4,146,155 II.",0.8693497397682883
"Program management 12,593,685 2,242,714 2,864,773 3,989,363 1,957,777 1,539,060 Total 126,050,036 15,581,948 28,579,372 39,937,453 35,296,274 6,654,989 Procurement 33.",0.8749656677246094
The World Bank’s Standard Procurement Documents will govern the procurement of World Bank- financed Open International Competitive Procurement.,0.7797058278864081
"For procurement involving National Open Competitive Procurement, and other methods, the documents will be agreed on with the World Bank.",0.8565398996526544
The PPSD focuses on the most important contracts related to the execution of the subprojects to be financed under Component A of the Project.,0.868353236805309
"During the first year, the bidding processes for a total of 24 subprojects are expected to be launched (Phase I).",0.4168829050931064
"Of the 24 subprojects, 18 have detailed technical designs and are expected to be tendered at the beginning of the first year of implementation of the Project.",0.8736487301913175
"Based on that, the 18 subprojects will be tendered in a total of 10 bidding processes, according to geographical distribution.",0.856655554337935
"For the other 6 subprojects to be tendered during the first year, a design building approach will be applied.",0.8078171123157848
"These subprojects will be launched from the second year of Project implementation, applying similar criteria for the grouping of subprojects and the level of the development of the technical designs.",0.8498233448375355
"Regarding the consultant services related to the elaboration of technical designs and supervision of works, they are expected be carried out through consulting firms, and the procurement processes will be grouped with a similar approach to the works (i.e., geographical distribution).",0.312461029399525
"In accordance with Paragraph 5.9 of the Procurement Regulations, the World Bank’s Systematic Tracking and Exchanges in Procurement system will be used to prepare, clear, and u pdate procurement plans and conduct all procurement transactions for the Project.",0.8584980531172319
"Civil works: Component A will finance civil works under Component A for: (i) the construction and improvement of off-farm irrigation systems under Subcomponent A.1., which include: construction of new and improvement of existing  9 The World Bank Irrigation for Climate Resilient Agriculture (P179037) water intake structures and loading chambers or small reservoirs, grit removal works, and construction of water main and distribution networks from the intake structure up to the farm gates; and (ii) construction of efficient on-farm irrigation systems under Subcomponent A.2., which involve the construction and provision of resource water-efficient field application systems (e.g.",0.8938858725807883
"drip irrigation, sprinklers, micro sprinklers).",0.8587989807128906
"Consulting services to be financed under the Project include the development of feasibility studies and detailed designs, the elaboration of environmental of and social instruments (Component A), as well as technical assistance and capacity building activities under Subcomponent A.3 and Component B, and consulting services related to the Project Management (Component C of the Project).",0.8660734350031073
"Goods and non-consulting services: Under Component A, the Project will finance the equipment for improved control and regulation of water flow (such as motors, pumps, valves), and flow rate measuring devices for improved monitoring.",0.9043391834605824
"Frequency of Procurement Supervision: In addition to prior review supervision to be carried out by the World Bank office, annual supervision missions will be carried out to visit the field and conduct post review of procurement actions.",0.8617976795543324
 0 The World Bank Irrigation for Climate Resilient Agriculture (P179037) ANNEX 2: Supplementary Project Details Irrigated Agriculture in Peru 1.,0.8651768077503551
"Irrigation is a key driver for economic growth as it improves agricultural production,89 thereby supporting rural employment and development, strengthening food security, and increasing resilience to climate change.",0.8268564397638495
"Even though irrigated land represents only 36 percent (2.6 million hectares)90 of all agricultural land, approximately two-thirds of the country's agricultural output91 is produced on irrigated land.92 2.",0.7169582627036355
"Adequate irrigation is critical for enabling farmers to cope with the climate-exacerbated occurrences of floods and droughts, to increase crop yields, and to grow higher value crops, both in terms of nutritional value and financial returns from their sale.",0.8994168368252841
"Irrigation also encourages farmers to harvest higher-value crops, which are generally more sensitive to water stress.",0.8859726298939098
"Approximately 70 percent of cultivated land in the Costa is irrigated, allowing Peru to produce high-value crops that are exported to international markets.",0.8517837524414062
Most of the agricultural land in Peru’s Costa (along the Pacific Coast) is irrigated to sustain commercial agriculture.,0.4956026944247159
"Approximately two-thirds of the agricultural GDP is produced on Costa farmland.93 However, it is completely dependent on irrigation due to low levels of annual rainfall as agriculture would be much less productive without irrigation.",0.6103161465037953
"Overall, the availability of irrigation technology and cultivation high-value crops have had a major impact on Costa’s rural development, as the region has registered the strongest growth in agricultural productivity.",0.9406588294289329
"Crops tend to achieve substantially higher yields in the Costa (than in the Sierra or Selva) due to improved access to irrigation, more widespread mechanization, greater crop diversification (including towards more high-value crops), larger farm sizes, and proximity to consumers and export markets.",0.9409964301369407
"In the mountains of the Sierra as well as the high-altitude zones of the Selva (Ceja de Selva), irrigation, when 89 The Bank’s Sierra Irrigation Subsector Project reported yield increases of 30 to 70 percent and net household income per hect are increases of 25 to 500 percent because of improvements in water availability and irrigation.",0.8949142802845348
"91 Agricultural output is defined as the total value of crops produced in economic terms, although it has also been used to denote to (physical) crop yields.",0.8844895796342329
" 1 The World Bank Irrigation for Climate Resilient Agriculture (P179037) used, complements rainfall during the dry months.",0.8683041659268466
"In these water-stressed areas, only 11 percent of irrigated lands have efficient irrigation systems, most of which are primarily owned and managed by medium- to large-sized farms.",0.8524664098566229
"Low-income, smallholder farmers have been unable to convert to more efficient, modern irrigation systems due to high capital costs that prevent these types of investments.",0.810278285633434
Inequitable distribution of land ownership also impacts agricultural productivity.,0.1696153228933161
At the heart of the Project is the implementation of 130 investment subprojects .,0.8846047141335227
These are expected to transform the current off-farm surface irrigation schemes used by small-scale family farmers into ‘technified’100 irrigation conveyance and distribution systems and installation of improved on-farm irrigation water application systems (Component A).,0.9831830804998224
The Project will also provide the necessary support to selected 130 FGs with the installation of the improved ‘technified’ irrigation systems (both off- and on-farm).,0.9381865588101473
Each of the 130 subprojects was identified and formulated through a participatory process in which the farmers were supported by the PSI with their proposed concept of a hydraulic blocks for the enhancement of efficiency and sustainability through technification.,0.9213725003329191
"Each of the 130 sub-projects’ irrigation schemes are organized into several hydraulic blocks, each consisting of approximately 60 hectares of land on average and serving around 60 farmers.",0.8862242265181108
"WUOs in Project areas – as water management-related entities – together with FGs, are included in planning and coordination to ensure that available water is distributed sustainably and effectively.",0.872149033979936
"The farmers and water users in each hydraulic block are organized into newly created FGs (GGRTs) that help ensure, with the support of WUOs, that the water needs of each farmer are met and that the block remains in good condition.",0.8659633289683949
"The selection of the 130 hydraulic blocks where the subprojects followed a selection methodology that includes poverty levels, vulnerability to climate-exacerbating conditions, such as exposure to droughts or frost or beneficiaries’ plot size.",0.834388559514826
"Each of the 130 subprojects has further met the eligibility criteria set forth in the NTIP’s guidelines, which includes ensuring land ownership certification, water rights licenses, access to markets, and a commitment to cost sharing.",0.9048780094493519
"Considering that the crop categories vary among Peru’s regions, the type of ‘technified’ irrigation syst em to be implemented in each of the 130 projects was determined based on the crop category and its profitability.",0.93011812730269
97 Producers who own large tracts of land are located mainly on the coast and have modern intensive systems with pressurized irrigation.,0.8732188831676136
"100 ‘Technification’ entails conversion of open surface canals of the off -farm conveyance and distribution systems to (mostly) gravity-fed pressurized piped systems to prevent losses of water through seepage and evaporation, while removing the need for the use of energy through pumps (in areas where the altitude allows for gravity-fed systems).",0.8887809406627308
 2 The World Bank Irrigation for Climate Resilient Agriculture (P179037) 12.,0.8620546514337714
"‘Technification’ includes provision of precision on-farm irrigation systems, such as sprinklers (including micro- sprinklers) and drip irrigation.",0.9064165462147106
"Along the Costa, the Project will install on-farm drip irrigation (given its high-level of water efficiency performance of more than 90 percent), while in the Sierra and Selva, in addition to drip systems, the Project will also promote sprinkler and micro sprinkler systems.101 Sprinkler systems are easier to operate and more economic than drip irrigation yet still increases water efficiency performance by 80 percent.",0.859264460476962
"In the highland areas, the installation of sprinkler systems, are also expected to help with the climatic hazards – frost (heladas) and extremes heat.",0.8737519004128196
"The diagram below depicts a sub-project (hydraulic unit) managed by Water User Boards (JUs) overall as well as commissions, committees, and farmer groups.",0.5801248550415039
"Figure A 5: – Diagram of a Sub-Project (Hydraulic Unit) 101 Drip irrigation is a type of localized irrigation where water is led to the field through a pipe system, with drops of water delivered to plants at or near the root.",0.875725572759455
"With sprinkler irrigation, water is led to a field through a pipe system, in which the water is under pressure, and artificial rainfall is created.",0.8751476461237128
The spraying is accomplished by using mechanized or non-mechanized sprinklers.,0.3964317495172674
 3 The World Bank Irrigation for Climate Resilient Agriculture (P179037) Sample of 8 Subprojects Used for Overall Project Analysis 13.,0.8583506670865145
"To conduct the calculations for GHG emissions, soil degradation, and the economic and financial assessments, the PSI team selected a sample of 8 sub- projects from different regions to be analyzed as a representative sample of all 130 sub-projects.",0.8605289459228516
"While these 8 sub-projects account for 5 percent (321.37 ha) of the total Project area, the geographic distribution of these 8 sub-projects provides adequate representation across the regions (from north to south) included in the total Project area (8,014.38 ha).",0.8589768843217329
"Sub-Projects Average Altitude Main Soil Cultivated Number of # [representing Farmer Terrain Climate Irrigation System Crops (evaluated) (MASL) Type Area (ha) Beneficiaries Groups (GGRT)] Potatoes and Forage Oats (50% 1 Aprocondor Sierra Warm temperate dry 3,574 Lo Sprinkler 84.00 49 each) Rye Grass, Clover, and Purple 2 Atunmayo Sierra/Selva Warm temperate dry 2,925 Lo Sprinkler 78.03 167 Corn (33% each) Qoto Pucyo 3 Sierra Cool temperate dry 2,846 Lo Drip irrigation Avocado (100%) 38.52 46 Piscacucho Peas, Corn, and Potatoes (33% 4 Hyillaparac San Rafael Sierra Warm temperate dry 3,352 Lo Sprinkler 37.26 43 each) 5 Lateral 7 Costa/Sierra Tropical dry 202.89 SaClLo Drip irrigation Grapes (100%) 52.84 18 6 La Merced de Chaute Sierra/Costa Cool temperate dry 2,400 Lo Drip Irrigation Grapes (100%) 40.20 63 Comunidad 7 Campesina de Sierra/Selva Warm temperate dry 3,511 Lo Sprinkler Rye Grass and Trebol (50% each) 50.00 50 Llocllapampa 8 Achahueco Sierra Cool temperate dry 3,051 SaClLo Micro-Sprinkler Oregano (100%) 34.14 66  4 The World Bank Irrigation for Climate Resilient Agriculture (P179037) ANNEX 3: Project Map Figure A 6: Map of Project locations  5 The World Bank Irrigation for Climate Resilient Agriculture (P179037) ANNEX 4: Economic and Financial Analysis 1.",0.974195046858354
A standard cost-benefit analysis (CBA) was performed to assess the financial and economic merit of the proposed Project and to quantify all incremental costs and benefits directly attributed to the Project.,0.915850119157271
The following table highlights the Project’s costs and benefits.,0.9523875496604226
"Due to the absence of information with reasonable reliability, there are a series of benefits the Project will promote that cannot be quantified.",0.10268279639157382
"Financial and economic benefits were quantified for important agricultural crops with the potential for the development of value chains: potato, purple maize, peas (vetch), rye grass, oats, clover, oregano.",0.9079727693037554
Quantifiable Project benefits are mainly linked to the additional income of producers who are impacted by the sub-projects (Component A).,0.9577373157848011
"Total costs Financial Benefits Economic Benefits Quantified Quantified ▪ Productivity increases per hectare (pea, peach, oat, ▪ Productivity increases per hectare (pea, rye grass, clover, oregano, and grape) Component A: peach, oat, rye grass, clover, oregano, ▪ Potential increment of cultivated area US$107.3 million and grape) ▪ Environmental benefits due to the implementation ▪ Potential increment of cultivated area of mitigation activities (fertilizers and pesticides use, Component B: associated with a decrease in equivalent carbon US$9.8 million emissions).",0.9274513938210227
"Non quantified Component C: Non quantified ▪ The multiplier effect over the value US$13.6 million ▪ The multiplier effect over the value chain of selected chain of selected crops (maize, coffee, crops (maize, coffee, cotton, sugarcane) due to cotton, sugarcane) due to forward and Total: US$130.7 forward and backward production linkages.",0.9303428476507013
"million ▪ The multiplier effect over other related sectors of ▪ The multiplier effect over other related the economy (transport, services) sectors of the economy (transport, ▪ Other environmental benefits, such as reduction of services) soil erosion Source: FAO elaboration, 2022.",0.9289262078025124
"To verify the financial viability of Project activities, a CBA was applied to eight sample sub-projects part of Component A [considered representative of all sub-projects to be implemented].",0.9290471510453657
The flow of annual incremental net benefits for the sample projects was calculated for a period of 20 years (considering a financial discount rate of 12 percent).,0.9265281503850763
"▪ Various types of advanced irrigation systems (drip, sprinkler, micro sprinkler).",0.8596643101085316
"These eight crops comprise the cropping systems that will be improved through the Project’s implementation, determining the financial profitability of each subproject.",0.9926802895285867
"For each crop, a productive on-farm model was developed based on the information provided by the PSI to represent the ‘with’ and ‘without project’ scenarios.",0.5011108571832831
 6 The World Bank Irrigation for Climate Resilient Agriculture (P179037) 5.,0.8624718405983665
"It is expected that the Project will improve both yields and, for some crops, the number of harvest cycles per year through investments in efficient irrigation systems, sustainable agronomic practices, and institutional strengthening for effective and sustainable irrigation services that will govern them.",0.9138193997469816
"Existing on-farm cultivation techniques are assumed to be replaced by the introduction of sustainable agricultural practices (known as climate-smart, conservation, or regenerative agriculture) in Project areas.",0.857508659362793
"Additionally, a water fee per hectare per year is considered in the models for the O&M of irrigation systems.",0.8803254907781427
The table below presents yields and output-price assumptions for the financial analysis.,0.907311352816495
"The net present value (NPV) under the ‘without project’ scenario considered the current yields of each crop, the number of cultivated hectares, the sales prices, and the percentage of produce that is sold in the Project's intervention areas.",0.9288928292014382
"In the ‘with project’ scenario, the analysis considered the increase in irrigation efficiency and the impact of applying good agricultural practices when projecting yields.",0.8945591666481711
It is assumed that the investment will enhance the efficient use of natural resources and reduce the use of external inputs.,0.8450742201371626
"It is assumed that the level of chemical inputs’ use (fertilizers, herbicides, and pesticides) will decrease by 5 percent.",0.8622959310358221
"Table A 9: Yields and output price assumptions Crop Without Project With Project Yield (t/ha) Harvest Yield Harvest Output cycles per (t/ha) cycles per price year year (USD/t) Potato 20 1 40 2 66 Purple Maize 7.5 1 10 2 105 Peas 6.5 1 9.5 2 189 Rye Grass 60 1 70 3 18 Oats 90 1 140 2 7 Clover 12 1 18 3 38 Oregano 2.5 1 3.5 2 558 Grape* 20 1 28 1 395 *Yields when at full production Source: FAO elaboration, based on data from PSI, 2022.",0.9412146481600675
The financial analysis modeled the financial benefits at the sub-project level considering the corresponding crop to each sub-project.,0.877899863503196
"The model calculates incremental net benefits over a period of 20 years, holding constant the input and output prices to capture the effect of the change in production.",0.9271004416725852
Incremental net benefits were modeled first at the level of the eight sub-projects.,0.9328435551036488
"Financial viability was positive for all eight subprojects, with financial internal rates of return (FIRR) between 12.7 percent and 25.2 percent.",0.892670371315696
"As shown in the table below, profitability indicators are the result of the product of the agricultural output price, yields (magnitude and number of cycles per year), and cultivated area, less input, labor, and management costs.",0.9252745021473278
Table A 10: Financial indicators at sub-project level Net income Net Present Subproject General Description Financal (US$/year) Value Internal Rate (US$/year) Sup-Project Composition Cultivated Without With of Return Incremental 12% Name of Production Area (ha) Project Project (FIRR) 20 years 50% potato 1.,0.9279829372059215
"Atunmayo 33% rye 78.03 26,845 166,084 139,239 17.5% 237,306  7 The World Bank Irrigation for Climate Resilient Agriculture (P179037) 33% clover 33% maize 3.",0.8621773286299272
"A cost-benefit analysis was performed to assess the economic viability of the production models proposed by the Project, considering economic prices (shadow prices) and economic value of carbon.",0.9166107177734375
Table A 11: Economic conversion factor Official Exchange rate (USD/S) 0.2631 Shadow Exchange rate (USD/S) 0.2841 Standard Conversion Factor 1.08 Shadow wage rate factor – unqualified labor 0.42 Output/Input conversion factor 0.85 Social price of Carbon (USD/tCO2eq 7.17 Source: InviertePE.,0.867693380876021
"This methodology calculates the flow of annual incremental net benefits over a 20-year period, considering an economic discount rate of 8 percent (which includes inflation and risks), compatible with the maturation time of principal investments.",0.8490172299471769
The total cost of the Project is estimated at US$126.0 million.,0.8648565465753729
"For a 20-year horizon, the incremental economic benefit for the entire Project is estimated to be US$60.6 million, with an economic internal rate of return of 17.2 percent (representing the net present value [NPV] of agricultural production).",0.8995847702026367
"The economic analysis shows positive profitability indicators, with economic internal rates of return (EIRR) between 13.2 percent to 21.6 percent.",0.7964870279485529
Table A 12: Economic Indicators Net income Net Present Agricultural Model (US$/year) Economic Value Internal Rate of (US$/year) Composition of Cultivated Without With Sup-Project Name Incremental Return (EIRR) 12% Production Area (ha.),0.9283492348410867
"Project Project 20 years 50% potato 1 Aprocondor 84 38,682 204,430 165,747 13.7% 419,071 50% oats 33% rye 2 Atunmayo 33% clover 78.03 30,622 152,858 122,236 14.5% 372,264 33% maize  8 The World Bank Irrigation for Climate Resilient Agriculture (P179037) 3 Qoto Pucyo 100% avocado 38.52 199,703 285,514 85,810 9.9% 99,059 Piscacucho 33% peas 4 Huillaparac San 33% maize 37.26 19,575 89,004 99,833 21.6% 435,833 Rafael 33% potato 50% grape* 5 Lateral 7 52.84 290,526 413,957 123,431 15.8% 441,066 50% avocado 6 La Merced de 100% grape* 40.20 437,473 620,401 182,927 16.7% 384,096 Chaute 50% rye 7 Llocllapampa 50 24,207 136,471 112,264 21.1% 480,064 50% clover 8 Achahueco 100% oregano 34.14 36,745 108,490 71,745 13.2% 169,872 11.",0.9081199819391425
"For the general economic analysis of the Project, economic flows were extrapolated.",0.016426636414094406
Benefits across the total Project area were extrapolated from the cropping composition and relative size of each of the eight subprojects.,0.690935568376021
The subprojects represent the relative distribution of cropping area for each of the production models within the total Project area.,0.8717978217385032
"Net incremental benefits were summed across each of the production models, and then multiplied by a scaling factor, defined as the share of the total Project area that these subprojects represent.",0.885877175764604
"The implementation of the selected subprojects would allow for the recovery of water equivalent to 23 percent of the area irrigated from these subprojects (1,880 hectares).",0.8781810240312056
The value the volume of water recovered in economic terms was included in the flow of incremental benefits and costs of this equivalent area.,0.9654192491011186
"The adoption of precision irrigation as well as sustainable agronomic practices promoted by the Project, will boost the productivity of the agriculture undertaken in the subprojects’ areas and is expected to free up water for other uses or to be returned to the environment (return flows to surface water bodies as well as groundwater recharge.",0.967137336730957
"For this purpose, an estimation of the current situation (‘without project’) in terms of water consumption and possible return flows, with the aim of estimating how much efficiency gains could be ‘internalized’ through intensification and potential expansion of irrigated areas (see the technical analysis below for further details).",0.9172886935147372
Incremental economic benefits from the reduction of emissions and carbon sequestration were accounted for a period of 20 years.,0.8754891482266512
"A constant shadow price of US$7.17/tCO2, following the requirement of the Government of Peru.",0.8460379513827238
"Over the Project duration of 20 years, the Project is expected to lead to a net carbon reduction of 111,258 tCO2-eq.",0.6121022484519265
"The Project is also expected to provide a reduction of 5,562 tCO2-eq per year (see Climate Change and Greenhouse Gas Accounting).",0.8777884570035067
"To quantify the resilience benefits, the economic assessment evaluated the productive losses (with- and without-project scenarios) from temperature changes and changes in water availability under water scarcity scenarios.",0.8633868477561257
"To ensure the long-term robustness of the economic behavior of the Project, a sensitivity analysis was performed to evaluate how the economic indicators of the overall Project changes with a variation of key variables: (i) reductions in yield; (ii) delays in benefit generation; (iii) cost overruns; (iii) changes in the shadow price of carbon.102 The table below shows that the Project’s overall NPV presents a positive economic return even when considering a delay in benefits’ generation of 3 years, significant cost overruns, or a 5 percent reduction of expected benefits.",0.9232905127785422
"102 Forthe Sensitivity Analysis it has been simulated the economic profitability indicators considering the shadow price of carbon proposed by the World Bank, 2017.",0.8696564761075106
"Guidance Note on shadow price of carbon in economic analysis: a range of US$40-80 per ton of CO2eq, with an annual incremental rate of 2.25 percent.",0.9276547865434126
This shadow price of carbon is consistent “with achieving the core objective of the Paris Agreement of keeping temperature rise below 2 degrees”.,0.8621827038851652
  9 The World Bank Irrigation for Climate Resilient Agriculture (P179037) Table A 13: Sensitivity Analysis.,0.8535985079678622
"Economic indicators Net Present Variable Variation Internal Rate Value (million of Return US$) -5% $49.60 15.56% Reduction in -10% $38.59 13.93% expected yield -15% $27.59 12.28% 1 year $44.3 13.9% Delays in benefit 2 years $29.3 11.6% generation 3 years $15.3 9.8% 10% $50.3 15.0% Cost overruns 20% $40.0 13.1% 30% $29.7 11.6% US$80 t/CO2eq, annual incremental rate of 2.25% $84.7 21.3% Shadow price of US$40 t/CO2eq, annual incremental rate of 2.25% $71.7 19.0% carbon US$0 t/CO2eq $58.6 16.8% 15.",0.9261022047563032
"In addition, a scenario analysis was performed under a pessimistic scenario to evaluate the economic performance of the Project: reduction of 10 percent of the expected yield in with project situation, cost overruns of 10 percent of the investments, a shadow price of carbon US$0/t CO2eq, and a delay in the implementation of the Project that would permit the generation of one-year benefits.",0.911924188787287
"Under these conditions, the Project continues to present positive economic- profitability indicators, with an incremental net-present value of US$12.4 million and an internal rate of return of 9.6 percent.",0.8804891759699042
"These results represent a robust performance in economic terms and, considering the productive and climatic impacts, create societal economic value.",0.8909473419189453
"Table A 14: Scenario Analysis Variable Pessimistic Scenario Neutral Scenario Optimistic Scenario Expected yields of Reduction of 10% of the Expected yields are achieved in Expected yields are increased in 10% crops expected yield with project scenario in with project scenario Delay in 1 year in benefit Benefit generation No delays in benefit generation No delays in benefit generation generation Investment costs 10% cost overruns No cost overruns No cost overruns Shadow price of US$ 7.17 tCO2eq US$ 80 tCO2eq US$ 0 tCO2eq carbon annual incremental rate of 0.0% annual incremental rate of 2.25% Economic Indicators Net Present Value US$14.2 million US$60.6 million US$106.7 (million US$) Internal Rate of 9.8% 17.2% 24.7% Return Source: FAO elaboration, 2022.",0.8915006464177911
The FG needs to charge a rate higher or equal to this cost to properly maintain and operate the system and reach financial viability.,0.8820266723632812
"The FGs and WUOs will benefit from the TA activities planned under the projects to improve the design of tariffs, the commercial and operational efficiency.",0.9487789327448065
"The financial sustainability of the irrigation systems to be financed under the Project will be attained only if the FGs charges their members a rate higher or equal to the cost of operating and maintain the systems, which for the sample of 8 subprojects results in S/571 per hectare per year in average.",0.9492402510209517
This charge  0 The World Bank Irrigation for Climate Resilient Agriculture (P179037) will be in addition to the tariff charged by the WUOs.,0.8869794498790394
"Therefore, each farmer will need to pay the rate charged by WUOs in addition to the charge set by the FG for improving the irrigation systems.",0.877707221291282
"However, the charges will differ among the FG according to the type of irrigation system and tariff charged by the respective WUO.",0.8857893510298296
"Both charges would be in average S/673 (US$ 177) per hectare per year, which seems achievable as the financial evaluation showed.",0.8496574055064808
Table A 15: Costs of operating and maintaining the irrigation systems.,0.872393174604936
"O&M/year O&M/ha/year Subproject Name # Farmers Area (ha) (PEN) PEN/ha/yr 1 Aprocondor 49 84 19,981 238 2 Atunmayo 167 78 14,826 190 3 Qoto Pucyo Piscacucho 46 39 26,180 680 4 Huillaparac San Rafael 43 37 44,000 1,181 5 Lateral 7 18 53 39,366 745 6 La Merced de Chaute 63 40 10,191 254 7 Llocllapampa 50 50 61,500 1,230 8 Achahueco 66 34 21,200 621 Total 502 415 237,243 572 17.",0.9552962563254617
"The financial performance of the WUOs is generally poor due, among other factors, to low tariffs and revenue collection rates.",0.8810873031616211
"According to a diagnostic of the WUOs financed by PSI103, 62.5 percent of the WUO has an operating cost recovery ratio lower than 50 percent, and 12.5 percent lower than 75 percent.",0.8664294156161222
"Only 12 percent of the WUOs disconnect the service in case of non-payment, the rest either send reports to local water authorities or negotiate alternatives for payment.",0.8689871701327238
"The average tariff charged by WUOs in 2017 was S/198 per user per year, equivalent to S/101 per hectare per year.",0.8657122525301847
"If this tariff remains constant, the total charge to be paid by the farmers must be at least S/673 per ha per year, which includes the operating cost of the irrigation system plus the charge made by WUOs to provide the water.",0.8835039138793945
"According to PSI analysis, the current efficiency of agricultural water use (measured by crop water use divided by water withdrawals) is only 35 percent.",0.5427061427723278
"The proposed investments, through the improvement of the off-farm infrastructure and the installation of efficient on-farm irrigation systems (such as multi gates, drip, micro sprinkler, or sprinkler irrigation), will enable farmers to use less water and other inputs to their crops, improving irrigation performance, boost agricultural productivity, and increase agricultural water efficiency from 35 to 80 percent.",0.928732611916282
"The adoption of precision irrigation, promoted by the Project, is expected to boost the agricultural productivity of the subprojects.",0.9522554224187677
"Still, there is a need to estimate how water use efficiency measures will free up water for other uses without affecting return flow to the environment as recharge or drainage.",0.8737873597578569
"For this purpose, an estimation of the current situation (without project) was carried out (in terms of water consumption and possible return flows), with the aim of estimating the efficiency gains that could be ‘internalized’ through agricultural intensification and potential expansion of irrigated areas without affecting return flow that might be used by other users downstream.",0.9451831470836293
"Based on the results, the amount of water saved from efficiency measures at a local scale depends on the context and characteristics of each subproject.",0.837384657426314
Increasing irrigation efficiency delivers the presumed expected benefits of increased 103PSI.,0.9305130351673473
Estudio Socio Económico de los miembros (productores agrarios y/o usuarios) de las OUAs y Criterios de Priorización de las JUs.,0.8772839632901278
Enero 2018  1 The World Bank Irrigation for Climate Resilient Agriculture (P179037) water availability overall.,0.8758195530284535
"But to properly account for the expected benefits from efficiency gains, and to avoid negative downstream consequences by reduced minimal return flow, interventions aimed at increasing irrigation efficiency must be accompanied by effective regulatory instruments, robust water accounting, and continuous monitoring of related system parameters, and enforcement of regulations to manage water use.",0.8974760228937323
"For this purpose, the Project will promote the involvement of the Local Water Authorities (ALA) to monitor and follow up on the different Project interventions.",0.8743327747691761
"To monitor the PDO level indicators, the Project will include, as part of the monitoring framework, different actions to measure water flows and volumes in specific locations and a temporary basis to calculate the following: ▪ the increase of operational efficiency of each irrigation system, and ▪ the increase in water productivity (US$/m3) measured as farm income per cubic meters of water consumed, or (kg/m3) measured as crop yield per cubic meters of water consumed.",0.9299240979281339
The proposed investments are expected to enhance resilience to extreme events and other climate change impacts and improve the performance of irrigation and drainage services with positive impacts on the adaptation and mitigation agenda.,0.8668862256136808
"Moreover, the activities focused on strengthening the management capacity of WUOs and Farmer’s Groups to improve the O&M of a water delivery system would also allow an increase in operational efficiency of irrigation canal systems managed by participating WUOs by 10 percent (operational efficiency measures a reduction in physical water losses in canal systems).",0.9931375330144708
"The Project's immediate benefits are linked to the increase in productivity associated with the extension of efficient irrigation systems over 8,014.38 hectares of agricultural land.",0.9498779990456321
"With access to efficient irrigation systems, farmers are expected to be able to grow higher-value crops, utilize water more efficiently, reduce labor costs, and better withstand droughts and erratic rain patterns.",0.8016014966097745
"In addition, by supporting the implementation of FGs' business plans, the Project will directly increase farmers' capacity to market and sell their products effectively.",0.9331078095869585
"In addition to the immediate or direct benefits related to the improvement in efficiencies, the Project will generate, among others, the two following additional benefits: (i) reduction in degraded soils: efficient on-farm irrigation systems will reduce soil erosion, particularly in the Sierra region with high slopes; and (ii) potential expansion or productive intensification based on improved water use efficiencies.",0.8778129924427379
These were considered for the GHG analysis and the economic and financial assessment.,0.8431656577370383
 2 The World Bank Irrigation for Climate Resilient Agriculture (P179037) ANNEX 5: Building Resilience through Combination of Irrigation and Agronomic Measures 1.,0.8710287267511542
The integrated approach of the Project coordinates (i) improving water services through technified irrigation and (ii) agricultural water productivity through enhanced management of available water and soil resources to counter water-related risks and increase the resilience of agricultural production systems.,0.9735309427434747
This approach is adopted to increase the resilience of agricultural production (particularly to the impacts of climate change) and improving livelihoods of beneficiaries impacted.,0.47125512903386896
Such an approach enables the combination of measures for improving the technological efficiency of irrigation water management with maximizing use of the natural resource on the receiving end of water supply – soil.,0.8814440640536222
"To that end, a portion of the TA to be provided to producers (through FGs) in the 130 sub-projects (sub-component A.3) includes (i) improving the efficiency of water management at the parcel level and (ii) agronomic management for both annual and perennial crops.",0.9164974906227805
Agronomic management through incorporation of climate smart and regenerative practices (as part of the TA) are expected to allow for greater efficiency in the overall water management in the sub-projects and greater scale of impacts (beyond the installation of high efficiency on-farm systems and training farmers in their use).104 3.,0.8732203570279208
"To enable such a comprehensive approach in each sub-project, TA module 2 will be implemented to: (i) strengthen the capacities of producers in the management of prioritized crop(s) in each sub-project; (ii) implement new packages for recommended techniques; (iii) develop adequate management in the pre- and post-harvest stages; and (iv) reduce environmental impact through the implementation of good agricultural practices.",0.8762984709306196
All the above seek to generate behavioral change in producers when it comes to the management of their respective productive units by promoting and developing improvements in the production of crops to obtain improvements in productivity and profitability.,0.9166349931196733
The above is in-line with the goals the 3rd objective of the National Agricultural Policy (2021-2030) of Peru of improving the management of natural resources for sustainable agricultural production.,0.8619676069779829
"This objective is to be accomplished through better management of natural resources used in cultivation (i.e., soil and water) and reducing the vulnerability of production systems to climatic events (with an emphasis on family farming).",0.871421293778853
"Attention to soils, to which irrigation water is applied, represent a vital aspect in efficient water management and crop production.",0.7274755998091265
Strategically using soils as reservoirs that complements irrigation can lead to improved and well-timed irrigation scheduling that reduce reliance on irrigation water applications on-farm.105 6.,0.8721753900701349
Combining soil moisture conservation with irrigation allows for greater overall on-farm water use efficiency.,0.8844946947964755
Combining soil moisture conservation with irrigation practices allows for greater overall on-farm water use efficiency.,0.8864918622103605
"It also helps increase the resilience of crop cultivation, particularly given climate change concerns, by sustaining 104 The 2nd TA module is to be implemented to: (1) strengthen the capacities of producers in the management of prioritized crop(s) in each sub-project; (2) implement new packages for recommended techniques; (3) develop adequate management in the pre- and post-harvest stages; and (4) reduce environmental impact through the implementation of good agricultural practices.",0.8787948435003107
105 Soil water thresholds are used to determine when and how much irrigation is needed.,0.8715833317149769
 3 The World Bank Irrigation for Climate Resilient Agriculture (P179037) the demands placed on them to grow food.,0.8997546109286222
"Thus, in addition to irrigation water application on fields, ensuring productive and resilient agriculture111 requires changes in the management of natural resources that support it – both soil112 and water – and ensuring greater efficiency in their use.113 Practices that are part of climate-smart, regenerative, and conservation agriculture are important in keeping the soil water content in an optimal state for plant growth.",0.23668276179920544
"They allow for a decrease in water supply to irrigation, thereby maximizing the impact of the water used.",0.8787450790405273
"To that end, water management at a smaller scale must be embedded in the larger frame of catchment resource management.",0.8647320487282493
"Agricultural resilience can deliver measurable economic value in terms of cost-savings and risk reduction to farmers (and, by extension, their communities).",0.9251977747136896
"Farmers can reduce their input costs and increased their bottom lines by choosing to invest in soil health.114 As a result, more people can be fed at a lower cost, which is a major factor in alleviating the global food crisis.",0.8812265396118164
"Moreover, better land and water management strategies at the farm level can also enhance carbon storage in soils, thereby contributing to the mitigation of climate change.",0.86279296875
"114 Irrigation water productivity, as a ratio between the marketable yields and irrigation amount used during a growing season, can be used to determine economic profit.",0.9556704434481534
 4 The World Bank Irrigation for Climate Resilient Agriculture (P179037) ANNEX 6: Climate Change Adaptation and Mitigation Efforts of the Project 1.,0.8621843511408026
"A preliminary screening for climate change and disaster risks was conducted for the Project's two main components, and the Project's overall risk rating was found to be moderate.",0.8506183624267578
"The interventions include rational management of irrigation and other practices, which will contribute to reducing GHG emissions; increasing carbon sequestration; eliminating the need for energy; reducing soil erosion and loss; and alleviating the impact of low temperatures, water scarcity (including droughts), and landslides.",0.8718487999655984
"The Project's emphasis on implementing energy- and water-efficient irrigation systems, increasing water storage, and strengthening water resources management is fully aligned with Peru's NDC and NAP priority actions .",0.8658266934481534
All activities under the program are on the Universally (Paris) Aligned list.118 The Project is also aligned with the public investment recommendation of Peru’s Climate Country Diagnostic Report’s (CCDR) to improve access to efficient irrigation systems to build resilience in the agriculture sector and boost economic growth while protecting vulnerable populations.,0.7565604123202238
"Peru's CCDR also stresses the importance of adaptation to water-related shocks given the country’s significant spatial and temporal rainfall imbalances and uneven development patterns across its territory (World Bank, 2022).",0.8648829026655718
The project aims to address these climate change vulnerabilities through investments to improve the existing off-farm and on-farm irrigation systems as an adaptation measure.,0.9147382216020064
These infrastructure investments will ensure the integration of climate-resilient design to enhance resilience against climate change-exacerbated floods and droughts.,0.9198955189098011
Irrigation systems can be used to protect crops from frost injury.120 Sprinkler irrigation systems represent one of the most economical and effective means of protecting crops from frost damage.,0.519518332047896
Availability of low-temperature alerts and adequate management of ‘technified’ irrigation is expected to help producers attenuate the negative impacts of low temperatures.,0.8726865595037286
The Project also ensures provision of adequate water storage to attenuate climate change impacts .,0.8344322551380504
"Reservoirs that supply pressurized water to farm irrigation networks (within each sub-project) capture water from a micro-watershed or 117 Improved water management is usually associated with adaptation to climate change, not mitigation (unless it results in a significant reduction in GHG emissions during the crop production process.",0.6490214954723011
 5 The World Bank Irrigation for Climate Resilient Agriculture (P179037) a canal from a river.,0.8667267886075106
"During periods of insufficient rainfall (e.g., in the highland parts of the country), the risk of insufficient water availability for irrigation at the desired and recommended levels can be attenuated by water available in reservoirs.",0.8835624348033558
"Considering better management of irrigation water and soil protection practices, the Project will contribute to reducing soil erosion and loss.",0.8842743960293856
"The Project’s activities of implementing precision irrigation systems and investment into technical assistance for improved agronomic practices (i.e., climate smart, conservation, regenerative agriculture)121 is expected enable the recuperation of soils degraded by water erosion (in approximately four years).",0.8740275989879261
"Taking advantage of topographic elevation for off-farm irrigation investments allows the introduction of gravity- based, pressurized water conveyance and distribution—thereby eliminating the need for electricity or diesel to run the water pumps.",0.9577036770907316
"Additionally, the flow of water to the fields purely based on gravity will avoid GHG emissions while conveying, distributing, and delivering water to farms in a highly efficient manner.",0.8332773555408824
"The Project’s activities are also foreseen to contribute to the reduction of emissions: (i) reduction of the use of inputs (fertilizers, fungicides, and herbicides) by 5 percent; (ii) recovery of soils degraded by water erosion in approximately four years; (iii) reforestation (living fences around water sources corresponding to approximately a total of 20 hectares).",0.867981650612571
"The Project’s activities establishing pastures,122 tree crops, 123 and of forested areas surrounding the reservoirs in each subproject are expected to contribute to carbon sequestration through vegetation.",0.8594503402709961
The expected tree-planting activities and agronomic practices are expected to enhance the soil and vegetation carbon stock to mitigate climate change impacts.,0.18514273383400656
"Additionally, the beneficial agronomic practices to be introduced on-farm (through TA under subcomponent A.3) are expected to contribute to carbon sequestration.125 Lastly, more frequent pasture rotations with sprinkler irrigation provided year-round (for more pasture growth) leads to more carbon sequestered.",0.852826638655229
This can improve the resilience of crop yields to variable rainfall and lower the need for irrigation.,0.8213773207231001
"125 Using data from the eight subprojects (not including carbon sequestration from pastures and fruit trees), it was estimated that the implementation of precision irrigation systems and the TA for improved agronomic practices will allow the recuperation of the percentage of degraded soils by water erosion in approximately four years.",0.845670526677912
" 6 The World Bank Irrigation for Climate Resilient Agriculture (P179037) gases are expected to diminish substantially with adopted usage of drip irrigation (e.g., fertigation).127 Drip irrigation is expected to provide a triple benefit of a better uptake of nutrients by plants, lower fertilizer usage, and reduced emissions of GHGs, thereby contributing to increased crop yields and potentially higher incomes.",0.9339862303300337
"Within the framework of the intended nationally determined contributions (iNDCs) proposed by Peru in 2015, six action objectives and targets for reducing vulnerability in agriculture were preliminarily projected .",0.8423171476884321
"After the ratification of the Paris Agreement, Peru validated these objectives and they have served as the basis for the formulation of NDCs in the Agriculture Thematic Area, whose general objective is to reduce the negative impact of climate change on agricultural activity.",0.8534849340265448
"Greenhouse Gas Mitigation goal to be attained by 2030 is set at 20 percent, as part of a Business as Usual (BaU) scenario, also considering a conditioned scenario with an additional 10 percent reduction in emissions subject to the availability of international external financing and favorable conditions (MINAM 2016a; Peru 2015).",0.8736295700073242
"The Project’s GHG accounting analysis estimates a net mitigation potential of the Project is -5,562 Ton CO2eq per year.",0.863095456903631
"The gross mitigation potential of the Project is -8,795 Ton CO2eq per year after 20 years of project execution.128 Overall, the contribution of the Project represents 5.2 percent of the estimated and committed potential for 2030, which reflects an effective contribution to the number of systems and surface area intervened by the project.",0.8852967348965731
"128 Calculations for GHG reductions were based on a sample of 8 subprojects, while the estimated incremental economic benefits from the reduction of emissions and carbon sequestration were included over a 20-year period.",0.8783020539717241
A constant shadow price of US$7.17/tCO2 was applied.,0.8520133278586648
