seq,ecological domination
"The European Union (EU) membership, since 2004, has been instrumental in modernizing many of the country's policies and administrative structures.",0.6853616020896218
"Poland also has been one of the largest recipients of the EU's structural funds for roads and highways, urban development, environment, and, to a much lesser extent, water resources management.",0.8755663091486151
The pace of urbanization and industrialization over the past half centuryâand especially since 1995âhas far exceeded investment in water resources and flood management.,0.8872385025024414
Most dikes systems and much of the river infrastructure date back to the beginning of the 20th century.,0.2848481264981357
"The catchment areas of the Odra and the Upper Vistula (comprising about one-third of the total Vistula basin) together cover 168,580 km2 or 54 percent of the Polish territory, underscoring the strategic significance of the proposed project.",0.8525399294766512
"Successive governments have responded to these threats by launching dedicated investment programs to support recovery, improve the preparedness, and 1 generally invest in more effective river and flood protection management.",0.7658296064897017
"In 1997, the Odra 2006 Program and Law were developed to ensure the protection of the Upper and Lower Odra against 1-in-100-year floods, or better.",0.7263159318403765
"To date, this program has helped restructure the administrative tools for flood protection and has funded major investments in a variety of measures and infrastructure to achieve the specified protection levels.",0.9067067232998934
"In 2011, a similar Vistula Flood Protection Program and Law were set up and the Voievode of MaÅopolskie appointed as plenipotentiary.",0.8610894463279031
"The World Bank, the Council of Europe Development Bank (CEB) and the European Commission (EC) have (co-)financed several of these initiatives.",0.8682613372802734
"The most significant and ambitious of these is the Odra River Basin Flood Protection Project (P086768)(2007â2017), that aims to increase flood protection levels along the Upper Odra and notably for the city of WrocÅaw, and that is under implementation.",0.8804002241654829
"This project experienced a slow start in 2007 for a number of external reasons, including introduction of the new Polish policies and administrative structures after EU accession and the newly imposed regulations.",0.7595533891157671
The project is currently performing satisfactorily with to date full commitment of funds for the total cost of about US$1 billion.,0.8701629638671875
"The project is also credited with having developed the institutional administrative structure and capacity in south-west Poland to implement very complex hydraulic works for which the cooperation of four ministries1 and about 24 local governments and agencies2, and four financiers is required.",0.8714298768477007
"In March 2014, the government requested the Bank to provide support for the preparation of a second initiative of national importance with the strategic aim to further complete the protection of all the most vulnerable areas in the Odra basin, and implement a first set of measures to start providing the same level of protection for the Upper Vistula basin.",0.8620993007313121
"The selection of the activities and investments would follow exhaustive analysis of the priority nature of all possible investments, based on integrated basin planning, flood risk analysis, and readiness and no-regret nature of the investment.",0.8783353458751332
"This new project would also create the platform to start mainstreaming, at national scale, the lessons learnt in policy and institutional development during the Odra River Basin Flood Protection Project.",0.8644237518310547
"With its accession to the EU, Poland has had to reform the policies and institutions in its water resources sector to comply with the EU acquis, in particular the Water Framework Directive (WFD) and the Flood Directive (FD).",0.8797858845103871
Tasks on water and flood management are assigned by territory and divided between the Regional Water Management Agencies (RZGWs) and the Boards of Amelioration and Hydraulic Structures of a Voivodship (ZMiUWs).,0.8656701174649325
"The RZGWs are typically responsible for the main water bodies and rivers within an hydraulically coherent region, such as a large part of a river basin; they operate under the National Water Management Agency (KZGW), which is a semi-independent body under the Ministry of Environment (MoE), and 1 Namely, the Ministry of Environment (MoE) for implementation, the Ministry of Administration and Digitization (formerly Home Affairs) for the flood protection budget, the Ministry of Finance (MoF), and the Ministry of Infrastructure and Regional Development for coordination of Borrower EU funds.",0.8594344745982777
The Institute of Meteorology and Water Management (IMGW) is responsible for meteorological forecasting and generic modeling of precipitation and run-off.,0.8179888291792436
The new Polish legislation requires the development of integrated river basin management plans (RBMPs) for each river basin.,0.8923912915316495
"These plans are still under development and have followed the format of the Updated Master Plans, complemented with Flood Hazard Maps and Flood Risk Maps.",0.845916748046875
The Updated Master Plans were endorsed by the EC as intermediate plans in October 2014 to provide the prioritization of all measures based on a broad feasibility analysis.,0.8178488124500621
Many measures have been already identified and confirmed as âno regretâ measures for the areas that are most vulnerable to floods.,0.7488291480324485
"Based on the master plans, the EC has specified a list of 2,100 measures that it considers as potentially eligible for EU Structural and Investment Funds in the Perspective 2014â2020, provided that the investments are further prepared taking into account all safeguards and based on sound economic analysis.",0.9236975583163175
"The implementation of the complete Vistula flood protection program may well take two to three decades, and will require numerous planning and consultation rounds to select and design the investments and measures.",0.8682178150523793
"The proposed project targets measures that combine a high cost-effectiveness and a small, or at least, manageable ecological and hydraulic footprint.",0.8557517311789773
"The EC and the prospective project co-financiers have confirmed their preference for the Bank leadership of the new large investment program, with the partial aim to use the program to bring the institutional innovations into practice.",0.45241403579711914
The Poland FY14â17 Country Partnership Strategy (CPS) () supports the Bank Groupâs overall strategic goals.,0.869253852150657
"Many of these centers have been located along transport corridors and, effectively, in former floodplains and in Poland's most productive agricultural area, with high added-value from orchards and horticulture.",0.22091943567449396
"These events impact industrial and agricultural output, and deteriorate the investment climate, and thus, reduce the sustainability of Polandâs economic and social development.",0.2608747048811479
The project development objectives (PDOs) are to increase access to flood protection for people living in selected areas of the Odra River and the Upper Vistula River basins and to strengthen the institutional capacity of the Borrower to mitigate the impact of floods more effectively.Â B.,0.8711755925958807
"The project will provide three distinct areas with flood management infrastructure and related measures: (i) the Middle and Lower Odra; (ii) the Nysa KÅodzka Valley; and (iii) selected parts of the Upper Vistula including notably the areas of KrakÃw, Sandomierz, and communities in the Raba and the San tributary catchments.",0.8844807364723899
The population of the regions in the direct proximity of the proposed works and measures is estimated to be about 15.1Â million; this is the population of the powiats (counties) that are reported to be either historically subject to significant flood damages and losses or at high risk (based on the Flood Risk Maps).,0.759534402327104
"A total of 122,042 people are currently living in the actual flood zones of the 1-in-100 year floods and will receive full or improved physical protection benefit compared to the current situation.",0.7978984659368341
"and economically productive areas and assets such as factories, commercial centers, touristic locations, strategic transport and communication networks, farms, etc.",0.6364105398004706
"The proposed project will further strengthen the national institutional capacity for flood management and forecasting, as well as improve the capabilities to operate existing and new infrastructure.",0.9302852804010565
This is done through more advanced weather forecasting equipment and flood simulation models that will inform decision-makers faster and more reliably regarding the need to evacuate and other precautionary measures to reduce loss of life and economic losses during emergency situations.,0.03146788206967441
"The project will also help to strengthen the capacity to prepare RBMPs and investment prioritization plans, improve the flood policy framework, and enhance the capability for more reliable forecasting, early warning, and infrastructure operation of existing and new infrastructure.",0.9420368888161399
The latter will extend over the whole of south and west Poland and enhance protection levels to an overall population of over 38 million.,0.38721179962158203
The PDO level indicators are the following: ï· Total area in the 1-percent flood plain benefiting from enhanced protection and operational forecasts ï· Total population benefiting from enhanced protection and operational forecasts (gender disaggregated) ï· Flood Operation Centers established and functional 17.,0.8434259241277521
"These indicators gauge the institutional and administrative capacity through the effectiveness of the system to avoid major impact of flood events and mount operational responses during a 4 Physical protection benefits include avoidance of, among others: evacuation; inundation of house, factory or other asset to a depth of higher than 0.5m, and avoided loss of life and disease.",0.7334853085604581
"This effectiveness results from a sequence of proper actions that can happen only if capacities are in place within the RZGWs, ZMiUWs, KZGW, and IMGW: (i) early and reliable forecasting (well-equipped forecasting and run-off and hydraulic routing models); (ii) flood event development that confirms adequate design and construction criteria and decisions; (iii) operations centers that are equipped and staffed, and that are activated timely; and (iv) appropriate decision- making to mitigate the flood impact.",0.03572482954372059
It is unlikely that a flood crisis will emerge immediately after the completion of the project.,0.8282785415649414
"Therefore, a separate assessment at the end of the project will be undertaken to determine any improvement in the quality of the procedures and in the ability of staff to manage flood risks.",0.8131946216930043
The proposed project will build on the lessons learned in the ongoing Odra Basin River Flood Protection Project.,0.8601801612160422
"To allow a timely start, the proposed project will focus on the âhot spotsâ in the basins (that is, the parts that are documented to be most vulnerable) and the âno regretâ measures where technical merits are sufficiently clear (at the basin-scale perspective) and which are listed in Polandâs Updated Master Plans or Flood Risk Management Plans for the river basins, as well as in the list of investments eligible for Borrower EU funding.",0.8204421997070312
"The components, with their specific sub-objectives, are as follows: Component 1: Flood Protection of the Middle and Lower Odra (Base Cost â¬446 million) 19.",0.8316221237182617
"This component aims to enhance protection against summer floods and winter floods to the cities of Szczecin and SÅubice, to the town of Gryfino, as well as other smaller towns along the Odra River.",0.6056115844032981
"The activities will include the reconstruction of dikes and other bank protective works (revetments, parapets, and so on), dredging in the Odra River as well as in canals and the harbor of Szczecin, and river training works, that is, the recalibration and (re)construction of groynes and lateral submerged dams in the river, restoration of bends, and protection of banks.",0.8796514164317738
"In addition, five bridges need to be raised to facilitate safe passage of icebreakers, and navigation and mooring facilities need to be expanded.",0.7820142399181019
"A key activity concerns the revitalization of the Miedzyodrze wetland, upstream of Szczecin harbor, to help accommodate water surges and, at the same time, restore some of the ecological and touristic functions of the habitat.",0.7236345464533026
"Four project implementation units (PIUs) will engage in the implementation of the works, of which one (RZGW WrocÅaw) has already been involved intensively in the ongoing Odra River Flood Protection Project.",0.8509272662076083
Component 2: Flood Protection of the Nysa KÅodzka Valley (Base Cost â¬239 million) 20.,0.874386960809881
"This component will protect KÅodzka town and other small valley towns, as well as the city of Bardo at the outlet of the valley.",0.10847128521312367
"The component will comprise the construction of four mid- sized dry polders (âactive protectionâ), dike rehabilitation and construction, and reconstruction of the river alignments and embankments, as well as of bridges and other structures (âpassive protectionâ), to allow the temporary retention and safe passage of flood waves accompanied by large amounts of debris.",0.8635679591785778
"In addition, the works will have significant downstream benefits because 6 the four new dry polders will increase the buffer capacity in the valley by reducing the peak flows in the two downstream reservoirs, and lower the crest along the Nysa river downstream towns as well as the WrocÅaw conurbation.",0.8731959949840199
Component 3: Flood Protection of the Upper Vistula (Base Cost â¬202 million) 21.,0.873410398309881
"This component intends to protect the KrakÃw agglomeration and Nowa Huta industrial area, the Sandomierz-Tarnobrzeg industrial and agricultural area, and selected towns on tributaries in the sub-basins of the San and Raba rivers.",0.8497493050315164
"The works comprise of (i) the reconstruction and extension of dikes and embankments along the Vistula to replace old unreliable dikes; (ii) bank stabilization and strengthening with rip-rap, revetments, etc.",0.8789313923228871
"; (iii) construction of identified dry polders and overflow areas (along the Serafa tributary, and the Raba tributary) to increase upstream water retention; (iv) interventions for river training; and (v) the adjustment of existing weirs and barrages to pass larger flood waves.",0.8963159214366566
Through Component 4 additional support will be provided for the preparation of the main parts of the RBMP and the investment prioritization plan for the Upper Vistula.,0.9077176180752841
Component 4: Institutional Strengthening and Enhanced Forecasting (Base Cost â¬124 million) 22.,0.424444935538552
This component will selectively support the strengthening of institutional capacity in priority areas by: (i) improving the emergency preparedness along the main rivers and their tributaries in south and west Poland by enhancing the forecasting and operational water management capacity; (ii) strengthening the procedures and capacity to prepare RBMPs and investment prioritization plans that are compliant with the EU WFD and FD; (iii) strengthening impact monitoring; and (iv) enhancing the communication capabilities.,0.9087342348965731
"Assistance for applying integrated water resources management (IWRM) and investment scenario analysis to river basin management planning and management and investment prioritization will be focused on the BÃbr-Kwisa River (in the Lower Odra), the Upper Vistula part that is upstream of KrakÃw (including the KrakÃw passage), and the San, Raba, WisÅoka and Dunajec catchmentsâkey areas in the basin with complex hydrology and various investment options that are to be studied before investments can be identified for later financing.",0.9273761402476918
"of flood impacts and flood protection impacts, and on citizen engagement.",0.29786859859119763
"In general, the project will closely monitor the countryâs progress in meeting the requirements under the EU WFD and FD and support institutional reform steps with studies and dialogue.",0.7834181352095171
"As part of this, funding will also be provided to facilitate peer-to-peer dialogue on IRWM with appropriate EU member states.",0.8272894079034979
A national communication strategy on flood risks and their management will also be developed.,0.8620591597123579
"The activities comprise installing new-generation telemetric weather stations and modernizing the POLRAD (Polish national weather radar) network, expanding and upgrading 7 the hydrological stations, incorporating better-performing simulation software, and improving flash flood forecasting.",0.7974402687766335
"The operations centers are control rooms that will mine forecasting data, simulate likely run-off scenarios, support early warning and decision support processes for emergency response, and operate infrastructure such as weirs, reservoirs, and dry polders to manage the containment and release of flood waves.",0.8005121404474432
Component 5: Project Management and Studies (Base Cost â¬73 million) 24.,0.7733233191750266
"This component will fund the Project Coordination Unit (PCU) operation (supporting overall project management, reporting (periodical and annual), financial planning and monitoring, monitoring of flow of funds, and supervision of implementation of EMPs and RAPs â including compensation measures), and TA teams that support the PCU and PIUâs operation, office equipment, and incremental operating costs.",0.9072260423140093
"The total project costs are US$1,317 million (â¬1,202 million).",0.6304089806296609
"Of this amount US$265 million (â¬242 million) will be the counterpart funding covering, among other things, land acquisition expenditure, while US$219 million (â¬200 million) will be provided from the Polish allocation of the EU Cohesion Funds that were negotiated in December 2014.",0.9140807932073419
"US$833 million (â¬760 million) will be furnished by other international financing institutions, of which the IBRD financing will amount to US$504 million (â¬460 million).",0.8903933438387784
Project Cost and Financing Project Cost IBRD Financing Project Components (million) (million)* % Financing (US$) (â¬) (US$) (â¬) 1.,0.8622602115977894
Flood protection of the Middle and 489 446 168 153 34 Lower Odra 2.Flood protection of Nysa KÅodzka 262 239 91 83 35 Valley 3.,0.6374021009965376
Flood protection of the Upper 221 202 71 65 32 Vistula 4.Institutional strengthening and 136 124 66 60 48 enhanced forecasting 5.,0.849753813310103
"Project management and studies 80 73 57 52 71 Total Baseline Cost 1,188 1,084 453 413 Total Project Cost 1,317 1,202 504 460 Total Financing Required 1,317 1,202 504 460 38 * Does not include contingencies (price and physical) C. Lessons Learned and Reflected in the Project Design 26.",0.9041431600397284
"The ongoing Odra Basin River Flood Protection Project (2007â2017)âthat followed the first Odra Emergency Flood Recovery Project (1998â2004)âhas evolved into a key platform to deepen 8 and operationalize the partnership with the Borrower and develop expertise in the strengthening of the public administration system, in the professional preparation of complex investments in compliance with the EU directives, and in the mobilization of international finance.",0.8782779520208185
"The implementation of the project included the detail designing and the updating of safeguards arrangements, and took place at an opportune time, as the country was acceding to the EU and had to start implementing the WFD and other directives.",0.8527774810791016
"Because of its size and cross-sector complexity, the project has acted as the âfeasibility benchmarkâ.",0.19226160916415128
"The operational challenges experienced in 2009â2010 with land acquisition for the Raciborz component of the project were a major factor in the August 2010 law that streamlined land acquisition procedures for flood protection investments, by aligning the principle with highway construction.",0.924355073408647
The Odra River Basin Flood Protection Project is co-financed by the CEB and the EC (Cohesion Funds) which provide parallel funding within the framework of the program and investment design parameters set by the Bank.,0.9260744615034624
"The cooperation has proved productive, with the co-financiers joining supervision missions and participating in key decisions.",0.823961778120561
"With the Cohesion Funds constrained in utilization, the CEB and Bank funds have been instrumental to maintain liquidity and furnish bridging funds, thus leveraging maximum absorption of the EU grants.",0.8851566314697266
"Without this co-financing arrangement and flexible financial management (FM) by the Bank, the CEB, and the PCU, no Cohesion Funds could have been absorbed.",0.9152264161543413
"These lessons are mainstreamed in the design of the components as well as through the 5 In November 2013 and May 2014, the Administrator of the Supreme Audit Chamber (NIK) and the Deputy Minister of Finance stated the project had ensured the application of best-practices and effective delivery because of the Bankâs approach to (i) operate simultaneously at policy, administrative, and work-floor level and (ii) require up-front preparation of the project details and safeguards while retaining flexibility to adjust during implementation.",0.8478173342618075
This compares favorably with other large hydraulic investments such as the construction of the Swinna-Poremba reservoir that after 25 years is not completed yet.,0.5255794525146484
"9 extensive consultations that accompany the preparation of the RBMPs and Flood Management Plans, which has started in 2008 but will continue over the coming years.",0.8641223907470703
"Finally, it is universally accepted that there is a need to move from an exclusive infrastructure approach to a comprehensive and holistic approach to flood management combining infrastructural investments with management and policy measures.",0.9092063036831942
"Integrated flood risk management should be integrated into comprehensive water resource management plans taking into account the socioeconomic realities, water uses, and vulnerabilities and risks at the river basin level.",0.8643593354658647
"Thus, successful flood management should combine both structural and non- structural measures.",0.8628529635342684
"Controlling floods is often proved to be unrealistic and strategies should focus on flood risk management that aims at enabling communities to âlive with floodsâ instead of controlling them, minimizing risks and losses, and improving preparedness and response to eventual flood disasters.",0.44347372922030365
"Also, this lesson is embedded in the project design that prioritizes the creation of upstream storage capacity, the restoration of wetlands, and the improvement of forecasting and management capacity, over the construction of local dikes.",0.8852044885808771
"The project requires the close coordination of four ministries: The MoE for implementation, the Ministry of Administration and Digitization (MAD, formerly Home Affairs) for the flood protection budget, the Ministry of Finance (MoF), and the Ministry of Infrastructure and Regional Development for coordination of Borrower EU funds.",0.8752011385830966
"Other key national-level agencies are the National Water Management Authority (KZGW), the Institute of Meteorology and Water Management (IMGW), the National Fund for Environmental Protection and Water Management and the State Rural Property Agency.",0.8540068539706144
"These government officers and agencies decide on environmental, water use, and construction permits, manage the land acquisition processes, and issue important permits for, for example, the use of roads for truck transports.",0.876922607421875
"The overall strategic coordination, guidance, and quality control will continue to be delivered by the Inter-Ministerial Project Steering Committee (PSC), chaired by the MAD and the MoE, and in which also the MoF and the Ministry of Infrastructure and Regional Development participate.",0.8504080338911577
"At the operational and day-to-day level, the coordination and quality control will remain the responsibility of the Project Coordination Unit (PCU) that is currently carrying out the same task for the Odra River Basin Flood Protection Project.",0.8509006500244141
This arrangement has proved effective in the ongoing Odra River Basin Flood Protection Project.,0.8005400570956144
"The RZGW of WrocÅaw and the Lower-Silesia ZMiUW have evolved over the Odra River Basin Flood Protection Project period as competent and reliable institutions with demonstrated capability to carry out the investment analysis and works preparation that define flood projects, including procurement, and works and safeguards supervision.",0.875099702314897
Seven new prospective implementing agencies will be added and their capacities will need to be strengthened; this is planned to be done through the existing national systems of coordination and supervision.,0.8249225616455078
"Given that during implementation, studies will be prepared to identify future investments in the Upper Vistula, RZGW KrakÃw may be a future PIU and as such is included in the program.",0.1798951734196056
"The PCU (with support from local representatives in KrakÃw) will be responsible for gathering and consolidation of entire project financial information through an online reporting system, preparation of disbursement documentation (withdrawal application and SOE documentation), reporting (periodical and annual), financial planning and monitoring, and monitoring of flow of funds.",0.8545273867520419
"Although the preliminary assessment suggests that these agencies are technically and managerially capable, the technical capacities, as well as their capacities with respect to World Bank procurement, FM, and environmental and social safeguards will need to be further strengthened.",0.8711462887850675
"The PCU will submit quarterly reports in an agreed format to the MoE, the Project Steering Committee and the Office of Natural Disaster Recovery (ONDR), and the Bank no later than 45 days after the end of each quarter.",0.33050829713994806
"The quarterly reports would cover, among others, the progress and expected completion date for civil works and goods contracts (both physical and financial progress with photographic evidence), progress and expected completion date for key consultancies, compliance towards environment and social safeguards (including implementation of key features of the environmental management plan (EMP) and resettlement action plans (RAPs)), progress on institutional components, progress toward indicators given in the results framework, training and studies, and activities of the PCU consultants.",0.8460705497048118
"The reports would also cover detailed financial and procurement information, including (i) a comparison of actual physical and financial outputs with forecasts, and updated six-month project forecasts; (ii) project financial 11 statements, including sources and application of funds, expenditures by category statement, and special accounts reconciliation statement; and (iii) a procurement management report, showing status and contract commitments.",0.851614691994407
An Implementation Completion Report (ICR) will be submitted to the Bank no later than six months after the closing date.,0.844683213667436
"A dedicated survey platform will be developed to allow impact evaluation of floods and flood mitigation efforts, to better analyze the disaggregated impact of the project as well as other investment programs (disaggregation by income, location, social variables, gender, and so on) and enable better targeting of future investments and measures.",0.803980827331543
"As was done under the ongoing Odra River Basin Flood Protection Project, the PCU will also prepare civil works monitoring tables to provide a more detailed account of progress under these contracts.",0.8295161507346414
"These tables would provide basic contractual information, progress indicators (both with respect to interim payment certificates and paid invoices), and color-coded task progress.",0.7737694653597745
"The project is considered sustainable as the proposed works and other measures have been prepared based on the Bankâs guidelines and best practices, and have been supported by studies in accordance with the EU WFD and FD, notably the preparation of Flood Hazard Maps and Flood Risk Maps, and the development of first-generation RBMPs and Updated Master Plans.",0.8530592484907671
This extensive analysis and prioritization have allowed selection of the high-priority works and measures out of a long-list of possible identified needs in flood management.,0.8521725047718395
"Secondly, the experience with the ongoing Odra River Basin Flood Protection Project has shown that the government is committed to provide the budgets for investment as well as for operation and maintenance (O&M).",0.07189746336503462
"The field inspections in the territories of the prospective PIUs of the project demonstrate that in general adequate resources are provided for the maintenance and functioning of the infrastructure, recognizing that current O&M budget levels cannot compensate for the funding shortages in the second half of the 20th century.",0.7479355551979758
"However, with the expansion of the infrastructure, the need to increase the O&M budget is growing apace.",0.6562768329273571
"As part of the annual work program planning process, the Borrower will include O&M allocations to ensure adequate budgets for the works under the proposed project.",0.4113081151788885
"The risk pertains to the distributed nature of flood projects, requiring active commitment and involvement of several national ministries and numerous local governments at voievode, county, and municipality levels.",0.8102820136330344
"Furthermore, the national scope, the size of the project, and the desire to spread the risks, require the composition of a financing consortium; of these, the EC-related institutions (Directorate General Regional Development) have stated that they will accept Bank guidelines to be applied.",0.8695439425381747
This risk is mitigated by maintaining the conducive and productive relationships that have been developed during the implementation of the ongoing Odra River Basin Flood Protection Project.,0.8071745092218573
The second key substantial risk is the technical quality of the programs for investments and managerial measures for flood risk mitigation that need to be technically adequate and cover the large hydraulically coherent parts of the river basins.,0.8873049996115945
"In particular, a risk exists that investments are proposed that extend protection to local populations at the expense of downstream populations, and/or that are not of high-priority or no-regret nature.",0.7150306701660156
"This risk is mitigated, partly, by the following steps: (i) the extensive screening of investment proposals that has taken place over the past years by the prospective Implementing Agencies; (ii) the requirement that, for local situations where flood defense could be achieved through different alternatives (for example, through a flood by-pass, higher dikes, local overflow areas, or combinations) the alternatives have been exhaustively compared; and (iii) by the availability, since early 2014 of the draft Flood Risk Maps, that form the basis for the Updated Master Plans that have been completed in 2014 and re-confirm the prioritization of the project selection.",0.7148812467401678
These risks can be mitigated as measures from the on-going project will continue to be used.,0.2304332906549627
"Substantial capacity has been built with these entities in the proper application of Bank guidelines in procurement, financial management, and safeguards.",0.861164699901234
"As such, the PCU has acted as (i) overseer of the PIU works programming and financing, (ii) the single intermediary between the PIUs, the Bank, the steering committee, and the co-financiers, and (iii) the body to provide clearance to designs, tender documents, environmental and other safeguard documents, and so on.",0.83701246434992
"Based on the findings of the assessment, an economic analysis has been prepared following standard Bank procedures, as well as those commonly applied for investments that would be eligible for the EU Cohesion Funds.",0.4438328309492631
Flood management is preeminently a public good with spatially distributed effects at the local level and at locations elsewhere in the river basin (externalities).,0.3076593659140847
"In the EU, as well as in all mature market economies, it is one of the larger tasks in infrastructure and water service provision of national and local governments.",0.8718934492631392
"The private sector generally contributes to flood protection only through the insurance services to compensate households and businesses that could be affected.6 In Poland, the private sector participates intensively in flood projects through the assignments for design, consulting, contracting, and maintenance of the infrastructure.",0.4563160809603604
The economic rate of return (ERR) of the project is 13.5 percent.,0.9346831928599965
"The Net Present Value (NPV) of the overall project is estimated at PLN 4,815 million (with 5 percent as discount rate) and at PLN 926 million (with 10 percent as discount rate)7.",0.8720581748268821
"The estimated ERR is robust and not very sensitive to costs and benefits: even a 30% increase in investment costs, or up to 40% percent reduction of benefits from avoided material flood damage would maintain an ERR above 10 percent.",0.8334338448264382
The main benefits quantified for this assessment are related to (i) the reduced material and non-material damages from flood hazards; (ii) induced economic activities including mining of aggregate; (iii) enhanced navigability of the Odra River; (iv) increased tourism due to improved safety conditions in the area; and (v) jobs created during the implementation of investments.,0.936767578125
"For estimating the material benefits from flood protection, the area inundated for a sequence of flood events with progressively infrequent return periods were prepared.",0.8680582046508789
Hydraulic simulation models were used to provide water levels for floods and duration with different return periods.,0.8502760800448331
These levels were then overlaid on the topographic conditions (using digital terrain models) to estimate expected damages in the areas inundated âwith the Projectâ and âwithout the Projectâ.,0.591312971982089
"The actual damages of the 1997, 1998 and 2010 floods, together with the modeled areas of various land use categories that were inundated, were used to derive unit rates on a per square meter or a per hectare basis for each land use category.",0.8091087341308594
The methodology allowed estimating potential flood losses for each area at risk to be protected from flooding and in each of the predicted probabilities of an event.,0.8318710327148438
"Due to the complex hydraulic and hydrological processes causing the high water levels, flood management generally necessitates an array of physical and programmatic measures and activities that function in complementarity and are integrated into one management strategy.",0.8555244099010121
"While a local dike can indeed help mitigate the risk of a local flood, principles of equity and cost-effectiveness impose an integrated approach and strategy at the scale of the complete river basin, in order to avoid protection in one (upstream) location displacing the risk to a different location along the same river (usually, downstream).",0.847992636940696
"The activities and measures that will be funded under the project notably comprise the following: ï· âPassiveâ infrastructure, such as dikes, embankments, and river bank stabilization works (revetments, foundations, parapets, and so on), through rehabilitation, modernization, or expansion of existing structures ï· âActiveâ infrastructure, such as dry polders and overflow areas (wetlands, agricultural lands) that absorb and temporarily retain the peak of flood waves ï· River training, such as the rehabilitation or reconstruction of groynes and breakwaters in the river to create and maintain specified water depths to allow floodwater to discharge rapidly, and icebreakers to navigate; dredging (to allow floodwater to discharge rapidly); river bend restructuring to minimize scouring velocities, stabilize the river bed, and reduce vortices that create hydraulic resistance; and related measures such as increasing the vertical clearance under bridges (to allow modern-class icebreakers to pass underneath).",0.959031798622825
"ï· Improvement of the warning time and accuracy in the forecasting capability for high waters, and enhanced remotely controlled operation of infrastructure (weirs, locks, reservoirs, dry polders, and so on) in such ways as to mitigate high water levels.",0.8809593374078925
"In the Middle and Lower Odra, several natural areas alongside the river still give the river space to expand; immediately upstream of Szczecin the vast Miedzyodrze wetland, situated between the two parallel Odra channels, fulfills the same function.",0.021138640967282383
"On the other hand, the studies on the Vistula, being a larger and more complex hydrological system, will need to be continued to identify all required and cost-effective options.",0.6482383121143688
"The project would fund investments in medium-scale overflow polders that are located in strategic locations, but will not yet provide the final required space for flood wave absorption.",0.8168655742298473
"Over the past decade, under the guidance of the EU WFD and FD, numerous studies have been conducted based on the latest terrain survey technologies and flood risk maps.",0.1085020737214522
"The appropriateness of the selection of investments, of the conceptual designs and, where available, the detail designs, and the planning and implementation aspects, were reviewed by three independent senior experts including members of the International Dam Safety Panel for the on- going project, reflecting expertise in hydraulic engineering, water resource engineering, geo- technology, and construction engineering.",0.7899606011130593
"They endorsed the project and its components, and raised technical issues that will need to be taken into account as the detail designs and bidding documents are prepared.",0.7030875466086648
The FM arrangements that have been developed under the ongoing Odra River Basin Flood Protection Project will constitute the core for the new project.,0.8607938939874823
"The PCU will consolidate the project financial information from all PIUs using an online reporting system and produce full sets of quarterly un-audited interim financial reports (IFRs) that will be submitted to the Bank within 45 days of the end of each calendar semester, from the first disbursement and throughout the project life.",0.8422339179299094
"The annual audits of the project financial 16 statements will be provided to the Bank within six months of the end of each fiscal year, and also at the project closing.",0.8192991776899858
"The Government will inform the Bank of its choice of auditing entity, acceptable to the Bank, for the new project by .",0.8089518980546431
"To facilitate the internal administration of financial flows in the new project, the share of the IBRD funding in the overall proposed project cost would be determined on an annual basis, through an Annual Work Plan (AWP) prepared by the Borrower, and agreed between the Borrower, the Bank and other co-financier partners involved in the proposed project implementation.",0.8710928830233488
"Therefore, the percentage of financing from the IBRD loan may be different in each year, depending on the availability of funds from other funding sources in each implementation year.",0.8555790294300426
The MoF will open a separate Designated Account (DA) in the National Bank of Poland.,0.8692262822931464
The World Bank loan proceeds will flow to the DA and from there will be transferred to the PIUs in accordance with the existing budgetary procedures applicable for foreign sources of funding.,0.7832362435080789
"Procurement activities under the proposed project will be carried out by the PCU and nine PIUs (RZGWs in WrocÅaw and Szczecin, and ZMiUWs of the Voievodes of West Pomerania, DolnoÅlÄ skie, MaÅopolskie, Podkarpackie, SwiÄtokrzyskie, and Lubuskie, as well as IMGW KrakÃw) in accordance with the World Bankâs Guidelines: Procurement of Goods, Works and Non-Consulting Services under IBRD Loans and IDA Credits and Grants by World Bank Borrowers, dated January 2011 and revised on  and Guidelines: Selection and Employment of Consultants under IBRD Loans and IDA Credits and Grants by World Bank Borrowers, dated January 2011 and revised on , and the provisions stipulated in the Loan Agreement.",0.6119564229791815
"Taking into account the PCU, RZGW WrocÅaw, ZMiUW DolnoÅlÄ skie, and IMGWâs long experience with Bank-financed projects and successful implementation of the ongoing Odra River Basin Flood Protection Project, the assessment found the overall procurement risk for the project to be Moderate.",0.515060078014027
"The capacity of the new implementing agencies that have not been involved in implementation of the ongoing Odra River Basin Flood Protection Project will be strengthened based on close supervision, coordination, and training provided from the PCU and existing PIUs, as well as additional joint fiduciary training provided by the Bank.",0.8606067137284712
"The Bank will closely supervise the project and will review the procurement arrangements as performed by the PIUsâincluding contract packaging, applicable procedures, methods, and the scheduling of procurement processesâfor conformity with the Loan Agreement, the proposed implementation program, and the disbursement schedule.",0.6720604463057085
The Bankâs prior review thresholds will be provided in the agreed Procurement Plan.,0.3708720640702681
"The selection criteria and technical design of all project activities considers the minimization of adverse impacts, including the need for involuntary resettlement.",0.16262458671223035
In many cases the works involve the rehabilitation of existing infrastructure in mostly government-owned lands located in sparsely populated peri-urban and rural areas (e.g.,0.7812950827858665
"rehabilitation of existing dikes and groynes), for which land impacts are none or limited.",0.7997441725297407
"However, other interventions, such as construction of new structures and dry polders, particularly in the Nysa KÅodzka Valley and some locations in the Upper Vistula, would likely require land acquisition involving displacement of some agricultural activities and resettlement of a limited number of households, which based on preliminary information for the first seven pre- identified project activities for the first 18 months of implementation could be less than 10 (less than 30 people).",0.7822832627729936
It must be noted that no project activities requiring significant resettlement will be supported by the project.,0.1852752078663219
"In order to manage this impact, in addition to the project-level Resettlement Policy Framework (RPF), which was approved by the Bank and disclosed in InfoShop on , separate site-specific Resettlement Action Plans (RAPs) will be prepared for those project activities involving involuntary resettlement.",0.8287772265347567
"The land acquisition and resettlement processes required under this project will be based on Polish regulations, the Bankâs Operational Policy (OP) on Involuntary Resettlement (OP 4.12) and lessons learned from the Odra River Basin Flood Protection Project, and will include a robust grievance redress mechanism.",0.8542067787863992
Gender: Given that the Project will provide flood protection to the general population in the Odra and Vistula river basins no gender-differentiated benefits and/or impacts are expected.,0.29414265806024725
"At the broader level, the preparation of the River Basin Management Plans (RBMPs) and prioritization of investments will be based on multi- stakeholder consultations (e.g.",0.8597965240478516
A national communication strategy on flood risks and their management will also be developed.,0.8620591597123579
"At the sub-project level, the location and design of the investments will also be subject to public information and consultation through the corresponding municipalities.",0.7925529479980469
"of flood impacts and flood protection impacts, and on citizen engagement.",0.29786859859119763
"To assess the possible environmental impacts of the proposed project, and to set up principles, rules, guidelines, and procedures for preparation of site-specific plans to mitigate possible negative environmental impacts of proposed investments, the Environmental Safeguard Management Framework (ESMF) was prepared by the consultant, approved by the Bank in January 2015 and disclosed in Poland on  and on the Bankâs Infoshop on .",0.90906437960538
"For the project, a selection of priority investments and measures was agreed upon on the basis of the ECâs DG Environmentâs âList 1ââbased on the interim Updated Master Plansâwhich contains all investments items that are acceptable and no-regret because they are well defined and do not require basin-wide analysis.",0.8751431378451261
"The selection was guided, foremost by the locations that had experienced historical records of devastating nature (âhot spotsâ that are recognized to be particularly vulnerable to floods, yet where mitigation measures would probably be cost-effective without being environmentally or socially complex), by the desire to work in coherent areas, where it would be possible to build on the lessons learned and the institutions developed under the on- going Odra River Basin Flood Protection Project, and where a generally good level of institutional readiness was confirmed.",0.4260506196455522
"The basic criteria for selection of investments were: (i) prioritization within the context of the RBMPs and comparison of all possible combinations of investments to identify the least-cost and lowest-impact variants; (ii) economic analyses to select cost-effective options including a risk-based approach to investments; (iii) creating âroom for the riverâ and flood wave retention capacity upstream, rather than constraining river flow by dikes; (iv) integration with environmental values and protection of habitats; (v) management plans based on broad consultation with stakeholders; (vi) and sustained financing through fee collection and/or transfers from the national or regional budgets.",0.9584424278952859
"Certain proposed investments in âList 1â were excluded from the Project notably where they could possibly affect vulnerable areas, habitats and/or riverine forests, including Natura 2000 sites.",0.7669106396761808
It is important to note that the majority of the investments concern rehabilitation and modernization of already existing structures.,0.8254358118230646
"By complying with the European Water Framework Directive, the requirements on environmental protection may often exceed the Bankâs own safeguard policies.",0.8516811024058949
"Thus, from a project implementation perspective, a high level of environmental protection is being applied (e.g.",0.061017177321694115
"Besides strictly applying the selection criteria for those investments, the site-specific Environmental Management Plans (EMPs) will emphasize the reduction and mitigation of potential negative impacts, chiefly during the construction phase.",0.8741023323752664
"The activities within protected nature areas will be limited to the restoration of the existing linear flood defense infrastructure and, in a small number of cases, to local dredging aiming to restore the natural flow of water.",0.7973783666437323
The project will also finance the construction of several overflow areas (dry polders).,0.9271810705011542
"Since the specific locations of these have yet to be finalized, the project will ensure the application of the investment selection criteria during the feasibility study and conceptual design stages and require the polders to be carefully evaluated with respect to location, size and impacts, to ensure that possible adverse effects are minimized and adequately mitigated.",0.8678157112815164
Overflow areas and/or polders with major negative impacts will be analyzed further before suggesting appropriate environmental mitigation measures and/or change of locations.,0.2697145938873291
"Any of the structures that may have a major negative impact on environment, or structures that can be categorized as environmental category A, will not be eligible for financing under the Project.",0.8006272749467329
"Beside the project-scale ESMF, separate site-specific Environmental Management Plans (EMPs) will be prepared for all investments once identified.",0.9169725938276811
The preparation of preliminary information for some EMPs is underway for the priority pre-identified project activities that could be ready for tendering in 2016 following their confirmation.,0.8329419222745028
These EMPs will become essential components to the bidding documents and subsequent construction contracts.,0.8342644951560281
"OP 4.04 on Natural Habitats: Based on available information, the project will have significant positive environmental impacts in terms of protecting floodplains and aquatic ecosystems.",0.15288906747644598
"OP 4.11 on Physical Cultural Resources: Although the physical cultural resources are not expected to be encountered on river training works in floodplains, near and within the cities of KrakÃw, Sandomierz, and SÅubice, the works will be carried out near the protected cultural heritage buildings.",0.805731166492809
"Appropriate provisions for archeology investigation and rescue works near these buildings, and for chance finds have been included in the ESMF.",0.28727535767988727
"OP 4.37 on Safety of Dams: Although the final selection of polders to be rehabilitated or constructed has not been made, it is known that some of the polders will include construction of dams and weirs.",0.7485563104802911
It is likely that at least two of the polders-reservoirs in the Nysa KÅodzka Valley in Component 2 will include dams/embankments higher than 15 meters and with capacity over 5 million m3.,0.3402331092140891
"Therefore, the project retained the independent Panel of Dam Experts that already exists for the on-going Odra River Basin Protection Project and is adjusting its terms of reference.",0.8631886568936434
The design of all dry polders under the project will be prepared in compliance with the Safety of Dams policy.,0.8602765690196644
"In parallel, the trilateral Odra River Commission addresses the technical aspects of the river issues of common interest.",0.8520450592041016
The Odra Commission has agreed on the technical specifications of flood protection along the Border Odra.,0.8628205386075106
"On , the Regional Vice-President for ECA endorsed the memorandum prepared by the Bank on the Results on Riparian Notification under OP7.50 for the Project.â 21 ANNEX 1: RESULTS FRAMEWORK AND MONITORING AND EVALUATION REPUBLIC OF POLAND: ODRA-VISTULA FLOOD MANAGEMENT PROJECT Project Development Objectives PDO Statement The project development objectives are to increase access to flood protection for people living in selected areas of the Odra River and Upper Vistula River basins and to strengthen the institutional capacity of the Borrower to mitigate the impact of floods more effectively.",0.8783760070800781
"These results are at Project Level Project Development Objective Indicators Data Cumulative Target Values Source/ Responsibility for Unit of Basel Method Data Collection Indicator Name Core Measure YR1 YR2 YR3 YR4 YR5 YR6 YR7 Frequency ine Total area in the 1% flood plain benefiting Annual, Satellite PCU, IMGW, 8 69,447 81,6269 from enhanced ha 0 0 3,341 15,486 31,278 51,332 after major imagery, KZGW, PIUs, and protection and floods surveys M&E consultants operational forecasts 8 Based on current 1% flood maps (IMGW, 2014) 9 Estimated for horizon to YR7 (2023), entire Project (2016-2027): 91,168 ha 22 Total population benefiting from enhanced Annual, Satellite PCU, IMGW, Number 10 11 protection and 0 0 0.7 2.4 5.1 8.3 10.5 12.4 after major imagery, KZGW, PIUs, and [million] operational floods surveys M&E consultants forecasts (gender disaggregated) Flood PCU, IMGW, Operation Annual, Contractor KZGW, RZGW Centers Number 0 0 0 1 1 1 2 2 after major reports WrocÅaw, and established and floods KrakÃw functional Intermediate Results Indicators Data Cumulative Target Values Source/ Responsibility for Unit of Basel Method Data Collection Indicator Name Core Measure YR1 YR2 YR3 YR4 YR5 YR6 YR7 Frequency ine Satellite PCU, IMGW, Component 1A: Annual, imagery, KZGW, ZMiUW Length of km 0 0 0 7.9 9.8 9.8 9.8 9.8 after major surveys, Zachodniopomors enhanced floods contractor kie, and M&E protection in the reports consultants 10 Based on current flood maps and population data 11 Estimated for horizon to YR7 (2023), entire Project (2016-2027): 14.1 millions 23 Zachodniopomors kie Province Component 1B: Modernizing and Satellite PCU, IMGW, reconstructing the - â Annual, imagery, KZGW, RZGW 12 middle and lower Yes No No No No No No No Yes after major surveys, WrocÅaw, RZGW Odra river systems /No floods contractor Szczecin, and to upgrade to a reports M&E consultants Class III waterway Component 1C: Extension and Satellite PCU, IMGW, construction of Annual, imagery, KZGW, ZMiUW flood km 0 0 0 0 12.8 12.8 12.8 12.8 after major surveys, Lubuskie, and embankments to floods contractor M&E consultants protect SÅubice reports City Component 2A: Satellite PCU, IMGW, Construction of Annual, imagery, KZGW, RZGW dry polders in the Number 0 0 0 0 4 4 4 4 after major surveys, WrocÅaw, and Nysa KÅodzka floods contractor M&E consultants Valley reports Component 2B: Satellite Length of PCU, IMGW, Annual, imagery, enhanced KZGW, RZGW km 0 0 0 0 0 0 0 177 after major surveys, protection in the WrocÅaw, and floods contractor Nysa KÅodzka M&E consultants reports Valley 12 This component represents a package of investments to achieve reduction in ice jams.",0.9409022764726118
"24 Component 3A: Satellite Construction of PCU, IMGW, Annual, imagery, dry polders to KZGW, ZMiUW Number 0 0 3 3 3 3 3 3 after major surveys, protect Upper MaÅopolskie, and floods contractor Vistula towns and M&E consultants reports KrakÃw Component 3B: PCU, IMGW, Satellite Length of KZGW, ZMiUW Annual, imagery, enhanced SwiÄtokrzyskie, km 0 3.0 12.0 24.0 36.0 46.34 46.34 46.34 after major surveys, protection for ZMiUW floods contractor Sandomierz and Podkarpackie, and reports Tarnobrzeg M&E consultants Component 3C: Satellite PCU, IMGW, Length of Annual, imagery, KZGW, ZMiUW enhanced km 0 0 0 1.5 4.0 10.0 16.0 19.77 after major surveys, MaÅopolskie, protection for the floods contractor RZGW KrakÃw, Raba sub-basin reports and M&E cons.",0.5568852858109907
"PCU, IMGW, Component 3D: Satellite KZGW, ZMiUW Length of Annual, imagery, Podkarpackie, enhanced km 0 0 0 0 0 1.6 1.6 1.6 after major surveys, RZGW KrakÃw, protection for the floods contractor and M&E San sub-basin reports consultants Component 4B: Annual, Flash flood Contractor Number 0 0 0 0 2 2 2 2 after major reports PCU and IMGW systems for sub- floods basins operational 25 RBMPs or Investment Contractor PCU, IMGW, and Prioritization Number 0 0 0 0 2 2 2 2 Annual reports RZGW KrakÃw Plans drafted for Vistula sub-basins % of project- supported RBMPs and investments informed by citizen feedback 0 0 0 10 30 50 75 100 Annual Surveys PCU through consultations (disaggregated by gender) .",0.8513303236527876
26 ANNEX 2: DETAILED PROJECT DESCRIPTION REPUBLIC OF POLAND: ODRA-VISTULA FLOOD MANAGEMENT PROJECT The Odra and Vistula Floods 1.,0.7969959432428534
"In Western Poland, the Odra benefited from ample government attention starting in the 19th century and this had led to major investments in river navigability and flood protection in the early 20th century.",0.85383770682595
"After 1945, investments in flood protection took a back seat as the country was rebuilding its cities and its industrial base.",0.6502128514376554
"Currently, flood protection is a high priority in government policy and has broad political support across all parties.",0.44251264225352893
"In response, the government established, in 1997, the ONDR in the Office of the Prime Minister; to date the ONDR manages the sizeable budgets directed at flood management and also the budgets that have co-financed the ongoing Odra River Basin Flood Protection Project.",0.8799712441184304
"In 2005, the ONDR was placed in the (then) Ministry of Home Affairs (now, the Ministry of Administration and Digitization).",0.3934162746776234
"After the 1997 flood episode, the Parliament enacted the law on the Odra 2006 Flood Program, and a plenipotentiary (the Voievode of Lower Silesia, in WrocÅaw) was appointed to coordinate and facilitate the program and use of funds.",0.8494315580888228
"Similarly, following the 2010 floods, the Parliament enacted the 2011 law on the Vistula 27 Flood Program and the Voievode of MaÅopolskie in KrakÃw was appointed plenipotentiary.",0.7839188142256304
"In addition, the Parliament also adopted a law in the summer of 2010 to streamline the land appropriation procedures for investments in flood protection, in line with the procedures for highway construction.",0.9258863275701349
The government policies call for a long-term program with institutional strengthening and extensive investments to address the flood risks.,0.8489405892112039
The Bank-supported Odra River Basin Flood Protection Project was the first coherent program and aimed to increase the protection level of the WrocÅaw conurbation and a series of cities and towns along the Upper Odra starting with Raciborz.,0.8892163363370028
The second program is the subject of the proposed Odra-Vistula Flood Management Project which targets (i) the remaining most vulnerable cities and towns along the main stem of the Odra as well as along one tributary (Nysa KÅodzka) that also represents a direct threat to WrocÅaw; (ii) the most vulnerable cities and industrial areas along the Upper Vistula; and (iii) selected high-priority areas on the main tributaries of the Upper Vistula.,0.5255645405162465
"In parallel, the Odra River Commission, comprising senior representatives of the Polish, German, and Czech authorities, addresses all technical aspects of the river issues of common interest.",0.7159206650473855
"It sets the standards and aims for flood protection, river management, and commercial shipping.",0.878390832380815
"The main flood protection measure consists of passive dike systems for which the crest height can be calculated so that it can withstand all high-water waves smaller than the one that is calculated to recur once in, for example, 100 years (1 percent chance of occurrence per year), which is a common minimally desired protection level for most urbanized areas and compliant with EU directives.",0.8424478010697798
"Protection levels in metropolises are typically against 1-in-500 or 1-in-1000 year floods, and it is the declared aim to achieve such level in the longer run for main cities such as KrakÃw, WrocÅaw, and Szczecin.",0.017725868658585983
The most cost-effective technology to demolish ice dams in a controlled way is by icebreaking ships that cut the ice preventively before it forms thick aggregates.,0.5331594293767755
The Polish government has the objective to develop its national expertise and institutions to better cope with the three flood types.,0.5780479257757013
"After intensive studies carried out by German research institutes, the Odra Commission had agreed in the early 2000s on the technical specifications of flood protection along the Border Odra.",0.8613844784823331
Investments and measures under the project in and along the Border Odra will assist Poland to meet these agreements.,0.9067679318514738
"The data are drawn from various studies and databases, mostly from the hydrological data collected and analyzed by the IMGW.",0.05066179145466198
"The current Design for a âcontrol floodâ taking into account the attenuation effect of the large upstream Raciborz Dry Polder, under construction, is 3,100 m3/s.",0.8795454718849876
"In the wake of the 1903 floods the extensive WrocÅaw Flood Waterway system was constructed; however, that proved seriously inadequate in 1997.",0.6890073689547452
"Because of the fractured nature of the Upper Vistula, a comprehensive and spatially integrated approach to flood protection as part of flood risk management was only proposed during a study designed to prepare the framework and tasks of The Upper Vistula River Basin Flood Protection Program which became a government document (Resolution No.",0.8551849018443715
It is oriented toward structural and nonstructural flood protection measures which are designed to gradually increase the level of flood safety of people as well as economic and cultural assets in the Upper Vistula basin with a time horizon of 2030.,0.8143199573863636
"Also, analysis of the flood waves (Hydrographic Analysis of the 1997 Flood on the Upper Vistula, IMGW, Warsaw, 1999) confirms the hydraulic disconnect between the Upper, and the Middle and Lower Vistula segments.",0.41031295602971857
"With Polandâs accession to the EU in 2004, the country has enacted reforms to apply the Water Framework Directive (WFD) and Flood Directive (FD).",0.8629068027843129
It also received access to large EU funding allocations (Structural and Cohesion Funds) that can finance up to 85 percent of eligible infrastructure and other measures.,0.9362469586459073
"In the Budget Perspective of 2007â2013, over half a billion euro was planned to be disbursed for flood-related investments (by the end of 2015), of which about half to the Odra Flood Protection Project.",0.8136262893676758
"To transpose the regulatory acquis of the EU, an umbrella-type Water Law was enacted, and the preparation of River Basin Management Plans (RBMPs) started.",0.8851950385353782
"Also, the water administration was restructured with the establishment of seven RZGWs, with 3â4 RZGWs managing a hydrologically coherent part of the basin (Figure 2.1).",0.8664576790549539
The Voivodship ZMiUWs are responsible for all minor water courses and all dike systems that stand apart from the rivers; this pertains to the majority of dikes and embankments.,0.5177070010792125
"The main concerns pertain to the following: (i) the RZGWs solely depend on the national budget and are predominantly organized for the purpose of infrastructure development, less so for water resources management; (ii) the local accountability of the RZGWs, for example, in the form of water fee collection or through a River Council, is still very weak; (iii) 32 concern exists over the effectiveness of the integration of interests and the coordination between the 3â4 RZGWs that share responsibility over a basin, as well as between the RZGWs and the ZMiUWs; (iv) draft RBMPs that do not provide adequate rationale for the optimized selection of investments and measures based on coherent economic, environmental, and social strategies and prioritization.",0.05448262258009477
"Firstly, a new Water Law is currently proposed for adoption in Parliament to streamline the water management administrative structure and update a number of regulatory features, for example, on the preparation of the RBMPs.",0.8800865520130504
"Thirdly, by the end of 2015 revised RBMPs will be submitted, reflecting more in-depth strategic analyses of basin development and management (especially regarding flood management with âhardâ and âsoftâ measures), more rigorous economic and cost-benefit analysis, and broader consultation.",0.8171846216375177
"As it was recognized that possible approval of the RBMPs by late 2015 or 2016 could jeopardize the newly proposed Odra-Vistula Flood Management Project, the EC reviewed and endorsed the interim Updated Master Plans for the river basins in October 2014.",0.864702744917436
"The EC agreed to the principle that many proposed investments and measures are of no-regret nature, and can be implemented with due safeguards and proper cautious preparation, while other investments and measures have long-range and complex impacts that affect the design, operation, and integrity of other defense structures as well as other land use and environmental features in the basin, and, therefore, these need to be assessed within the context of a full-fledged basin-wide analysis and plan.",0.8594715811989524
"In October 2014, the EC endorsed an Annex with List 1 identifying 2,100 proposed investments and measures that are of no-regret nature and, if prepared properly, would be eligible for EU Structural and Investment Funds in the Perspective 2014â2020.",0.9012945348566229
The Annex List 2 comprises 450 items that are considered complex and/or subject of decisions that require a basin-wide analysis; these investments and measures can potentially be eligible for EU funding after approval of the RBMPs that will need to be resubmitted after 2015.,0.8817939758300781
Flood Management Investments and Measures Prioritization 16.,0.8876248272982511
The government is embarking on a nation-wide analysis of flood risks and response strategies to develop a comprehensive and long-term program for investments and measuresâspanning several decadesâto achieve protection levels against floods that are in line with the EU FD and good international practices.,0.8760541569102894
"For the project, a selection of priority investments and measures was agreed upon.",0.9091392863880504
"The selection was guided, foremost by the locations that had experienced historical records of devastating nature (existence of âhot spotsâ that are recognized to be particularly vulnerable to floods, yet, where mitigation measures would probably be cost- effective), by the desire to work in coherent areas (thus, in certain sub-basins where individual investments and studies could generate mutual benefits), where it would be possible to build on the lessons learned and the institutions developed under the ongoing Odra River Basin Flood Protection Project, and where a generally good level of readiness was observed.",0.2437955682927912
"33 Figure 2.1: Diagram of Institutional Arrangement for Water Resource Management (Status 2014) Indicating Project Steering Committee, Project Coordination Unit (PCU), Project Implementation Units (PIUs), and Main Fund Flows (simplified).",0.838420261036266
"The maps are based on new-generation digital elevation maps created from remote sensing and LiDAR surveys; they are prepared for return periods of 10, 100, and 500 years.",0.6999819495461204
"Thus, this flood hazard information needs to be complemented with both ground-truthing to ensure that the simulation outputs reflect actual observed flood extents and with an analysis of damages and losses.",0.44643098657781427
The project will also be 14 Flood damage relates to the physical and non-physical costs for reconstruction and repairs of infrastructure and other assets to restore livelihoods to the situation before the flood.,0.9095305529507723
"Flood losses comprise the costs to the economy resulting from disrupted economic activities, notably loss of income of businesses and households.",0.3032473867589777
34 targeting investments and measures with a high level of technical readiness that can be completed by 2023 (which is also the closing date for EU-approved expenditures in the new Perspective).,0.8704806241122159
"The project would notably seek âno regretâ investments and measures.15 Finally, across the board the project would give priority to investments that (re-)create space for the river and/or increase the retention capacity upstream for excess water, over alternatives that construct dikes and embankments that may potentially increase the flood wave crest downstream.",0.8531641526655718
"Investments in upstream retention, generally, can also lead to lower investments downstream.",0.08771702918139371
This component will also allow to maximally benefit from the existing institutional structure for project implementation created by the Odra River Basin Flood Protection Project.,0.8707209500399503
It is expected that the results of this component will assist Poland to meet the international agreements on the Odra management.,0.8781815442171964
"In addition, in the sub-basins of the tributaries 15 No regret measures are those that are characterized by the following: (i) having only local impact, hydraulically and environmentally, or, if there is downstream or upstream impact, this is well understood and managed; nor are they themselves impacted significantly by the design of future upstream or downstream investments; (ii) in demonstratively vulnerable areas associated with high benefits from protection measures that are unlikely to be excessively expensive; (iii) without complex interactions across a large part of the basin that would necessitate a robustly optimized basin plan to yield the most cost-effective variant, and (iv) have a comparatively modest ecological footprint and are otherwise non-controversial.",0.8945769396695223
"For several proposed works and measures, the economic rationale is confirmed and advanced documentation for works exists, yet for other sets of investments additional studies to optimize the investments will be required before further decisions can be made on their merit.",0.4015356410633434
"d. Flood forecasting and improved operational management, because it would assist the IMGW and the IMGW-PIB (the IMGW offices in KrakÃw) with further expanding their forecasting capabilities with respect to rainfall and flood wave propagation, based on the investments made under the Odra River Basin Flood Protection Project.",0.9044912511652167
"The component would also finance two operations rooms in the RZGWs (WrocÅaw, KrakÃw) to allow real- time overview of flood wave development, analysis of flood hazards such as dike breaches, and the data-driven operation of reservoirs, dry polders, and barrages with the aim to minimize damages.",0.867830363186923
"It is to be noted that the Flood Hazard Maps identify vulnerable areas that, however, have not been prioritized for the project.",0.7715566808527167
"The Warta was not prioritized because it has a low readiness to proceed, which is the consequence of the presence of the large Natura 2000 protected forest tracts that, for the moment, preclude investments in flood management.",0.9108508716930043
Developing integrated plans and consensus on the management of the water resources and environmental values in that area will require more years of consultations and studies.,0.8643559542569247
"However, because the flood plain is relatively wide in that section and the vulnerable asset values in the surrounding areas are limited because of relatively good natural protection of towns, the area was not considered a priority.",0.3889761838045987
The flood risks along the Odra main stem and its tributaries are well documented and the remedial investments and measures extensively studied.,0.8536522605202415
"The draft Updated Master Plan and the draft RBMP for the Odra largely confirm the existing long-list of required investments and measures that had been identified before; however, the plan also introduced corrections.",0.6802505146373402
"On the other hand, the preparation of such a long-list of meritorious investments and measures had to be initiated for the Upper Vistula.",0.6562974669716575
"Similarly, the FD requires the preparation of Flood Risk Maps and Flood Hazard Maps.",0.21141672134399414
"The ensuing flood management measures need to be informed by, and integrated in, the RBMPs.",0.8565186587246981
"Thus, under the plenipotentiaries, funding studies are being conducted in 2013â2015 to define flood management strategies and identify and describe the optimized strategies for investments and other measures.",0.9096385782415216
"The study program comprises studies per sub-basin to identify all flood risks under 1-in-50 and 1-in-100 year flood 36 events, identify the possible investments and measures, analyze the possible hydraulic and other interactions between these individual investments and measures (applying routing and 1-D and 2- D simulation models), optimize the technical design of assemblages of all measures (the variants), quantify the costs of each variant as well as the benefits (assuming that dwellings can accept an occasional inundation of up to 0.5 m), and then optimize the variants based on economic, social, environmental, and operational criteria.",0.8238462101329457
"In some sub-basins and sub-sub-basins the variant with the string of investments along the river is heavily dependent on the feasibility of the option to construct sizeable (dry or wet) reservoirs upstream, such as is the case in the WisÅoka sub-basin where more extensive study is required on the upstream KÄ ty-Myscowa multipurpose (wet) reservoir.",0.43103105371648615
"In these instances, the project will support financing for in-depth studies but not the investments in works.",0.18116570602763782
Component 1: Flood Protection of the Middle and Lower Odra (Base Cost â¬446 million) 22.,0.8711080551147461
"Crossing a mostly rural and forested part of western Poland, the Free-flowing Odra does not need major dike systems, but primarily extensive river training.",0.453005313873291
"The implementing agencies involved in this component are the RZGWs of Szczecin that is responsible for the rivers and their banks along the Lower and Border Odra, and the RZGW WrocÅaw, that is responsible for the rivers and their banks along the Middle or Free-flowing Odra.",0.8016283728859641
"Dike systems and the protective structures of towns that stand apart from the river banks are under the responsibility of the ZMiUWs of Zachodniopomorskie and Lubuskie, based in, respectively, Szczecin and Zielona GÃra.",0.38728696649724786
"For the purposes of the project, the ZMiUW of Zachodniopomorskie is responsible for all dike systems to be upgraded and expanded along the Lower and Border Odra, including the wetland rehabilitation, while the ZMiUW of Lubuskie is responsible for the protective works for the town of SÅubice.",0.8656930056485262
The winter floods need to be tackled by the operation of icebreakers that have to operate preventively to avoid the build-up of ice dams.,0.6636212088844993
"Firstly, many of the old dike and embankment systems near or around towns and infrastructure need to be modernized and/or expanded.",0.4541495063088157
"Secondly, as part of the strategy to protect the Szczecin region that is exposed to a combination of sea tide-driven and river-based flood waves, the large existing MiÄdzyodrze wetland, upstream of the city and its port, will be rehabilitated to facilitate the Odra drainage (which will assist to mitigate winter floods) and accommodate high-water volumes (which will assist in summer and winter flood conditions when the northerly winds create very high tides that can last for 24 hours).",0.7309081337668679
A one meter high water layer on the wetland would store about 1 billion m3 of floodwater.,0.07157142053950917
"This rehabilitation will have the additional benefit of restoring the previous ecological conditions with significant improvements of water quality, and of the fish, macrophyte, and bird diversity.",0.5250232869928534
"Thirdly, a number of diverse investments along the river are necessary to allow the operation of the new generation of energy-efficient icebreakers.",0.8072850487448953
"Icebreaker operation is conditional upon the maintenance of the guaranteed river draught (depth) of 1.8 m (for 90 percent of a yearâs days in the section from the Warta river confluence to Wichoda, and for 80 percent of a yearâs days in the more upstream section from the Nysa-ÅuÅ¼ycka confluence to the Warta confluence), the raising of bridges and other superstructures to allow safe passage of the ships under high-water conditions, the availability of appropriate mooring and navigation facilities, and, in general, river training measures to ensure a more balanced and sustained transport of river bed load.",0.812963832508434
"After half a century of neglect, the Middle and Lower Odra River beds need to be thoroughly trained and dredged.",0.6777752529491078
"To ensure adequate depth along the centerline of the river over long distances of the river, existing and new groynes (short low breakwaters protruding perpendicularly from both river banks) and lateral breakwaters need to be (re-)constructed.",0.5455131530761719
The groynes will be redesigned to maintain erosive conditions in the river centerline to reallocate bed loads though some stretches that need to be dredged.,0.8678866299715909
The hydraulics of the groyne designs have been studied earlier with both physical and numerical simulation models at various research institutes.,0.45041405070911755
"The design dimensions to achieve protection levels against 100-year return floods (summer floods) and allow icebreaker operation in the winter, while at the same time avoid creating additional friction under high-water flow discharge condition, have been formally set in standards of the tri-lateral Odra River Commission.",0.813467719338157
The groynes on the German bank have been reconstructed over the past 10 years to the agreed standard.,0.44271781227805396
"The project, thus, will assist Poland to meet the international agreements on river management and flood protection.",0.8746965581720526
"As an additional benefit, the river training and bridge elevation will facilitate commercial shipping of larger bulk loads (construction materials and grains) and containers.",0.8544120788574219
The RZGWs of Szczecin and of WrocÅaw have developed a coherent program of river training works meeting the international Odra Commission agreements comprising groyne and lateral breakwater (re-)construction; river dredging; 38 rehabilitation and construction of bank revetments and protective works to strengthen the structural integrity of weak spots and reduce the risk of ice floe formation; dredging of selected shipping routes across lakes in the Szczecin harbor (DÄ bie Lake); and the raising of four bridges.,0.8872428373856978
"The protection investments of communities and other assets along the river is based on a prioritization analysis carried out for the Flood Risk Management Plans that have been carried out in 2014, as well as for the Updated Master Plan for the Odra that was approved in October 2014.",0.8872285322709517
"All investments under Component 1 are listed in the Updated Master Plan as well as in the Annex List 1 in the ECâs concurrence letter., This is with the exception of two additional sets of investments that are included given their importance to overall flood management namely (i) the raising of four low bridges to allow unrestricted icebreaker operation, and (ii) the modernization of old pumping stations that are essential to maintain proper drainage of lower-lying land located behind dikes.",0.9431072581898082
"The economic analysis shows that the individual investments (where required, grouped per objective, such as river training) as well as per component, meet the prioritization requirements.",0.8974422975019976
"The last summer flood episode, in 2010, was estimated to have caused damages of about Polish Zloty (PLN, Polish Currency) 302 million (â¬ 72.6 million)16 in the two Voivodships of Zachodniopomorskie and Lubuskie.17 Because the icebreaking is by their nature a preventive measure, minimizing the winter flood hazard, the aggregate actual benefits from the icebreakers are more difficult to assess as they would require a flood event without icebreaking).",0.1498318151994185
Subcomponent 1.A: Flood protection of areas in Zachodniopomorskie Voivodship (Base Cost â¬31 million).,0.8821382522583008
"The works will comprise construction of 2.3 km of flood embankments with overpasses, anti-filtration membrane, provision of mobile flood screen for one location, gabion protection, and ancillary works to protect two towns from Odra water backflow.",0.715442570773038
This task also includes modernization of the Marwicki polder.,0.6963729424910112
"The works will include the reconstruction of the 3.49 km long dike with protective screens and a top road, as well as the modernization of the Krajnik pumping station.",0.6874953616749157
A.2 Flood protection of Ognica village on Odra River.,0.8385106000033292
"The works will comprise a 300 m long flood embankment with anti-filtration screens and access roads, as well as refurbishment of the Rynica-Ognica pumping station to drain water from the land side of the embankment.",0.8877518393776633
This task also includes works at OsinÃw-Åubnica comprising of the modernization of 26.2 km of open zone between embankments (by removing obstacles and creating smooth surfaces to reduce hydraulic friction during high-water and to minimize ice jamming) and flood protection works for the Radziszewo and Daleszewo villages on the Odra.,0.8272432847456499
39 comprise reconstruction of a 1.56 km long flood embankment with filtration screens and a top road.,0.8610078638250177
A.3 Restoring natural values of the Lower Odra Valley by improving retention and flood protection capacities of the MiÄdzyodrze Wetland.,0.8581066131591797
"This wetland of 5,200 ha forms the former overflow plain situated between the two parallel arms of the Lower Odra between Gryfino and Szczecin.",0.49891835992986505
"The works will include the dredging and stabilization of 21 channels; reconstruction of 32 automatic gates, locks, and passes; levelling of 60 km of dike tops; and provision of 32 footbridges.",0.8927414634011008
The works will include the development of a hydraulic-ecological simulation model to optimize flow patterns conducive to flood management and ecological productivity.,0.8770422501997515
Subcomponent 1.B: Flood Protection on the Middle and Lower Odra (Base Cost â¬365 million).,0.8771306818181818
This subcomponent includes the following proposed works: 1.B.1 Reconstruction of river control infrastructures on the Free-flowing Odra (under RZGW WrocÅaw).,0.9115611856633966
"The task includes the reconstruction of regulating structures and groynes, lateral breakwaters, revetments along banks, bank stabilization, minor dredging, and so on.",0.8597795313054865
The works extend to about 115 km between Nowa SÃl and the Nysa-ÅuÅ¼ycka mouth and include both all activities to complete the program on the river to allow adaptation of the river to the conditions of a Class III waterway including a minimum draught of 1.8 m (Stages II and III).,0.7126001878218218
B.2 Modernization works on the Border Odra and Lower Odra (under RZGW Szczecin) to provide good conditions for icebreaking in winter.,0.6228539726950906
"The task includes the reconstruction of regulating structures and groynes, lateral breakwaters, revetments along banks, bank stabilization, minor dredging, and so on, on the river to allow adaptation of the river to the conditions of a Class III waterway including a minimum draught of 1.8 m. The works extend to about 162 km between the Nysa- ÅuÅ¼ycka mouth and the bifurcation between the western and eastern Odra branches near Gryfino.",0.7813731106844816
B.3 Construction of docking/mooring infrastructure on the Lower Odra and Border Odra including the new marking of the shipping lane.,0.8194831501353871
B.4 Improvement of flood water-flow from DÄ bie Lake in winter.,0.8030920028686523
"This task includes the deepening of the shipping route on the lake and involves dredging of about 1 million m3 of sediment, adjustments to banks and revetments, and so on.",0.8015492179177024
This task also includes dredging of the Klucz-Ustowo ditch.,0.7939761768687855
This is a minor shipping canal in the Szczecin waterway that needs to be dredged to allow ship passage.,0.7736582322554155
B.5 Raising of five bridges to ensure a minimum clearance.,0.4920197400179776
"The adaptation of the bridges is agreed under the International Odra Commission; however, for the railroad bridge technical coordination will need to be ensured with German authorities.",0.8406391143798828
"This has been initiated through the Chair of the Polish-German Border Commission, who is concurrently the plenipotentiary for the Lower Odra flood protection program.",0.7102895216508345
"40 1.B.6 Reconstruction of embankments, dikes and river bends to protect Nowa SÃl and the river stretch downstream from Krosno OdrzaÅskie.",0.7038443738763983
Subcomponent 1.C: Flood protection of SÅubice city (Base cost â¬50 million).,0.8767502524636008
This subcomponent includes the following proposed works: 1.C.1 Extension and construction of flood embankments.,0.9155593351884321
The objective is to protect the city of SÅubice against flood by reinforcing and widening the existing embankment along the Odra (from chainage kilometer 582+500 to kilometer 588+000) and building a new encircling embankment from the north (the embankment starts at kilometer 587+400 of the Odra course).,0.7879229458895597
The top of the embankment will be finished to allow emergency installation of mobile flood screens.,0.8656590201637961
The reconstruction of the beds of these waterways has the objective to facilitate proper drainage of the adjacent areas and discharge of surface water to the Racza Struga and Czarny KanaÅ beds by restoring the proper technical condition of the existing hydrotechnical devices.,0.8778731606223367
"Readiness: The works 1.A.1 Chlewice-Porzecze, 1.B.1 Reconstruction of river control infrastructure (Stages II and III), 1.B.6 Flood protection of Nowa SÃl and below Kosno OdrzaÅskie, and 1.C Flood protection of SÅubice city have sufficient information to be pre- identified and selected for further detailed analysis to confirm their inclusion.",0.6131624308499423
Component 2: Flood Protection of the Nysa KÅodzka Valley (Base Cost â¬239 million) 33.,0.8757662339643999
"Thus, this component will contribute significantly to the protection of the WrocÅaw conurbation and is a necessary complement to the investments on the Upper Odra (Raciborz) and in the WrocÅaw Floodway System that are funded through the ongoing Odra River Flood Protection Project.",0.9226817217740145
"The flood risk mitigation comprises a combination of upstream dry floodwater retention reservoirs (dry polders), dike systems, and measures to increase the flood wave passing capacity such as widening the channel girth by removing added obstacles and reducing friction, raising of minor bridges, and so on.",0.8677603981711648
"The aggregate effect of the four dry polders is to reduce the peak discharge rate by about 110 m3/s in the town centers of KÅodzka and Bardo, and the aim is to cap the outflow from the valley at the Q1% discharge rate of 1,400 m3/s; the effect would be to lower the flood wave peak level by 5â90 cm for the duration of the flood episode, depending on the location.",0.783191594210538
"Downstream of Bardo, the Nysa flows into two existing wet reservoirs (as the future and final investment for flood protection of the Nysa Valley downstream of the city of Bardo, a third dry or wet reservoir Kamieniec ZÄ bkowicki is planned for which the technical and economic feasibility still needs to be studied comprehensively).",0.8928231326016512
"With respect to the protection of WrocÅaw, the mathematical hydraulic routing studies have confirmed that the operation of the four new dry polders would add a delay factor that would help to avoid the synchronous cresting of both the Upper Odra and the Nysa near WrocÅaw, thus adding an additional level of security, and generating additional benefits.",0.8893231478604403
The investments and measures will be implemented by the RZGW WrocÅaw and the ZMiUW of Dolnoslaskie in WrocÅaw.,0.8996338410810991
"Both the PIUs have cooperated in the ongoing Odra River Basin Flood Protection Project and have, thus, a high level of institutional preparedness.",0.8306447809392755
Subcomponent 2.A: Active protection (Base Cost â¬108 million).,0.7783253409645774
"This subcomponent includes the following proposed works of dry polders (for technical specifications and effect, see table 2-3): 2.A.1 Construction of the BoboszÃw dry flood control reservoir on the Nysa KÅodzka River and the Roztoki Bystrzyckie dry flood control reservoir on the GoworÃwka stream.",0.8946739543568004
"For the BoboszÃw, the dry detention basin will be located in the river valley near the towns of BoboszÃw and Pisary, above the locality of MiÄdzylesie.",0.8351705724542792
"The salient parameters of the reservoir are: maximum capacity of 1.4 million m3; dam length along the crown axis of 230 m; maximum dam height of 17 m; reduction of the design flood wave (200 year return period) is 61 percent, and the reduction of the âcatastropheâ flood wave (500 year return period) to establish the structural integrity of the dam body, of 39 percent.",0.8816578604958274
"For the Roztoki, the dry detention basin will be built in the GoworÃwka stream valley above the Roztoki locality.",0.8188149712302468
"The salient parameters of the reservoir are: maximum capacity of 2.7 million m3; dam length along the crown axis of 750 m; maximum dam height of 15.5 m; reduction of the design flood wave (200-year return period) is 58 percent, and the reduction of the control (âcatastropheâ) flow (500-year return period) to establish the structural integrity of the dam body, of 46 percent.",0.8851176175204191
A.2 Construction of the SzalejÃw GÃrny dry flood control reservoir on Bystrzyca Dusznicka River and the Krosnowice dry flood control reservoir on the Duna torrent.,0.8721206838434393
"For the SzalejÃw GÃrny, the basin will be constructed in the valley of the Bystrzyca Dusznicka River near the locality of SzalejÃw GÃrny and above the town of SzalejÃw GÃrny.",0.7173084779219194
"The salient parameters of the reservoir are: maximum capacity of 9.9 million m3; dam length along the crown axis of 735 m; maximum dam height of 19.3 m; reduction of the design flood wave (200-year return period) is 51 percent, and the reduction of the control flow (500-year return period) to establish the structural integrity of the dam body, of 20 percent.",0.8841342926025391
"The salient parameters of the reservoir are: maximum capacity of 1.9 million m3; dam length along the crown axis of 450 m; maximum dam height of 15.7 m; reduction of the design flood wave (200-year return period) is 76 percent, and the reduction of the control flow (500-year return period) to establish the structural integrity of the dam body, of 54 percent.",0.8836625706065785
"43 Table 2.3: Aggregate Hydraulic Flood wave Attenuation Effect of Four Dry Polders at Different Downstream Transects Discharge Effects of 4 dry polders Without Key Transects of the Rivers in Chainage Polders Discharge Descent of the Nysa KÅodzka Valley m Q1% Reduction Peak Water mÂ/s Q1% Level mÂ/s m 1 Polder BoboszÃw 179,820 53 41 -0,94 2 Gauge station MiÄdzylesie 172,855 69 19 -0,67 3 Nagodzice town 168,798 120 17 -0,13 4 Mouth of Goworowka 167,108 141 24 -0,32 River 5 Gauge station Bystrzyca 151,438 337 42 -0,17 KÅ.",0.7445571205832742
Subcomponent 2.B: Passive protection (Base Cost â¬131 million).,0.8440787575461648
B.1 Flood protection of the Nysa KÅodzka and Åcinawka River Valleys.,0.7903392965143378
"As part of the entire work, in particular, the following will be performed: section-based modification and renovation of the existing bank protection measures; construction of new embankments and floodwalls on the section whose total length is 14.5 km; modification of the existing embankments and floodwalls on the section for a total length is 6.5 km; enhancement of throughput of 38 bridge and footpath structures; and enhancement of throughput of 13 small weirs and barrages.",0.977324745871804
"In total, work will be performed on a 26.8 km long river section.",0.4635881944136186
"As part of the 45 entire work, in particular the following will be performed: section-based modification and renovation of the existing bank protective measures and enhancing the throughput of river and stream beds; construction of new embankments and floodwalls on the section for a total length of 8.5 km; modification of the existing embankments and floodwalls on the section for a total length of 1 km; enhancement of throughput of 20 bridge and footpath structures; and enhancement of throughput of 5 minor weirs and barrages.",0.9476107684048739
B.2 Flood protection of the BiaÅa LÄ decka River valley and Morawka River and the Bystrzyca Dusznicka River Valley and Kamienny Potok River.,0.8478033759377219
"In total, work will be performed on a 36.40 km long section of the BiaÅa LÄ decka River and a 6.90 km long section of the Morawka River.",0.44537539915605023
"As part of the entire work, in particular, the following will be performed: section-based modification and renovation of the existing bank protective measures and enhancing the throughput of the two river beds; construction of new embankments and floodwalls on the section with a total length of 25 km; modification of the existing embankments and floodwalls on the section whose total length is 4 km; enhancement of throughput of 23 bridge and footpath structures; and enhancement of throughput of 9 minor weirs and barrages.",0.9661778536709872
"As part of the entire work, in particular, the following will be performed: section-based modification and renovation of the existing bank protective measures and enhancing the throughput of the beds of the two rivers; construction of new embankments and floodwalls on the section with a total length of 8 km; modification of the existing embankments and floodwalls on the section with a total length of 6.5 km; enhancement of throughput of 66 bridge and footpath structures; and enhancement of throughput of 12 minor weirs and barrages.",0.9490698901089755
46 Component 3: Flood Protection of the Upper Vistula (Base Cost â¬202 million) 43.,0.8768782182173296
"Therefore, the potential flood risk (the population number as well as their property and economic asset value, times the hazard) is also higher than the average risk for the whole country.",0.054510550065474075
"Thus, the prioritization of the Upper Vistula for the project has a sound technical, social, and economic rationale.",0.469772685657848
"The concerted action to prepare a comprehensive and long-term strategy was initiated in 2011 but was catalyzed by, on one hand, the requirement to develop EU-compliant Flood Hazard Maps and Flood Risk Maps, and, on the other, the opportunity to draw lessons from the Bank-financed Odra River Basin Flood Protection Project and extend its implementation structure to the Upper Vistula through the new project.",0.874732104214755
"The Raba tributary, and, inside that sub-basin, selected coherent investments that were prioritized based on a technical, social, and economic ranking of strings of investments 4.",0.6104945269497958
"The San tributary, and, inside that sub-basin, selected coherent investments that were prioritized based on a technical, social, and economic ranking of strings of investments 46.",0.743766264481978
"Though the Raba and San rank high in priority among all right-bank sub-basins and command priority attention, they may not necessarily yield the highest economic returns when all benefits are calculated across the whole basin and for all possible precipitation and investment scenarios.",0.44667278636585583
"However, these other sub-basins have a more complex hydrology, and the flood management 47 strategies for these sub-basins will need to be developed further over the next years.",0.8452261144464667
"For example, of the right bank tributaries the Dunajec and the WisÅoka sub-basins, located between the Raba and the San sub-basins, carry the highest flood volumes into the Upper Vistula, but their flood management strategy and investment program would be greatly influenced by the question whether large multipurpose reservoirs in those sub-basins (for example, the KÄ ty- Myscowa on the WisÅoka) would be economically and socially feasible.",0.7266223213889382
"Similarly, the scenarios for flood management in the part of the basin upstream of KrakÃw are complex, and they are heavily defined by the operational modes of the two existing large multipurpose reservoirs, that is, the Åwinna- PorÄba, located about 62 km upstream of KrakÃw on the Skawa tributary, and the reservoir cascade of the Tresna, PorÄba, and Czaniec, on the SoÅa tributary, about 100 km upstream of KrakÃw.",0.7811539389870383
"The project will fund the requisite integrated studies to assist the government with the development of integrated flood management strategies, and for the preparation of the tender documentation of selected prioritized investments, for the main right-bank sub-basins (San, WisÅoka, Dunajec and Raba) and for the Upper Vistula system, upstream of KrakÃw.",0.9583681279962714
"The spatial distribution of the flood damage to public assets in 2010 is shown in table 2.5, however, the figures exclude damage to movable assets of private entities and individuals, a part of the damage to municipal infrastructure, and the (indirect) losses, that is, those caused by disruption of economic activity, which were exceptionally high due to the two-month persistence period of the flood.",0.576779538934881
"Generally, these are competent agencies familiar with large hydraulic works.",0.3928005045110529
"Moreover, given that during implementation, studies will be prepared to identify future investments in the Upper Vistula, RZGW KrakÃw may be a future PIU and as such is included in the program.",0.27781694585626776
Subcomponent 3.A: Flood protection of Upper Vistula towns and KrakÃw (Base Cost â¬52.5 million).,0.8820306604558771
"KrakÃw is under a constant pressure of development in its old historic center and externally, as the region is expanding its industries, commerce, and touristic assets.",0.5258567983453925
"Furthermore, over the past century two bridge structures, one 50 m upstream (DÄbnicki bridge) and the other 100 m downstream of the bend (Grunwaldzki bridge), have added to hydraulic friction in the form of the bridge buttresses in the river channel and (in high- flow condition) their low-hanging understructures and beams.",0.15845882892608643
"Thus, it has been concluded that the original embankment height should be essentially maintained, but that the dike bodies need to be rebuilt according to modern standards, and notably should have impermeable screens to prevent seepage and upwelling phenomena.",0.7408455935391512
49 c. Rainwater and run-off management in the city region is mainly based on a combined sewer system and on storm water drainage.,0.7932782606645064
"Therefore, measures need to be taken to readily convey rainwater from the city area to the river system.",0.8080111416903409
"d. Finally, three barrages regulate the Vistula River flow, that is, the KoÅciuszko Barrage (about 7 km upstream of the city), the DÄ bie Barrage (about 5 km downstream of the city), and the PrzewÃz Barrage (near Nowa Huta, about 12 km downstream of the city).",0.6488220908425071
"This infrastructure stabilizes the river water table within the city under normal conditions but it poses an additional risk under flood conditions, as two of the three barrages have proven unable to cope with the hydraulic discharge under high-water condition, which results in the reduced flood carrying capacity as well as in the loss of stability of the riverbed downstream of the barrages and adverse morphological changes in the riverbed upstream of the barrages.",0.709133581681685
A.1 Construction of Vistula embankments in KrakÃw.,0.40454899181019177
"This task comprises the completion of the passive protection along the Vistula over a distance of 20.95 km, in three sections.",0.7603026303378019
"Section 1 comprises left bank works from the Wandy bridge (downstream of KrakÃw) to the PrzewÃz Barrage, including backflow embankments of the DÅubnia River and the Harbor Canal near Nowa Huta (7.13 km).",0.6277355280789462
"The modernization and reconstruction of the dikes are based on the design flow of Q0.1% = 2,800 m3/s and a control flow (to design for structural integrity) of 3,600 m3/s which implies that the heights are determined by the existing structures with an extra crest elevation of 0.3â0.5 m to compensate for sagging of the dike body and provide adequate freeboard.",0.8248975060202859
"These designs are based on the Concept Study of 2000, and the legal requirements for embankment design.",0.8671377355402167
"The sections of the embankments upstream and inside the city have been, or are in the process of being completed (under the ZMiUW of MaÅopolskie and the Cityâs Infrastructure and Drainage Department), and this also pertains to the embankments at PleszÃw harbor.",0.8184967041015625
A.2 Flood protection in Serafa Valley.,0.8383186513727362
The task will comprise construction of four small dry polders to complement a fifth that has just been completed by the ZMiUW.,0.8370396874167703
"The proposed dry polders are the Serafa 2 Dry Polder (dam height 2.2 m, storage volume 50,000 m3), and three MalinÃwka Dry Polders (with dam heights of 4.9, 4.9, and 7.9 m, and storage volume of 115, 55, and 80 thousand m3, respectively).",0.8523027246648615
"The pre-feasibility studies were completed in 2010, based on hydraulic modelling of the flood routes.",0.8723225160078569
Subcomponent 3.B: Protection of Sandomierz and Tarnobrzeg (Base Cost â¬97.5 million).,0.7963641773570668
"The 2010 flood crest reached the top of the embankments but the dike breaches were caused by seepage and collapse of the embankments caused by saturation after an unusually protracted high water condition and the occurrence of a double wave crest (associated with flood waves of 5,264 and 4,722 m3/s, respectively) of which the second proved most destructive.",0.07753533666784113
"Simulation studies confirm that the goal to provide protection against 100-year return period floods at Sandomierz will require combining passive protection (embankments along the Vistula as well as along tributaries to protect against backwater) and active protection upstream in the form of overflow areas, dry polders, and multipurpose reservoirs both along the Upper Vistula itself and on the main tributaries whose mouths are located relatively close to Sandomierz, notably the WisÅoka, Dunajec, and Raba tributaries.",0.7013701092113148
"The function and feasibility of large multipurpose reservoirs will need to be the subject of more expansive analysis, and this will, in turn, define the role of new overflow areas and dry polders upstream of Sandomierz.",0.796416542746804
"Therefore, the embankments at Sandomierz will be designed at levels that are comparable to the 1997 and 2010 floods, that is, for a design flood of 5,800m3/s as these are about the tallest that can be feasibly constructed.",0.5695509910583496
"The incremental protection to reach the Q1% flood protection of 6,600 m3/s will need to be obtained from upstream flood wave retention.",0.8740866400978782
"Tentatively, the required storage capacity has been calculated as about 160 million m3, which is also the volume that was spilled in the 2010 flood episode.",0.8161026347767223
B.1 Flood protection Sandomierz.,0.4956950707869096
Flood protection for AtramentÃwka river estuary including the new KocmierzÃw pump station.,0.8650999069213867
The pump station will have a capacity of 1.5 m3/s.,0.7433898232199929
Struga A river flood protection including the Nadbrzezie pump station modernization.,0.8734248768199574
The Struga A flood protection will extend over a distance of 1.6 km; the pump station capacity will be upgraded to 2 m3/s.,0.8596968217329546
Expansion of embankments protecting the glassworks and residential areas in Sandomierz.,0.9078885858709161
"The length of the embankments will be approximately 2.78 km, with a crest height of 1.67 m. 4.",0.23281257802789862
"The total embankment length will be 27.3 km, and the dikes will be raised by approx.",0.6879623152992942
Szewce pump station reconstruction.,0.5977243943647905
This will encompass the construction of a new retention tank extension and new outlet.,0.5903149518099698
Extension of the Zajezierze pump station.,0.6891300028020685
B.2 Flood protection Tarnobrzeg.,0.7411812868985262
"The works will comprise the Vistula right bank dike extension (13.959 km), the San right bank dike extension (2.193 km), and the ÅÄg river left bank dike extension (0.112 km).",0.8696911551735618
Sub-component 3.C: Passive and active protection in Raba Sub-basin (Base Cost â¬32 million).,0.7188463644547896
"This subcomponent will include a number of works in the Raba sub-basin that are selected using an optimized investment variant (investment scenario) which prioritizes those investments that increase retention of water upstream and/or combine social and technical feasibility with the highest economic returns, that is, those that generate demonstrated benefits at local scale, in the downstream stretch, as well as further downstream along the Upper Vistula.",0.8479083668101918
A key structural element for generating flood protection is the Dobczyce Reservoir which was constructed in 1985 for the dual purpose of providing drinking water for the KrakÃw agglomeration22 and for storing floodwaters.,0.8802687905051492
"However, the new calculations show that the reservoir could play a larger role, at low cost, by storing an amount of 20 M m3 of floodwater.",0.8674353686246005
"This would have, possibly, implications for the safeguarding of the water quality.",0.7475384798916903
"Similarly, other important active flood retention structures have been identified but the hydraulic impacts of these, and the technical feasibility need to be confirmed.",0.4094588973305442
"The Phase 1 investments are those that have been confirmed on technical and economic merit, and whose functioning does not depend on the selection of the other structural elements and other measures (notably, the change in the operational schedule of the Dobczyce Reservoir) in the basin.",0.8722080750898882
"The Phase 2 investments are those that have been identified as key elements in the most cost-effective and sustainable variant, but still need to be confirmed, as well as their geological surveys and detail designs completed; this would pertain to 4 dry polders, and 1.6 km of new dike.",0.8718472394076261
"The Phase 1 investments concern the upgrade of the WiÅniowa lagoon (Krzyworzeka) near the Raba river outlet, and the modernization and expansion of selected dikes (15 km) and boulevards (3.3 km) along the Raba River itself and key tributaries.",0.6887820850719105
"The subcomponent will finance the Phase 1 investments, and the full preparation of the Phase 2 investments, to bidding level.",0.5985690030184659
Subcomponent 3.D: Passive and active protection in San basin (Base Cost â¬20 million).,0.847798694263805
"This subcomponent will include a number of works in the San sub-basin that are selected using an optimized investment variant (investment scenario) which prioritizes those investments that increase retention of water upstream and/or combine social and technical feasibility with the highest economic returns, that is, those that generate demonstrated benefits at local scale, in the downstream stretch, as well as further downstream along the Upper Vistula.",0.8391610925847833
"Like in the Raba basin, key structural elements for are flood reservoirs and dry polders that have been identified, but the hydraulic impacts of these, and the technical feasibility need to be confirmed.",0.690805045041171
"The Phase 1 investments have been confirmed on technical and economic merit, and their functioning does not depend on the selection of the other structural elements and other measures (notably, the construction of flood retention reservoirs and dry polders) in the basin.",0.9070854187011719
"The Phase 2 investments are those that have been identified as key elements in the most cost-effective and sustainable 22 The preparation involves the Miejskie PrzedsiÄbiorstwo WodociÄ gÃw i Kanalizacji SpÃÅka Akcyjna w KrakÃwie (KrakÃw Water Supply and Sewerage Corporation) as the conversion of the reservoir will likely affect water quality, and some adjustments need to be made to intake and other structures.",0.8908948031338778
"The Phase 1 investments concern the Sanozcek dike (1.61 km), and the construction of the Golcowa dry polder (Ropa River).",0.7909030914306641
"The subcomponent will finance the Phase 1 investments, and the full preparation of the Phase 2 investments in the three sub-basins, to bidding level.",0.6917728944258257
"Readiness: In Component 3, the 3.B.1 Flood protection of Sandomierz (part 1 activities under the ÅZMiUW PIU) activity has sufficient information to be pre-identified and selected for further detailed analysis to confirm their inclusion.",0.002158303660425273
Component 4: Institutional Strengthening and Enhanced Forecasting (Base Cost: â¬124 million) 55.,0.6982586167075417
The Bank has maintained a dialogue with the government and the EC on the institutional reforms and the next steps on the road toward integrated water resources management (IWRM) in Poland.,0.8946769020774148
"A consensus has emerged that the EC is better placed to carry out a dialogue on the institutional and regulatory aspects of flood management, because of its acquis communautaire (the accumulated legislation, legal acts, and court decisions which constitute the body of European Union law) and the requirement that member states transpose the WFD.",0.8671761426058683
"These arrangements are based on the following principles: identification of investments and measures based on a prioritization within the context of a river basin-wide management plan; economic analyses to select cost-effective options including a risk-based approach to investments; creating âroom for the riverâ and flood wave retention capacity upstream, rather than constraining river flow by dikes; integration with environmental values; management plans based on broad consultation with stakeholders; and sustained financing through fee collection and/or transfers from the national or regional budgets.",0.9664894450794567
The acquis is considered best-practice and compatible with the Bankâs policies.,0.08666139841079712
"The EC intensively monitors and assesses this development, is able to fund capacity building, and disposes of financial incentives to the reform.",0.7475923191417347
"For example, the EC is the main financier of the national Flood Hazard and Flood Risk Maps, and of numerous studies and TA relating to the legal drafting and RBMP preparation.",0.8654193011197177
"Poland, EC and co-financiers have confirmed their preference of technical and operational leadership by the Bank for new large investment programs with the partial aim to use the programs to bring the institutional innovations into practice and pilot initiatives that are less well covered under EC support, such as the conversion of RBMPs into realistic investment programs.",0.6269552924416282
"The project will therefore focus on (i) the support for the preparation of the RBMP and investment prioritization plans for key sub-basins of the Upper Vistula basin which has a complex hydrology; (ii) enhanced capacity for forecasting and early warning, and for real-time operational management; (iii) strengthened monitoring of impacts; (iv) and strategic communication of flood risks.",0.8868260817094282
The component will selectively support the strengthening of institutional capacity in priority areas: (i) enhancing the emergency preparedness along the main rivers and their tributaries in South and West Poland by enhancing the forecasting and operational water management capacity; (ii) strengthening the procedures and capacity to prepare river basin management plans and investment 53 prioritization plans that are compliant with the EU WFD and FD; (iii) strengthening the impact monitoring; and (iv) enhance the communication capabilities.,0.8995127244429155
The component builds logically on the support to the flood forecasting capacities of Poland extended under the two earlier Bank Odra Projects as well as under other financing from the EC.,0.917175986550071
"The ongoing Odra River Basin Flood Protection Project has notably assisted the IMGW to consolidate, on a generic basis at national level, its technical capacity for more reliable and more longer-time forecasts by improving its data base, its data management protocols, and its forecasting routines and Hydrometeorological Monitoring, Forecasting, and Warning System (SMOK).",0.8684972416270863
The new project will further strengthen the flood monitoring and warning system for the Upper Odra and for the Upper Vistula at a more operational level.,0.8706995357166637
"The component will notably be arranged to ensure that the activities on the forecasting side (IMGW-PIB) and the operational side (RZGWs) will become better integrated and made complementary, avoiding overlaps and gaps.",0.22936560890891336
Strengthening of the flood forecasting system and the operations centers will contribute substantially to the flood reducing benefits obtained with the construction of dry polders for flood management in Poland under the current and all previous investment schemes.,0.9317726655439897
"The activities will also specifically investigate the type of appropriate software and hardware to improve the reliability and lead time for flash flood warnings in sub- basins that are prone to such events, and to analyze appropriate flood mitigation investments.",0.8664441542191939
"These subcomponents complement each other and will lead to a fully integrated system which provides IMGW/ IMGW-PIB, in their forecasts, with the benefits of knowledge on the immediate hydraulic structure operations carried out by RZGW, while RZGW will have at any time the most up-to-date information on forecasted river discharges.",0.9004861658269708
Subcomponent 4.A: Improvement of the Flood Monitoring and Warning System (Base Cost: â¬ 87 million).,0.87933011488481
"To achieve this, many of the monitoring instruments require replacement.",0.40864003788341174
The current World Meteorological Organization standards require a higher density of monitoring equipment and upgrading.,0.8185456015846946
"For more effective flash flood forecasting, at this moment a weak class of forecasts, ânowcastingâ or ultra-short-term forecasting needs to be incorporated, primarily aimed at avoiding loss of life.",0.2985049161044034
The improvement of the flood forecasting system under the project foresees the following activities under the subcomponent23: i.,0.863739707253196
Modernization and expansion of the network of telemetry weather monitoring stations for the needs of hydrological forecasting and modelling.,0.8495290929620917
Principal investments include: (a) improvements/replacements at automatic weather stations; (b) replacing tipping bucket rain gauges by more reliable laser gauges; (c) installing snow depth sensors; (d) upgrading radio communication systems; (e) equipping some stations with water quality monitoring facilities; and (f) various installation and construction works.,0.6311189911582253
Modernization and expansion of the system of measurements and forecasts of hydro- meteorological and oceanographic parameters in the waters of the Baltic Sea to enhance the flood protection of the coastal areas.,0.8445647846568715
Principal investments include: (a) measurement equipment with sensors and data transmission equipment; (b) maintenance equipment; and (c) hydrodynamic modelling of the Baltic coastal zones.,0.8449601260098544
Modernization of the network of the POLRAD weather radars to increase the effectiveness of the hydrological models).,0.8305308602072976
"Principal investments include the installation of various fixed and mobile radars, radar tower adaptations, or the new construction of these.",0.4573753530328924
"Update and modernization of the Hydrology System (a Management Information System [MIS]), including the development of training, application, and infrastructure.",0.8701552477749911
Principal investments include: (a) hydrological and hydraulic model development; (b) further development of the MONITOR IMGWâPIB system or acquisition of an alternative platform; (c) workstations and other hardware; and (d) training and development of the simulation platform.,0.797849481756037
"v. Modernization and development of an integrated hydrological and hydraulic modelling system as part of the hydrological monitoring, forecasting and warning system.",0.8694725903597745
Principal investments include: (a) rainfall-runoff model development; (b) hydrodynamic model development; and (c) training.,0.8531104868108575
Principal investments include: (a) IT platform extension; (b) development of the national flash flood forecasting system; and (c) catchment indexing and rainfall-runoff model development.,0.9693728360262784
"The objective of this investment is the further preparation of two RZGW operations centers (WrocÅaw and KrakÃw) to provide: (a) disaster risk reducing information during flood emergencies to the Voievodes in the respective RZGW regions; (b) improved operation of the dry polders, flood and multipurpose reservoirs, barrages and locks, and pumping stations, to create optimal flood wave routing scenarios that minimize flood damages; and (c) support the daily operations of hydraulic structures under RZGWâs responsibilities.",0.9487669684670188
"Partly, 23 Modernization and development of the flood monitoring and warning system, IMGW-PIB,  55 these services are a follow-up to the flood forecasting system and related flood forecasts developed further under IMGW responsibility.",0.8684233752163973
Principal achievements of this investment will be the high potential to reduce flood damages in case of emergencies and the prevention of flood damages due to better guidance for icebreaking operations.24 Principal activities of this subcomponent are: i.,0.8480342518199574
"This work package comprises the following subtasks: (a) installation of monitoring and telemetry equipment at reservoirs, dry polders, and critical dam/dike sections; (b) modernization and implementation of local control systems for selected hydraulic structures; (c) improvement of equipment for guiding the inland navigation on the Upper, Free-flowing and Lower Odra; (d) modernization of field/mobile units; (e) installation of equipment at the operations and crisis centers to secure optimal provision of services; and (f) measures to assure reliable functioning and resilience of all essential installations).",0.8464241027832031
"Design and development of the informatics platform at the operations centers, including the user interface and the database for the storage, quality control, and retrieval of information supporting the tasks).",0.3817015127702193
Integration of the dry polder and reservoir operation system of RZGWs into the operational forecasting system of IMGW; v. Training of staff of the operations centers and the IT Department.,0.7124512845819647
Component 5: Project Management and Studies (Base Cost: â¬73 million) 63.,0.8261025168678977
The PCU will be restructured to combine the coordination of the ongoing Odra River Basin Flood Protection Project and the new project.,0.8556029579856179
"The overall management and direction of the PCU will remain located in WrocÅaw, for reasons of logistics and continuity.",0.1610394282774492
"The PCU Office in KrakÃw will comprise following staff: Office Director, Procurement Specialist, Hydrotechnical Specialist, Safeguards Specialist, and administrative support staff (2).",0.3418886228041215
24 A secondary benefit is that such system will allow simultaneously to streamline the operational supervision of shipping movements and the rapid response in case of threatening situations such as oilspills.,0.28391122817993164
"The support to the implementing agencies will consist of dedicated TA teams that will have the task to, among other things, but not limited to, review and update designs and permit applications; carry out detail designs; prepare procurement documents and supervise contractor procurement; carry out land acquisition and environmental studies; prepare FM documentation; and prepare all reporting.",0.848763032393022
"The assistance to applying IWRM and investment scenario analysis for river basin management planning and management and investment prioritization will be focused on the Bobr-Kwisa River (in the Lower Odra), and the Upper Vistula part upstream of KrakÃw25 (and including the KrakÃw passage), the San catchment, the Raba catchment, and the Dunajec catchmentâkey areas of the basin with complex hydrology and various investment options to be studied.",0.9189137545498934
"The impact monitoring will take the form of the development of procedures and guidelines for, and the conduct of, surveys for disaggregated analysis of flood impacts and impacts from flood protection; this capability will enhance the governmentâs capability to target future investments better and decide on cost-effectiveness.",0.7959369312633168
"In general, the project will closely monitor the countryâs progress in meeting the requirements under the EU WFD and FD and it will support institutional reform steps with studies and dialogue.",0.7151999907060103
"As part of this, funding will be provided to facilitate peer- to-peer dialogue on IWRM with another appropriate EU member state that is considered to have successfully transposed the EU acquis.",0.8501721295443448
A national communication strategy on floods will be developed.,0.2543310685591264
"The PCU will be able to recruit experts and consultants, for legal assistance, for additional studies (including to prepare a follow-up project), for the International Dam Safety Panel, and for audits.",0.8470428640192206
"Finally, the PCU will dispose of funds to organize training sessions and workshops, and facilitate international working visits and government-to-government cooperation 25 As part of the measures to control the extent and crest height of flood waves entering the Vistulaâs KrakÃw section, the feasibility of dry polders will need to be studied to be located about 20 km upstream of KrakÃw.",0.8404149142178622
"The polders are the Gromiec, Jankowice, Smolice, Spytkowice, Kamien, Rusocice, and Klokocyn and represent a total storage capacity of up to 110 million m3.",0.4187136563387784
"The positive effect of the investment concerns the lowering of the flood wave crest height by 75, 63, and 40 cm at Denbicki bridge, Grunwaldzki bridge, and Nowa Huta, respectively.",0.8467265042391691
"The project will support the development and application of a dedicated survey tool to assess citizen/ stakeholder engagement and perspectives on flood risks, risk improvement and communication with the government, disaggregated by gender, household income, location vis-Ã - vis risk, etc.",0.8084061362526633
"Secondly, the project will support the government with a general strategic study to assess the mid-term and long-term impacts of climate variability and land-use changes on the precipitation and temperature patterns and on the general characteristics of the run-off, hydrology and floodwave propagation.",0.22336972843516956
The study would formulate recommendations that would assist the government and other stakeholders to achieve better planning by incorporating such information in the river basin management plans and flood management plans.,0.6675785238092596
"58 Figure 2.2: Flood Hazard Map for Q1% Floods for the Odra River Basin, Reflecting the Impacts of Both Summer and Winter Floods (Component 1) Source: âPreliminary assessment of flood riskâ, National Water Management Authority (KZGW), Warsaw, 2014 - ",0.6771802468733354
"59 Figure 2.3: Flood Hazard Map for 100-year Return Period (Q1%) Floods for the Nysa KÅodzka Sub-basin (Component 2) Source: âPreliminary assessment of flood riskâ, National Water Management Authority [KZGW], Warsaw, 2014.  60 Figure 2.4: Flood Hazard Map with Depth of Water for 100-year Return Period (Q1%) Floods for the Nysa KÅodzka Sub-basin (Component 2) Source: National Institute of Meteorology and Water Management, IMGW - Pogodynka, WrocÅaw, 2014 61 Figure 2.5: Flood Hazard Map for Q1% Floods for the Vistula and Odra River Basins Source: Preliminary assessment of flood risk, National Water Management Authority, (KZGW), Warsaw, 2014.",0.7769442471590909
"62 Figure 2.6: Flood Hazard Map for Q1% Floods for the Upper Vistula River Basin Source: Preliminary assessment of flood risk, National Water Management Authority, (KZGW), Warsaw, 2014.",0.5849650556390936
63 ANNEX 3: IMPLEMENTATION ARRANGEMENTS REPUBLIC OF POLAND: ODRA-VISTULA FLOOD MANAGEMENT PROJECT Project Institutional and Implementation Arrangements Project administration mechanisms 1.,0.8379480188543146
"The proposed project requires the close coordination of four ministries: The Ministry of Environment (MoE) for implementation, the Ministry of Administration and Digitization (formerly Home Affairs) for the flood protection budget, the Ministry of Finance (MoF), and the Ministry of Infrastructure and Regional Development for coordination of Borrower EU funds.",0.869605151089755
"Other key national-level agencies are the National Water Management Authority (KZGW), the Institute of Meteorology and Water Management (IMGW), the National Fund for Environmental Protection and Water Management and the State Rural Property Agency.",0.8540068539706144
"These government officers and agencies decide on environmental, water use, and construction permits, manage the land acquisition processes, and issue important permits for, for example, the use of roads for truck transports.",0.876922607421875
"The overall strategic coordination, guidance, and quality control will be delivered by the Inter- Ministerial Project Steering Committee (PSC)26, chaired by the Ministry of Administration and Digitization (formerly, Home Affairs) and the MoE, and in which also the MoF and the Ministry of Infrastructure and Regional Development participate.",0.846003532409668
"At the operational and day-to-day level, the coordination and quality control will remain the responsibility of the Project Coordination Unit (PCU) that is currently carrying out the same task for the ongoing Odra River Basin Flood Protection Project.",0.8525324734774503
This arrangement has proved effective in the ongoing Odra River Basin Flood Protection Project.,0.8005400570956144
"For all the activities in Components 2 and 4, and for some of those in Component 1, the PIUs will be the same as under the ongoing Odra River Basin Flood Protection Project, providing continuity, and ensuring that lessons from the current Odra River Basin Flood Protection Project will be used in the new Odra-Vistula Flood Management Project.",0.7969539815729315
26 PSC will be the same as the one for ongoing Odra River Basin Flood Protection Project.,0.8566614497791637
"The RZGW of WrocÅaw and the DolnoÅlÄ skie ZMiUW (DZMiUW) have grown over the on-going Odra River Basin Flood Protection Project period into competent and reliable institutions with demonstrated capability to carry out investment analysis and works preparation that define flood projects, including procurement and works and safeguards supervision.",0.8200912475585938
"In addition, the IMGW has implemented a large component aimed at strengthening the national early-warning and data management systems, to satisfaction.",0.6387816775928844
The new Odra-Vistula Flood Management Project will build on the experiences and staff of these two institutions.,0.839577934958718
Seven new prospective implementing agencies would be new to WB-financed operations and their capacities will need to be strengthened; this is planned to be done through the existing national systems of coordination and supervision.,0.8553610714999113
"Given that during implementation, studies will be prepared to identify future investments in the Upper Vistula, RZGW KrakÃw may be a future PIU and as such is included in the program.",0.1798951734196056
"The PCU (with support from the local representatives in KrakÃw) will be responsible for gathering and consolidating project financial information through the online reporting system, preparation of disbursement documentation (withdrawal application, SOE documentation), reporting (periodical and annual), financial planning and monitoring, monitoring of flow of funds, and supervision of implementation of EMPs and RAPs.",0.8583961833607067
Table 3.1: Implementation structure of the project â New and existing Project Implementation Units (PIUs) and Project Coordination Unit (PCU) Component Existing New Implementation Implementation Units Units (being established) 1 Flood protection of Middle RZGW WrocÅaw RZGW Szczecin and Lower Odra ZMiUW Zachodniopomorskie ZMiUW Lubuskie 2 Flood protection of Nysa RZGW WrocÅaw KÅodzka Valley ZMiUW Dolnoslaskie 3 Flood protection of Upper ZMiUW ÅwiÄtokrzyskie Vistula ZMiUW Podkarpackie ZMiUW MaÅopolskie 65 4 Institutional strengthening IMGW and Enhanced Forecasting PCU (WrocÅaw) 5 Project management and PCU (WrocÅaw) PCU Office (local studies representatives in KrakÃw) 5.,0.858848051591353
The preliminary assessment suggests that these agencies are technically and managerially capable; have a tradition of managing medium to large investments; and have expressed readiness to participate in the proposed Odra-Vistula Flood Management Project.,0.8615942868319425
"The technical capacities, as well as their capacities with respect to World Bank procurement, FM, and environmental and social safeguards will need to be further strengthened; this will be monitored closely in particular in the first years of project implementation and additional training and supervision extended, if necessary.",0.8739734996448864
"Financial Management, Disbursements and Procurement Financial Management 6.",0.05312999812039462
The FM arrangement of the ongoing Odra River Basin Flood Protection Project will constitute the core structure for the new Odra-Vistula Flood Management Project.,0.8685618313876066
"The FM assessment was completed including specification of the next steps related to the upcoming new Odra-Vistula Flood Management Project, including (i) updating of the FM section of the Project Operational Manual and its distribution to all PIUs and (ii) selection of the auditor type: NIK or private auditor.",0.5701740871776234
The overall initial FM risk for the proposed project before and after mitigation measures is assessed as Moderate.,0.4948379776694558
"The budget for the proposed project, including loan funds and counterpart funding, is included in the state budget and prepared and approved by the Parliament on an annual basis.",0.8433484164151278
"The proposed project budget is prepared in accordance with the Public Finance Law and classified as a reserve for disaster recovery, including earmarked funding from the loans (the Bank and other IFIs) with co-financing by the national budget.",0.8646939884532582
The loan funds will flow to the DA maintained by the MoF in the National Bank of Poland and from there will be transferred to the implementing agencies employing the existing budgetary procedures applicable for foreign funding sources.,0.8618118979714133
The loan funds are transferred from the MoF to the state budget account.,0.7680644989013672
"The RZGWs and the IMGWâall national government agenciesâreceive the funds through the MOE/KZGW, while the ZMiUWsâall local government agenciesâreceive them through the account of the Voivodship Marshals.",0.7084874239834872
"This process of application for funds, and, thereafter, the transfer of funds, is complex as each intermediary step requires a paper decision and separate approval from the KZGW, the MoE, the Ministry of Administration and Digitization (MAD), and the MoF.",0.8489459644664418
The time for issuing the payment decision and the actual transfer of funds via the TREZOR system takes approximately 40â60 days.,0.8535034006292169
"In the ongoing Odra River Basin Flood 66 Protection Project, the PIUs have been requesting the funds in advance to mitigate the risk of delays.",0.837895393371582
"Overall, the internal control systems at the PCU and the PIUs have been enhanced and have proven adequate in the ongoing Odra River Basin Flood Protection Project, and it relies on the existing application of the Public Finance Law requirements including the requirement for efficient and economic use of the funds.",0.7980938824740323
The contracts to be financed from the proposed project sources will be included in the Procurement Plan to be approved by the Bank.,0.863930962302468
The funds for this proposed project are included in the state budget in the so-called special reserve which is used for all external loans.,0.8457663275978782
Implementing agencies will apply for the proposed project funds including loan and counterpart funding from the ministry in line with the budgetary procedures but with an additional acceptance by the PCU.,0.6811101219870828
"The PCU will continue to monitor and coordinate the flow of funds including the monitoring of the complex flow of funds from the MoF to the implementing agencies, managing the cash flow liquidity of the proposed project by consolidation of the cash forecast, consolidation of the information about the use of the funds, and preparation of the reports and records for documentation of the expenditures to the Bank.",0.860817475752397
"Usually, contract monitoring is done in Excel and includes contract deliverables, unit/component price (if applicable), total amount of the contract, invoiced and paid amounts, and commitments.",0.10919732397252863
The contract monitoring is performed by the technical manager and/or by the financial staff in the implementing agency.,0.8169084028764204
"Formats of the IFRs have been agreed with PCU and include (i) project sources and uses of funds, (ii) uses of funds by proposed project activity; (iii) DA statement, (iv) the disbursement summary, and (v) cash forecast, but might be updated with additional reports if required by other IFIs.",0.773621299050071
"The PCU will consolidate the project financial information from all the PIUs using the online reporting system and produce full sets of quarterly IFRs to be submitted to the Bank within 45 days of the end of each calendar quarter, from the first disbursement and throughout the proposed project life.",0.8533465645530007
"The internal audit departments in the implementing agencies were created in 2002 as required by the Public Finance Law, and their work is providing additional fiduciary assurance to the 67 proposed project.",0.8567712090232156
The audit plans are established individually in each implementing agency and therefore the Bank is not able to solely rely on such audits for its fiduciary purposes.,0.8384695920077238
The audits of the proposed project financial statements will be conducted annually by independent auditors (with defined terms of reference) and according to auditing standards acceptable to the Bank.,0.30647945404052734
For the ongoing Odra River Basin Flood Protection Project the financial audit has been performed by NIK and current auditing arrangements are satisfactory to the Bank.,0.8624191284179688
"The annual audits of the proposed project financial statements will be provided to the Bank within six months after the end of each fiscal year, and also at the project closing.",0.8225664658979936
"The borrower will disclose the audit reports for the proposed project within one month of their receipt from the auditors and acceptance by the Bank, by posting the reports on its websites.",0.6260951649058949
The MoF will open a separate Dedicated Account (DA) in the National Bank of Poland.,0.8291310397061434
Bank loan proceeds will flow to the DA and from there will be transferred to the PIUs in accordance with the existing budgetary procedures applicable for foreign sources of funding.,0.7239256772128019
Withdrawal applications together with IFRs documenting the funds utilized from the DA and cash forecast requirement will be sent to the Bank every three months.,0.7978845076127485
"To facilitate the internal administration of financial flows, the share of the IBRD funding in the overall proposed project cost would be determined on an annual basis, through an Annual Work Plan (AWP) prepared by the Borrower, and agreed between the Borrower, the Bank and other partners involved in the proposed project implementation.",0.8679849451238458
AWP would provide a list of all annual activities supported by the proposed project and the co-financing arrangements for the relevant year.,0.820031079378995
"Therefore, the percentage of financing from the IBRD loan may be different in each year, depending on the availability of funds from other funding sources in each implementation year.",0.8555790294300426
"68 Table 3.2: Withdrawal of Loan Proceeds Category Amount of the Percentage of Expenditures Loan to be Financed (inclusive of Allocated Taxes) (Expressed in Euro) (1) Goods, works, non-consulting 460,000,000.00 Such percentage of Eligible services, consultantsâ services Expenditures as the Bank may (including Project audits), determine for each calendar year, starting in calendar year Resettlement Compensation, 2015, covered by the Training, and Incremental respective AWP in Operating Costs for the Project accordance with the provisions set forth in Section IV.B.2 of Schedule2 of the Loan Agreement.",0.9362851056185636
"TOTAL AMOUNT 460,000,000.00 * The sum of the Bankâs financing percentage of Eligible Expenditures under the Loan combined with the financing percentage provide by the Co-financier CEB and the Borrower equals 100% of each Eligible Expenditure Procurement 19.",0.8684277100996538
"The proposed project would provide three distinct areas with flood management infrastructure and related measures (rehabilitation of dikes, reconstruction of embankments and polders, improvements of flood water flows, dredging works, construction of dry polder, and so on): (i) the Middle and Lower Odra; (ii) the Nysa KÅodzka Valley, a large sub- basin of the Upper Odra; and (iii) the Upper Vistula.",0.9259920987215909
The Bankâs recent Standard Bidding Documents (SBD) for procurement of works will be used.,0.7614377628673207
"However, for contracts below US$20 million per contract, if the PIUs follow the NCB procedure allowing use of an open tender under the Polish Procurement Law, the Bank will review and agree on appropriate SBD.",0.5279883471402255
"The proposed project would further strengthen the national flood forecasting and operational capability of south Poland, through more advanced equipment and mathematical simulation models.",0.8656813881613992
The most recent version of the Bankâs SBD for goods shall be used for all ICB above US$2 million per contract.,0.8565876700661399
"For contracts below 69 US$2 million, the Bank's sample bidding documents for goods under the NCB may be used and the shopping procedure for goods estimated to cost up to the equivalent of US$100,000 per contract.",0.5254776261069558
"For the ICT related procurement under Component 4, the following different procurement strategies may be applied: (i) Goods approach - for general purpose hardware and off-the-shelves software (without customization) based on SBD for goods; (ii) Consulting services approach - if the hardware and packaged software content is minimal, for example, less than 20 percent of the estimated contract value, a consultancy selection procedure may be applicable with the Bankâs standard request for proposal; (iii) Single stage IT or Two Stage IT SBD - if the procurement package combines critical goods and services elements, sophisticated hardware requiring an informed performance comparison and special training requirements, a dominating value of the software packages, extra installation and support requirements for these, software design, large-scale adaptation and/or development, requirements for the supplier to continue to operate the equipment after installation, and for contracts requiring pricing for both investment and recurrent costs (life-cycle).",0.6624963933771307
"The consultant services under the proposed project will include, among other things: TA, preparation of feasibility studies, preliminary and detailed designs, and bidding documents for civil works contracts, as well as supervision of large civil works contracts.",0.39364112507213245
The ex-post review of procurement documents will normally be undertaken during the Bankâs implementation support missions or the Bank may request for any contract at any time.,0.48080461675470526
Backwater embankment of ZMiUW 1 1.A1 Odra River at MyÅla River and Modernization of 7.26 Zachodniopomorskie Marwicki polder stage I and II Reconstruction of river control infrastructure on 2 1.B1 Odra River (Stage II and III).,0.9337810169566761
Adaptation to the 130.39 RZGW WrocÅaw conditions of Class III roadway Flood protection of Nowa SÃl and below Krosno 3 1.B6 54.33 ZMiUW Lubuskie OdrzaÅskie Extension and construction of flood embankments 4 1.C1 of SÅubice City and reconstruction of Czarny 50.95 ZMiUW Lubuskie KanaÅ and Racza Struga Construction of BoboszÃw and Roztoki 5 2.A1 42.86 RZGW WrocÅaw Bystrzyckie dry flood control reservoirs Construction of SzalejÃw GÃrny and Krosnowice 6 2.A2 64.69 RZGW WrocÅaw dry flood control reservoirs 7 3.B1 Flood protection of Sandomierz 70.98 ZMiUW ÅwiÄtokrzyskie TOTAL 421.46 71 Cost tables and Financing Plan Components Project Cost Summary % % Total (PLN (Euro Million) Million) Foreign Base Local Foreign Total Local Foreign Total Exchange Costs A.,0.9041914506392046
Flood Protection of Middle and Lower Odra 1.,0.5002744848077948
Flood Protection of Areas in Zachodniopomorskie Province Chlewice-Porzecze Embarkment of Odra River at MyÅla River 7.1 2.3 9.4 1.7 0.5 2.3 24 - Flood Protection of Ognica Village 2.0 0.6 2.6 0.5 0.2 0.6 24 - Osinow-Lubnica Modernization of Inter-embarkment 11.9 3.8 15.8 2.9 0.9 3.8 24 - Flood Protection of Radziszewo and Daleszewo Villages 4.1 1.3 5.4 1.0 0.3 1.3 24 - Modernization of Marwicki Polder 16.3 5.3 21.6 3.9 1.3 5.2 24 - Restoring Natural Values by Improving MiÄdzyodrze 57.1 18.4 75.5 13.7 4.4 18.2 24 2 Subtotal 98.5 31.8 130.2 23.7 7.6 31.3 24 3 2.,0.8742251829667524
"Flood Protection of Middle and Lower Odra River Reconstruction of River Control Infrastructure 350.6 113.1 463.7 84.3 27.2 111.5 24 10 Modernization Works on Boundary Sections for Ice-breaking 288.2 93.0 381.2 69.3 22.3 91.6 24 8 Construction of Docking-mooring infrastructure on Lower Odra 31.5 10.2 41.7 7.6 2.4 10.0 24 1 Improvement of Flood Water-flow from DÄ bie Lake 74.0 23.9 97.8 17.8 5.7 23.5 24 2 Dredging of Klucz-Ustowo Ditch 1.7 0.6 2.3 0.4 0.1 0.5 24 - Reconstruction of Bridges for Minimun clearance 229.0 73.9 302.9 55.1 17.8 72.8 24 7 Flood Protection of Nowa SÃl and below Krosno OdzaÅskie 172.5 55.6 228.1 41.5 13.4 54.8 24 5 Subtotal 1,147.6 370.2 1,517.8 275.9 89.0 364.9 24 34 3.",0.9611079476096414
"Flood Protection of Sublice City Extension and Construction of Flood Embankments 153.3 49.5 202.8 36.9 11.9 48.7 24 4 Reconstruction of Czarny Kana Å and Racza Struga 3.9 1.3 5.2 0.9 0.3 1.2 24 - Subtotal 157.3 50.7 208.0 37.8 12.2 50.0 24 5 Subtotal 1,403.3 452.7 1,856.0 337.3 108.8 446.2 24 41 B.",0.9025052677501332
Flood Protection of the Nysa KÅodzka Valley 1.,0.11051423983140425
Active Protection Construction of BoboszÃw Dry Flood Control Reservoir 57.4 18.5 76.0 13.8 4.5 18.3 24 2 Construction of Roztoki Bystrzyckie Dry Flood Control Reservoir 80.1 25.8 105.9 19.2 6.2 25.5 24 2 Construction of SzalejÃw GÃrny Dry Flood Control Reservoir 122.9 39.7 162.6 29.5 9.5 39.1 24 4 Construction of Krosnowice Dry Flood Control Reservoir 79.2 25.5 104.7 19.0 6.1 25.2 24 2 Subtotal 339.6 109.5 449.1 81.6 26.3 108.0 24 10 2.,0.8669475208629261
Pasive-Protection Flood Protection of Nysa KÅodzka River Valley 141.7 45.7 187.4 34.1 11.0 45.0 24 4 72 Flood Protection of Åcinawka River Valley 74.1 23.9 98.1 17.8 5.7 23.6 24 2 Flood Protection of BiaÅa LÄ decka River Valley & Morawa River 107.4 34.6 142.1 25.8 8.3 34.1 24 3 Flood Protection Bystrzyca Dusznicka RV & Kamienny Potok River 90.1 29.1 119.1 21.7 7.0 28.6 24 3 Subtotal 413.3 133.3 546.7 99.4 32.1 131.4 24 12 Subtotal 752.9 242.9 995.8 181.0 58.4 239.4 24 22 C. Flood Protection of the Upper Vistula 1.,0.8370423750443892
Flood Protection of KrakÃw and Wieliczka Upgrading of Vistula including embankments in KrakÃwKrakÃw 113.4 36.6 150.0 27.3 8.8 36.0 24 3 Flood Protection in Serafa Valley 51.7 16.7 68.3 12.4 4.0 16.4 24 2 Subtotal 165.1 53.2 218.3 39.7 12.8 52.5 24 5 2.,0.8207251808860085
Improvement of the Flood Monitoring and Warning System Telemetric Weather Monitoring Stations 155.0 50.0 205.0 37.3 12.0 49.3 24 5 Hydrometeorological Flood Forecasting 11.2 3.6 14.8 2.7 0.9 3.5 24 - Modernization of POLRAD Network 27.9 9.0 36.9 6.7 2.2 8.9 24 1 Modernization of Hydrology Systems 22.6 7.3 29.9 5.4 1.8 7.2 24 1 Integration of Hydrological and Hydraulic Modelling 28.1 9.1 37.1 6.7 2.2 8.9 24 1 Nowcasting System and Flash Flood Early Warning 27.9 9.0 36.9 6.7 2.2 8.9 24 1 Subtotal 272.6 87.9 360.5 65.5 21.1 86.7 24 8 2.,0.864012978293679
"Development of the Operational Centers at RZGWs Wroclaw and KrakÃw Wroclaw Operational Center 72.7 23.5 96.2 17.5 5.6 23.1 24 2 KrakÃw Operational Center 46.1 14.9 61.0 11.1 3.6 14.7 24 1 Subtotal 118.9 38.3 157.2 28.6 9.2 37.8 24 3 Subtotal 391.5 126.3 517.7 94.1 30.3 124.5 24 11 E. Project Management and Studies 130.4 42.0 172.4 31.3 10.1 41.4 24 4 Institutional Strengthening for Integrated Water Resources Management 98.9 31.9 130.8 23.8 7.7 31.4 24 3 Subtotal 229.3 73.9 303.2 55.1 17.8 72.8 24 7 3,412.3 1,100.7 4,513.0 820.3 264.6 1,084.9 24 100 Physical Contingencies 170.6 55.0 225.6 41.0 13.2 54.2 24 5 Price Contingencies 138.0 105.7 243.6 33.2 25.4 58.6 43 5 3,720.8 1,261.4 4,982.3 894.4 303.2 1,197.7 25 110 Front-end fees - 19.1 19.1 - 4.6 4.6 100 - 3,720.8 1,280.6 5,001.4 894.4 307.8 1,202.3 26 111 73 Cost estimates and Financing Plan (incl.",0.8867778778076172
Flood Protection of Lower and Middle Odra River 1.A Areas in 35 2 4 5 3 21 61 Zachodniopomorskie Province 406 74 19 114 66 134 33 1.B Middle and Lower Odra 54 6 2 19 12 15 27 1.C SÅubice City Sub-total 495 82 25 139 81 170 34 2.,0.7028193473815918
Flood Protection of Nysa Klodzka Valley 2.A Active protection 117 17 4 37 21 39 33 2.B Passive protection 148 28 5 40 22 53 36 Sub-total 265 45 9 76 43 92 35 3.,0.8197782689874823
Flood Protection of Upper Vistula 3.A Upper Vistula Towns and 57 11 2 15 8 22 39 KrakÃw 3.B Protection of Sandomierz 106 14 4 36 22 30 28 and Tamobrzeg 3.C Raba sub-basin 36 6 1 11 7 11 31 3.D San sub-basin 23 6 1 5 3 9 37 Sub-total 221 36 8 67 39 71 32 4.,0.5354002172296698
"Project Management 46 3 0 2 0 41 89 and Studies Institutional 34 8 2 7 8 10 30 Strengthening Sub-total 87 12 2 11 9 53 61 Front-end Fee 5 0 0 0 0 5 100 TOTAL 1,202 192 50 300 200 460 38 74 Expenditure Accounts by Financiers (Euro million) Borrower The Local Duties IBRD EU Funds CEB NFEP Government Total For.",0.9081638509576971
"Land Acquisition and Resettlement Costs 34.8 52.1 - - 1.3 2.0 0.1 0.1 30.6 45.8 66.8 5.6 16.8 37.5 12.5 C. Design Costs 11.9 34.5 6.2 18.1 11.0 32.0 1.4 4.2 3.9 11.2 34.4 2.9 8.7 19.3 6.4 D. Supervision of Construction 12.6 36.1 6.0 17.1 10.7 30.5 1.5 4.3 4.2 12.1 35.0 2.9 8.9 19.6 6.5 E. Studies 37.6 57.9 7.5 11.6 8.7 13.4 1.5 2.4 9.6 14.7 65.0 5.4 16.4 36.5 12.2 F. Goods 71.6 52.4 30.0 21.9 8.7 6.4 7.1 5.2 19.3 14.1 136.7 11.4 34.4 76.8 25.6 G. Operating Costs 12.7 89.0 - - 0.7 5.0 - - 0.9 6.0 14.3 1.2 3.6 8.0 2.7 Total PROJECT COSTS 455.4 38.0 200.0 16.7 300.0 25.1 50.0 4.2 192.2 16.0 1,197.7 99.6 303.2 670.5 224.0 Front-end fees 4.6 100.0 - - - - - - - - 4.6 0.4 - - - Total Disbursement 460.0 38.3 200.0 16.6 300.0 25.0 50.0 4.2 192.2 16.0 1,202.3 100.0 303.2 670.5 224.0 75 Monitoring and Evaluation 26.",0.6916842027143999
"The quarterly reports would cover, among others, the progress and expected completion date for civil works and goods contracts (both physical and financial progress with photographic evidence), progress and expected completion date for key consultancies, compliance towards environment and social safeguards, including implementation of key features of the environmental management plan (EMP) and resettlement action plans (RAPs), progress on institutional components, progress toward indicators given in the results framework, training and studies, and activities of the PCU consultants.",0.8595125024968927
"The reports would also cover detailed financial and procurement information, including (i) a comparison of actual physical and financial outputs with forecasts, and updated six-month project forecasts; (ii) project financial statements, including sources and application of funds, expenditures by category statement, and special accounts reconciliation statement; and (iii) a procurement management report, showing status and contract commitments.",0.8465921228582208
An Implementation Completion Report (ICR) will be submitted to the Bank no later than six months after the closing date.,0.844683213667436
"Monitoring and evaluation (M&E) staff will be recruited by the PCU to monitor the success in project implementation in terms of meeting the projectâs objectives (as defined in the results framework), and to assess its physical, hydrological, environmental, social, and economic impacts.",0.8519813364202325
"A dedicated survey platform will be developed to allow impact evaluation of floods and flood mitigation efforts, to better analyze the disaggregated impact of the project as well as other investment programs (disaggregation by income, location, social variables, gender, and so on) and enable better targeting of future investments and measures.",0.803980827331543
"As was done under the ongoing Odra River Basin Flood Protection Project, the PCU will also prepare civil works monitoring tables to provide a more detailed account of progress under these contracts.",0.8295161507346414
"These tables would provide basic contractual information, progress indicators (both with respect to interim payment certificates and paid invoices), and color-coded task progress.",0.7737694653597745
The frequency of these monitoring tables will be determined as needed.,0.44970096241344104
76 ANNEX 4: IMPLEMENTATION SUPPORT PLAN REPUBLIC OF POLAND: ODRA-VISTULA FLOOD MANAGEMENT PROJECT Implementation Support Plan 1.,0.8511109785600142
"Later, the Bank will field semiannual supervision missions.",0.8321415294300426
"A mid-term review mission will be fielded in 2018/19, with the duration depending on the progress in implementation and the possible emergence of structural implementation challenges, the resolution of which would require an in- depth analysis and restructuring.",0.7434628226540305
The project supervision missions would occasionally be integrated with missions of the other ongoing Odra River Basin Flood Protection Project under the same Steering Committee.,0.8482456207275391
"The project procurement, FM, and safeguards missions could be undertaken as part of the periodic fiduciary support done concurrently across operations of all Bank sectors in Poland (the Procurement Specialist and FM specialist are based in the country unit, and the environmental specialist and social safeguards specialist in other offices in Europe).",0.833807338367809
"Importantly, the missions will be determined and carried out in close consultation with the other co-financiers, that is, the CEB and EU through the ECâs DG Regional Development.",0.8034072355790571
"As part of its project implementation support and supervision missions, the Bank will conduct risk-based FM implementation support and supervisions within a year after the project effectiveness and then at appropriate intervals.",0.8714126240123402
"During project implementation, the Bank will supervise the projectâs FM arrangements in the following ways: (a) review the projectâs quarterly IFRs and annual audited financial statements and the auditorâs management letters and remedial actions recommended in those letters and (b) during the Bankâs on-site missions, review the following key areas: (i) project accounting and internal control systems; (ii) budgeting and financial planning arrangements; (iii) disbursement arrangements and financial flows, including counterpart funds, as applicable; and (iv) any incidences of corrupt practices involving project resources.",0.7720331712202593
"As required, a Bank-accredited FM specialist will participate in the implementation support and supervision process.",0.8570551438765093
The Bank team will assist the PCU in drafting the terms of reference of the M&E consultant and the specifications for procuring any monitoring equipment.,0.8576382723721591
"All EMPs will be included in the respective bidding documents, both for construction and supervision.",0.893069093877619
"Contracts for construction and supervision will include provisions binding the hired party to implement the EMP measures and/or 77 supervise them, with adequate reporting submitted to the client and therefore to the Bank.",0.8473533283580433
"c. The Bankâs environmental and social specialists will conduct regular implementation support and supervision of the EMF and RPF implementation, providing comments and inputs directly to the client, including site visits and on- the-spot checks with both the contractor and supervisor during ongoing works.",0.7293121164495294
"Main Focus in Terms of Support to Implementation during Supervision Missions Time Focus Skills Needed Resource Partner Role Estimate First 3 years ï· Mobilization of all ï· Project management US$117,000 CEB will TAs ï· Operational skills contribute ï· Start of ï· Hydro-engineering towards implementation of ï· Hydrology/flood mobilizing first contracts in forecasting technical Components 1, 2, 3 ï· Rural development expertise ï· Preparation of tender ï· FM documents for the ï· Procurement (junior second set of and senior staff) contracts ï· Environmental/social ï· Establishment of safeguards (large M&E team needed to supervise initial contracts; 2-4 specialists) ï· M&E Second 3 ï· Continuation and ï· Project management US$117,000 CEB will years completion of ï· Operational skills contribute implementation of ï· Hydro-engineering towards first set of contracts ï· Hydrology/flood mobilizing ï· Start of forecasting technical implementation of ï· FM expertise second set of ï· Procurement (junior contracts and senior staff) ï· Focus on quality of ï· Environmental/social works and efficient safeguard (large implementation team needed to ï· Monitoring of supervise initial relationships contracts; 2-4 amongst employer, specialists) engineer, and ï· M&E contractor Last 2 years ï· Completion of works ï· Project management US$117,000 and moving to ï· Operational skills defects liability ï· Hydroengineering period skills ï· FM ï· Procurement (reduced team) 78 ï· Environmental/social safeguards (reduced team) Table 4.2.",0.9981383410367098
Skills Mix Required Skills Needed Number of Staff Number of Trips Comments Weeks/Year TTL 10 4 HQ staff Water resources specialist 10 4 HQ staff Operational specialist 8 Local trips Local staff Procurement specialist 4 Local trips HQ staff FM specialist 4 Local trips Local staff Environmental specialist 6 4 HQ staff Social development specialist 6 4 HQ staff 79 ANNEX 5: ECONOMIC AND FINANCIAL ANALYSIS27 REPUBLIC OF POLAND: ODRA-VISTULA FLOOD MANAGEMENT PROJECT I.,0.8747645291415128
The existing flood protection consists of passive dike systems of which the crest height was calculated to withstand high-water waves smaller than the one that was calculated to occur once in 100 years (1% chance of occurrence).,0.845122597434304
As the basins have evolved into economic growth the increasing economic damages now warrant the costs of increased protection levels.,0.8200763355601918
Low temperatures in winter aggravate flood hazards and require control of ice-jams through an effective icebreaking operation to cut op the ice floes affecting the commercial Odra navigation.,0.47391076521439984
The Project would play a primary role in reducing the frequency and severity of flooding in the project area.,0.8423218293623491
"The project would provide three distinct areas with flood management infrastructure and related measures: (i) the Lower and Middle Odra; (ii) the Nysa Klodska valley, a large sub-basin of the Upper Odra; and (iii) the Upper Vistula.",0.8853727687488903
"The population in the proximity of the proposed works and measures is estimated to be about 15.1 million, of which about 5.2 million are directly exposed to flood-related impacts, physically, economically and/or socially.",0.8180528120561079
"The project would also further strengthen the national flood forecasting and operational capability (for existing and new infrastructure such as locks, weirs, barrages, reservoirs, etc.)",0.9645756808194247
A fundamental part of the economic appraisal is the estimation of the expected benefits to be attained by the project investments.,0.8817433443936434
The main benefits quantified for this assessment are related to (i) the reduced material and non-material damages from flood hazards; (ii) induced economic activities including mining of aggregate; (iii) enhanced navigability of the Odra River; (iv) increased tourism due to improved safety conditions in the area; and (v) jobs created during the implementation of investments.,0.936767578125
The reduced damages from floods were estimated based on the expected value of avoided Annual Average Damages (AAD) determined by the integration of a series of single event damages for a sequence of floods with progressively infrequent return periods.,0.8725386532870206
Maps of flooded areas were drawn separately for each flood risk area.,0.5302730907093395
"Flood Risk Management Plans, co-funded by the EU under the Operational Program Technical Assistance 2007-2013, were useful in modeling the flooded areas.",0.8559447201815519
"Flood hazard areas were determined by water table ordinates, resulting from a mathematical hydraulic modeling using GIS, based on a digital terrain model (DTM).",0.8444129770452325
"Flood hazard areas are presented as surface objects, with an assigned value of the likelihood of flooding.",0.37901921705766156
The total flood protection benefits were estimated by deducting the area under the loss probability curve for the âwith projectâ scenario (A) from the area under the loss probability curve for the âwithout projectâ scenario (A+B).,0.8897906216708097
"The assessment was based primarily on materials developed in the ISOK Project (IT System of the Country's Protection against Extreme Hazards)29, carried out by a consortium of governmental and academic institutions (i.e, the National Water Management Authority (KZGW); the Institute of Meteorology and Water Management - National Research Institute (IMGW-PIB); the Head Office of Land Surveying and Cartography; the National Institute of Telecommunications - National Research Institute; and the Government Center for Security.)",0.8610141927545721
"29 Based on www.isok.gov.pl; Regulation of the Minister of the Environment, the Ministry of Infrastructure and the Minister of Internal Affairs and Administration on the development of flood hazard maps and flood risk maps from 21st December 2012; Flood risk maps against the Flood Directive, Z. KuczyÅski, Warsaw 2012.",0.8238341591574929
"The Project cost is estimated at â¬1.14 billion including construction costs, land acquisition, resettlement costs, administration, supervision, taxes and physical and price contingencies.",0.942907680164684
The estimates are based on the actual cost of construction of similar works of proper quality.,0.3380857380953702
"In local currency the estimated costs amounts to PLN 4.74 billion, for the activities until project closure by 2023.",0.214731519872492
Incremental investments in the Raba and San basins (subcomponents 3.C and 3.D) are due to be completed in the following five-year period 2023â2027 and would increase the total investments to about PLN 6.18 billion.,0.7517535469748757
As it is difficult to separate the economic effects of structures to be completed in the mentioned second periodâsince they are closely related to the overall flood protection structuresâthis assessment includes for these sub-components the costs and benefits from funds of both periods30.,0.9317815954034979
The annual O&M costs for the proposed structures were estimated at about â¬23 million per year for 2023 onwards.,0.7665895982222124
These costs are estimated at 0.5 percent of the value of the construction works which is the target value.,0.8514462384310636
This exceeds the percentage amounts made available so far from the Polish budget for maintaining the flood management structures.,0.8862654079090465
"As part of the annual work program planning process, the Borrower will include O&M allocations to ensure these levels.",0.7926796999844637
"Depending on the asset registration, the annual recurrent budget for O&M is to be secured from the budgets of the RZGWs under the Ministry of Environment, or from the budget of the relevant ZMiUW, under the respective Regional Government (Voivodship).",0.8806663859974254
"The ZMiUWs, in addition, receive earmarked budget for O&M from the State, i.e., from the Ministry of Agriculture, and from the Disaster Recovery Fund, Ministry of Administration and Digitization.",0.8702536496249113
The Implementing Agencies 30 Under component 3.C and 3.D (passive and active flood protection in Raba and San basins) additional investments in the amount of US$0.28 billion (â¬0.256 billion) would be continued after 2023 under a different financing source.,0.9051250977949663
"Â 31 The German Ministry of Environment applies a range of 1-2% on asset value, depending on the type of infrastructure, lower for dikes and unmovable assets and higher for assets with electro-mechanical components such as barrages.",0.49507652629505505
These budgets are prioritized to those assets that were financed by the Borrower EU funds; World Bank-funded assets would also receive this priority.,0.866500507701527
The Early-warning system is funded partly under the IMGW budget and partly under the budget of the respective RZGWs.,0.7891062823208895
"Given the increasing frequency of flood hazards, the government, over the years, is also increasing the budget allocations to better operate and maintain the flood protection infrastructure.",0.9215687838467684
"As the economy is expected to continue its growth, the additional fiscal burden to maintain and operate the new infrastructure from the time of completion of the works around 2020 or thereafter, can be, in principle, well accommodated in the growing budgets of the Implementing Agencies.",0.894544081254439
The Flood Risk Management Plans would include incentives to induce higher budgets for this purpose.,0.5231505307284269
"For component 4, the early warning system (EWS), the annual operating cost was assumed at 2 percent of the investment in equipment and construction works.",0.8144835558804598
"Also, the additional salary costs were included for running the new EWS system, together with charges for up to 20 people to be employed in the service departments and hydrological forecasting bureaus.",0.49096454273570667
"For the economic analysis, value added tax (VAT) and price contingencies were excluded from the costs, and a standard conversion factor of 0.9 was applied.",0.8615611683238636
Flood losses were calculated for each of the estimated areas falling under the flood risk maps.,0.8040556474165483
"The actual damages of the 1997, 1998 and 2010 floods, together with affected land use classes were used to derive unit rates of flood damage in values per square meter or per ha of each land use class to establish expected AAD.",0.8720342462713068
Hydrodynamic simulation models were developed to provide water levels for floods with their respective return periods.,0.8545289473100142
"Flood maps were then overlaid on the topography derived from digital terrain models, to estimate inundated areas and damages in simulated scenarios.",0.7294592423872515
"Return periods were estimated using the âconventional probability methodâ (based on historic data at given points) and the âregional probability methodâ (also considering homogeneous parts of the basin, and giving more weight to the extreme flood).",0.5665850639343262
For residential and industrial areas loss values were obtained by comparing the value of assets with the degree of loss of assets dependent on the depth of the flood.,0.3445323814045299
"As the values of assets in the Regulation are presented in 2008 prices, the values were updated based on the corresponding index according to the Central Statistical Office (GUS).",0.7874054475264116
"32 Regulation of the Minister of the Environment, the Ministry of Infrastructure and the Minister of Internal Affairs and Administration on the development of flood hazard maps and flood risk maps.",0.846531867980957
Agricultural production losses were estimated considering the existing cropping pattern of the respective area.,0.6814219734885476
"The average revenue per crop (in PLN/ha) and the crop area for each province was based on data of the GUS in the period 2011-2014, including average prices of products, crop yields, crop areas, surface of arable land, etc.",0.7809382351962003
The weighted average crop values for each area were estimated taking 2014 prices.,0.7526071721857245
Assessment of the net financial effect of floods on crop yields and other agricultural activities during flood seasons allowed valuing the flood effects on these activities.,0.8841348127885298
Variable crop production expenditures were used in the assessment of losses valued at farm gate and adjusted to world prices to reflect the economic loss due to flooding.,0.8691147023981268
"This estimation was taken as the starting point for valuing the non-material damages for this assessment, adjusting the methodology to the Polish settings34.",0.28055245226079767
"Based on the number of persons to be covered by the proposed flood protection the non-material damages were estimated at PLN 40 million which is about 40 percent of the value of material damages as estimated in the area 33 Such cases are described in the study: HR Wallingford, âEvaluating flood damages: guidance and recommendations on principles and methodsâ, Flood site Guidelines, 6th Framework Programme of the European Community, January 2007, p. 152.",0.7828467108986594
"The 'loss of life models', which include the characteristics of a given flood and the population at the risk of flooding, are also being worked out (Jonkman, 2002).",0.29757027192549274
34 Estimates developed for the Feasibility Study for the Modernization of the Wroclaw Floodway System in 2012 were followed.,0.8673501448197798
Willingness of the British to bear costs of avoiding flood effects was corrected by using the GDP per capita in Great Britain and Poland.,0.061656415462493896
The estimated Polish value for avoiding the effects of flooding (amounted to about PLN 388 per household in 2004 values) and was adjusted for inflation.,0.7603575099598278
Other quantified benefits from the proposed project are those related with the Keynesian multiplier effect.,0.6545973691073331
The induced benefits were estimated using this multiplier and the average net profit for the Polish business investments which was estimated at 4.6 percent in the period from January to June 201436.,0.8448440378362482
"This approach for calculating induced economic benefits was used, among others, for the preparation of the Feasibility Study for the Project Modernization of the WrocÅaw Floodway System (2004).",0.8934367786754261
"The proposed investment will also have an enabling environment for increasing the tourism income flowing into some of the proposed protected areas, as the risk of floods is reduced and the safety for tourists is increased.",0.8775770013982599
These benefits were quantified taking into account the current number of tourists per area and the cost of stay per day for the average traveler (approximately PLN 98)37.,0.2908516363664107
"The proposed repair and improvement of river training structures on the border section of the Odra downstream to the estuary will enhance navigation conditions by making more uniform the water flow and transport conditions, as a consequence of measures to reduce the ice-jamming.",0.7350739565762606
"The restoration of river training structures and raising of five bridges will enhance navigation conditions, increasing its safety and competitiveness.",0.5678660652854226
The Odra has a direct connection with the waterway system in the EU which could be conductive to reducing transport costs in trade exchange between Poland and EU countries.,0.7938505519520153
"For quantifying this benefit it was assumed that cargo transported on the Odra River (containers, construction materials, grains, etc.)",0.5699400034817782
Benefits of PLN 32.17 million per year were estimated by multiplying the expected increase of transported cargo by the reduction in transport costs per ton/km through the river38.,0.9142813249067827
"The average cost of road transport was estimated at an average of PLN 128.75 per ton-km, while the waterway transport cost is on average PLN 22.26.",0.22560162977738815
Exploitation of aggregate mining.,0.8122768402099609
The Project is expected to generate also benefits from the exploitation of gravel and other materials for construction in the proposed reservoir areas.,0.9957890944047407
It is estimated that around 4 Mm3 of gravel would be potentially available annually for extraction from the reservoirs valued at about PLN 100 million of gravel extraction (in period 2016-2027).,0.8457258397882635
"Hence, benefits of EWS are reduced material and non-material losses and induced economic benefits.",0.29236474904147064
"Considering the expected outputs from component 4/ EWS40, and especially the nature of the hazard and the size of damages caused by the flash flood events, a very precautionary approach was adopted for the purpose of this economic analysis andâas an effect of implementing the investment tasksâit was assumed that the warning time will be from 3h to 6h, on average, which corresponds with reduction of flood losses on an average level of about 10.5 percent (in accordance with Dayâs curve).",0.9047310569069602
This predicts damage reduction in terms of percentage of maximum potential inundation damage as a function of the mitigation time.,0.1764523441141302
"catchments of Upper Vistula and of Upper and Middle Odra) will be available about 12â24 hours before the event (the forecasts are currently not being provided; there only is access to approximate data in a form of a warning on the possibility of torrential rainfall); (ii) forecasts prior to the occurrence of floods for remaining areas of Poland will be available about 24â48 hours before the event (in this case the accuracy of these forecasts would be mainly improved); and, (iii) in case of âflash floodâ events, a warning would be available 3â6 hours before the event (such forecasts are not available at the moment).",0.018179909749464554
"The economic analysis aims to establish whether the proposed projectâs contribution to future improvement in social and economic welfare of the communities in the area to be protected from flooding and to the national economy, would justify the significant costs proposed to be incurred.",0.8650455474853516
"The assessment was carried out by comparing the incremental capital and operating costs required, with the expected incremental benefits expected to result from the implementation of the project.",0.8667416139082476
"The evaluation considered a 50-year period and two different alternatives for the estimation of the results: using a discount rate of (i) 5 percent (following the Guide to Cost-Benefit Analysis of Investment Project, European Commission, 2008, as well as OECD guidance); and (ii) 10 percent (as the minimum usually applied by the World Bank for this type of analysis).",0.39812361110340466
A standard conversion factor of 90 percent was used for conversion from financial to economic values.,0.8741031993519176
The economic feasibility of the project and of each of its main components was measured through estimation of the economic rate of return (ERR) and net present values (NPVs) based on the above described assumptions.,0.91729736328125
"As can be seen in Table 5.1, the estimated overall project ERR is 13.5 percent, which is well in excess of the long term opportunity cost of capital (OCC).",0.2603225057775324
The analysis also showed that all investments proposed for the project areas would have an impact that justifies the costs involved in the proposed studies.,0.8430937853726473
The experience with the ongoing Odra River Basin Flood Protection Project has shown that the government is committed to provide the budgets for investment as well as for proper O&M.,0.00877386602488431
"The field inspections in the territories of the prospective PIUs of the project demonstrate that, in general, modest but reasonable resources are provided for the maintenance and functioning of the infrastructure, recognizing that current O&M budget levels cannot compensate for the funding shortages in the second half of the 20th century.",0.7278341813520952
"However, with the expansion of the infrastructure, the need to increase the O&M budget is growing apace.",0.6562768329273571
"Table 5.1: Estimated Economic Indicators: ERR and Present Values (in PLN million) Present Value NPV ERR (5% discount rate) (10% (%) Costs Benefits Net discount rate) Component 1 1,046 2,423 1,376 270 13.5 1.1 - Flood protection - areas in Zachodniopomorskie Province 85 462 377 132 24.6 1.2 â Flood Protection - Middle and Lower Odra River 805 1,691 886 141 12.5 1.3 - Flood protection â SÅubice city 144 270 126 8 10.7 Component 2 641 1,843 1,202 266 14.4 Flood protection - Nysa KÅodzka Valley Component 3 1,148 3,114 1,966 446 15.5 3.1 Flood protection - Upper Vistula (incl.",0.9149180325594816
"KrakÃw) 150 346 196 39 13.3 3.2 Flood Protection - Sandomierz - Tarnobrzeg 284 1,109 825 263 19.1 3.3.",0.6460738615556196
Flood Protection - Raba sub-basin 191 444 253 42 13.5 3.4.,0.5716208111156117
"Flood Protection - San sub-basin 522 1,215 693 102 13.2 Component 441 560 935 375 33 11.1 Institutional strengthening and Enhanced Forecasting Component 5 105 -105 -89 41 For the purpose of the economic analysis, the institutional strengthening activities were included under component 4.",0.8670212138782848
"87 Project Management and Studies Overall Project 3,499 8,314 4,815 926 13.5 VI.",0.7702309001575817
A sensitivity analysis was carried out for the entire project for checking the strength of the economic performance indicators to changes in critical assumptions of the analysis.,0.3439665707674893
The following assumptions were selected for testing variations and the sensitivity of the expected results: (i) investment costs; (ii) O&M costs; (iii) benefits from material and non-material avoided-flood damages; and (iv) the induced economic benefits.,0.8986181779341265
"The analysis shows that the estimated ERR is robust and not very sensitive to changes in costs and/or benefits: even a 30 percent increase in investment costs, or up to 40 percent reduction of expected benefits from avoided material flood damage would maintain the ERR above 10 percent.",0.5839971195567738
Fiscal budgets for operation and maintenance (O&M) of flood protection structures are in Poland usually adequate but on the lower side of the common ranges.,0.7479943362149325
"Table 5.2 below shows, by Implementing Agency, the ratio of confirmed available budgets for O&M in calendar year 2015 to the respective value of assets.",0.8800653977827593
"However, taken over the long run, the recurrent budgets for the routine and regular O&M of flood protection facilities (thus, excluding major repairs and rehabilitation tasks) have been in general sufficient to ensure the sustainability of protection structures with a level of about 0.5 â 1 percent of the value of assets.",0.8570639870383523
"Hence, taking into consideration the current practice concerning public funds allocations for this purpose in Poland, for the economic and financial analysis it has been assumed that the budgets for O&M would be about 0.5 percent of the value of assets.",0.8674002560702238
"The allocation of the public funds for O&M of flood protection structures depends on the policy guidance and levels proposed at the national level, which is subject to parliamentary analysis and negotiations every year.",0.8686371716586027
Several policy review documents and technical papers including economic analysis of sector projects co-funded by the International Financial Institutions recommend an increase of the current levels of funds available for O&M of the flood protection structures.,0.9485503110018644
The issue is attracting growing interest of national policy makers as well as awareness about the need for higher O&M allocations for existing and new facilities given the increased frequency and intensity of flood events.,0.6856635700572621
The assumed 0.5 percent annual maintenance cost for the structures to be constructed under the proposed project amounts to only 0.007 percent of the total State Budget expenditure.,0.8426647186279297
"Compared with the benefits expected to be generated by the protection investments in terms of avoided damages and other benefits, its incidence is very low being equivalent to about 4.7 percent of the benefits.",0.7934237393465909
It is expected that O&M allocations are due to slowly increase to further mitigate against risks from unexpected events.,0.7902504314075817
The fiscal impact of the investment and its recurrent costs is low.,0.574227593161843
88 89 Figure 5.2: Sensitivity of the project ERR to changes in major risk factors 90 Table 5.2: Budget Allocations (2015) for O&M of Flood Protection Structures (PLN â000) Budget O&M / PIU Asset value Budget O&M Assets (%) RZGW WrocÅaw 7 041 214 16 000 0.23 RZGW KrakÃw 6 269 411 3 460 0.06 RZGW Szczecin 841 210 165 0.02 Åwientokrzyskie 267 573 4 104 1.53 ÅZMiUW Kielce Zachodniopomorskie 649 000 12 280*/32 000** 1.89*/4.93** ZZMiUW Szczecin Lubuskie LZMiUW 779 442 7 930 1.02 Zielona GÃra DolnosÅÄ skie DZMiUW 900 118 10 156 1.13 WrocÅaw MaÅopolskie MZMiUW 609 344 5 551 0.91 KrakÃw Podkarpackie PZMiUW 656 409 5 100*/23 000** 0.78*/3.55** RzeszÃw Total 18 013 721 64 746 0.36*/0.57** * current allocation ** planned allocation 91 ANNEX 6: MAPS REPUBLIC OF POLAND: ODRA-VISTULA FLOOD MANAGEMENT PROJECT 92 93,0.9015683260830966
